platform,channel_or_tag,sector,text,date,message_id
telegram,CreemUber,نقل,ودي اشتغل ف بولت بجانب اوبر ممكن؟,2025-04-01,2006478
twitter,Captains_saudi,نقل,وصليني مافيه طلبات كافية في منطقتي,2025-04-01,2006575
telegram,wasselni_drivers,نقل,اوبر زود على نسبة الالغاء وانا ما قدرت اوصل للعميل,2025-04-01,2006584
twitter,bolt_drivers_ksa,نقل,جيني بدأ ينافس لكن ما زال الطلبات أقل,2025-04-01,2006629
twitter,HungerStation_drivers,توصيل,يعطيكم العافيه يا شباب حولت مبلغ من كيتا ولحد الان ما وصلت,2025-04-01,2006710
twitter,keeta_couriers,توصيل,طلب وصل بارد لأن المطعم تأخر وراحت التقييم,2025-04-01,2006712
telegram,thechefs_ksa,توصيل,مانبي نقطع رزق احد بس والله غبنه توقف عند المطاعم وتنتظر,2025-04-01,2006762
telegram,toYou_couriers,توصيل,مرسول فتح تسجيل جديد للموصلين هذا الأسبوع,2025-04-01,2006786
telegram,mrsool_delivery,توصيل,مو محل وموظفين اغبياء هم الغلطانين مو المندوب,2025-04-01,2006823
twitter,keeta_couriers,توصيل,الحين ١٤ طلب في كيتا وما طلعت ٢٠ ريال,2025-04-01,2006944
telegram,HungerStation_drivers,توصيل,المندوب المخالف يأكل حرام رزق شخص نظامي,2025-04-01,2007000
telegram,khamsat_ar,عمل_حر,أكملت مشروع تصميم بـ ٨٠٠ ريال في مستقل,2025-04-01,2007036
telegram,freelancers_ksa,عمل_حر,منصة خمسات أفضل للمبتدئين في العمل الحر,2025-04-01,2007087
telegram,freelancers_ksa,عمل_حر,upwork أو مستقل أيهما أفضل للسعوديين,2025-04-01,2007111
telegram,CreemUber,نقل,نبي نظام تأمين صحي للسائقين مثل الموظفين,2025-04-02,2006479
telegram,bolt_drivers_ksa,نقل,ما يستاهل لا تعب ولا وقت المشوار بعيد والربح ضعيف,2025-04-02,2006485
telegram,CreemUber,نقل,اليوم الأوردرات كانت ممتازة والبخشيش زين الحمد لله,2025-04-02,2006504
telegram,wasselni_drivers,نقل,وصلت واحد المطار وكان مصري وحك الصدام من السيارة,2025-04-02,2006558
telegram,uber_ksa_drivers,نقل,اوبر زود على نسبة الالغاء وانا ما قدرت اوصل للعميل,2025-04-02,2006602
telegram,kayan_ksa,نقل,من حقك ترفض خدمته سيارتك وترفع بلاغ,2025-04-02,2006610
twitter,kayan_ksa,نقل,جيني وصليني الاسعار خايسه جدا يعني الكيلو اقل من ريال,2025-04-02,2006617
twitter,wasselni_drivers,نقل,نبي نظام تأمين صحي للسائقين مثل الموظفين,2025-04-02,2006640
telegram,kayan_ksa,نقل,متوسط دخلي اليوم ١٨٠ ريال بعد البنزين,2025-04-02,2006675
twitter,HungerStation_drivers,توصيل,توصيل في الأمطار خطر بدون مكافأة من التطبيق,2025-04-02,2006745
telegram,delivery_ksa,توصيل,ذا شيفز يدفع بشكل منتظم بخلاف كيتا,2025-04-02,2006845
telegram,jahez_couriers,توصيل,ذا شيفز يدفع بشكل منتظم بخلاف كيتا,2025-04-02,2006851
telegram,jahez_couriers,توصيل,خدمة العملاء في كيتا ما تفيد تقريباً,2025-04-02,2006874
telegram,keeta_couriers,توصيل,هنجرستين وكيتا حاليًا جاهز ومرسول وذا شيفز بس اقل في الطلبات,2025-04-02,2006880
twitter,delivery_ksa,توصيل,مشوار ابو ٢٠ زمان في كيتا الحين ب٩,2025-04-02,2006885
telegram,HungerStation_drivers,توصيل,الطلبات في رمضان تجنن ٣ أضعاف العادي,2025-04-02,2006887
telegram,toYou_couriers,توصيل,كنت اشتغل مرسول زمان اطلع ٢٠٠ في اليوم على ٨ طلبات,2025-04-02,2006907
telegram,keeta_couriers,توصيل,كنت اشتغل مرسول زمان اطلع ٢٠٠ في اليوم على ٨ طلبات,2025-04-02,2006945
twitter,toYou_couriers,توصيل,المندوب المخالف يأكل حرام رزق شخص نظامي,2025-04-02,2006956
telegram,delivery_ksa,توصيل,الطلبات الليلية تساوي ضعف النهارية في كيتا,2025-04-02,2006983
twitter,toYou_couriers,توصيل,ذا شيفز تعاملهم مع المناديب أحسن من كيتا,2025-04-02,2006995
telegram,thechefs_ksa,توصيل,وصلت طلبات وطلعت ب١١٠ ريال لكن ليش ما اتضافت للسحب,2025-04-02,2006996
telegram,toYou_couriers,توصيل,والله كيتا صار يضحك علينا الطلبات وصلت الى ٦ ريال,2025-04-02,2007010
telegram,mostaql_workers,عمل_حر,مشروع ترجمة بكم تقدر تقدم,2025-04-02,2007057
telegram,freelancers_ksa,عمل_حر,نبي حماية للفريلانسر من الزبون اللي ما يدفع,2025-04-02,2007058
telegram,mostaql_workers,عمل_حر,الزبون ما دفع بعد تسليم العمل كيف أتصرف,2025-04-02,2007082
twitter,khamsat_ar,عمل_حر,دخلي من البرمجة هذا الشهر ٧٠٠٠ ريال,2025-04-02,2007099
telegram,mostaql_workers,عمل_حر,الزبائن الخليجيين يدفعون أحسن من العرب,2025-04-02,2007123
telegram,khamsat_ar,عمل_حر,الزبائن الخليجيين يدفعون أحسن من العرب,2025-04-02,2007136
twitter,CreemUber,نقل,عميل تقييمه منخفض لا تاخذ مرة,2025-04-03,2006567
telegram,Captains_saudi,نقل,جيني بدأ ينافس لكن ما زال الطلبات أقل,2025-04-03,2006577
twitter,wasselni_drivers,نقل,اليوم الأوردرات كانت ممتازة والبخشيش زين الحمد لله,2025-04-03,2006603
telegram,bolt_drivers_ksa,نقل,وصليني مافيه طلبات كافية في منطقتي,2025-04-03,2006627
telegram,kayan_ksa,نقل,بعدها على بولت خلال ٦ ساعات ٢٠٠ ريال خلال ١٦ ساعة ٧٠٠ ريال ثابتة,2025-04-03,2006655
twitter,toYou_couriers,توصيل,مو محل وموظفين اغبياء هم الغلطانين مو المندوب,2025-04-03,2006760
telegram,delivery_ksa,توصيل,مانبي نقطع رزق احد بس والله غبنه توقف عند المطاعم وتنتظر,2025-04-03,2006870
telegram,delivery_ksa,توصيل,ياخوان الطلبات وقفت عندي من ساعة م جاني ولا طلب,2025-04-03,2006916
twitter,mrsool_delivery,توصيل,الحين ١٤ طلب في كيتا وما طلعت ٢٠ ريال,2025-04-03,2006926
telegram,keeta_couriers,توصيل,يعطيكم العافيه يا شباب حولت مبلغ من كيتا ولحد الان ما وصلت,2025-04-03,2006959
telegram,jahez_couriers,توصيل,الحين ١٤ طلب في كيتا وما طلعت ٢٠ ريال,2025-04-03,2006992
twitter,khamsat_ar,عمل_حر,ضريبة القيمة المضافة على الفريلانس كيف تشتغل,2025-04-03,2007095
twitter,freelancers_ksa,عمل_حر,الزبون ما دفع بعد تسليم العمل كيف أتصرف,2025-04-03,2007097
telegram,mostaql_workers,عمل_حر,أكملت مشروع تصميم بـ ٨٠٠ ريال في مستقل,2025-04-03,2007103
telegram,mostaql_workers,عمل_حر,upwork أو مستقل أيهما أفضل للسعوديين,2025-04-03,2007105
twitter,careem_drivers_sa,نقل,كم متوسط دخل الكابتن في الرياض شهريًا حاليًا,2025-04-04,2006477
telegram,kayan_ksa,نقل,والله زمان كان فيها خير اما الان مو المستفيد الا التطبيق,2025-04-04,2006488
twitter,wasselni_drivers,نقل,من اشوف مشوار مو مناسب على طول ارفضه,2025-04-04,2006522
twitter,careem_drivers_sa,نقل,وصلت واحد المطار وكان مصري وحك الصدام من السيارة,2025-04-04,2006548
telegram,CreemUber,نقل,اوبر مادري كيف يفكرون جاني مشوار والطرق كلها مقفله,2025-04-04,2006573
twitter,careem_drivers_sa,نقل,والله زمان كان فيها خير اما الان مو المستفيد الا التطبيق,2025-04-04,2006580
telegram,wasselni_drivers,نقل,السائقين الأجانب يزاحمون على الرحلات في كريم,2025-04-04,2006599
telegram,kayan_ksa,نقل,السائقين الأجانب يزاحمون على الرحلات في كريم,2025-04-04,2006692
telegram,jeeny_ksa,نقل,السكوت ماراح ينفع خلونا نتحرك بشكل منظم,2025-04-04,2006695
telegram,Captains_saudi,نقل,اوبر زود على نسبة الالغاء وانا ما قدرت اوصل للعميل,2025-04-04,2006706
telegram,delivery_ksa,توصيل,سلام وصلت طلب وسلمته للعميل بيدي وبعد نص ساعة خصموا قيمة الطلب,2025-04-04,2006722
telegram,keeta_couriers,توصيل,وصلت ٢٠٠ طلب هذا الشهر الحمد لله,2025-04-04,2006744
telegram,toYou_couriers,توصيل,الحين ١٤ طلب في كيتا وما طلعت ٢٠ ريال,2025-04-04,2006757
telegram,jahez_couriers,توصيل,ياخوان الطلبات وقفت عندي من ساعة م جاني ولا طلب,2025-04-04,2006794
telegram,thechefs_ksa,توصيل,مرسول فتح تسجيل جديد للموصلين هذا الأسبوع,2025-04-04,2006809
telegram,keeta_couriers,توصيل,كنت اشتغل مرسول زمان اطلع ٢٠٠ في اليوم على ٨ طلبات,2025-04-04,2006811
telegram,HungerStation_drivers,توصيل,والله كيتا صار يضحك علينا الطلبات وصلت الى ٦ ريال,2025-04-04,2006833
telegram,jahez_couriers,توصيل,المندوب المخالف يأكل حرام رزق شخص نظامي,2025-04-04,2006848
telegram,delivery_ksa,توصيل,ذا شيفز الطلبات كثيرة بس المنطقة محدودة حتى الآن,2025-04-04,2006903
telegram,thechefs_ksa,توصيل,ذا شيفز الطلبات كثيرة بس المنطقة محدودة حتى الآن,2025-04-04,2006906
telegram,toYou_couriers,توصيل,كيتا الحين يقولك توصل الطلب وعشان تبلغ تأخير المطعم تنتظر,2025-04-04,2006932
telegram,HungerStation_drivers,توصيل,رحت محل اكل هندي وجبت طلب وشوربة واقعة جاني خصم ٥٠ ريال,2025-04-04,2006938
twitter,thechefs_ksa,توصيل,هنجرستين وكيتا حاليًا جاهز ومرسول وذا شيفز بس اقل في الطلبات,2025-04-04,2006986
twitter,thechefs_ksa,توصيل,جاهز أحسن من مرسول في التوزيع والسعر,2025-04-04,2006999
telegram,delivery_ksa,توصيل,هنقرستيشن يقولك رجع الطلب سوبر ماركت هنقرستيشن,2025-04-04,2007005
telegram,mrsool_delivery,توصيل,ياخوان الطلبات وقفت عندي من ساعة م جاني ولا طلب,2025-04-04,2007021
telegram,freelancers_ksa,عمل_حر,كيف أحسن بروفايلي في مستقل وأحصل على عملاء,2025-04-04,2007037
telegram,freelancers_ksa,عمل_حر,الفريلانس في السعودية بدأ ينمو بشكل كبير,2025-04-04,2007045
twitter,freelancers_ksa,عمل_حر,الفريلانس في السعودية بدأ ينمو بشكل كبير,2025-04-04,2007046
twitter,khamsat_ar,عمل_حر,التسويق الرقمي من أكثر التخصصات طلباً,2025-04-04,2007157
twitter,careem_drivers_sa,نقل,السائقين الأجانب يزاحمون على الرحلات في كريم,2025-04-05,2006474
telegram,bolt_drivers_ksa,نقل,رفضت رحلة بعيدة وخسرت bonus الاسبوع,2025-04-05,2006483
telegram,bolt_drivers_ksa,نقل,جيني وصليني الاسعار خايسه جدا يعني الكيلو اقل من ريال,2025-04-05,2006500
telegram,uber_ksa_drivers,نقل,نبي نظام تأمين صحي للسائقين مثل الموظفين,2025-04-05,2006501
telegram,uber_ksa_drivers,نقل,السائق هو الي يتعب ولابد تكون نسبة اوبر لها حد اعلى ٢٠ ريال,2025-04-05,2006585
twitter,Captains_saudi,نقل,بولت انا مااوثق في اي زبون يقولي بحولك مابحولك,2025-04-05,2006620
telegram,السائقين_السعوديين,نقل,اوبر زود على نسبة الالغاء وانا ما قدرت اوصل للعميل,2025-04-05,2006641
twitter,uber_ksa_drivers,نقل,بعدها على بولت خلال ٦ ساعات ٢٠٠ ريال خلال ١٦ ساعة ٧٠٠ ريال ثابتة,2025-04-05,2006647
telegram,bolt_drivers_ksa,نقل,اوبر زود على نسبة الالغاء وانا ما قدرت اوصل للعميل,2025-04-05,2006658
twitter,السائقين_السعوديين,نقل,محتاج سيارة جديدة السيارة الحالية تعبت من كثر الشغل,2025-04-05,2006682
twitter,careem_drivers_sa,نقل,الذروة في كريم حمراء والطلبات ورا بعض بالمدينة,2025-04-05,2006684
telegram,toYou_couriers,توصيل,رحت محل اكل هندي وجبت طلب وشوربة واقعة جاني خصم ٥٠ ريال,2025-04-05,2006731
telegram,mrsool_delivery,توصيل,الدراجة تعطلت اليوم وخسرت شغل,2025-04-05,2006821
telegram,thechefs_ksa,توصيل,هنقرستيشن يقولك رجع الطلب سوبر ماركت هنقرستيشن,2025-04-05,2006831
telegram,mrsool_delivery,توصيل,خدمة العملاء في كيتا ما تفيد تقريباً,2025-04-05,2006970
telegram,jahez_couriers,توصيل,والله كيتا صار يضحك علينا الطلبات وصلت الى ٦ ريال,2025-04-05,2006975
telegram,HungerStation_drivers,توصيل,الطلبات في رمضان تجنن ٣ أضعاف العادي,2025-04-05,2006977
telegram,toYou_couriers,توصيل,مو محل وموظفين اغبياء هم الغلطانين مو المندوب,2025-04-05,2006981
telegram,toYou_couriers,توصيل,خدمة العملاء في كيتا ما تفيد تقريباً,2025-04-05,2006987
telegram,toYou_couriers,توصيل,ياخوان الطلبات وقفت عندي من ساعة م جاني ولا طلب,2025-04-05,2007015
twitter,mostaql_workers,عمل_حر,ضريبة القيمة المضافة على الفريلانس كيف تشتغل,2025-04-05,2007048
telegram,mostaql_workers,عمل_حر,الزبون ما دفع بعد تسليم العمل كيف أتصرف,2025-04-05,2007061
telegram,freelancers_ksa,عمل_حر,نبي حماية للفريلانسر من الزبون اللي ما يدفع,2025-04-05,2007078
telegram,freelancers_ksa,عمل_حر,نبي حماية للفريلانسر من الزبون اللي ما يدفع,2025-04-05,2007110
telegram,freelancers_ksa,عمل_حر,مشروع ترجمة بكم تقدر تقدم,2025-04-05,2007116
telegram,khamsat_ar,عمل_حر,الزبون ما دفع بعد تسليم العمل كيف أتصرف,2025-04-05,2007134
telegram,uber_ksa_drivers,نقل,التامين على السيارة غالي علينا الشركات مو مهتمة,2025-04-06,2006491
telegram,wasselni_drivers,نقل,عميل تقييمه منخفض لا تاخذ مرة,2025-04-06,2006530
twitter,careem_drivers_sa,نقل,نبي نظام تأمين صحي للسائقين مثل الموظفين,2025-04-06,2006574
telegram,السائقين_السعوديين,نقل,اتمنى الجميع يركز نتحرك بشكل جماعي نرفع شكاوى لوزارة النقل,2025-04-06,2006615
telegram,bolt_drivers_ksa,نقل,السائقين الأجانب يزاحمون على الرحلات في كريم,2025-04-06,2006674
telegram,thechefs_ksa,توصيل,ذا شيفز يدفع بشكل منتظم بخلاف كيتا,2025-04-06,2006756
twitter,toYou_couriers,توصيل,سلام وصلت طلب وسلمته للعميل بيدي وبعد نص ساعة خصموا قيمة الطلب,2025-04-06,2006766
telegram,mrsool_delivery,توصيل,مشوار ابو ٢٠ زمان في كيتا الحين ب٩,2025-04-06,2006785
telegram,toYou_couriers,توصيل,كنت اشتغل مرسول زمان اطلع ٢٠٠ في اليوم على ٨ طلبات,2025-04-06,2006857
telegram,HungerStation_drivers,توصيل,الحين ١٤ طلب في كيتا وما طلعت ٢٠ ريال,2025-04-06,2006863
telegram,mrsool_delivery,توصيل,مشوار ابو ٢٠ زمان في كيتا الحين ب٩,2025-04-06,2006883
twitter,jahez_couriers,توصيل,المخالفين موصلين ٣٠٠ وشوي الشهر اللي فات انا بقوة وصلت ٢٩٠,2025-04-06,2006935
telegram,jahez_couriers,توصيل,ياخوان الطلبات وقفت عندي من ساعة م جاني ولا طلب,2025-04-06,2007030
telegram,delivery_ksa,توصيل,جدة من ٥ ايام ما في طلبات او طلبين بالكثير ايش المشكلة في كيتا,2025-04-06,2007032
twitter,khamsat_ar,عمل_حر,الفريلانس في السعودية بدأ ينمو بشكل كبير,2025-04-06,2007049
telegram,mostaql_workers,عمل_حر,أكملت مشروع تصميم بـ ٨٠٠ ريال في مستقل,2025-04-06,2007132
twitter,kayan_ksa,نقل,السائق هو الي يتعب ولابد تكون نسبة اوبر لها حد اعلى ٢٠ ريال,2025-04-07,2006475
twitter,Captains_saudi,نقل,رفضت رحلة بعيدة وخسرت bonus الاسبوع,2025-04-07,2006507
telegram,bolt_drivers_ksa,نقل,محتاج سيارة جديدة السيارة الحالية تعبت من كثر الشغل,2025-04-07,2006533
telegram,wasselni_drivers,نقل,اليوم الأوردرات كانت ممتازة والبخشيش زين الحمد لله,2025-04-07,2006540
telegram,bolt_drivers_ksa,نقل,اقل شي ٤٥٠ واعلى شي ٥٥٠ خلال ١٢ ساعة على اوبر,2025-04-07,2006543
telegram,jeeny_ksa,نقل,السائقين الأجانب يزاحمون على الرحلات في كريم,2025-04-07,2006547
twitter,wasselni_drivers,نقل,نسبة اوبر في مشوار المطار وصلت ٧٥٪ اخذ من الزبون ٥٩ ريال عطاني ١٢ فقط,2025-04-07,2006628
telegram,السائقين_السعوديين,نقل,وصلت واحد المطار وكان مصري وحك الصدام من السيارة,2025-04-07,2006632
twitter,wasselni_drivers,نقل,السائقين الأجانب يزاحمون على الرحلات في كريم,2025-04-07,2006656
twitter,bolt_drivers_ksa,نقل,أوبر أفضل من بولت في توزيع الرحلات عندي,2025-04-07,2006689
telegram,kayan_ksa,نقل,الزحمة في الرياض قاتلة والأرباح نازلة,2025-04-07,2006705
twitter,HungerStation_drivers,توصيل,مشوار ابو ٢٠ زمان في كيتا الحين ب٩,2025-04-07,2006759
telegram,HungerStation_drivers,توصيل,يعطيكم العافيه يا شباب حولت مبلغ من كيتا ولحد الان ما وصلت,2025-04-07,2006796
telegram,thechefs_ksa,توصيل,الطلبات الليلية تساوي ضعف النهارية في كيتا,2025-04-07,2006800
telegram,keeta_couriers,توصيل,الاسعار اختلفت بعد كثرة المنافسين ودخول كيتا بالاخص,2025-04-07,2006837
twitter,keeta_couriers,توصيل,الطلبات في رمضان تجنن ٣ أضعاف العادي,2025-04-07,2006965
telegram,jahez_couriers,توصيل,خدمة العملاء في كيتا ما تفيد تقريباً,2025-04-07,2006993
twitter,mostaql_workers,عمل_حر,نبي حماية للفريلانسر من الزبون اللي ما يدفع,2025-04-07,2007063
twitter,freelancers_ksa,عمل_حر,upwork أو مستقل أيهما أفضل للسعوديين,2025-04-07,2007090
twitter,CreemUber,نقل,والله زمان كان فيها خير اما الان مو المستفيد الا التطبيق,2025-04-08,2006481
twitter,CreemUber,نقل,العمل في المطارات أحسن من الشوارع الربح افضل,2025-04-08,2006493
telegram,uber_ksa_drivers,نقل,جربت كابتن في جيني وجيت الرياض والشغل مثل الشرقية,2025-04-08,2006495
twitter,careem_drivers_sa,نقل,ذروة ب كاش مع نسبتهم تشوفه مبلغ كويس بس يجيك بمشوار واحد بطاقة,2025-04-08,2006502
telegram,wasselni_drivers,نقل,اذا الوقت زاد ٨ دقايق وفوق ماافكهم غير مسويلي تعويض,2025-04-08,2006556
twitter,careem_drivers_sa,نقل,العمل في المطارات أحسن من الشوارع الربح افضل,2025-04-08,2006638
twitter,kayan_ksa,نقل,كيان التطبيق جديد بس الطلبات وايد خير من اوبر,2025-04-08,2006664
telegram,CreemUber,نقل,اقل شي ٤٥٠ واعلى شي ٥٥٠ خلال ١٢ ساعة على اوبر,2025-04-08,2006707
twitter,mrsool_delivery,توصيل,ياخوان الطلبات وقفت عندي من ساعة م جاني ولا طلب,2025-04-08,2006746
telegram,toYou_couriers,توصيل,المخالفين موصلين ٣٠٠ وشوي الشهر اللي فات انا بقوة وصلت ٢٩٠,2025-04-08,2006776
twitter,thechefs_ksa,توصيل,ياشباب امس المغرب حولت مبلغ من كيتا ولحد الان ما وصلت,2025-04-08,2006828
telegram,toYou_couriers,توصيل,رحت محل اكل هندي وجبت طلب وشوربة واقعة جاني خصم ٥٠ ريال,2025-04-08,2006908
telegram,thechefs_ksa,توصيل,كيتا يلعبون على المندوب عشان يخصمون مكافأة التوصيل في الوقت,2025-04-08,2006918
telegram,keeta_couriers,توصيل,مرسول الطلبات فل بس عيبه اطلب اي شي روح بنفسك,2025-04-08,2006923
telegram,keeta_couriers,توصيل,امس السحور ٩ ريال و ١٠ ريال من كيتا ليش ولا حق التعب,2025-04-08,2006928
telegram,HungerStation_drivers,توصيل,مرسول شغال زي لوز ما عده كيتا,2025-04-08,2006929
telegram,HungerStation_drivers,توصيل,رحت محل اكل هندي وجبت طلب وشوربة واقعة جاني خصم ٥٠ ريال,2025-04-08,2006940
telegram,toYou_couriers,توصيل,ذا شيفز تعاملهم مع المناديب أحسن من كيتا,2025-04-08,2006982
telegram,mrsool_delivery,توصيل,خدمة العملاء في كيتا ما تفيد تقريباً,2025-04-08,2007008
twitter,mostaql_workers,عمل_حر,بدأت فريلانس من بيتي والدخل تحسن الحمد لله,2025-04-08,2007051
twitter,khamsat_ar,عمل_حر,كيف أحسن بروفايلي في مستقل وأحصل على عملاء,2025-04-08,2007071
twitter,mostaql_workers,عمل_حر,التسويق الرقمي من أكثر التخصصات طلباً,2025-04-08,2007088
twitter,freelancers_ksa,عمل_حر,الزبون ما دفع بعد تسليم العمل كيف أتصرف,2025-04-08,2007096
telegram,khamsat_ar,عمل_حر,بدأت فريلانس من بيتي والدخل تحسن الحمد لله,2025-04-08,2007115
telegram,freelancers_ksa,عمل_حر,دخلي من البرمجة هذا الشهر ٧٠٠٠ ريال,2025-04-08,2007153
telegram,Captains_saudi,نقل,جيني وصليني الاسعار خايسه جدا يعني الكيلو اقل من ريال,2025-04-09,2006496
telegram,Captains_saudi,نقل,وصليني مافيه طلبات كافية في منطقتي,2025-04-09,2006590
telegram,careem_drivers_sa,نقل,وصلت واحد المطار وكان مصري وحك الصدام من السيارة,2025-04-09,2006607
twitter,wasselni_drivers,نقل,كم متوسط دخل الكابتن في الرياض شهريًا حاليًا,2025-04-09,2006623
twitter,kayan_ksa,نقل,اذا الوقت زاد ٨ دقايق وفوق ماافكهم غير مسويلي تعويض,2025-04-09,2006637
telegram,Captains_saudi,نقل,اليوم الأوردرات كانت ممتازة والبخشيش زين الحمد لله,2025-04-09,2006659
telegram,wasselni_drivers,نقل,محتاج سيارة جديدة السيارة الحالية تعبت من كثر الشغل,2025-04-09,2006678
telegram,toYou_couriers,توصيل,وصلت طلبات وطلعت ب١١٠ ريال لكن ليش ما اتضافت للسحب,2025-04-09,2006730
telegram,thechefs_ksa,توصيل,المندوب المخالف يأكل حرام رزق شخص نظامي,2025-04-09,2006751
telegram,HungerStation_drivers,توصيل,الطلبات في رمضان تجنن ٣ أضعاف العادي,2025-04-09,2006754
telegram,jahez_couriers,توصيل,واحد طالب ٣ ماء من كودو المهم يرسل يقول كنسل,2025-04-09,2006761
telegram,mrsool_delivery,توصيل,سلام وصلت طلب وسلمته للعميل بيدي وبعد نص ساعة خصموا قيمة الطلب,2025-04-09,2006768
telegram,delivery_ksa,توصيل,الطلبات في رمضان تجنن ٣ أضعاف العادي,2025-04-09,2006783
telegram,mrsool_delivery,توصيل,امس السحور ٩ ريال و ١٠ ريال من كيتا ليش ولا حق التعب,2025-04-09,2006802
telegram,mrsool_delivery,توصيل,جدة من ٥ ايام ما في طلبات او طلبين بالكثير ايش المشكلة في كيتا,2025-04-09,2006820
telegram,thechefs_ksa,توصيل,الدراجة تعطلت اليوم وخسرت شغل,2025-04-09,2006867
telegram,toYou_couriers,توصيل,وصلت ٢٠٠ طلب هذا الشهر الحمد لله,2025-04-09,2006869
telegram,HungerStation_drivers,توصيل,كيتا يلعبون على المندوب عشان يخصمون مكافأة التوصيل في الوقت,2025-04-09,2006872
telegram,mrsool_delivery,توصيل,ياخوان الطلبات وقفت عندي من ساعة م جاني ولا طلب,2025-04-09,2006920
telegram,delivery_ksa,توصيل,مرسول شغال زي لوز ما عده كيتا,2025-04-09,2006949
telegram,delivery_ksa,توصيل,ذا شيفز تعاملهم مع المناديب أحسن من كيتا,2025-04-09,2006984
telegram,HungerStation_drivers,توصيل,مرسول رقم واحد بالتعويض يقولك توصل موقع العميل كلمنا,2025-04-09,2007002
telegram,delivery_ksa,توصيل,ذا شيفز الطلبات كثيرة بس المنطقة محدودة حتى الآن,2025-04-09,2007004
telegram,toYou_couriers,توصيل,المندوب المخالف يأكل حرام رزق شخص نظامي,2025-04-09,2007025
telegram,mostaql_workers,عمل_حر,نبي حماية للفريلانسر من الزبون اللي ما يدفع,2025-04-09,2007069
twitter,freelancers_ksa,عمل_حر,الزبائن الخليجيين يدفعون أحسن من العرب,2025-04-09,2007080
twitter,freelancers_ksa,عمل_حر,نبي حماية للفريلانسر من الزبون اللي ما يدفع,2025-04-09,2007148
telegram,Captains_saudi,نقل,السكوت ماراح ينفع خلونا نتحرك بشكل منظم,2025-04-10,2006514
telegram,bolt_drivers_ksa,نقل,والله زمان كان فيها خير اما الان مو المستفيد الا التطبيق,2025-04-10,2006526
telegram,careem_drivers_sa,نقل,الزحمة في الرياض قاتلة والأرباح نازلة,2025-04-10,2006578
telegram,bolt_drivers_ksa,نقل,كيان وصليني تطبيقات واعدة بس تحتاج وقت,2025-04-10,2006613
telegram,jeeny_ksa,نقل,الذروة في كريم حمراء والطلبات ورا بعض بالمدينة,2025-04-10,2006648
telegram,السائقين_السعوديين,نقل,من اشوف مشوار مو مناسب على طول ارفضه,2025-04-10,2006667
telegram,bolt_drivers_ksa,نقل,ذروة ب كاش مع نسبتهم تشوفه مبلغ كويس بس يجيك بمشوار واحد بطاقة,2025-04-10,2006708
telegram,HungerStation_drivers,توصيل,مرسول رقم واحد بالتعويض يقولك توصل موقع العميل كلمنا,2025-04-10,2006755
telegram,toYou_couriers,توصيل,الطلبات الليلية تساوي ضعف النهارية في كيتا,2025-04-10,2006819
twitter,jahez_couriers,توصيل,الطلبات الليلية تساوي ضعف النهارية في كيتا,2025-04-10,2006830
telegram,jahez_couriers,توصيل,والله اذا موترك ينفع في النقل الموجه افضل بمليون مرة,2025-04-10,2006832
telegram,keeta_couriers,توصيل,امس السحور ٩ ريال و ١٠ ريال من كيتا ليش ولا حق التعب,2025-04-10,2006849
telegram,delivery_ksa,توصيل,توصيل في الأمطار خطر بدون مكافأة من التطبيق,2025-04-10,2007003
twitter,freelancers_ksa,عمل_حر,التسويق الرقمي من أكثر التخصصات طلباً,2025-04-10,2007033
telegram,mostaql_workers,عمل_حر,منصة خمسات أفضل للمبتدئين في العمل الحر,2025-04-10,2007040
twitter,freelancers_ksa,عمل_حر,مشروع ترجمة بكم تقدر تقدم,2025-04-10,2007047
telegram,freelancers_ksa,عمل_حر,بدأت فريلانس من بيتي والدخل تحسن الحمد لله,2025-04-10,2007073
twitter,mostaql_workers,عمل_حر,الفريلانس في السعودية بدأ ينمو بشكل كبير,2025-04-10,2007076
telegram,mostaql_workers,عمل_حر,الفريلانس في السعودية بدأ ينمو بشكل كبير,2025-04-10,2007085
telegram,mostaql_workers,عمل_حر,الزبائن الخليجيين يدفعون أحسن من العرب,2025-04-10,2007112
telegram,khamsat_ar,عمل_حر,ضريبة القيمة المضافة على الفريلانس كيف تشتغل,2025-04-10,2007147
telegram,mostaql_workers,عمل_حر,كيف أحسن بروفايلي في مستقل وأحصل على عملاء,2025-04-10,2007149
twitter,freelancers_ksa,عمل_حر,الزبون ما دفع بعد تسليم العمل كيف أتصرف,2025-04-10,2007159
telegram,uber_ksa_drivers,نقل,وصلت ٥٠ رحلة هذا الأسبوع الحمد لله رب العالمين,2025-04-11,2006490
telegram,CreemUber,نقل,إلى متى يا اوبر نسبة عالية وفوق هذا تسعيرة زي وجهك,2025-04-11,2006497
telegram,السائقين_السعوديين,نقل,الزحمة في الرياض قاتلة والأرباح نازلة,2025-04-11,2006524
telegram,uber_ksa_drivers,نقل,بعدها على بولت خلال ٦ ساعات ٢٠٠ ريال خلال ١٦ ساعة ٧٠٠ ريال ثابتة,2025-04-11,2006557
telegram,Captains_saudi,نقل,من اشوف مشوار مو مناسب على طول ارفضه,2025-04-11,2006561
telegram,jeeny_ksa,نقل,جيني وصليني الاسعار خايسه جدا يعني الكيلو اقل من ريال,2025-04-11,2006571
telegram,السائقين_السعوديين,نقل,من اشوف مشوار مو مناسب على طول ارفضه,2025-04-11,2006611
telegram,careem_drivers_sa,نقل,ما يستاهل لا تعب ولا وقت المشوار بعيد والربح ضعيف,2025-04-11,2006631
telegram,السائقين_السعوديين,نقل,السائقين الأجانب يزاحمون على الرحلات في كريم,2025-04-11,2006649
telegram,uber_ksa_drivers,نقل,اذا الوقت زاد ٨ دقايق وفوق ماافكهم غير مسويلي تعويض,2025-04-11,2006651
telegram,HungerStation_drivers,توصيل,خدمة العملاء في كيتا ما تفيد تقريباً,2025-04-11,2006808
telegram,toYou_couriers,توصيل,يعطيكم العافيه يا شباب حولت مبلغ من كيتا ولحد الان ما وصلت,2025-04-11,2006810
telegram,jahez_couriers,توصيل,كنت اشتغل مرسول زمان اطلع ٢٠٠ في اليوم على ٨ طلبات,2025-04-11,2006834
telegram,delivery_ksa,توصيل,جاهز أحسن من مرسول في التوزيع والسعر,2025-04-11,2006842
twitter,mrsool_delivery,توصيل,ياشباب امس المغرب حولت مبلغ من كيتا ولحد الان ما وصلت,2025-04-11,2006877
telegram,jahez_couriers,توصيل,مانبي نقطع رزق احد بس والله غبنه توقف عند المطاعم وتنتظر,2025-04-11,2006890
telegram,keeta_couriers,توصيل,ذا شيفز تعاملهم مع المناديب أحسن من كيتا,2025-04-11,2007014
twitter,delivery_ksa,توصيل,واحد طالب ٣ ماء من كودو المهم يرسل يقول كنسل,2025-04-11,2007024
twitter,mostaql_workers,عمل_حر,دخلي من البرمجة هذا الشهر ٧٠٠٠ ريال,2025-04-11,2007042
telegram,freelancers_ksa,عمل_حر,نبي حماية للفريلانسر من الزبون اللي ما يدفع,2025-04-11,2007065
telegram,mostaql_workers,عمل_حر,التسويق الرقمي من أكثر التخصصات طلباً,2025-04-11,2007079
telegram,khamsat_ar,عمل_حر,upwork أو مستقل أيهما أفضل للسعوديين,2025-04-11,2007129
twitter,freelancers_ksa,عمل_حر,الزبائن الخليجيين يدفعون أحسن من العرب,2025-04-11,2007130
twitter,khamsat_ar,عمل_حر,دخلي من البرمجة هذا الشهر ٧٠٠٠ ريال,2025-04-11,2007152
twitter,careem_drivers_sa,نقل,اقل شي ٤٥٠ واعلى شي ٥٥٠ خلال ١٢ ساعة على اوبر,2025-04-12,2006489
twitter,CreemUber,نقل,أحسن أوقات الشغل الفطور والغداء والذروة المسائية,2025-04-12,2006528
telegram,careem_drivers_sa,نقل,السائق هو الي يتعب ولابد تكون نسبة اوبر لها حد اعلى ٢٠ ريال,2025-04-12,2006534
telegram,kayan_ksa,نقل,رفضت رحلة بعيدة وخسرت bonus الاسبوع,2025-04-12,2006553
telegram,kayan_ksa,نقل,أوبر أفضل من بولت في توزيع الرحلات عندي,2025-04-12,2006597
twitter,kayan_ksa,نقل,وصلت ٥٠ رحلة هذا الأسبوع الحمد لله رب العالمين,2025-04-12,2006614
telegram,careem_drivers_sa,نقل,اتمنى الجميع يركز نتحرك بشكل جماعي نرفع شكاوى لوزارة النقل,2025-04-12,2006633
twitter,jeeny_ksa,نقل,جيني وصليني الاسعار خايسه جدا يعني الكيلو اقل من ريال,2025-04-12,2006645
telegram,uber_ksa_drivers,نقل,الزحمة في الرياض قاتلة والأرباح نازلة,2025-04-12,2006657
telegram,bolt_drivers_ksa,نقل,من حقك ترفض خدمته سيارتك وترفع بلاغ,2025-04-12,2006688
twitter,CreemUber,نقل,السائقين الأجانب يزاحمون على الرحلات في كريم,2025-04-12,2006703
telegram,toYou_couriers,توصيل,ذا شيفز تعاملهم مع المناديب أحسن من كيتا,2025-04-12,2006718
twitter,jahez_couriers,توصيل,والله اذا موترك ينفع في النقل الموجه افضل بمليون مرة,2025-04-12,2006735
telegram,keeta_couriers,توصيل,طلب وصل بارد لأن المطعم تأخر وراحت التقييم,2025-04-12,2006743
telegram,jahez_couriers,توصيل,مرسول الطلبات فل بس عيبه اطلب اي شي روح بنفسك,2025-04-12,2006747
twitter,HungerStation_drivers,توصيل,ياشباب امس المغرب حولت مبلغ من كيتا ولحد الان ما وصلت,2025-04-12,2006791
twitter,mrsool_delivery,توصيل,مشوار ابو ٢٠ زمان في كيتا الحين ب٩,2025-04-12,2006835
twitter,HungerStation_drivers,توصيل,مو محل وموظفين اغبياء هم الغلطانين مو المندوب,2025-04-12,2006846
telegram,HungerStation_drivers,توصيل,ياخوان الطلبات وقفت عندي من ساعة م جاني ولا طلب,2025-04-12,2006847
telegram,jahez_couriers,توصيل,كيتا الحين يقولك توصل الطلب وعشان تبلغ تأخير المطعم تنتظر,2025-04-12,2006884
telegram,thechefs_ksa,توصيل,مشكلة الباكدج الكبير ما يناسب الدراجة,2025-04-12,2006889
telegram,mrsool_delivery,توصيل,رحت محل اكل هندي وجبت طلب وشوربة واقعة جاني خصم ٥٠ ريال,2025-04-12,2006896
telegram,thechefs_ksa,توصيل,وصلت ٢٠٠ طلب هذا الشهر الحمد لله,2025-04-12,2006968
twitter,keeta_couriers,توصيل,واحد طالب ٣ ماء من كودو المهم يرسل يقول كنسل,2025-04-12,2006972
telegram,mrsool_delivery,توصيل,طلب وصل بارد لأن المطعم تأخر وراحت التقييم,2025-04-12,2007026
twitter,khamsat_ar,عمل_حر,الفريلانس في السعودية بدأ ينمو بشكل كبير,2025-04-12,2007034
twitter,khamsat_ar,عمل_حر,مشروع ترجمة بكم تقدر تقدم,2025-04-12,2007059
telegram,freelancers_ksa,عمل_حر,منصة خمسات أفضل للمبتدئين في العمل الحر,2025-04-12,2007102
telegram,wasselni_drivers,نقل,السكوت ماراح ينفع خلونا نتحرك بشكل منظم,2025-04-13,2006486
telegram,uber_ksa_drivers,نقل,من اشوف مشوار مو مناسب على طول ارفضه,2025-04-13,2006537
telegram,careem_drivers_sa,نقل,اقل شي ٤٥٠ واعلى شي ٥٥٠ خلال ١٢ ساعة على اوبر,2025-04-13,2006559
telegram,Captains_saudi,نقل,اليوم الأوردرات كانت ممتازة والبخشيش زين الحمد لله,2025-04-13,2006562
telegram,jeeny_ksa,نقل,إلى متى يا اوبر نسبة عالية وفوق هذا تسعيرة زي وجهك,2025-04-13,2006630
telegram,uber_ksa_drivers,نقل,رفضت رحلة بعيدة وخسرت bonus الاسبوع,2025-04-13,2006653
telegram,bolt_drivers_ksa,نقل,رفضت رحلة بعيدة وخسرت bonus الاسبوع,2025-04-13,2006687
telegram,kayan_ksa,نقل,السكوت ماراح ينفع خلونا نتحرك بشكل منظم,2025-04-13,2006700
telegram,jahez_couriers,توصيل,كيتا الحين يقولك توصل الطلب وعشان تبلغ تأخير المطعم تنتظر,2025-04-13,2006715
telegram,thechefs_ksa,توصيل,هنجرستين وكيتا حاليًا جاهز ومرسول وذا شيفز بس اقل في الطلبات,2025-04-13,2006855
telegram,toYou_couriers,توصيل,ياخوان الطلبات وقفت عندي من ساعة م جاني ولا طلب,2025-04-13,2006909
telegram,jahez_couriers,توصيل,جاهز أحسن من مرسول في التوزيع والسعر,2025-04-13,2006913
telegram,mrsool_delivery,توصيل,مو محل وموظفين اغبياء هم الغلطانين مو المندوب,2025-04-13,2006985
telegram,keeta_couriers,توصيل,رحت محل اكل هندي وجبت طلب وشوربة واقعة جاني خصم ٥٠ ريال,2025-04-13,2006997
twitter,mrsool_delivery,توصيل,كنت اشتغل مرسول زمان اطلع ٢٠٠ في اليوم على ٨ طلبات,2025-04-13,2007012
twitter,delivery_ksa,توصيل,واحد طالب ٣ ماء من كودو المهم يرسل يقول كنسل,2025-04-13,2007017
telegram,khamsat_ar,عمل_حر,الفريلانس في السعودية بدأ ينمو بشكل كبير,2025-04-13,2007052
telegram,khamsat_ar,عمل_حر,مشروع ترجمة بكم تقدر تقدم,2025-04-13,2007055
twitter,mostaql_workers,عمل_حر,مشروع ترجمة بكم تقدر تقدم,2025-04-13,2007086
twitter,freelancers_ksa,عمل_حر,upwork أو مستقل أيهما أفضل للسعوديين,2025-04-13,2007127
telegram,mostaql_workers,عمل_حر,التسويق الرقمي من أكثر التخصصات طلباً,2025-04-13,2007145
twitter,السائقين_السعوديين,نقل,جيني وصليني الاسعار خايسه جدا يعني الكيلو اقل من ريال,2025-04-14,2006476
twitter,bolt_drivers_ksa,نقل,ذروة ب كاش مع نسبتهم تشوفه مبلغ كويس بس يجيك بمشوار واحد بطاقة,2025-04-14,2006549
telegram,kayan_ksa,نقل,السائق هو الي يتعب ولابد تكون نسبة اوبر لها حد اعلى ٢٠ ريال,2025-04-14,2006581
telegram,Captains_saudi,نقل,بولت انا مااوثق في اي زبون يقولي بحولك مابحولك,2025-04-14,2006593
telegram,jeeny_ksa,نقل,اوبر مادري كيف يفكرون جاني مشوار والطرق كلها مقفله,2025-04-14,2006608
telegram,السائقين_السعوديين,نقل,جيني وصليني الاسعار خايسه جدا يعني الكيلو اقل من ريال,2025-04-14,2006622
telegram,السائقين_السعوديين,نقل,رفضت رحلة بعيدة وخسرت bonus الاسبوع,2025-04-14,2006646
telegram,kayan_ksa,نقل,اتمنى الجميع يركز نتحرك بشكل جماعي نرفع شكاوى لوزارة النقل,2025-04-14,2006672
twitter,delivery_ksa,توصيل,واحد طالب ٣ ماء من كودو المهم يرسل يقول كنسل,2025-04-14,2006726
twitter,toYou_couriers,توصيل,الدراجة تعطلت اليوم وخسرت شغل,2025-04-14,2006749
telegram,toYou_couriers,توصيل,جاهز أحسن من مرسول في التوزيع والسعر,2025-04-14,2006750
telegram,keeta_couriers,توصيل,المندوب المخالف يأكل حرام رزق شخص نظامي,2025-04-14,2006763
telegram,keeta_couriers,توصيل,خدمة العملاء في كيتا ما تفيد تقريباً,2025-04-14,2006770
telegram,keeta_couriers,توصيل,امس وصلت طلب والعميل تأخر وراح عليي مكافأة موعد الوصول,2025-04-14,2006777
telegram,mrsool_delivery,توصيل,سلام وصلت طلب وسلمته للعميل بيدي وبعد نص ساعة خصموا قيمة الطلب,2025-04-14,2006805
telegram,mrsool_delivery,توصيل,مرسول رقم واحد بالتعويض يقولك توصل موقع العميل كلمنا,2025-04-14,2006814
telegram,thechefs_ksa,توصيل,الاسعار اختلفت بعد كثرة المنافسين ودخول كيتا بالاخص,2025-04-14,2006826
telegram,HungerStation_drivers,توصيل,يعطيكم العافيه يا شباب حولت مبلغ من كيتا ولحد الان ما وصلت,2025-04-14,2006829
twitter,delivery_ksa,توصيل,رحت محل اكل هندي وجبت طلب وشوربة واقعة جاني خصم ٥٠ ريال,2025-04-14,2006838
telegram,delivery_ksa,توصيل,مرسول شغال زي لوز ما عده كيتا,2025-04-14,2006875
telegram,toYou_couriers,توصيل,الدراجة تعطلت اليوم وخسرت شغل,2025-04-14,2006892
twitter,keeta_couriers,توصيل,امس السحور ٩ ريال و ١٠ ريال من كيتا ليش ولا حق التعب,2025-04-14,2006912
telegram,keeta_couriers,توصيل,واحد طالب ٣ ماء من كودو المهم يرسل يقول كنسل,2025-04-14,2006924
telegram,HungerStation_drivers,توصيل,الدراجة تعطلت اليوم وخسرت شغل,2025-04-14,2006950
telegram,delivery_ksa,توصيل,والله اذا موترك ينفع في النقل الموجه افضل بمليون مرة,2025-04-14,2006954
telegram,keeta_couriers,توصيل,مرسول شغال زي لوز ما عده كيتا,2025-04-14,2006962
telegram,HungerStation_drivers,توصيل,مشكلة الباكدج الكبير ما يناسب الدراجة,2025-04-14,2006969
telegram,mrsool_delivery,توصيل,امس السحور ٩ ريال و ١٠ ريال من كيتا ليش ولا حق التعب,2025-04-14,2006978
telegram,jahez_couriers,توصيل,الطلبات في رمضان تجنن ٣ أضعاف العادي,2025-04-14,2006988
telegram,jahez_couriers,توصيل,الطلبات في رمضان تجنن ٣ أضعاف العادي,2025-04-14,2006998
twitter,HungerStation_drivers,توصيل,كيتا يلعبون على المندوب عشان يخصمون مكافأة التوصيل في الوقت,2025-04-14,2007013
telegram,delivery_ksa,توصيل,وصلت ٢٠٠ طلب هذا الشهر الحمد لله,2025-04-14,2007019
twitter,khamsat_ar,عمل_حر,upwork أو مستقل أيهما أفضل للسعوديين,2025-04-14,2007062
twitter,freelancers_ksa,عمل_حر,الفريلانس في السعودية بدأ ينمو بشكل كبير,2025-04-14,2007119
twitter,mostaql_workers,عمل_حر,أكملت مشروع تصميم بـ ٨٠٠ ريال في مستقل,2025-04-14,2007133
telegram,wasselni_drivers,نقل,من اشوف مشوار مو مناسب على طول ارفضه,2025-04-15,2006484
telegram,السائقين_السعوديين,نقل,متوسط دخلي اليوم ١٨٠ ريال بعد البنزين,2025-04-15,2006520
telegram,Captains_saudi,نقل,وصلت ٥٠ رحلة هذا الأسبوع الحمد لله رب العالمين,2025-04-15,2006566
telegram,jeeny_ksa,نقل,الذروة في كريم حمراء والطلبات ورا بعض بالمدينة,2025-04-15,2006616
telegram,jahez_couriers,توصيل,والله كيتا صار يضحك علينا الطلبات وصلت الى ٦ ريال,2025-04-15,2006717
telegram,delivery_ksa,توصيل,والله اذا موترك ينفع في النقل الموجه افضل بمليون مرة,2025-04-15,2006738
telegram,keeta_couriers,توصيل,الحين ١٤ طلب في كيتا وما طلعت ٢٠ ريال,2025-04-15,2006774
telegram,jahez_couriers,توصيل,امس وصلت طلب والعميل تأخر وراح عليي مكافأة موعد الوصول,2025-04-15,2006775
telegram,mrsool_delivery,توصيل,رحت محل اكل هندي وجبت طلب وشوربة واقعة جاني خصم ٥٠ ريال,2025-04-15,2006815
telegram,HungerStation_drivers,توصيل,مشوار ابو ٢٠ زمان في كيتا الحين ب٩,2025-04-15,2006825
telegram,thechefs_ksa,توصيل,والله اذا موترك ينفع في النقل الموجه افضل بمليون مرة,2025-04-15,2006873
telegram,mrsool_delivery,توصيل,هنجرستين وكيتا حاليًا جاهز ومرسول وذا شيفز بس اقل في الطلبات,2025-04-15,2006886
telegram,mrsool_delivery,توصيل,الدراجة تعطلت اليوم وخسرت شغل,2025-04-15,2006897
twitter,thechefs_ksa,توصيل,جاهز أحسن من مرسول في التوزيع والسعر,2025-04-15,2006905
telegram,keeta_couriers,توصيل,مرسول فتح تسجيل جديد للموصلين هذا الأسبوع,2025-04-15,2006934
telegram,toYou_couriers,توصيل,وصلت ٢٠٠ طلب هذا الشهر الحمد لله,2025-04-15,2006937
twitter,thechefs_ksa,توصيل,والله كيتا صار يضحك علينا الطلبات وصلت الى ٦ ريال,2025-04-15,2006958
telegram,delivery_ksa,توصيل,امس السحور ٩ ريال و ١٠ ريال من كيتا ليش ولا حق التعب,2025-04-15,2006971
twitter,freelancers_ksa,عمل_حر,الزبون ما دفع بعد تسليم العمل كيف أتصرف,2025-04-15,2007094
telegram,السائقين_السعوديين,نقل,اوبر مادري كيف يفكرون جاني مشوار والطرق كلها مقفله,2025-04-16,2006512
twitter,kayan_ksa,نقل,كيان وصليني تطبيقات واعدة بس تحتاج وقت,2025-04-16,2006515
telegram,CreemUber,نقل,جربت كابتن في جيني وجيت الرياض والشغل مثل الشرقية,2025-04-16,2006535
telegram,CreemUber,نقل,جيني بدأ ينافس لكن ما زال الطلبات أقل,2025-04-16,2006546
telegram,uber_ksa_drivers,نقل,جيني بدأ ينافس لكن ما زال الطلبات أقل,2025-04-16,2006582
telegram,uber_ksa_drivers,نقل,ودي اشتغل ف بولت بجانب اوبر ممكن؟,2025-04-16,2006589
telegram,kayan_ksa,نقل,وصلت ٥٠ رحلة هذا الأسبوع الحمد لله رب العالمين,2025-04-16,2006652
twitter,delivery_ksa,توصيل,كنت اشتغل مرسول زمان اطلع ٢٠٠ في اليوم على ٨ طلبات,2025-04-16,2006728
twitter,delivery_ksa,توصيل,جدة من ٥ ايام ما في طلبات او طلبين بالكثير ايش المشكلة في كيتا,2025-04-16,2006765
telegram,delivery_ksa,توصيل,والله اذا موترك ينفع في النقل الموجه افضل بمليون مرة,2025-04-16,2006782
telegram,delivery_ksa,توصيل,هنجرستين وكيتا حاليًا جاهز ومرسول وذا شيفز بس اقل في الطلبات,2025-04-16,2006804
telegram,toYou_couriers,توصيل,مشكلة الباكدج الكبير ما يناسب الدراجة,2025-04-16,2006841
twitter,mrsool_delivery,توصيل,والله اذا موترك ينفع في النقل الموجه افضل بمليون مرة,2025-04-16,2006858
telegram,delivery_ksa,توصيل,الطلبات في رمضان تجنن ٣ أضعاف العادي,2025-04-16,2006862
twitter,thechefs_ksa,توصيل,واحد طالب ٣ ماء من كودو المهم يرسل يقول كنسل,2025-04-16,2006876
telegram,jahez_couriers,توصيل,جاهز أحسن من مرسول في التوزيع والسعر,2025-04-16,2006930
telegram,keeta_couriers,توصيل,الطلبات الليلية تساوي ضعف النهارية في كيتا,2025-04-16,2006943
telegram,toYou_couriers,توصيل,وصلت ٢٠٠ طلب هذا الشهر الحمد لله,2025-04-16,2006980
telegram,HungerStation_drivers,توصيل,طلب وصل بارد لأن المطعم تأخر وراحت التقييم,2025-04-16,2007023
twitter,freelancers_ksa,عمل_حر,دخلي من البرمجة هذا الشهر ٧٠٠٠ ريال,2025-04-16,2007144
telegram,uber_ksa_drivers,نقل,نبي نظام تأمين صحي للسائقين مثل الموظفين,2025-04-17,2006518
telegram,kayan_ksa,نقل,التامين على السيارة غالي علينا الشركات مو مهتمة,2025-04-17,2006529
telegram,bolt_drivers_ksa,نقل,اوبر زود على نسبة الالغاء وانا ما قدرت اوصل للعميل,2025-04-17,2006545
telegram,wasselni_drivers,نقل,وصلت ٥٠ رحلة هذا الأسبوع الحمد لله رب العالمين,2025-04-17,2006552
telegram,kayan_ksa,نقل,وصلت واحد المطار وكان مصري وحك الصدام من السيارة,2025-04-17,2006555
telegram,bolt_drivers_ksa,نقل,محتاج سيارة جديدة السيارة الحالية تعبت من كثر الشغل,2025-04-17,2006563
telegram,Captains_saudi,نقل,السائقين الأجانب يزاحمون على الرحلات في كريم,2025-04-17,2006604
telegram,bolt_drivers_ksa,نقل,التامين على السيارة غالي علينا الشركات مو مهتمة,2025-04-17,2006618
twitter,wasselni_drivers,نقل,جربت كابتن في جيني وجيت الرياض والشغل مثل الشرقية,2025-04-17,2006642
telegram,wasselni_drivers,نقل,إلى متى يا اوبر نسبة عالية وفوق هذا تسعيرة زي وجهك,2025-04-17,2006669
telegram,delivery_ksa,توصيل,الطلبات في رمضان تجنن ٣ أضعاف العادي,2025-04-17,2006714
telegram,delivery_ksa,توصيل,مشكلة الباكدج الكبير ما يناسب الدراجة,2025-04-17,2006725
telegram,delivery_ksa,توصيل,مرسول الطلبات فل بس عيبه اطلب اي شي روح بنفسك,2025-04-17,2006733
telegram,jahez_couriers,توصيل,ذا شيفز يدفع بشكل منتظم بخلاف كيتا,2025-04-17,2006742
telegram,delivery_ksa,توصيل,توصيل في الأمطار خطر بدون مكافأة من التطبيق,2025-04-17,2006758
telegram,thechefs_ksa,توصيل,ياشباب امس المغرب حولت مبلغ من كيتا ولحد الان ما وصلت,2025-04-17,2006779
twitter,delivery_ksa,توصيل,ذا شيفز تعاملهم مع المناديب أحسن من كيتا,2025-04-17,2006803
telegram,keeta_couriers,توصيل,جاهز أحسن من مرسول في التوزيع والسعر,2025-04-17,2006806
telegram,keeta_couriers,توصيل,مرسول شغال زي لوز ما عده كيتا,2025-04-17,2006812
telegram,jahez_couriers,توصيل,ياخوان الطلبات وقفت عندي من ساعة م جاني ولا طلب,2025-04-17,2006840
telegram,toYou_couriers,توصيل,مشوار ابو ٢٠ زمان في كيتا الحين ب٩,2025-04-17,2006854
telegram,mrsool_delivery,توصيل,الاسعار اختلفت بعد كثرة المنافسين ودخول كيتا بالاخص,2025-04-17,2006888
telegram,mrsool_delivery,توصيل,مشوار ابو ٢٠ زمان في كيتا الحين ب٩,2025-04-17,2006960
telegram,delivery_ksa,توصيل,مرسول فتح تسجيل جديد للموصلين هذا الأسبوع,2025-04-17,2007006
telegram,mostaql_workers,عمل_حر,كيف أحسن بروفايلي في مستقل وأحصل على عملاء,2025-04-17,2007039
twitter,mostaql_workers,عمل_حر,التسويق الرقمي من أكثر التخصصات طلباً,2025-04-17,2007101
twitter,khamsat_ar,عمل_حر,كيف أحسن بروفايلي في مستقل وأحصل على عملاء,2025-04-17,2007117
telegram,freelancers_ksa,عمل_حر,كيف أحسن بروفايلي في مستقل وأحصل على عملاء,2025-04-17,2007120
telegram,freelancers_ksa,عمل_حر,منصة خمسات أفضل للمبتدئين في العمل الحر,2025-04-17,2007151
telegram,kayan_ksa,نقل,والله زمان كان فيها خير اما الان مو المستفيد الا التطبيق,2025-04-18,2006472
telegram,careem_drivers_sa,نقل,من حقك ترفض خدمته سيارتك وترفع بلاغ,2025-04-18,2006505
telegram,careem_drivers_sa,نقل,جيني بدأ ينافس لكن ما زال الطلبات أقل,2025-04-18,2006519
telegram,CreemUber,نقل,ودي اشتغل ف بولت بجانب اوبر ممكن؟,2025-04-18,2006542
telegram,Captains_saudi,نقل,والله زمان كان فيها خير اما الان مو المستفيد الا التطبيق,2025-04-18,2006569
telegram,السائقين_السعوديين,نقل,اوبر زود على نسبة الالغاء وانا ما قدرت اوصل للعميل,2025-04-18,2006594
telegram,السائقين_السعوديين,نقل,ودي اشتغل ف بولت بجانب اوبر ممكن؟,2025-04-18,2006654
telegram,keeta_couriers,توصيل,يعطيكم العافيه يا شباب حولت مبلغ من كيتا ولحد الان ما وصلت,2025-04-18,2006780
telegram,mrsool_delivery,توصيل,هنجرستين وكيتا حاليًا جاهز ومرسول وذا شيفز بس اقل في الطلبات,2025-04-18,2006795
telegram,keeta_couriers,توصيل,هنقرستيشن يقولك رجع الطلب سوبر ماركت هنقرستيشن,2025-04-18,2006852
telegram,mrsool_delivery,توصيل,ياشباب امس المغرب حولت مبلغ من كيتا ولحد الان ما وصلت,2025-04-18,2006853
telegram,keeta_couriers,توصيل,خدمة العملاء في كيتا ما تفيد تقريباً,2025-04-18,2006894
telegram,mrsool_delivery,توصيل,جاهز أحسن من مرسول في التوزيع والسعر,2025-04-18,2006915
telegram,HungerStation_drivers,توصيل,طلب وصل بارد لأن المطعم تأخر وراحت التقييم,2025-04-18,2006927
telegram,keeta_couriers,توصيل,مو محل وموظفين اغبياء هم الغلطانين مو المندوب,2025-04-18,2007028
twitter,mostaql_workers,عمل_حر,مشروع ترجمة بكم تقدر تقدم,2025-04-18,2007054
telegram,freelancers_ksa,عمل_حر,ضريبة القيمة المضافة على الفريلانس كيف تشتغل,2025-04-18,2007066
telegram,mostaql_workers,عمل_حر,ضريبة القيمة المضافة على الفريلانس كيف تشتغل,2025-04-18,2007104
twitter,mostaql_workers,عمل_حر,بدأت فريلانس من بيتي والدخل تحسن الحمد لله,2025-04-18,2007118
telegram,mostaql_workers,عمل_حر,upwork أو مستقل أيهما أفضل للسعوديين,2025-04-18,2007121
telegram,khamsat_ar,عمل_حر,upwork أو مستقل أيهما أفضل للسعوديين,2025-04-18,2007126
twitter,freelancers_ksa,عمل_حر,upwork أو مستقل أيهما أفضل للسعوديين,2025-04-18,2007140
telegram,freelancers_ksa,عمل_حر,الزبون ما دفع بعد تسليم العمل كيف أتصرف,2025-04-18,2007150
telegram,wasselni_drivers,نقل,اوبر مادري كيف يفكرون جاني مشوار والطرق كلها مقفله,2025-04-19,2006473
telegram,jeeny_ksa,نقل,بولت انا مااوثق في اي زبون يقولي بحولك مابحولك,2025-04-19,2006511
telegram,السائقين_السعوديين,نقل,أوبر أفضل من بولت في توزيع الرحلات عندي,2025-04-19,2006527
twitter,bolt_drivers_ksa,نقل,نسبة اوبر في مشوار المطار وصلت ٧٥٪ اخذ من الزبون ٥٩ ريال عطاني ١٢ فقط,2025-04-19,2006587
telegram,bolt_drivers_ksa,نقل,اوبر زود على نسبة الالغاء وانا ما قدرت اوصل للعميل,2025-04-19,2006612
telegram,bolt_drivers_ksa,نقل,من اشوف مشوار مو مناسب على طول ارفضه,2025-04-19,2006661
telegram,careem_drivers_sa,نقل,العمل في المطارات أحسن من الشوارع الربح افضل,2025-04-19,2006671
telegram,Captains_saudi,نقل,كيان التطبيق جديد بس الطلبات وايد خير من اوبر,2025-04-19,2006673
telegram,Captains_saudi,نقل,متوسط دخلي اليوم ١٨٠ ريال بعد البنزين,2025-04-19,2006701
twitter,toYou_couriers,توصيل,كيتا يلعبون على المندوب عشان يخصمون مكافأة التوصيل في الوقت,2025-04-19,2006713
telegram,jahez_couriers,توصيل,وصلت طلبات وطلعت ب١١٠ ريال لكن ليش ما اتضافت للسحب,2025-04-19,2006716
telegram,HungerStation_drivers,توصيل,مرسول فتح تسجيل جديد للموصلين هذا الأسبوع,2025-04-19,2006843
twitter,keeta_couriers,توصيل,وصلت ٢٠٠ طلب هذا الشهر الحمد لله,2025-04-19,2006922
telegram,HungerStation_drivers,توصيل,الطلبات الليلية تساوي ضعف النهارية في كيتا,2025-04-19,2006947
telegram,thechefs_ksa,توصيل,جدة من ٥ ايام ما في طلبات او طلبين بالكثير ايش المشكلة في كيتا,2025-04-19,2006964
telegram,delivery_ksa,توصيل,والله اذا موترك ينفع في النقل الموجه افضل بمليون مرة,2025-04-19,2007001
telegram,mostaql_workers,عمل_حر,منصة خمسات أفضل للمبتدئين في العمل الحر,2025-04-19,2007035
twitter,mostaql_workers,عمل_حر,الفريلانس في السعودية بدأ ينمو بشكل كبير,2025-04-19,2007072
telegram,freelancers_ksa,عمل_حر,مشروع ترجمة بكم تقدر تقدم,2025-04-19,2007081
twitter,freelancers_ksa,عمل_حر,مشروع ترجمة بكم تقدر تقدم,2025-04-19,2007083
twitter,mostaql_workers,عمل_حر,upwork أو مستقل أيهما أفضل للسعوديين,2025-04-19,2007093
telegram,khamsat_ar,عمل_حر,التسويق الرقمي من أكثر التخصصات طلباً,2025-04-19,2007139
telegram,bolt_drivers_ksa,نقل,اليوم الأوردرات كانت ممتازة والبخشيش زين الحمد لله,2025-04-20,2006532
telegram,bolt_drivers_ksa,نقل,أوبر أفضل من بولت في توزيع الرحلات عندي,2025-04-20,2006564
twitter,bolt_drivers_ksa,نقل,من حقك ترفض خدمته سيارتك وترفع بلاغ,2025-04-20,2006635
telegram,Captains_saudi,نقل,السكوت ماراح ينفع خلونا نتحرك بشكل منظم,2025-04-20,2006663
telegram,Captains_saudi,نقل,اوبر مادري كيف يفكرون جاني مشوار والطرق كلها مقفله,2025-04-20,2006665
telegram,CreemUber,نقل,اوبر زود على نسبة الالغاء وانا ما قدرت اوصل للعميل,2025-04-20,2006709
twitter,toYou_couriers,توصيل,امس وصلت طلب والعميل تأخر وراح عليي مكافأة موعد الوصول,2025-04-20,2006721
telegram,keeta_couriers,توصيل,واحد طالب ٣ ماء من كودو المهم يرسل يقول كنسل,2025-04-20,2006732
telegram,jahez_couriers,توصيل,المخالفين موصلين ٣٠٠ وشوي الشهر اللي فات انا بقوة وصلت ٢٩٠,2025-04-20,2006787
twitter,mrsool_delivery,توصيل,والله كيتا صار يضحك علينا الطلبات وصلت الى ٦ ريال,2025-04-20,2006792
telegram,delivery_ksa,توصيل,ذا شيفز الطلبات كثيرة بس المنطقة محدودة حتى الآن,2025-04-20,2006801
twitter,delivery_ksa,توصيل,الاسعار اختلفت بعد كثرة المنافسين ودخول كيتا بالاخص,2025-04-20,2006824
telegram,keeta_couriers,توصيل,مشكلة الباكدج الكبير ما يناسب الدراجة,2025-04-20,2006861
telegram,mrsool_delivery,توصيل,واحد طالب ٣ ماء من كودو المهم يرسل يقول كنسل,2025-04-20,2006865
twitter,HungerStation_drivers,توصيل,كيتا الحين يقولك توصل الطلب وعشان تبلغ تأخير المطعم تنتظر,2025-04-20,2006895
twitter,jahez_couriers,توصيل,مرسول شغال زي لوز ما عده كيتا,2025-04-20,2006900
telegram,keeta_couriers,توصيل,الطلبات في رمضان تجنن ٣ أضعاف العادي,2025-04-20,2006939
telegram,keeta_couriers,توصيل,هنقرستيشن يقولك رجع الطلب سوبر ماركت هنقرستيشن,2025-04-20,2006942
telegram,keeta_couriers,توصيل,جدة من ٥ ايام ما في طلبات او طلبين بالكثير ايش المشكلة في كيتا,2025-04-20,2006963
telegram,jahez_couriers,توصيل,رحت محل اكل هندي وجبت طلب وشوربة واقعة جاني خصم ٥٠ ريال,2025-04-20,2006974
twitter,freelancers_ksa,عمل_حر,الفريلانس في السعودية بدأ ينمو بشكل كبير,2025-04-20,2007107
telegram,wasselni_drivers,نقل,أوبر أفضل من بولت في توزيع الرحلات عندي,2025-04-21,2006480
telegram,kayan_ksa,نقل,السائقين الأجانب يزاحمون على الرحلات في كريم,2025-04-21,2006509
telegram,kayan_ksa,نقل,بولت نسبة عالية خير ياطير اذا عوضنا,2025-04-21,2006510
telegram,wasselni_drivers,نقل,نبي نظام تأمين صحي للسائقين مثل الموظفين,2025-04-21,2006517
telegram,kayan_ksa,نقل,أحسن أوقات الشغل الفطور والغداء والذروة المسائية,2025-04-21,2006525
telegram,jeeny_ksa,نقل,ما يستاهل لا تعب ولا وقت المشوار بعيد والربح ضعيف,2025-04-21,2006579
telegram,uber_ksa_drivers,نقل,ذروة ب كاش مع نسبتهم تشوفه مبلغ كويس بس يجيك بمشوار واحد بطاقة,2025-04-21,2006624
telegram,kayan_ksa,نقل,جيني وصليني الاسعار خايسه جدا يعني الكيلو اقل من ريال,2025-04-21,2006704
twitter,jahez_couriers,توصيل,ياشباب امس المغرب حولت مبلغ من كيتا ولحد الان ما وصلت,2025-04-21,2006740
twitter,mrsool_delivery,توصيل,جدة من ٥ ايام ما في طلبات او طلبين بالكثير ايش المشكلة في كيتا,2025-04-21,2006772
telegram,toYou_couriers,توصيل,كيتا يلعبون على المندوب عشان يخصمون مكافأة التوصيل في الوقت,2025-04-21,2006882
twitter,keeta_couriers,توصيل,مو محل وموظفين اغبياء هم الغلطانين مو المندوب,2025-04-21,2006902
telegram,HungerStation_drivers,توصيل,والله اذا موترك ينفع في النقل الموجه افضل بمليون مرة,2025-04-21,2006933
telegram,toYou_couriers,توصيل,الحين ١٤ طلب في كيتا وما طلعت ٢٠ ريال,2025-04-21,2006961
telegram,mrsool_delivery,توصيل,يعطيكم العافيه يا شباب حولت مبلغ من كيتا ولحد الان ما وصلت,2025-04-21,2006973
twitter,toYou_couriers,توصيل,مو محل وموظفين اغبياء هم الغلطانين مو المندوب,2025-04-21,2006989
telegram,thechefs_ksa,توصيل,الدراجة تعطلت اليوم وخسرت شغل,2025-04-21,2007007
telegram,thechefs_ksa,توصيل,ذا شيفز تعاملهم مع المناديب أحسن من كيتا,2025-04-21,2007011
twitter,khamsat_ar,عمل_حر,نبي حماية للفريلانسر من الزبون اللي ما يدفع,2025-04-21,2007053
twitter,mostaql_workers,عمل_حر,التسويق الرقمي من أكثر التخصصات طلباً,2025-04-21,2007067
telegram,khamsat_ar,عمل_حر,أكملت مشروع تصميم بـ ٨٠٠ ريال في مستقل,2025-04-21,2007068
twitter,mostaql_workers,عمل_حر,كيف أحسن بروفايلي في مستقل وأحصل على عملاء,2025-04-21,2007070
telegram,mostaql_workers,عمل_حر,الفريلانس في السعودية بدأ ينمو بشكل كبير,2025-04-21,2007122
twitter,mostaql_workers,عمل_حر,التسويق الرقمي من أكثر التخصصات طلباً,2025-04-21,2007128
telegram,uber_ksa_drivers,نقل,اذا الوقت زاد ٨ دقايق وفوق ماافكهم غير مسويلي تعويض,2025-04-22,2006487
telegram,jeeny_ksa,نقل,ودي اشتغل ف بولت بجانب اوبر ممكن؟,2025-04-22,2006492
twitter,careem_drivers_sa,نقل,بولت نسبة عالية خير ياطير اذا عوضنا,2025-04-22,2006503
telegram,careem_drivers_sa,نقل,جربت كابتن في جيني وجيت الرياض والشغل مثل الشرقية,2025-04-22,2006516
telegram,careem_drivers_sa,نقل,كيان التطبيق جديد بس الطلبات وايد خير من اوبر,2025-04-22,2006521
telegram,Captains_saudi,نقل,كم متوسط دخل الكابتن في الرياض شهريًا حاليًا,2025-04-22,2006588
telegram,Captains_saudi,نقل,اوبر مادري كيف يفكرون جاني مشوار والطرق كلها مقفله,2025-04-22,2006600
telegram,Captains_saudi,نقل,اليوم الأوردرات كانت ممتازة والبخشيش زين الحمد لله,2025-04-22,2006634
telegram,السائقين_السعوديين,نقل,متوسط دخلي اليوم ١٨٠ ريال بعد البنزين,2025-04-22,2006676
twitter,uber_ksa_drivers,نقل,كيان التطبيق جديد بس الطلبات وايد خير من اوبر,2025-04-22,2006680
telegram,bolt_drivers_ksa,نقل,السائقين الأجانب يزاحمون على الرحلات في كريم,2025-04-22,2006693
telegram,keeta_couriers,توصيل,ياشباب امس المغرب حولت مبلغ من كيتا ولحد الان ما وصلت,2025-04-22,2006720
twitter,delivery_ksa,توصيل,يعطيكم العافيه يا شباب حولت مبلغ من كيتا ولحد الان ما وصلت,2025-04-22,2006727
telegram,mrsool_delivery,توصيل,كيتا يلعبون على المندوب عشان يخصمون مكافأة التوصيل في الوقت,2025-04-22,2006739
telegram,HungerStation_drivers,توصيل,طلب وصل بارد لأن المطعم تأخر وراحت التقييم,2025-04-22,2006789
telegram,keeta_couriers,توصيل,ياخوان الطلبات وقفت عندي من ساعة م جاني ولا طلب,2025-04-22,2006807
telegram,mrsool_delivery,توصيل,الدراجة تعطلت اليوم وخسرت شغل,2025-04-22,2006827
telegram,keeta_couriers,توصيل,الاسعار اختلفت بعد كثرة المنافسين ودخول كيتا بالاخص,2025-04-22,2006844
telegram,thechefs_ksa,توصيل,مو محل وموظفين اغبياء هم الغلطانين مو المندوب,2025-04-22,2006878
telegram,jahez_couriers,توصيل,يعطيكم العافيه يا شباب حولت مبلغ من كيتا ولحد الان ما وصلت,2025-04-22,2006951
telegram,thechefs_ksa,توصيل,وصلت ٢٠٠ طلب هذا الشهر الحمد لله,2025-04-22,2006957
telegram,thechefs_ksa,توصيل,مشكلة الباكدج الكبير ما يناسب الدراجة,2025-04-22,2006979
telegram,khamsat_ar,عمل_حر,الزبون ما دفع بعد تسليم العمل كيف أتصرف,2025-04-22,2007100
telegram,khamsat_ar,عمل_حر,دخلي من البرمجة هذا الشهر ٧٠٠٠ ريال,2025-04-22,2007108
twitter,mostaql_workers,عمل_حر,دخلي من البرمجة هذا الشهر ٧٠٠٠ ريال,2025-04-22,2007109
telegram,khamsat_ar,عمل_حر,دخلي من البرمجة هذا الشهر ٧٠٠٠ ريال,2025-04-22,2007143
twitter,careem_drivers_sa,نقل,السائق هو الي يتعب ولابد تكون نسبة اوبر لها حد اعلى ٢٠ ريال,2025-04-23,2006662
twitter,Captains_saudi,نقل,السكوت ماراح ينفع خلونا نتحرك بشكل منظم,2025-04-23,2006670
twitter,bolt_drivers_ksa,نقل,نبي نظام تأمين صحي للسائقين مثل الموظفين,2025-04-23,2006694
telegram,mrsool_delivery,توصيل,امس السحور ٩ ريال و ١٠ ريال من كيتا ليش ولا حق التعب,2025-04-23,2006737
twitter,jahez_couriers,توصيل,الطلبات الليلية تساوي ضعف النهارية في كيتا,2025-04-23,2006769
telegram,toYou_couriers,توصيل,الدراجة تعطلت اليوم وخسرت شغل,2025-04-23,2006850
telegram,jahez_couriers,توصيل,المخالفين موصلين ٣٠٠ وشوي الشهر اللي فات انا بقوة وصلت ٢٩٠,2025-04-23,2006893
telegram,delivery_ksa,توصيل,كنت اشتغل مرسول زمان اطلع ٢٠٠ في اليوم على ٨ طلبات,2025-04-23,2006931
telegram,delivery_ksa,توصيل,جدة من ٥ ايام ما في طلبات او طلبين بالكثير ايش المشكلة في كيتا,2025-04-23,2006976
telegram,thechefs_ksa,توصيل,الطلبات في رمضان تجنن ٣ أضعاف العادي,2025-04-23,2006991
twitter,mostaql_workers,عمل_حر,الفريلانس في السعودية بدأ ينمو بشكل كبير,2025-04-23,2007043
telegram,mostaql_workers,عمل_حر,بدأت فريلانس من بيتي والدخل تحسن الحمد لله,2025-04-23,2007084
twitter,freelancers_ksa,عمل_حر,نبي حماية للفريلانسر من الزبون اللي ما يدفع,2025-04-23,2007141
telegram,freelancers_ksa,عمل_حر,مشروع ترجمة بكم تقدر تقدم,2025-04-23,2007146
twitter,careem_drivers_sa,نقل,الزحمة في الرياض قاتلة والأرباح نازلة,2025-04-24,2006498
telegram,careem_drivers_sa,نقل,الذروة في كريم حمراء والطلبات ورا بعض بالمدينة,2025-04-24,2006499
telegram,kayan_ksa,نقل,متوسط دخلي اليوم ١٨٠ ريال بعد البنزين,2025-04-24,2006536
telegram,uber_ksa_drivers,نقل,كيان التطبيق جديد بس الطلبات وايد خير من اوبر,2025-04-24,2006538
telegram,bolt_drivers_ksa,نقل,والله زمان كان فيها خير اما الان مو المستفيد الا التطبيق,2025-04-24,2006539
twitter,jeeny_ksa,نقل,جيني وصليني الاسعار خايسه جدا يعني الكيلو اقل من ريال,2025-04-24,2006551
telegram,jeeny_ksa,نقل,من اشوف مشوار مو مناسب على طول ارفضه,2025-04-24,2006568
telegram,uber_ksa_drivers,نقل,أحسن أوقات الشغل الفطور والغداء والذروة المسائية,2025-04-24,2006598
telegram,uber_ksa_drivers,نقل,السائق هو الي يتعب ولابد تكون نسبة اوبر لها حد اعلى ٢٠ ريال,2025-04-24,2006625
twitter,jeeny_ksa,نقل,والله زمان كان فيها خير اما الان مو المستفيد الا التطبيق,2025-04-24,2006696
telegram,delivery_ksa,توصيل,مشوار ابو ٢٠ زمان في كيتا الحين ب٩,2025-04-24,2006724
telegram,mrsool_delivery,توصيل,كنت اشتغل مرسول زمان اطلع ٢٠٠ في اليوم على ٨ طلبات,2025-04-24,2006813
telegram,keeta_couriers,توصيل,ياخوان الطلبات وقفت عندي من ساعة م جاني ولا طلب,2025-04-24,2006856
telegram,mrsool_delivery,توصيل,مشوار ابو ٢٠ زمان في كيتا الحين ب٩,2025-04-24,2006914
telegram,HungerStation_drivers,توصيل,الحين ١٤ طلب في كيتا وما طلعت ٢٠ ريال,2025-04-24,2006925
telegram,thechefs_ksa,توصيل,يعطيكم العافيه يا شباب حولت مبلغ من كيتا ولحد الان ما وصلت,2025-04-24,2006941
telegram,mrsool_delivery,توصيل,سلام وصلت طلب وسلمته للعميل بيدي وبعد نص ساعة خصموا قيمة الطلب,2025-04-24,2007022
telegram,keeta_couriers,توصيل,واحد طالب ٣ ماء من كودو المهم يرسل يقول كنسل,2025-04-24,2007029
twitter,khamsat_ar,عمل_حر,التسويق الرقمي من أكثر التخصصات طلباً,2025-04-24,2007064
twitter,mostaql_workers,عمل_حر,كيف أحسن بروفايلي في مستقل وأحصل على عملاء,2025-04-24,2007075
telegram,khamsat_ar,عمل_حر,بدأت فريلانس من بيتي والدخل تحسن الحمد لله,2025-04-24,2007113
telegram,freelancers_ksa,عمل_حر,upwork أو مستقل أيهما أفضل للسعوديين,2025-04-24,2007124
twitter,mostaql_workers,عمل_حر,الزبون ما دفع بعد تسليم العمل كيف أتصرف,2025-04-24,2007125
twitter,mostaql_workers,عمل_حر,دخلي من البرمجة هذا الشهر ٧٠٠٠ ريال,2025-04-24,2007137
twitter,CreemUber,نقل,التامين على السيارة غالي علينا الشركات مو مهتمة,2025-04-25,2006494
telegram,wasselni_drivers,نقل,جيني بدأ ينافس لكن ما زال الطلبات أقل,2025-04-25,2006560
telegram,uber_ksa_drivers,نقل,نسبة اوبر في مشوار المطار وصلت ٧٥٪ اخذ من الزبون ٥٩ ريال عطاني ١٢ فقط,2025-04-25,2006586
telegram,wasselni_drivers,نقل,نسبة اوبر في مشوار المطار وصلت ٧٥٪ اخذ من الزبون ٥٩ ريال عطاني ١٢ فقط,2025-04-25,2006605
twitter,السائقين_السعوديين,نقل,الزحمة في الرياض قاتلة والأرباح نازلة,2025-04-25,2006621
telegram,careem_drivers_sa,نقل,ما يستاهل لا تعب ولا وقت المشوار بعيد والربح ضعيف,2025-04-25,2006644
telegram,careem_drivers_sa,نقل,من حقك ترفض خدمته سيارتك وترفع بلاغ,2025-04-25,2006650
twitter,bolt_drivers_ksa,نقل,أحسن أوقات الشغل الفطور والغداء والذروة المسائية,2025-04-25,2006666
telegram,wasselni_drivers,نقل,الذروة في كريم حمراء والطلبات ورا بعض بالمدينة,2025-04-25,2006698
telegram,toYou_couriers,توصيل,طلب وصل بارد لأن المطعم تأخر وراحت التقييم,2025-04-25,2006711
telegram,thechefs_ksa,توصيل,كيتا الحين يقولك توصل الطلب وعشان تبلغ تأخير المطعم تنتظر,2025-04-25,2006771
telegram,toYou_couriers,توصيل,واحد طالب ٣ ماء من كودو المهم يرسل يقول كنسل,2025-04-25,2006818
telegram,HungerStation_drivers,توصيل,مرسول رقم واحد بالتعويض يقولك توصل موقع العميل كلمنا,2025-04-25,2006839
telegram,jahez_couriers,توصيل,ياشباب امس المغرب حولت مبلغ من كيتا ولحد الان ما وصلت,2025-04-25,2006860
twitter,thechefs_ksa,توصيل,يعطيكم العافيه يا شباب حولت مبلغ من كيتا ولحد الان ما وصلت,2025-04-25,2006868
telegram,mrsool_delivery,توصيل,ذا شيفز الطلبات كثيرة بس المنطقة محدودة حتى الآن,2025-04-25,2006911
telegram,thechefs_ksa,توصيل,مو محل وموظفين اغبياء هم الغلطانين مو المندوب,2025-04-25,2006919
telegram,mrsool_delivery,توصيل,يعطيكم العافيه يا شباب حولت مبلغ من كيتا ولحد الان ما وصلت,2025-04-25,2007016
telegram,mostaql_workers,عمل_حر,منصة خمسات أفضل للمبتدئين في العمل الحر,2025-04-25,2007050
twitter,freelancers_ksa,عمل_حر,upwork أو مستقل أيهما أفضل للسعوديين,2025-04-25,2007114
telegram,mostaql_workers,عمل_حر,منصة خمسات أفضل للمبتدئين في العمل الحر,2025-04-25,2007135
telegram,freelancers_ksa,عمل_حر,التسويق الرقمي من أكثر التخصصات طلباً,2025-04-25,2007156
telegram,freelancers_ksa,عمل_حر,دخلي من البرمجة هذا الشهر ٧٠٠٠ ريال,2025-04-25,2007161
telegram,CreemUber,نقل,جيني وصليني الاسعار خايسه جدا يعني الكيلو اقل من ريال,2025-04-26,2006523
telegram,CreemUber,نقل,اقل شي ٤٥٠ واعلى شي ٥٥٠ خلال ١٢ ساعة على اوبر,2025-04-26,2006541
telegram,السائقين_السعوديين,نقل,إلى متى يا اوبر نسبة عالية وفوق هذا تسعيرة زي وجهك,2025-04-26,2006550
telegram,Captains_saudi,نقل,أوبر أفضل من بولت في توزيع الرحلات عندي,2025-04-26,2006554
telegram,kayan_ksa,نقل,وصلت واحد المطار وكان مصري وحك الصدام من السيارة,2025-04-26,2006565
twitter,jeeny_ksa,نقل,جربت كابتن في جيني وجيت الرياض والشغل مثل الشرقية,2025-04-26,2006660
telegram,kayan_ksa,نقل,ذروة ب كاش مع نسبتهم تشوفه مبلغ كويس بس يجيك بمشوار واحد بطاقة,2025-04-26,2006677
telegram,HungerStation_drivers,توصيل,توصيل في الأمطار خطر بدون مكافأة من التطبيق,2025-04-26,2006741
telegram,HungerStation_drivers,توصيل,مشوار ابو ٢٠ زمان في كيتا الحين ب٩,2025-04-26,2006781
telegram,jahez_couriers,توصيل,مرسول رقم واحد بالتعويض يقولك توصل موقع العميل كلمنا,2025-04-26,2006793
telegram,jahez_couriers,توصيل,مو محل وموظفين اغبياء هم الغلطانين مو المندوب,2025-04-26,2006816
telegram,delivery_ksa,توصيل,كيتا الحين يقولك توصل الطلب وعشان تبلغ تأخير المطعم تنتظر,2025-04-26,2006822
telegram,delivery_ksa,توصيل,المخالفين موصلين ٣٠٠ وشوي الشهر اللي فات انا بقوة وصلت ٢٩٠,2025-04-26,2006836
telegram,jahez_couriers,توصيل,مرسول فتح تسجيل جديد للموصلين هذا الأسبوع,2025-04-26,2006866
telegram,toYou_couriers,توصيل,خدمة العملاء في كيتا ما تفيد تقريباً,2025-04-26,2006952
telegram,HungerStation_drivers,توصيل,الطلبات الليلية تساوي ضعف النهارية في كيتا,2025-04-26,2006967
twitter,keeta_couriers,توصيل,مرسول شغال زي لوز ما عده كيتا,2025-04-26,2007027
twitter,mostaql_workers,عمل_حر,upwork أو مستقل أيهما أفضل للسعوديين,2025-04-26,2007041
telegram,freelancers_ksa,عمل_حر,الزبون ما دفع بعد تسليم العمل كيف أتصرف,2025-04-26,2007044
telegram,khamsat_ar,عمل_حر,ضريبة القيمة المضافة على الفريلانس كيف تشتغل,2025-04-26,2007077
twitter,freelancers_ksa,عمل_حر,مشروع ترجمة بكم تقدر تقدم,2025-04-26,2007089
twitter,mostaql_workers,عمل_حر,كيف أحسن بروفايلي في مستقل وأحصل على عملاء,2025-04-26,2007106
telegram,freelancers_ksa,عمل_حر,بدأت فريلانس من بيتي والدخل تحسن الحمد لله,2025-04-26,2007163
telegram,jeeny_ksa,نقل,اذا الوقت زاد ٨ دقايق وفوق ماافكهم غير مسويلي تعويض,2025-04-27,2006609
telegram,السائقين_السعوديين,نقل,نبي نظام تأمين صحي للسائقين مثل الموظفين,2025-04-27,2006668
telegram,CreemUber,نقل,الزحمة في الرياض قاتلة والأرباح نازلة,2025-04-27,2006686
telegram,Captains_saudi,نقل,أوبر أفضل من بولت في توزيع الرحلات عندي,2025-04-27,2006702
telegram,keeta_couriers,توصيل,مانبي نقطع رزق احد بس والله غبنه توقف عند المطاعم وتنتظر,2025-04-27,2006723
twitter,thechefs_ksa,توصيل,الاسعار اختلفت بعد كثرة المنافسين ودخول كيتا بالاخص,2025-04-27,2006729
twitter,keeta_couriers,توصيل,ياخوان الطلبات وقفت عندي من ساعة م جاني ولا طلب,2025-04-27,2006734
telegram,keeta_couriers,توصيل,ذا شيفز الطلبات كثيرة بس المنطقة محدودة حتى الآن,2025-04-27,2006748
twitter,delivery_ksa,توصيل,طلب وصل بارد لأن المطعم تأخر وراحت التقييم,2025-04-27,2006788
telegram,thechefs_ksa,توصيل,المندوب المخالف يأكل حرام رزق شخص نظامي,2025-04-27,2006790
telegram,jahez_couriers,توصيل,هنجرستين وكيتا حاليًا جاهز ومرسول وذا شيفز بس اقل في الطلبات,2025-04-27,2006871
telegram,keeta_couriers,توصيل,امس وصلت طلب والعميل تأخر وراح عليي مكافأة موعد الوصول,2025-04-27,2006879
telegram,toYou_couriers,توصيل,مشوار ابو ٢٠ زمان في كيتا الحين ب٩,2025-04-27,2006891
telegram,HungerStation_drivers,توصيل,واحد طالب ٣ ماء من كودو المهم يرسل يقول كنسل,2025-04-27,2006898
telegram,mrsool_delivery,توصيل,توصيل في الأمطار خطر بدون مكافأة من التطبيق,2025-04-27,2006990
telegram,keeta_couriers,توصيل,والله كيتا صار يضحك علينا الطلبات وصلت الى ٦ ريال,2025-04-27,2007018
telegram,HungerStation_drivers,توصيل,كنت اشتغل مرسول زمان اطلع ٢٠٠ في اليوم على ٨ طلبات,2025-04-27,2007031
telegram,mostaql_workers,عمل_حر,الزبون ما دفع بعد تسليم العمل كيف أتصرف,2025-04-27,2007091
twitter,khamsat_ar,عمل_حر,كيف أحسن بروفايلي في مستقل وأحصل على عملاء,2025-04-27,2007154
telegram,wasselni_drivers,نقل,اليوم الأوردرات كانت ممتازة والبخشيش زين الحمد لله,2025-04-28,2006572
twitter,Captains_saudi,نقل,رفضت رحلة بعيدة وخسرت bonus الاسبوع,2025-04-28,2006576
twitter,السائقين_السعوديين,نقل,السكوت ماراح ينفع خلونا نتحرك بشكل منظم,2025-04-28,2006583
telegram,uber_ksa_drivers,نقل,بعدها على بولت خلال ٦ ساعات ٢٠٠ ريال خلال ١٦ ساعة ٧٠٠ ريال ثابتة,2025-04-28,2006596
telegram,kayan_ksa,نقل,نبي نظام تأمين صحي للسائقين مثل الموظفين,2025-04-28,2006643
telegram,CreemUber,نقل,اليوم الأوردرات كانت ممتازة والبخشيش زين الحمد لله,2025-04-28,2006679
telegram,uber_ksa_drivers,نقل,رفضت رحلة بعيدة وخسرت bonus الاسبوع,2025-04-28,2006681
telegram,bolt_drivers_ksa,نقل,ودي اشتغل ف بولت بجانب اوبر ممكن؟,2025-04-28,2006683
telegram,jeeny_ksa,نقل,أوبر أفضل من بولت في توزيع الرحلات عندي,2025-04-28,2006685
telegram,bolt_drivers_ksa,نقل,وصليني مافيه طلبات كافية في منطقتي,2025-04-28,2006691
twitter,keeta_couriers,توصيل,كيتا الحين يقولك توصل الطلب وعشان تبلغ تأخير المطعم تنتظر,2025-04-28,2006736
telegram,thechefs_ksa,توصيل,هنجرستين وكيتا حاليًا جاهز ومرسول وذا شيفز بس اقل في الطلبات,2025-04-28,2006752
telegram,toYou_couriers,توصيل,والله كيتا صار يضحك علينا الطلبات وصلت الى ٦ ريال,2025-04-28,2006764
telegram,toYou_couriers,توصيل,جاهز أحسن من مرسول في التوزيع والسعر,2025-04-28,2006767
telegram,toYou_couriers,توصيل,مانبي نقطع رزق احد بس والله غبنه توقف عند المطاعم وتنتظر,2025-04-28,2006778
telegram,jahez_couriers,توصيل,والله كيتا صار يضحك علينا الطلبات وصلت الى ٦ ريال,2025-04-28,2006798
telegram,HungerStation_drivers,توصيل,خدمة العملاء في كيتا ما تفيد تقريباً,2025-04-28,2006817
telegram,jahez_couriers,توصيل,ذا شيفز تعاملهم مع المناديب أحسن من كيتا,2025-04-28,2006859
telegram,mrsool_delivery,توصيل,مرسول فتح تسجيل جديد للموصلين هذا الأسبوع,2025-04-28,2006899
telegram,jahez_couriers,توصيل,مانبي نقطع رزق احد بس والله غبنه توقف عند المطاعم وتنتظر,2025-04-28,2006917
telegram,HungerStation_drivers,توصيل,ياشباب امس المغرب حولت مبلغ من كيتا ولحد الان ما وصلت,2025-04-28,2006921
twitter,HungerStation_drivers,توصيل,الطلبات في رمضان تجنن ٣ أضعاف العادي,2025-04-28,2006948
telegram,delivery_ksa,توصيل,كيتا يلعبون على المندوب عشان يخصمون مكافأة التوصيل في الوقت,2025-04-28,2006953
telegram,keeta_couriers,توصيل,جاهز أحسن من مرسول في التوزيع والسعر,2025-04-28,2006955
telegram,thechefs_ksa,توصيل,رحت محل اكل هندي وجبت طلب وشوربة واقعة جاني خصم ٥٠ ريال,2025-04-28,2007020
telegram,mostaql_workers,عمل_حر,نبي حماية للفريلانسر من الزبون اللي ما يدفع,2025-04-28,2007060
telegram,mostaql_workers,عمل_حر,أكملت مشروع تصميم بـ ٨٠٠ ريال في مستقل,2025-04-28,2007074
telegram,khamsat_ar,عمل_حر,أكملت مشروع تصميم بـ ٨٠٠ ريال في مستقل,2025-04-28,2007155
telegram,uber_ksa_drivers,نقل,ما يستاهل لا تعب ولا وقت المشوار بعيد والربح ضعيف,2025-04-29,2006470
telegram,bolt_drivers_ksa,نقل,جيني بدأ ينافس لكن ما زال الطلبات أقل,2025-04-29,2006482
telegram,jeeny_ksa,نقل,الزحمة في الرياض قاتلة والأرباح نازلة,2025-04-29,2006508
telegram,jeeny_ksa,نقل,من اشوف مشوار مو مناسب على طول ارفضه,2025-04-29,2006513
twitter,bolt_drivers_ksa,نقل,بولت انا مااوثق في اي زبون يقولي بحولك مابحولك,2025-04-29,2006570
telegram,CreemUber,نقل,أحسن أوقات الشغل الفطور والغداء والذروة المسائية,2025-04-29,2006591
telegram,careem_drivers_sa,نقل,كيان وصليني تطبيقات واعدة بس تحتاج وقت,2025-04-29,2006595
telegram,wasselni_drivers,نقل,السائقين الأجانب يزاحمون على الرحلات في كريم,2025-04-29,2006601
telegram,kayan_ksa,نقل,بولت نسبة عالية خير ياطير اذا عوضنا,2025-04-29,2006606
twitter,uber_ksa_drivers,نقل,التامين على السيارة غالي علينا الشركات مو مهتمة,2025-04-29,2006619
telegram,uber_ksa_drivers,نقل,متوسط دخلي اليوم ١٨٠ ريال بعد البنزين,2025-04-29,2006626
telegram,bolt_drivers_ksa,نقل,السائق هو الي يتعب ولابد تكون نسبة اوبر لها حد اعلى ٢٠ ريال,2025-04-29,2006636
twitter,uber_ksa_drivers,نقل,اقل شي ٤٥٠ واعلى شي ٥٥٠ خلال ١٢ ساعة على اوبر,2025-04-29,2006639
telegram,السائقين_السعوديين,نقل,اقل شي ٤٥٠ واعلى شي ٥٥٠ خلال ١٢ ساعة على اوبر,2025-04-29,2006690
telegram,toYou_couriers,توصيل,سلام وصلت طلب وسلمته للعميل بيدي وبعد نص ساعة خصموا قيمة الطلب,2025-04-29,2006719
telegram,delivery_ksa,توصيل,توصيل في الأمطار خطر بدون مكافأة من التطبيق,2025-04-29,2006753
telegram,toYou_couriers,توصيل,كيتا الحين يقولك توصل الطلب وعشان تبلغ تأخير المطعم تنتظر,2025-04-29,2006773
telegram,HungerStation_drivers,توصيل,وصلت طلبات وطلعت ب١١٠ ريال لكن ليش ما اتضافت للسحب,2025-04-29,2006784
telegram,mrsool_delivery,توصيل,امس وصلت طلب والعميل تأخر وراح عليي مكافأة موعد الوصول,2025-04-29,2006901
telegram,delivery_ksa,توصيل,الدراجة تعطلت اليوم وخسرت شغل,2025-04-29,2006904
telegram,HungerStation_drivers,توصيل,الاسعار اختلفت بعد كثرة المنافسين ودخول كيتا بالاخص,2025-04-29,2006910
telegram,keeta_couriers,توصيل,الطلبات الليلية تساوي ضعف النهارية في كيتا,2025-04-29,2007009
twitter,mostaql_workers,عمل_حر,كيف أحسن بروفايلي في مستقل وأحصل على عملاء,2025-04-29,2007038
telegram,freelancers_ksa,عمل_حر,الزبون ما دفع بعد تسليم العمل كيف أتصرف,2025-04-29,2007056
twitter,khamsat_ar,عمل_حر,مشروع ترجمة بكم تقدر تقدم,2025-04-29,2007092
telegram,freelancers_ksa,عمل_حر,الفريلانس في السعودية بدأ ينمو بشكل كبير,2025-04-29,2007098
twitter,freelancers_ksa,عمل_حر,كيف أحسن بروفايلي في مستقل وأحصل على عملاء,2025-04-29,2007131
twitter,السائقين_السعوديين,نقل,اوبر مادري كيف يفكرون جاني مشوار والطرق كلها مقفله,2025-04-30,2006471
telegram,CreemUber,نقل,وصلت واحد المطار وكان مصري وحك الصدام من السيارة,2025-04-30,2006506
telegram,wasselni_drivers,نقل,أحسن أوقات الشغل الفطور والغداء والذروة المسائية,2025-04-30,2006531
twitter,careem_drivers_sa,نقل,كم متوسط دخل الكابتن في الرياض شهريًا حاليًا,2025-04-30,2006544
telegram,jeeny_ksa,نقل,السائق هو الي يتعب ولابد تكون نسبة اوبر لها حد اعلى ٢٠ ريال,2025-04-30,2006592
telegram,kayan_ksa,نقل,والله زمان كان فيها خير اما الان مو المستفيد الا التطبيق,2025-04-30,2006697
telegram,uber_ksa_drivers,نقل,ذروة ب كاش مع نسبتهم تشوفه مبلغ كويس بس يجيك بمشوار واحد بطاقة,2025-04-30,2006699
twitter,mrsool_delivery,توصيل,وصلت ٢٠٠ طلب هذا الشهر الحمد لله,2025-04-30,2006797
telegram,keeta_couriers,توصيل,ياشباب امس المغرب حولت مبلغ من كيتا ولحد الان ما وصلت,2025-04-30,2006799
twitter,jahez_couriers,توصيل,الطلبات في رمضان تجنن ٣ أضعاف العادي,2025-04-30,2006864
telegram,toYou_couriers,توصيل,مرسول الطلبات فل بس عيبه اطلب اي شي روح بنفسك,2025-04-30,2006881
telegram,toYou_couriers,توصيل,ياخوان الطلبات وقفت عندي من ساعة م جاني ولا طلب,2025-04-30,2006936
twitter,keeta_couriers,توصيل,واحد طالب ٣ ماء من كودو المهم يرسل يقول كنسل,2025-04-30,2006946
telegram,keeta_couriers,توصيل,وصلت ٢٠٠ طلب هذا الشهر الحمد لله,2025-04-30,2006966
telegram,toYou_couriers,توصيل,رحت محل اكل هندي وجبت طلب وشوربة واقعة جاني خصم ٥٠ ريال,2025-04-30,2006994
telegram,khamsat_ar,عمل_حر,مشروع ترجمة بكم تقدر تقدم,2025-04-30,2007138
telegram,freelancers_ksa,عمل_حر,upwork أو مستقل أيهما أفضل للسعوديين,2025-04-30,2007142
telegram,khamsat_ar,عمل_حر,منصة خمسات أفضل للمبتدئين في العمل الحر,2025-04-30,2007158
telegram,khamsat_ar,عمل_حر,ضريبة القيمة المضافة على الفريلانس كيف تشتغل,2025-04-30,2007160
twitter,freelancers_ksa,عمل_حر,التسويق الرقمي من أكثر التخصصات طلباً,2025-04-30,2007162
telegram,السائقين_السعوديين,نقل,اذا الوقت زاد ٨ دقايق وفوق ماافكهم غير مسويلي تعويض,2025-05-01,2005815
telegram,CreemUber,نقل,وصليني مافيه طلبات كافية في منطقتي,2025-05-01,2005816
telegram,kayan_ksa,نقل,جربت كابتن في جيني وجيت الرياض والشغل مثل الشرقية,2025-05-01,2005826
telegram,uber_ksa_drivers,نقل,من اشوف مشوار مو مناسب على طول ارفضه,2025-05-01,2005878
telegram,careem_drivers_sa,نقل,اتمنى الجميع يركز نتحرك بشكل جماعي نرفع شكاوى لوزارة النقل,2025-05-01,2005948
telegram,Captains_saudi,نقل,أحسن أوقات الشغل الفطور والغداء والذروة المسائية,2025-05-01,2005979
telegram,careem_drivers_sa,نقل,كم متوسط دخل الكابتن في الرياض شهريًا حاليًا,2025-05-01,2005991
telegram,CreemUber,نقل,اليوم الأوردرات كانت ممتازة والبخشيش زين الحمد لله,2025-05-01,2006021
telegram,delivery_ksa,توصيل,الطلبات الليلية تساوي ضعف النهارية في كيتا,2025-05-01,2006048
twitter,jahez_couriers,توصيل,جاهز أحسن من مرسول في التوزيع والسعر,2025-05-01,2006053
telegram,toYou_couriers,توصيل,مرسول رقم واحد بالتعويض يقولك توصل موقع العميل كلمنا,2025-05-01,2006072
telegram,delivery_ksa,توصيل,جدة من ٥ ايام ما في طلبات او طلبين بالكثير ايش المشكلة في كيتا,2025-05-01,2006077
telegram,thechefs_ksa,توصيل,الاسعار اختلفت بعد كثرة المنافسين ودخول كيتا بالاخص,2025-05-01,2006094
telegram,toYou_couriers,توصيل,هنقرستيشن يقولك رجع الطلب سوبر ماركت هنقرستيشن,2025-05-01,2006121
telegram,jahez_couriers,توصيل,المندوب المخالف يأكل حرام رزق شخص نظامي,2025-05-01,2006175
telegram,toYou_couriers,توصيل,مرسول شغال زي لوز ما عده كيتا,2025-05-01,2006202
telegram,keeta_couriers,توصيل,وصلت ٢٠٠ طلب هذا الشهر الحمد لله,2025-05-01,2006208
telegram,keeta_couriers,توصيل,خدمة العملاء في كيتا ما تفيد تقريباً,2025-05-01,2006217
twitter,jahez_couriers,توصيل,الاسعار اختلفت بعد كثرة المنافسين ودخول كيتا بالاخص,2025-05-01,2006255
telegram,thechefs_ksa,توصيل,ذا شيفز تعاملهم مع المناديب أحسن من كيتا,2025-05-01,2006257
twitter,jahez_couriers,توصيل,الدراجة تعطلت اليوم وخسرت شغل,2025-05-01,2006270
telegram,jahez_couriers,توصيل,خدمة العملاء في كيتا ما تفيد تقريباً,2025-05-01,2006334
telegram,khamsat_ar,عمل_حر,دخلي من البرمجة هذا الشهر ٧٠٠٠ ريال,2025-05-01,2006418
twitter,mostaql_workers,عمل_حر,upwork أو مستقل أيهما أفضل للسعوديين,2025-05-01,2006422
twitter,uber_ksa_drivers,نقل,بولت انا مااوثق في اي زبون يقولي بحولك مابحولك,2025-05-02,2005807
telegram,uber_ksa_drivers,نقل,عميل تقييمه منخفض لا تاخذ مرة,2025-05-02,2005886
telegram,السائقين_السعوديين,نقل,التامين على السيارة غالي علينا الشركات مو مهتمة,2025-05-02,2005904
twitter,wasselni_drivers,نقل,بولت نسبة عالية خير ياطير اذا عوضنا,2025-05-02,2005908
telegram,السائقين_السعوديين,نقل,جيني بدأ ينافس لكن ما زال الطلبات أقل,2025-05-02,2005921
telegram,uber_ksa_drivers,نقل,اوبر مادري كيف يفكرون جاني مشوار والطرق كلها مقفله,2025-05-02,2005929
telegram,Captains_saudi,نقل,وصليني مافيه طلبات كافية في منطقتي,2025-05-02,2005949
twitter,Captains_saudi,نقل,رفضت رحلة بعيدة وخسرت bonus الاسبوع,2025-05-02,2005960
telegram,Captains_saudi,نقل,من حقك ترفض خدمته سيارتك وترفع بلاغ,2025-05-02,2005961
twitter,wasselni_drivers,نقل,العمل في المطارات أحسن من الشوارع الربح افضل,2025-05-02,2005987
twitter,Captains_saudi,نقل,إلى متى يا اوبر نسبة عالية وفوق هذا تسعيرة زي وجهك,2025-05-02,2006022
telegram,keeta_couriers,توصيل,ذا شيفز الطلبات كثيرة بس المنطقة محدودة حتى الآن,2025-05-02,2006052
telegram,HungerStation_drivers,توصيل,وصلت طلبات وطلعت ب١١٠ ريال لكن ليش ما اتضافت للسحب,2025-05-02,2006081
telegram,mrsool_delivery,توصيل,ذا شيفز تعاملهم مع المناديب أحسن من كيتا,2025-05-02,2006102
telegram,delivery_ksa,توصيل,مرسول رقم واحد بالتعويض يقولك توصل موقع العميل كلمنا,2025-05-02,2006105
telegram,jahez_couriers,توصيل,الاسعار اختلفت بعد كثرة المنافسين ودخول كيتا بالاخص,2025-05-02,2006161
telegram,keeta_couriers,توصيل,هنقرستيشن يقولك رجع الطلب سوبر ماركت هنقرستيشن,2025-05-02,2006180
telegram,toYou_couriers,توصيل,مو محل وموظفين اغبياء هم الغلطانين مو المندوب,2025-05-02,2006195
telegram,mrsool_delivery,توصيل,الدراجة تعطلت اليوم وخسرت شغل,2025-05-02,2006309
telegram,HungerStation_drivers,توصيل,كيتا الحين يقولك توصل الطلب وعشان تبلغ تأخير المطعم تنتظر,2025-05-02,2006331
telegram,freelancers_ksa,عمل_حر,مشروع ترجمة بكم تقدر تقدم,2025-05-02,2006378
telegram,khamsat_ar,عمل_حر,منصة خمسات أفضل للمبتدئين في العمل الحر,2025-05-02,2006382
telegram,freelancers_ksa,عمل_حر,التسويق الرقمي من أكثر التخصصات طلباً,2025-05-02,2006412
telegram,freelancers_ksa,عمل_حر,منصة خمسات أفضل للمبتدئين في العمل الحر,2025-05-02,2006448
twitter,kayan_ksa,نقل,اوبر زود على نسبة الالغاء وانا ما قدرت اوصل للعميل,2025-05-03,2005839
twitter,jeeny_ksa,نقل,اوبر مادري كيف يفكرون جاني مشوار والطرق كلها مقفله,2025-05-03,2005894
telegram,bolt_drivers_ksa,نقل,كيان وصليني تطبيقات واعدة بس تحتاج وقت,2025-05-03,2005942
telegram,bolt_drivers_ksa,نقل,اوبر زود على نسبة الالغاء وانا ما قدرت اوصل للعميل,2025-05-03,2005967
telegram,jeeny_ksa,نقل,التامين على السيارة غالي علينا الشركات مو مهتمة,2025-05-03,2005974
telegram,السائقين_السعوديين,نقل,جيني بدأ ينافس لكن ما زال الطلبات أقل,2025-05-03,2005984
telegram,Captains_saudi,نقل,أوبر أفضل من بولت في توزيع الرحلات عندي,2025-05-03,2006023
telegram,toYou_couriers,توصيل,مرسول الطلبات فل بس عيبه اطلب اي شي روح بنفسك,2025-05-03,2006047
telegram,mrsool_delivery,توصيل,رحت محل اكل هندي وجبت طلب وشوربة واقعة جاني خصم ٥٠ ريال,2025-05-03,2006056
twitter,mrsool_delivery,توصيل,ياشباب امس المغرب حولت مبلغ من كيتا ولحد الان ما وصلت,2025-05-03,2006060
telegram,thechefs_ksa,توصيل,والله كيتا صار يضحك علينا الطلبات وصلت الى ٦ ريال,2025-05-03,2006188
telegram,thechefs_ksa,توصيل,مرسول فتح تسجيل جديد للموصلين هذا الأسبوع,2025-05-03,2006296
telegram,khamsat_ar,عمل_حر,أكملت مشروع تصميم بـ ٨٠٠ ريال في مستقل,2025-05-03,2006355
telegram,freelancers_ksa,عمل_حر,الزبون ما دفع بعد تسليم العمل كيف أتصرف,2025-05-03,2006364
telegram,freelancers_ksa,عمل_حر,منصة خمسات أفضل للمبتدئين في العمل الحر,2025-05-03,2006367
telegram,khamsat_ar,عمل_حر,كيف أحسن بروفايلي في مستقل وأحصل على عملاء,2025-05-03,2006376
telegram,mostaql_workers,عمل_حر,دخلي من البرمجة هذا الشهر ٧٠٠٠ ريال,2025-05-03,2006377
telegram,mostaql_workers,عمل_حر,الزبائن الخليجيين يدفعون أحسن من العرب,2025-05-03,2006381
twitter,freelancers_ksa,عمل_حر,الزبائن الخليجيين يدفعون أحسن من العرب,2025-05-03,2006386
telegram,khamsat_ar,عمل_حر,مشروع ترجمة بكم تقدر تقدم,2025-05-03,2006417
twitter,freelancers_ksa,عمل_حر,منصة خمسات أفضل للمبتدئين في العمل الحر,2025-05-03,2006425
twitter,freelancers_ksa,عمل_حر,أكملت مشروع تصميم بـ ٨٠٠ ريال في مستقل,2025-05-03,2006464
telegram,uber_ksa_drivers,نقل,نسبة اوبر في مشوار المطار وصلت ٧٥٪ اخذ من الزبون ٥٩ ريال عطاني ١٢ فقط,2025-05-04,2005791
twitter,السائقين_السعوديين,نقل,اليوم الأوردرات كانت ممتازة والبخشيش زين الحمد لله,2025-05-04,2005802
telegram,uber_ksa_drivers,نقل,اليوم الأوردرات كانت ممتازة والبخشيش زين الحمد لله,2025-05-04,2005934
telegram,السائقين_السعوديين,نقل,اليوم الأوردرات كانت ممتازة والبخشيش زين الحمد لله,2025-05-04,2005951
telegram,السائقين_السعوديين,نقل,متوسط دخلي اليوم ١٨٠ ريال بعد البنزين,2025-05-04,2005973
telegram,CreemUber,نقل,نسبة اوبر في مشوار المطار وصلت ٧٥٪ اخذ من الزبون ٥٩ ريال عطاني ١٢ فقط,2025-05-04,2005994
twitter,bolt_drivers_ksa,نقل,وصلت ٥٠ رحلة هذا الأسبوع الحمد لله رب العالمين,2025-05-04,2006004
telegram,delivery_ksa,توصيل,يعطيكم العافيه يا شباب حولت مبلغ من كيتا ولحد الان ما وصلت,2025-05-04,2006086
telegram,mrsool_delivery,توصيل,ذا شيفز تعاملهم مع المناديب أحسن من كيتا,2025-05-04,2006096
telegram,thechefs_ksa,توصيل,الحين ١٤ طلب في كيتا وما طلعت ٢٠ ريال,2025-05-04,2006108
telegram,mrsool_delivery,توصيل,كيتا الحين يقولك توصل الطلب وعشان تبلغ تأخير المطعم تنتظر,2025-05-04,2006235
telegram,toYou_couriers,توصيل,الحين ١٤ طلب في كيتا وما طلعت ٢٠ ريال,2025-05-04,2006280
telegram,HungerStation_drivers,توصيل,مو محل وموظفين اغبياء هم الغلطانين مو المندوب,2025-05-04,2006316
telegram,freelancers_ksa,عمل_حر,الزبائن الخليجيين يدفعون أحسن من العرب,2025-05-04,2006413
twitter,freelancers_ksa,عمل_حر,ضريبة القيمة المضافة على الفريلانس كيف تشتغل,2025-05-04,2006416
telegram,CreemUber,نقل,نسبة اوبر في مشوار المطار وصلت ٧٥٪ اخذ من الزبون ٥٩ ريال عطاني ١٢ فقط,2025-05-05,2005799
telegram,السائقين_السعوديين,نقل,وصلت ٥٠ رحلة هذا الأسبوع الحمد لله رب العالمين,2025-05-05,2005805
telegram,CreemUber,نقل,اوبر زود على نسبة الالغاء وانا ما قدرت اوصل للعميل,2025-05-05,2005818
telegram,jeeny_ksa,نقل,بعدها على بولت خلال ٦ ساعات ٢٠٠ ريال خلال ١٦ ساعة ٧٠٠ ريال ثابتة,2025-05-05,2005873
twitter,bolt_drivers_ksa,نقل,ما يستاهل لا تعب ولا وقت المشوار بعيد والربح ضعيف,2025-05-05,2005890
twitter,careem_drivers_sa,نقل,السائق هو الي يتعب ولابد تكون نسبة اوبر لها حد اعلى ٢٠ ريال,2025-05-05,2005958
telegram,CreemUber,نقل,السائقين الأجانب يزاحمون على الرحلات في كريم,2025-05-05,2006025
twitter,wasselni_drivers,نقل,جيني بدأ ينافس لكن ما زال الطلبات أقل,2025-05-05,2006035
twitter,thechefs_ksa,توصيل,ذا شيفز تعاملهم مع المناديب أحسن من كيتا,2025-05-05,2006068
telegram,HungerStation_drivers,توصيل,امس وصلت طلب والعميل تأخر وراح عليي مكافأة موعد الوصول,2025-05-05,2006079
telegram,delivery_ksa,توصيل,الدراجة تعطلت اليوم وخسرت شغل,2025-05-05,2006122
twitter,mrsool_delivery,توصيل,المندوب المخالف يأكل حرام رزق شخص نظامي,2025-05-05,2006126
telegram,HungerStation_drivers,توصيل,توصيل في الأمطار خطر بدون مكافأة من التطبيق,2025-05-05,2006187
telegram,toYou_couriers,توصيل,ذا شيفز الطلبات كثيرة بس المنطقة محدودة حتى الآن,2025-05-05,2006204
twitter,keeta_couriers,توصيل,هنقرستيشن يقولك رجع الطلب سوبر ماركت هنقرستيشن,2025-05-05,2006206
telegram,HungerStation_drivers,توصيل,الطلبات الليلية تساوي ضعف النهارية في كيتا,2025-05-05,2006285
telegram,HungerStation_drivers,توصيل,امس السحور ٩ ريال و ١٠ ريال من كيتا ليش ولا حق التعب,2025-05-05,2006302
telegram,delivery_ksa,توصيل,كيتا يلعبون على المندوب عشان يخصمون مكافأة التوصيل في الوقت,2025-05-05,2006303
telegram,delivery_ksa,توصيل,مرسول فتح تسجيل جديد للموصلين هذا الأسبوع,2025-05-05,2006330
telegram,freelancers_ksa,عمل_حر,الزبون ما دفع بعد تسليم العمل كيف أتصرف,2025-05-05,2006441
twitter,khamsat_ar,عمل_حر,الفريلانس في السعودية بدأ ينمو بشكل كبير,2025-05-05,2006454
twitter,kayan_ksa,نقل,السائق هو الي يتعب ولابد تكون نسبة اوبر لها حد اعلى ٢٠ ريال,2025-05-06,2005789
telegram,bolt_drivers_ksa,نقل,الذروة في كريم حمراء والطلبات ورا بعض بالمدينة,2025-05-06,2005847
telegram,jeeny_ksa,نقل,كيان وصليني تطبيقات واعدة بس تحتاج وقت,2025-05-06,2005866
telegram,jeeny_ksa,نقل,العمل في المطارات أحسن من الشوارع الربح افضل,2025-05-06,2005879
telegram,uber_ksa_drivers,نقل,ذروة ب كاش مع نسبتهم تشوفه مبلغ كويس بس يجيك بمشوار واحد بطاقة,2025-05-06,2005916
telegram,السائقين_السعوديين,نقل,بولت انا مااوثق في اي زبون يقولي بحولك مابحولك,2025-05-06,2005917
telegram,careem_drivers_sa,نقل,السائق هو الي يتعب ولابد تكون نسبة اوبر لها حد اعلى ٢٠ ريال,2025-05-06,2005982
twitter,toYou_couriers,توصيل,المندوب المخالف يأكل حرام رزق شخص نظامي,2025-05-06,2006054
telegram,keeta_couriers,توصيل,امس السحور ٩ ريال و ١٠ ريال من كيتا ليش ولا حق التعب,2025-05-06,2006184
telegram,keeta_couriers,توصيل,والله كيتا صار يضحك علينا الطلبات وصلت الى ٦ ريال,2025-05-06,2006219
telegram,keeta_couriers,توصيل,مرسول فتح تسجيل جديد للموصلين هذا الأسبوع,2025-05-06,2006227
twitter,jahez_couriers,توصيل,مرسول فتح تسجيل جديد للموصلين هذا الأسبوع,2025-05-06,2006228
twitter,keeta_couriers,توصيل,وصلت ٢٠٠ طلب هذا الشهر الحمد لله,2025-05-06,2006291
telegram,keeta_couriers,توصيل,ذا شيفز يدفع بشكل منتظم بخلاف كيتا,2025-05-06,2006294
twitter,mrsool_delivery,توصيل,رحت محل اكل هندي وجبت طلب وشوربة واقعة جاني خصم ٥٠ ريال,2025-05-06,2006305
twitter,toYou_couriers,توصيل,مرسول رقم واحد بالتعويض يقولك توصل موقع العميل كلمنا,2025-05-06,2006311
twitter,mostaql_workers,عمل_حر,أكملت مشروع تصميم بـ ٨٠٠ ريال في مستقل,2025-05-06,2006352
twitter,mostaql_workers,عمل_حر,التسويق الرقمي من أكثر التخصصات طلباً,2025-05-06,2006468
telegram,careem_drivers_sa,نقل,إلى متى يا اوبر نسبة عالية وفوق هذا تسعيرة زي وجهك,2025-05-07,2005793
telegram,uber_ksa_drivers,نقل,اقل شي ٤٥٠ واعلى شي ٥٥٠ خلال ١٢ ساعة على اوبر,2025-05-07,2005812
twitter,Captains_saudi,نقل,أحسن أوقات الشغل الفطور والغداء والذروة المسائية,2025-05-07,2005880
twitter,Captains_saudi,نقل,اذا الوقت زاد ٨ دقايق وفوق ماافكهم غير مسويلي تعويض,2025-05-07,2005928
telegram,السائقين_السعوديين,نقل,بولت نسبة عالية خير ياطير اذا عوضنا,2025-05-07,2005968
twitter,wasselni_drivers,نقل,ودي اشتغل ف بولت بجانب اوبر ممكن؟,2025-05-07,2006010
telegram,jahez_couriers,توصيل,مرسول شغال زي لوز ما عده كيتا,2025-05-07,2006080
twitter,delivery_ksa,توصيل,جدة من ٥ ايام ما في طلبات او طلبين بالكثير ايش المشكلة في كيتا,2025-05-07,2006083
telegram,mrsool_delivery,توصيل,هنقرستيشن يقولك رجع الطلب سوبر ماركت هنقرستيشن,2025-05-07,2006088
telegram,toYou_couriers,توصيل,والله كيتا صار يضحك علينا الطلبات وصلت الى ٦ ريال,2025-05-07,2006120
telegram,toYou_couriers,توصيل,الطلبات الليلية تساوي ضعف النهارية في كيتا,2025-05-07,2006171
telegram,thechefs_ksa,توصيل,مشوار ابو ٢٠ زمان في كيتا الحين ب٩,2025-05-07,2006298
twitter,freelancers_ksa,عمل_حر,دخلي من البرمجة هذا الشهر ٧٠٠٠ ريال,2025-05-07,2006379
telegram,freelancers_ksa,عمل_حر,نبي حماية للفريلانسر من الزبون اللي ما يدفع,2025-05-07,2006395
telegram,freelancers_ksa,عمل_حر,دخلي من البرمجة هذا الشهر ٧٠٠٠ ريال,2025-05-07,2006406
twitter,freelancers_ksa,عمل_حر,الفريلانس في السعودية بدأ ينمو بشكل كبير,2025-05-07,2006433
telegram,Captains_saudi,نقل,كيان وصليني تطبيقات واعدة بس تحتاج وقت,2025-05-08,2005808
telegram,السائقين_السعوديين,نقل,ما يستاهل لا تعب ولا وقت المشوار بعيد والربح ضعيف,2025-05-08,2005824
twitter,kayan_ksa,نقل,اليوم الأوردرات كانت ممتازة والبخشيش زين الحمد لله,2025-05-08,2005835
telegram,uber_ksa_drivers,نقل,الزحمة في الرياض قاتلة والأرباح نازلة,2025-05-08,2005856
telegram,bolt_drivers_ksa,نقل,إلى متى يا اوبر نسبة عالية وفوق هذا تسعيرة زي وجهك,2025-05-08,2005859
twitter,wasselni_drivers,نقل,أوبر أفضل من بولت في توزيع الرحلات عندي,2025-05-08,2005877
telegram,jeeny_ksa,نقل,عميل تقييمه منخفض لا تاخذ مرة,2025-05-08,2005881
telegram,wasselni_drivers,نقل,جيني وصليني الاسعار خايسه جدا يعني الكيلو اقل من ريال,2025-05-08,2005900
twitter,السائقين_السعوديين,نقل,أحسن أوقات الشغل الفطور والغداء والذروة المسائية,2025-05-08,2005920
telegram,bolt_drivers_ksa,نقل,السكوت ماراح ينفع خلونا نتحرك بشكل منظم,2025-05-08,2005959
telegram,keeta_couriers,توصيل,مرسول فتح تسجيل جديد للموصلين هذا الأسبوع,2025-05-08,2006036
twitter,thechefs_ksa,توصيل,ذا شيفز يدفع بشكل منتظم بخلاف كيتا,2025-05-08,2006106
telegram,mrsool_delivery,توصيل,مرسول شغال زي لوز ما عده كيتا,2025-05-08,2006169
telegram,jahez_couriers,توصيل,الطلبات في رمضان تجنن ٣ أضعاف العادي,2025-05-08,2006173
twitter,thechefs_ksa,توصيل,كيتا يلعبون على المندوب عشان يخصمون مكافأة التوصيل في الوقت,2025-05-08,2006237
twitter,keeta_couriers,توصيل,مانبي نقطع رزق احد بس والله غبنه توقف عند المطاعم وتنتظر,2025-05-08,2006281
telegram,HungerStation_drivers,توصيل,جدة من ٥ ايام ما في طلبات او طلبين بالكثير ايش المشكلة في كيتا,2025-05-08,2006328
telegram,thechefs_ksa,توصيل,يعطيكم العافيه يا شباب حولت مبلغ من كيتا ولحد الان ما وصلت,2025-05-08,2006329
twitter,freelancers_ksa,عمل_حر,مشروع ترجمة بكم تقدر تقدم,2025-05-08,2006342
twitter,khamsat_ar,عمل_حر,الفريلانس في السعودية بدأ ينمو بشكل كبير,2025-05-08,2006445
telegram,CreemUber,نقل,التامين على السيارة غالي علينا الشركات مو مهتمة,2025-05-09,2005795
twitter,uber_ksa_drivers,نقل,نبي نظام تأمين صحي للسائقين مثل الموظفين,2025-05-09,2005803
telegram,wasselni_drivers,نقل,جيني بدأ ينافس لكن ما زال الطلبات أقل,2025-05-09,2005858
twitter,careem_drivers_sa,نقل,ما يستاهل لا تعب ولا وقت المشوار بعيد والربح ضعيف,2025-05-09,2005864
telegram,bolt_drivers_ksa,نقل,وصليني مافيه طلبات كافية في منطقتي,2025-05-09,2005874
telegram,Captains_saudi,نقل,التامين على السيارة غالي علينا الشركات مو مهتمة,2025-05-09,2005911
telegram,kayan_ksa,نقل,الذروة في كريم حمراء والطلبات ورا بعض بالمدينة,2025-05-09,2005945
twitter,uber_ksa_drivers,نقل,العمل في المطارات أحسن من الشوارع الربح افضل,2025-05-09,2005975
telegram,السائقين_السعوديين,نقل,ودي اشتغل ف بولت بجانب اوبر ممكن؟,2025-05-09,2005978
telegram,CreemUber,نقل,عميل تقييمه منخفض لا تاخذ مرة,2025-05-09,2005989
twitter,bolt_drivers_ksa,نقل,اتمنى الجميع يركز نتحرك بشكل جماعي نرفع شكاوى لوزارة النقل,2025-05-09,2005995
telegram,السائقين_السعوديين,نقل,اقل شي ٤٥٠ واعلى شي ٥٥٠ خلال ١٢ ساعة على اوبر,2025-05-09,2005997
telegram,kayan_ksa,نقل,عميل تقييمه منخفض لا تاخذ مرة,2025-05-09,2006029
telegram,keeta_couriers,توصيل,المخالفين موصلين ٣٠٠ وشوي الشهر اللي فات انا بقوة وصلت ٢٩٠,2025-05-09,2006061
twitter,toYou_couriers,توصيل,هنجرستين وكيتا حاليًا جاهز ومرسول وذا شيفز بس اقل في الطلبات,2025-05-09,2006256
telegram,delivery_ksa,توصيل,الحين ١٤ طلب في كيتا وما طلعت ٢٠ ريال,2025-05-09,2006293
telegram,delivery_ksa,توصيل,طلب وصل بارد لأن المطعم تأخر وراحت التقييم,2025-05-09,2006326
twitter,freelancers_ksa,عمل_حر,ضريبة القيمة المضافة على الفريلانس كيف تشتغل,2025-05-09,2006431
telegram,mostaql_workers,عمل_حر,الفريلانس في السعودية بدأ ينمو بشكل كبير,2025-05-09,2006434
telegram,freelancers_ksa,عمل_حر,الزبائن الخليجيين يدفعون أحسن من العرب,2025-05-09,2006458
twitter,careem_drivers_sa,نقل,بولت نسبة عالية خير ياطير اذا عوضنا,2025-05-10,2005801
twitter,careem_drivers_sa,نقل,الذروة في كريم حمراء والطلبات ورا بعض بالمدينة,2025-05-10,2005825
twitter,kayan_ksa,نقل,ما يستاهل لا تعب ولا وقت المشوار بعيد والربح ضعيف,2025-05-10,2005840
telegram,jeeny_ksa,نقل,كم متوسط دخل الكابتن في الرياض شهريًا حاليًا,2025-05-10,2005855
telegram,jeeny_ksa,نقل,محتاج سيارة جديدة السيارة الحالية تعبت من كثر الشغل,2025-05-10,2005862
telegram,bolt_drivers_ksa,نقل,اقل شي ٤٥٠ واعلى شي ٥٥٠ خلال ١٢ ساعة على اوبر,2025-05-10,2005872
telegram,Captains_saudi,نقل,من حقك ترفض خدمته سيارتك وترفع بلاغ,2025-05-10,2005923
telegram,CreemUber,نقل,والله زمان كان فيها خير اما الان مو المستفيد الا التطبيق,2025-05-10,2005937
telegram,CreemUber,نقل,أوبر أفضل من بولت في توزيع الرحلات عندي,2025-05-10,2005954
telegram,bolt_drivers_ksa,نقل,السائقين الأجانب يزاحمون على الرحلات في كريم,2025-05-10,2005957
twitter,careem_drivers_sa,نقل,كيان التطبيق جديد بس الطلبات وايد خير من اوبر,2025-05-10,2005969
telegram,CreemUber,نقل,والله زمان كان فيها خير اما الان مو المستفيد الا التطبيق,2025-05-10,2005971
telegram,wasselni_drivers,نقل,ودي اشتغل ف بولت بجانب اوبر ممكن؟,2025-05-10,2005996
telegram,uber_ksa_drivers,نقل,التامين على السيارة غالي علينا الشركات مو مهتمة,2025-05-10,2006001
telegram,delivery_ksa,توصيل,سلام وصلت طلب وسلمته للعميل بيدي وبعد نص ساعة خصموا قيمة الطلب,2025-05-10,2006139
telegram,delivery_ksa,توصيل,والله اذا موترك ينفع في النقل الموجه افضل بمليون مرة,2025-05-10,2006162
telegram,delivery_ksa,توصيل,ذا شيفز يدفع بشكل منتظم بخلاف كيتا,2025-05-10,2006191
telegram,delivery_ksa,توصيل,الحين ١٤ طلب في كيتا وما طلعت ٢٠ ريال,2025-05-10,2006242
telegram,toYou_couriers,توصيل,رحت محل اكل هندي وجبت طلب وشوربة واقعة جاني خصم ٥٠ ريال,2025-05-10,2006275
telegram,HungerStation_drivers,توصيل,امس السحور ٩ ريال و ١٠ ريال من كيتا ليش ولا حق التعب,2025-05-10,2006295
telegram,thechefs_ksa,توصيل,ذا شيفز الطلبات كثيرة بس المنطقة محدودة حتى الآن,2025-05-10,2006312
telegram,freelancers_ksa,عمل_حر,أكملت مشروع تصميم بـ ٨٠٠ ريال في مستقل,2025-05-10,2006347
twitter,khamsat_ar,عمل_حر,دخلي من البرمجة هذا الشهر ٧٠٠٠ ريال,2025-05-10,2006354
twitter,freelancers_ksa,عمل_حر,بدأت فريلانس من بيتي والدخل تحسن الحمد لله,2025-05-10,2006375
twitter,khamsat_ar,عمل_حر,الفريلانس في السعودية بدأ ينمو بشكل كبير,2025-05-10,2006397
telegram,khamsat_ar,عمل_حر,upwork أو مستقل أيهما أفضل للسعوديين,2025-05-10,2006463
twitter,jeeny_ksa,نقل,رفضت رحلة بعيدة وخسرت bonus الاسبوع,2025-05-11,2005837
telegram,bolt_drivers_ksa,نقل,أحسن أوقات الشغل الفطور والغداء والذروة المسائية,2025-05-11,2005850
twitter,jeeny_ksa,نقل,ذروة ب كاش مع نسبتهم تشوفه مبلغ كويس بس يجيك بمشوار واحد بطاقة,2025-05-11,2005897
telegram,wasselni_drivers,نقل,اقل شي ٤٥٠ واعلى شي ٥٥٠ خلال ١٢ ساعة على اوبر,2025-05-11,2005926
telegram,kayan_ksa,نقل,كم متوسط دخل الكابتن في الرياض شهريًا حاليًا,2025-05-11,2005931
telegram,wasselni_drivers,نقل,إلى متى يا اوبر نسبة عالية وفوق هذا تسعيرة زي وجهك,2025-05-11,2005947
telegram,السائقين_السعوديين,نقل,بولت انا مااوثق في اي زبون يقولي بحولك مابحولك,2025-05-11,2005952
twitter,CreemUber,نقل,اقل شي ٤٥٠ واعلى شي ٥٥٠ خلال ١٢ ساعة على اوبر,2025-05-11,2005970
telegram,CreemUber,نقل,العمل في المطارات أحسن من الشوارع الربح افضل,2025-05-11,2005976
telegram,bolt_drivers_ksa,نقل,اوبر مادري كيف يفكرون جاني مشوار والطرق كلها مقفله,2025-05-11,2005986
telegram,careem_drivers_sa,نقل,نسبة اوبر في مشوار المطار وصلت ٧٥٪ اخذ من الزبون ٥٩ ريال عطاني ١٢ فقط,2025-05-11,2005992
twitter,CreemUber,نقل,ما يستاهل لا تعب ولا وقت المشوار بعيد والربح ضعيف,2025-05-11,2006020
telegram,delivery_ksa,توصيل,وصلت ٢٠٠ طلب هذا الشهر الحمد لله,2025-05-11,2006141
telegram,delivery_ksa,توصيل,والله كيتا صار يضحك علينا الطلبات وصلت الى ٦ ريال,2025-05-11,2006142
telegram,toYou_couriers,توصيل,توصيل في الأمطار خطر بدون مكافأة من التطبيق,2025-05-11,2006145
twitter,toYou_couriers,توصيل,الدراجة تعطلت اليوم وخسرت شغل,2025-05-11,2006152
telegram,keeta_couriers,توصيل,واحد طالب ٣ ماء من كودو المهم يرسل يقول كنسل,2025-05-11,2006155
telegram,jahez_couriers,توصيل,ذا شيفز تعاملهم مع المناديب أحسن من كيتا,2025-05-11,2006166
telegram,thechefs_ksa,توصيل,الطلبات في رمضان تجنن ٣ أضعاف العادي,2025-05-11,2006223
telegram,thechefs_ksa,توصيل,جاهز أحسن من مرسول في التوزيع والسعر,2025-05-11,2006241
telegram,HungerStation_drivers,توصيل,سلام وصلت طلب وسلمته للعميل بيدي وبعد نص ساعة خصموا قيمة الطلب,2025-05-11,2006248
telegram,mrsool_delivery,توصيل,كيتا يلعبون على المندوب عشان يخصمون مكافأة التوصيل في الوقت,2025-05-11,2006279
twitter,delivery_ksa,توصيل,طلب وصل بارد لأن المطعم تأخر وراحت التقييم,2025-05-11,2006313
telegram,keeta_couriers,توصيل,والله كيتا صار يضحك علينا الطلبات وصلت الى ٦ ريال,2025-05-11,2006327
twitter,mostaql_workers,عمل_حر,بدأت فريلانس من بيتي والدخل تحسن الحمد لله,2025-05-11,2006357
twitter,khamsat_ar,عمل_حر,بدأت فريلانس من بيتي والدخل تحسن الحمد لله,2025-05-11,2006393
telegram,mostaql_workers,عمل_حر,ضريبة القيمة المضافة على الفريلانس كيف تشتغل,2025-05-11,2006411
telegram,khamsat_ar,عمل_حر,الفريلانس في السعودية بدأ ينمو بشكل كبير,2025-05-11,2006430
telegram,uber_ksa_drivers,نقل,كيان التطبيق جديد بس الطلبات وايد خير من اوبر,2025-05-12,2005868
telegram,kayan_ksa,نقل,إلى متى يا اوبر نسبة عالية وفوق هذا تسعيرة زي وجهك,2025-05-12,2005888
telegram,bolt_drivers_ksa,نقل,كيان وصليني تطبيقات واعدة بس تحتاج وقت,2025-05-12,2005895
telegram,jeeny_ksa,نقل,الزحمة في الرياض قاتلة والأرباح نازلة,2025-05-12,2005927
twitter,uber_ksa_drivers,نقل,جربت كابتن في جيني وجيت الرياض والشغل مثل الشرقية,2025-05-12,2005946
telegram,CreemUber,نقل,من حقك ترفض خدمته سيارتك وترفع بلاغ,2025-05-12,2005950
telegram,jahez_couriers,توصيل,مانبي نقطع رزق احد بس والله غبنه توقف عند المطاعم وتنتظر,2025-05-12,2006071
twitter,jahez_couriers,توصيل,كيتا الحين يقولك توصل الطلب وعشان تبلغ تأخير المطعم تنتظر,2025-05-12,2006160
telegram,keeta_couriers,توصيل,رحت محل اكل هندي وجبت طلب وشوربة واقعة جاني خصم ٥٠ ريال,2025-05-12,2006168
telegram,keeta_couriers,توصيل,مرسول الطلبات فل بس عيبه اطلب اي شي روح بنفسك,2025-05-12,2006200
telegram,delivery_ksa,توصيل,توصيل في الأمطار خطر بدون مكافأة من التطبيق,2025-05-12,2006226
telegram,delivery_ksa,توصيل,مرسول الطلبات فل بس عيبه اطلب اي شي روح بنفسك,2025-05-12,2006250
twitter,HungerStation_drivers,توصيل,وصلت ٢٠٠ طلب هذا الشهر الحمد لله,2025-05-12,2006289
telegram,freelancers_ksa,عمل_حر,نبي حماية للفريلانسر من الزبون اللي ما يدفع,2025-05-12,2006351
telegram,mostaql_workers,عمل_حر,كيف أحسن بروفايلي في مستقل وأحصل على عملاء,2025-05-12,2006356
telegram,khamsat_ar,عمل_حر,كيف أحسن بروفايلي في مستقل وأحصل على عملاء,2025-05-12,2006362
telegram,freelancers_ksa,عمل_حر,الزبون ما دفع بعد تسليم العمل كيف أتصرف,2025-05-12,2006383
telegram,khamsat_ar,عمل_حر,الزبون ما دفع بعد تسليم العمل كيف أتصرف,2025-05-12,2006456
telegram,Captains_saudi,نقل,إلى متى يا اوبر نسبة عالية وفوق هذا تسعيرة زي وجهك,2025-05-13,2005820
twitter,uber_ksa_drivers,نقل,السكوت ماراح ينفع خلونا نتحرك بشكل منظم,2025-05-13,2005857
telegram,uber_ksa_drivers,نقل,جيني بدأ ينافس لكن ما زال الطلبات أقل,2025-05-13,2005870
telegram,uber_ksa_drivers,نقل,السكوت ماراح ينفع خلونا نتحرك بشكل منظم,2025-05-13,2005891
twitter,wasselni_drivers,نقل,كم متوسط دخل الكابتن في الرياض شهريًا حاليًا,2025-05-13,2005915
telegram,wasselni_drivers,نقل,التامين على السيارة غالي علينا الشركات مو مهتمة,2025-05-13,2005924
telegram,bolt_drivers_ksa,نقل,عميل تقييمه منخفض لا تاخذ مرة,2025-05-13,2005940
telegram,Captains_saudi,نقل,اذا الوقت زاد ٨ دقايق وفوق ماافكهم غير مسويلي تعويض,2025-05-13,2005963
telegram,uber_ksa_drivers,نقل,الزحمة في الرياض قاتلة والأرباح نازلة,2025-05-13,2005980
telegram,Captains_saudi,نقل,كيان التطبيق جديد بس الطلبات وايد خير من اوبر,2025-05-13,2005985
twitter,kayan_ksa,نقل,العمل في المطارات أحسن من الشوارع الربح افضل,2025-05-13,2005990
twitter,السائقين_السعوديين,نقل,جيني بدأ ينافس لكن ما زال الطلبات أقل,2025-05-13,2006015
telegram,uber_ksa_drivers,نقل,السكوت ماراح ينفع خلونا نتحرك بشكل منظم,2025-05-13,2006019
telegram,careem_drivers_sa,نقل,اوبر مادري كيف يفكرون جاني مشوار والطرق كلها مقفله,2025-05-13,2006034
telegram,keeta_couriers,توصيل,وصلت ٢٠٠ طلب هذا الشهر الحمد لله,2025-05-13,2006062
telegram,jahez_couriers,توصيل,الطلبات في رمضان تجنن ٣ أضعاف العادي,2025-05-13,2006124
telegram,delivery_ksa,توصيل,امس وصلت طلب والعميل تأخر وراح عليي مكافأة موعد الوصول,2025-05-13,2006132
telegram,toYou_couriers,توصيل,هنجرستين وكيتا حاليًا جاهز ومرسول وذا شيفز بس اقل في الطلبات,2025-05-13,2006137
telegram,keeta_couriers,توصيل,كيتا يلعبون على المندوب عشان يخصمون مكافأة التوصيل في الوقت,2025-05-13,2006138
telegram,delivery_ksa,توصيل,مرسول رقم واحد بالتعويض يقولك توصل موقع العميل كلمنا,2025-05-13,2006193
twitter,delivery_ksa,توصيل,مو محل وموظفين اغبياء هم الغلطانين مو المندوب,2025-05-13,2006211
telegram,keeta_couriers,توصيل,مرسول الطلبات فل بس عيبه اطلب اي شي روح بنفسك,2025-05-13,2006233
twitter,mrsool_delivery,توصيل,خدمة العملاء في كيتا ما تفيد تقريباً,2025-05-13,2006319
telegram,khamsat_ar,عمل_حر,ضريبة القيمة المضافة على الفريلانس كيف تشتغل,2025-05-13,2006419
telegram,freelancers_ksa,عمل_حر,مشروع ترجمة بكم تقدر تقدم,2025-05-13,2006439
twitter,freelancers_ksa,عمل_حر,دخلي من البرمجة هذا الشهر ٧٠٠٠ ريال,2025-05-13,2006450
telegram,uber_ksa_drivers,نقل,اتمنى الجميع يركز نتحرك بشكل جماعي نرفع شكاوى لوزارة النقل,2025-05-14,2005792
twitter,jeeny_ksa,نقل,ودي اشتغل ف بولت بجانب اوبر ممكن؟,2025-05-14,2005828
twitter,uber_ksa_drivers,نقل,اوبر مادري كيف يفكرون جاني مشوار والطرق كلها مقفله,2025-05-14,2005832
telegram,Captains_saudi,نقل,نبي نظام تأمين صحي للسائقين مثل الموظفين,2025-05-14,2005843
telegram,kayan_ksa,نقل,اوبر زود على نسبة الالغاء وانا ما قدرت اوصل للعميل,2025-05-14,2005867
telegram,kayan_ksa,نقل,عميل تقييمه منخفض لا تاخذ مرة,2025-05-14,2005869
telegram,bolt_drivers_ksa,نقل,كم متوسط دخل الكابتن في الرياض شهريًا حاليًا,2025-05-14,2005883
telegram,delivery_ksa,توصيل,والله اذا موترك ينفع في النقل الموجه افضل بمليون مرة,2025-05-14,2006044
telegram,keeta_couriers,توصيل,جاهز أحسن من مرسول في التوزيع والسعر,2025-05-14,2006063
telegram,keeta_couriers,توصيل,مشوار ابو ٢٠ زمان في كيتا الحين ب٩,2025-05-14,2006074
twitter,delivery_ksa,توصيل,مرسول رقم واحد بالتعويض يقولك توصل موقع العميل كلمنا,2025-05-14,2006084
twitter,thechefs_ksa,توصيل,ذا شيفز تعاملهم مع المناديب أحسن من كيتا,2025-05-14,2006092
telegram,HungerStation_drivers,توصيل,يعطيكم العافيه يا شباب حولت مبلغ من كيتا ولحد الان ما وصلت,2025-05-14,2006183
telegram,keeta_couriers,توصيل,مرسول رقم واحد بالتعويض يقولك توصل موقع العميل كلمنا,2025-05-14,2006197
telegram,delivery_ksa,توصيل,مرسول شغال زي لوز ما عده كيتا,2025-05-14,2006251
telegram,thechefs_ksa,توصيل,جاهز أحسن من مرسول في التوزيع والسعر,2025-05-14,2006253
telegram,delivery_ksa,توصيل,والله كيتا صار يضحك علينا الطلبات وصلت الى ٦ ريال,2025-05-14,2006264
telegram,delivery_ksa,توصيل,وصلت ٢٠٠ طلب هذا الشهر الحمد لله,2025-05-14,2006266
telegram,mrsool_delivery,توصيل,الاسعار اختلفت بعد كثرة المنافسين ودخول كيتا بالاخص,2025-05-14,2006276
telegram,khamsat_ar,عمل_حر,upwork أو مستقل أيهما أفضل للسعوديين,2025-05-14,2006336
telegram,khamsat_ar,عمل_حر,ضريبة القيمة المضافة على الفريلانس كيف تشتغل,2025-05-14,2006363
telegram,mostaql_workers,عمل_حر,كيف أحسن بروفايلي في مستقل وأحصل على عملاء,2025-05-14,2006389
telegram,mostaql_workers,عمل_حر,مشروع ترجمة بكم تقدر تقدم,2025-05-14,2006408
telegram,freelancers_ksa,عمل_حر,الزبون ما دفع بعد تسليم العمل كيف أتصرف,2025-05-14,2006424
twitter,khamsat_ar,عمل_حر,الزبون ما دفع بعد تسليم العمل كيف أتصرف,2025-05-14,2006442
telegram,kayan_ksa,نقل,نبي نظام تأمين صحي للسائقين مثل الموظفين,2025-05-15,2005919
twitter,wasselni_drivers,نقل,بعدها على بولت خلال ٦ ساعات ٢٠٠ ريال خلال ١٦ ساعة ٧٠٠ ريال ثابتة,2025-05-15,2005944
twitter,Captains_saudi,نقل,ودي اشتغل ف بولت بجانب اوبر ممكن؟,2025-05-15,2005993
telegram,jeeny_ksa,نقل,السكوت ماراح ينفع خلونا نتحرك بشكل منظم,2025-05-15,2006016
twitter,السائقين_السعوديين,نقل,اوبر زود على نسبة الالغاء وانا ما قدرت اوصل للعميل,2025-05-15,2006024
twitter,delivery_ksa,توصيل,مرسول شغال زي لوز ما عده كيتا,2025-05-15,2006042
telegram,mrsool_delivery,توصيل,واحد طالب ٣ ماء من كودو المهم يرسل يقول كنسل,2025-05-15,2006090
telegram,jahez_couriers,توصيل,المندوب المخالف يأكل حرام رزق شخص نظامي,2025-05-15,2006104
telegram,mrsool_delivery,توصيل,مرسول شغال زي لوز ما عده كيتا,2025-05-15,2006115
telegram,HungerStation_drivers,توصيل,رحت محل اكل هندي وجبت طلب وشوربة واقعة جاني خصم ٥٠ ريال,2025-05-15,2006118
telegram,toYou_couriers,توصيل,مو محل وموظفين اغبياء هم الغلطانين مو المندوب,2025-05-15,2006143
telegram,HungerStation_drivers,توصيل,مرسول شغال زي لوز ما عده كيتا,2025-05-15,2006190
telegram,delivery_ksa,توصيل,الطلبات في رمضان تجنن ٣ أضعاف العادي,2025-05-15,2006246
telegram,delivery_ksa,توصيل,امس السحور ٩ ريال و ١٠ ريال من كيتا ليش ولا حق التعب,2025-05-15,2006261
telegram,toYou_couriers,توصيل,جاهز أحسن من مرسول في التوزيع والسعر,2025-05-15,2006333
twitter,khamsat_ar,عمل_حر,الفريلانس في السعودية بدأ ينمو بشكل كبير,2025-05-15,2006414
telegram,kayan_ksa,نقل,بولت انا مااوثق في اي زبون يقولي بحولك مابحولك,2025-05-16,2005849
telegram,Captains_saudi,نقل,التامين على السيارة غالي علينا الشركات مو مهتمة,2025-05-16,2005932
telegram,uber_ksa_drivers,نقل,محتاج سيارة جديدة السيارة الحالية تعبت من كثر الشغل,2025-05-16,2005933
twitter,bolt_drivers_ksa,نقل,اقل شي ٤٥٠ واعلى شي ٥٥٠ خلال ١٢ ساعة على اوبر,2025-05-16,2005956
telegram,uber_ksa_drivers,نقل,بولت انا مااوثق في اي زبون يقولي بحولك مابحولك,2025-05-16,2006012
telegram,careem_drivers_sa,نقل,من حقك ترفض خدمته سيارتك وترفع بلاغ,2025-05-16,2006017
twitter,Captains_saudi,نقل,إلى متى يا اوبر نسبة عالية وفوق هذا تسعيرة زي وجهك,2025-05-16,2006028
telegram,mrsool_delivery,توصيل,طلب وصل بارد لأن المطعم تأخر وراحت التقييم,2025-05-16,2006049
telegram,toYou_couriers,توصيل,سلام وصلت طلب وسلمته للعميل بيدي وبعد نص ساعة خصموا قيمة الطلب,2025-05-16,2006147
telegram,delivery_ksa,توصيل,واحد طالب ٣ ماء من كودو المهم يرسل يقول كنسل,2025-05-16,2006158
telegram,thechefs_ksa,توصيل,الاسعار اختلفت بعد كثرة المنافسين ودخول كيتا بالاخص,2025-05-16,2006165
telegram,HungerStation_drivers,توصيل,ياشباب امس المغرب حولت مبلغ من كيتا ولحد الان ما وصلت,2025-05-16,2006201
twitter,toYou_couriers,توصيل,ياخوان الطلبات وقفت عندي من ساعة م جاني ولا طلب,2025-05-16,2006203
telegram,jahez_couriers,توصيل,مشوار ابو ٢٠ زمان في كيتا الحين ب٩,2025-05-16,2006220
telegram,jahez_couriers,توصيل,امس وصلت طلب والعميل تأخر وراح عليي مكافأة موعد الوصول,2025-05-16,2006225
telegram,keeta_couriers,توصيل,واحد طالب ٣ ماء من كودو المهم يرسل يقول كنسل,2025-05-16,2006230
telegram,delivery_ksa,توصيل,والله اذا موترك ينفع في النقل الموجه افضل بمليون مرة,2025-05-16,2006260
telegram,jahez_couriers,توصيل,هنجرستين وكيتا حاليًا جاهز ومرسول وذا شيفز بس اقل في الطلبات,2025-05-16,2006307
telegram,jahez_couriers,توصيل,هنجرستين وكيتا حاليًا جاهز ومرسول وذا شيفز بس اقل في الطلبات,2025-05-16,2006310
telegram,freelancers_ksa,عمل_حر,بدأت فريلانس من بيتي والدخل تحسن الحمد لله,2025-05-16,2006409
twitter,mostaql_workers,عمل_حر,نبي حماية للفريلانسر من الزبون اللي ما يدفع,2025-05-16,2006426
telegram,uber_ksa_drivers,نقل,اوبر مادري كيف يفكرون جاني مشوار والطرق كلها مقفله,2025-05-17,2005817
telegram,kayan_ksa,نقل,العمل في المطارات أحسن من الشوارع الربح افضل,2025-05-17,2005905
telegram,careem_drivers_sa,نقل,نسبة اوبر في مشوار المطار وصلت ٧٥٪ اخذ من الزبون ٥٩ ريال عطاني ١٢ فقط,2025-05-17,2005910
telegram,Captains_saudi,نقل,السائقين الأجانب يزاحمون على الرحلات في كريم,2025-05-17,2005925
telegram,CreemUber,نقل,أوبر أفضل من بولت في توزيع الرحلات عندي,2025-05-17,2005941
telegram,bolt_drivers_ksa,نقل,التامين على السيارة غالي علينا الشركات مو مهتمة,2025-05-17,2006026
twitter,Captains_saudi,نقل,كم متوسط دخل الكابتن في الرياض شهريًا حاليًا,2025-05-17,2006033
telegram,jahez_couriers,توصيل,مشوار ابو ٢٠ زمان في كيتا الحين ب٩,2025-05-17,2006070
telegram,HungerStation_drivers,توصيل,رحت محل اكل هندي وجبت طلب وشوربة واقعة جاني خصم ٥٠ ريال,2025-05-17,2006093
telegram,delivery_ksa,توصيل,رحت محل اكل هندي وجبت طلب وشوربة واقعة جاني خصم ٥٠ ريال,2025-05-17,2006128
telegram,jahez_couriers,توصيل,الطلبات الليلية تساوي ضعف النهارية في كيتا,2025-05-17,2006144
telegram,mrsool_delivery,توصيل,كيتا الحين يقولك توصل الطلب وعشان تبلغ تأخير المطعم تنتظر,2025-05-17,2006146
telegram,mrsool_delivery,توصيل,الطلبات الليلية تساوي ضعف النهارية في كيتا,2025-05-17,2006196
telegram,keeta_couriers,توصيل,رحت محل اكل هندي وجبت طلب وشوربة واقعة جاني خصم ٥٠ ريال,2025-05-17,2006245
telegram,mostaql_workers,عمل_حر,دخلي من البرمجة هذا الشهر ٧٠٠٠ ريال,2025-05-17,2006369
telegram,mostaql_workers,عمل_حر,نبي حماية للفريلانسر من الزبون اللي ما يدفع,2025-05-17,2006420
twitter,freelancers_ksa,عمل_حر,التسويق الرقمي من أكثر التخصصات طلباً,2025-05-17,2006459
telegram,CreemUber,نقل,وصليني مافيه طلبات كافية في منطقتي,2025-05-18,2005806
telegram,jeeny_ksa,نقل,جيني وصليني الاسعار خايسه جدا يعني الكيلو اقل من ريال,2025-05-18,2005955
telegram,careem_drivers_sa,نقل,اوبر زود على نسبة الالغاء وانا ما قدرت اوصل للعميل,2025-05-18,2006032
twitter,HungerStation_drivers,توصيل,خدمة العملاء في كيتا ما تفيد تقريباً,2025-05-18,2006066
telegram,thechefs_ksa,توصيل,هنقرستيشن يقولك رجع الطلب سوبر ماركت هنقرستيشن,2025-05-18,2006073
telegram,HungerStation_drivers,توصيل,الطلبات الليلية تساوي ضعف النهارية في كيتا,2025-05-18,2006091
twitter,delivery_ksa,توصيل,الطلبات في رمضان تجنن ٣ أضعاف العادي,2025-05-18,2006117
telegram,HungerStation_drivers,توصيل,ذا شيفز الطلبات كثيرة بس المنطقة محدودة حتى الآن,2025-05-18,2006164
telegram,thechefs_ksa,توصيل,طلب وصل بارد لأن المطعم تأخر وراحت التقييم,2025-05-18,2006205
telegram,keeta_couriers,توصيل,المندوب المخالف يأكل حرام رزق شخص نظامي,2025-05-18,2006210
telegram,toYou_couriers,توصيل,ياشباب امس المغرب حولت مبلغ من كيتا ولحد الان ما وصلت,2025-05-18,2006221
telegram,thechefs_ksa,توصيل,امس السحور ٩ ريال و ١٠ ريال من كيتا ليش ولا حق التعب,2025-05-18,2006247
telegram,keeta_couriers,توصيل,امس السحور ٩ ريال و ١٠ ريال من كيتا ليش ولا حق التعب,2025-05-18,2006277
telegram,mrsool_delivery,توصيل,جاهز أحسن من مرسول في التوزيع والسعر,2025-05-18,2006283
twitter,delivery_ksa,توصيل,والله كيتا صار يضحك علينا الطلبات وصلت الى ٦ ريال,2025-05-18,2006286
telegram,thechefs_ksa,توصيل,ذا شيفز تعاملهم مع المناديب أحسن من كيتا,2025-05-18,2006297
telegram,HungerStation_drivers,توصيل,مشوار ابو ٢٠ زمان في كيتا الحين ب٩,2025-05-18,2006323
telegram,jahez_couriers,توصيل,المخالفين موصلين ٣٠٠ وشوي الشهر اللي فات انا بقوة وصلت ٢٩٠,2025-05-18,2006332
telegram,khamsat_ar,عمل_حر,upwork أو مستقل أيهما أفضل للسعوديين,2025-05-18,2006405
telegram,khamsat_ar,عمل_حر,التسويق الرقمي من أكثر التخصصات طلباً,2025-05-18,2006446
telegram,CreemUber,نقل,الزحمة في الرياض قاتلة والأرباح نازلة,2025-05-19,2005796
telegram,السائقين_السعوديين,نقل,ذروة ب كاش مع نسبتهم تشوفه مبلغ كويس بس يجيك بمشوار واحد بطاقة,2025-05-19,2005811
telegram,Captains_saudi,نقل,كم متوسط دخل الكابتن في الرياض شهريًا حاليًا,2025-05-19,2005813
twitter,Captains_saudi,نقل,نبي نظام تأمين صحي للسائقين مثل الموظفين,2025-05-19,2005863
telegram,CreemUber,نقل,وصلت ٥٠ رحلة هذا الأسبوع الحمد لله رب العالمين,2025-05-19,2005871
telegram,bolt_drivers_ksa,نقل,من اشوف مشوار مو مناسب على طول ارفضه,2025-05-19,2005922
telegram,kayan_ksa,نقل,الزحمة في الرياض قاتلة والأرباح نازلة,2025-05-19,2005938
twitter,uber_ksa_drivers,نقل,بعدها على بولت خلال ٦ ساعات ٢٠٠ ريال خلال ١٦ ساعة ٧٠٠ ريال ثابتة,2025-05-19,2005964
telegram,mrsool_delivery,توصيل,امس وصلت طلب والعميل تأخر وراح عليي مكافأة موعد الوصول,2025-05-19,2006037
telegram,delivery_ksa,توصيل,طلب وصل بارد لأن المطعم تأخر وراحت التقييم,2025-05-19,2006112
telegram,keeta_couriers,توصيل,الحين ١٤ طلب في كيتا وما طلعت ٢٠ ريال,2025-05-19,2006134
telegram,keeta_couriers,توصيل,خدمة العملاء في كيتا ما تفيد تقريباً,2025-05-19,2006151
twitter,mrsool_delivery,توصيل,كيتا الحين يقولك توصل الطلب وعشان تبلغ تأخير المطعم تنتظر,2025-05-19,2006153
twitter,thechefs_ksa,توصيل,ذا شيفز الطلبات كثيرة بس المنطقة محدودة حتى الآن,2025-05-19,2006176
telegram,HungerStation_drivers,توصيل,جاهز أحسن من مرسول في التوزيع والسعر,2025-05-19,2006182
telegram,thechefs_ksa,توصيل,واحد طالب ٣ ماء من كودو المهم يرسل يقول كنسل,2025-05-19,2006244
telegram,mostaql_workers,عمل_حر,الزبائن الخليجيين يدفعون أحسن من العرب,2025-05-19,2006338
twitter,khamsat_ar,عمل_حر,الزبون ما دفع بعد تسليم العمل كيف أتصرف,2025-05-19,2006427
telegram,kayan_ksa,نقل,رفضت رحلة بعيدة وخسرت bonus الاسبوع,2025-05-20,2005797
telegram,Captains_saudi,نقل,وصلت واحد المطار وكان مصري وحك الصدام من السيارة,2025-05-20,2005829
telegram,CreemUber,نقل,بولت انا مااوثق في اي زبون يقولي بحولك مابحولك,2025-05-20,2005833
telegram,bolt_drivers_ksa,نقل,كيان التطبيق جديد بس الطلبات وايد خير من اوبر,2025-05-20,2005865
telegram,السائقين_السعوديين,نقل,أوبر أفضل من بولت في توزيع الرحلات عندي,2025-05-20,2005988
telegram,HungerStation_drivers,توصيل,مرسول رقم واحد بالتعويض يقولك توصل موقع العميل كلمنا,2025-05-20,2006076
telegram,keeta_couriers,توصيل,هنجرستين وكيتا حاليًا جاهز ومرسول وذا شيفز بس اقل في الطلبات,2025-05-20,2006078
telegram,keeta_couriers,توصيل,وصلت طلبات وطلعت ب١١٠ ريال لكن ليش ما اتضافت للسحب,2025-05-20,2006095
telegram,thechefs_ksa,توصيل,رحت محل اكل هندي وجبت طلب وشوربة واقعة جاني خصم ٥٠ ريال,2025-05-20,2006111
telegram,toYou_couriers,توصيل,والله اذا موترك ينفع في النقل الموجه افضل بمليون مرة,2025-05-20,2006123
telegram,thechefs_ksa,توصيل,طلب وصل بارد لأن المطعم تأخر وراحت التقييم,2025-05-20,2006125
telegram,delivery_ksa,توصيل,ياشباب امس المغرب حولت مبلغ من كيتا ولحد الان ما وصلت,2025-05-20,2006216
telegram,mrsool_delivery,توصيل,والله اذا موترك ينفع في النقل الموجه افضل بمليون مرة,2025-05-20,2006243
telegram,mrsool_delivery,توصيل,الطلبات في رمضان تجنن ٣ أضعاف العادي,2025-05-20,2006252
twitter,thechefs_ksa,توصيل,وصلت ٢٠٠ طلب هذا الشهر الحمد لله,2025-05-20,2006274
telegram,toYou_couriers,توصيل,كيتا يلعبون على المندوب عشان يخصمون مكافأة التوصيل في الوقت,2025-05-20,2006288
telegram,mostaql_workers,عمل_حر,بدأت فريلانس من بيتي والدخل تحسن الحمد لله,2025-05-20,2006346
telegram,khamsat_ar,عمل_حر,مشروع ترجمة بكم تقدر تقدم,2025-05-20,2006349
telegram,khamsat_ar,عمل_حر,الفريلانس في السعودية بدأ ينمو بشكل كبير,2025-05-20,2006358
telegram,khamsat_ar,عمل_حر,upwork أو مستقل أيهما أفضل للسعوديين,2025-05-20,2006368
telegram,mostaql_workers,عمل_حر,ضريبة القيمة المضافة على الفريلانس كيف تشتغل,2025-05-20,2006390
telegram,mostaql_workers,عمل_حر,كيف أحسن بروفايلي في مستقل وأحصل على عملاء,2025-05-20,2006398
twitter,khamsat_ar,عمل_حر,أكملت مشروع تصميم بـ ٨٠٠ ريال في مستقل,2025-05-20,2006447
telegram,uber_ksa_drivers,نقل,الزحمة في الرياض قاتلة والأرباح نازلة,2025-05-21,2005822
telegram,Captains_saudi,نقل,والله زمان كان فيها خير اما الان مو المستفيد الا التطبيق,2025-05-21,2005831
telegram,kayan_ksa,نقل,نبي نظام تأمين صحي للسائقين مثل الموظفين,2025-05-21,2005848
telegram,kayan_ksa,نقل,أوبر أفضل من بولت في توزيع الرحلات عندي,2025-05-21,2005853
telegram,uber_ksa_drivers,نقل,إلى متى يا اوبر نسبة عالية وفوق هذا تسعيرة زي وجهك,2025-05-21,2005875
telegram,uber_ksa_drivers,نقل,أحسن أوقات الشغل الفطور والغداء والذروة المسائية,2025-05-21,2005882
telegram,uber_ksa_drivers,نقل,اقل شي ٤٥٠ واعلى شي ٥٥٠ خلال ١٢ ساعة على اوبر,2025-05-21,2005939
telegram,wasselni_drivers,نقل,بولت انا مااوثق في اي زبون يقولي بحولك مابحولك,2025-05-21,2006002
twitter,jeeny_ksa,نقل,بعدها على بولت خلال ٦ ساعات ٢٠٠ ريال خلال ١٦ ساعة ٧٠٠ ريال ثابتة,2025-05-21,2006030
telegram,mrsool_delivery,توصيل,والله كيتا صار يضحك علينا الطلبات وصلت الى ٦ ريال,2025-05-21,2006099
telegram,mrsool_delivery,توصيل,مرسول فتح تسجيل جديد للموصلين هذا الأسبوع,2025-05-21,2006133
telegram,jahez_couriers,توصيل,يعطيكم العافيه يا شباب حولت مبلغ من كيتا ولحد الان ما وصلت,2025-05-21,2006150
twitter,toYou_couriers,توصيل,ذا شيفز الطلبات كثيرة بس المنطقة محدودة حتى الآن,2025-05-21,2006198
telegram,jahez_couriers,توصيل,جدة من ٥ ايام ما في طلبات او طلبين بالكثير ايش المشكلة في كيتا,2025-05-21,2006212
telegram,delivery_ksa,توصيل,ياشباب امس المغرب حولت مبلغ من كيتا ولحد الان ما وصلت,2025-05-21,2006231
twitter,delivery_ksa,توصيل,جاهز أحسن من مرسول في التوزيع والسعر,2025-05-21,2006267
telegram,freelancers_ksa,عمل_حر,ضريبة القيمة المضافة على الفريلانس كيف تشتغل,2025-05-21,2006428
telegram,mostaql_workers,عمل_حر,كيف أحسن بروفايلي في مستقل وأحصل على عملاء,2025-05-21,2006443
twitter,mostaql_workers,عمل_حر,مشروع ترجمة بكم تقدر تقدم,2025-05-21,2006455
twitter,careem_drivers_sa,نقل,من اشوف مشوار مو مناسب على طول ارفضه,2025-05-22,2005790
telegram,uber_ksa_drivers,نقل,إلى متى يا اوبر نسبة عالية وفوق هذا تسعيرة زي وجهك,2025-05-22,2005823
telegram,uber_ksa_drivers,نقل,الذروة في كريم حمراء والطلبات ورا بعض بالمدينة,2025-05-22,2005918
twitter,jeeny_ksa,نقل,السكوت ماراح ينفع خلونا نتحرك بشكل منظم,2025-05-22,2005998
telegram,Captains_saudi,نقل,من حقك ترفض خدمته سيارتك وترفع بلاغ,2025-05-22,2006008
twitter,Captains_saudi,نقل,رفضت رحلة بعيدة وخسرت bonus الاسبوع,2025-05-22,2006018
telegram,keeta_couriers,توصيل,يعطيكم العافيه يا شباب حولت مبلغ من كيتا ولحد الان ما وصلت,2025-05-22,2006050
twitter,toYou_couriers,توصيل,كيتا يلعبون على المندوب عشان يخصمون مكافأة التوصيل في الوقت,2025-05-22,2006057
twitter,keeta_couriers,توصيل,والله اذا موترك ينفع في النقل الموجه افضل بمليون مرة,2025-05-22,2006082
telegram,thechefs_ksa,توصيل,المخالفين موصلين ٣٠٠ وشوي الشهر اللي فات انا بقوة وصلت ٢٩٠,2025-05-22,2006119
telegram,mrsool_delivery,توصيل,ياخوان الطلبات وقفت عندي من ساعة م جاني ولا طلب,2025-05-22,2006214
telegram,toYou_couriers,توصيل,كنت اشتغل مرسول زمان اطلع ٢٠٠ في اليوم على ٨ طلبات,2025-05-22,2006234
twitter,HungerStation_drivers,توصيل,مرسول الطلبات فل بس عيبه اطلب اي شي روح بنفسك,2025-05-22,2006263
telegram,toYou_couriers,توصيل,الطلبات الليلية تساوي ضعف النهارية في كيتا,2025-05-22,2006320
telegram,freelancers_ksa,عمل_حر,الزبون ما دفع بعد تسليم العمل كيف أتصرف,2025-05-22,2006371
telegram,khamsat_ar,عمل_حر,مشروع ترجمة بكم تقدر تقدم,2025-05-22,2006372
twitter,freelancers_ksa,عمل_حر,الفريلانس في السعودية بدأ ينمو بشكل كبير,2025-05-22,2006391
twitter,mostaql_workers,عمل_حر,الزبائن الخليجيين يدفعون أحسن من العرب,2025-05-22,2006401
twitter,mostaql_workers,عمل_حر,upwork أو مستقل أيهما أفضل للسعوديين,2025-05-22,2006423
telegram,freelancers_ksa,عمل_حر,الزبون ما دفع بعد تسليم العمل كيف أتصرف,2025-05-22,2006432
twitter,khamsat_ar,عمل_حر,منصة خمسات أفضل للمبتدئين في العمل الحر,2025-05-22,2006444
twitter,mostaql_workers,عمل_حر,بدأت فريلانس من بيتي والدخل تحسن الحمد لله,2025-05-22,2006449
telegram,mostaql_workers,عمل_حر,ضريبة القيمة المضافة على الفريلانس كيف تشتغل,2025-05-22,2006457
twitter,mostaql_workers,عمل_حر,مشروع ترجمة بكم تقدر تقدم,2025-05-22,2006467
telegram,freelancers_ksa,عمل_حر,أكملت مشروع تصميم بـ ٨٠٠ ريال في مستقل,2025-05-22,2006469
telegram,wasselni_drivers,نقل,متوسط دخلي اليوم ١٨٠ ريال بعد البنزين,2025-05-23,2005809
telegram,careem_drivers_sa,نقل,من اشوف مشوار مو مناسب على طول ارفضه,2025-05-23,2005885
telegram,jeeny_ksa,نقل,محتاج سيارة جديدة السيارة الحالية تعبت من كثر الشغل,2025-05-23,2005913
telegram,wasselni_drivers,نقل,عميل تقييمه منخفض لا تاخذ مرة,2025-05-23,2005983
telegram,uber_ksa_drivers,نقل,الذروة في كريم حمراء والطلبات ورا بعض بالمدينة,2025-05-23,2006005
twitter,bolt_drivers_ksa,نقل,والله زمان كان فيها خير اما الان مو المستفيد الا التطبيق,2025-05-23,2006009
telegram,jeeny_ksa,نقل,من حقك ترفض خدمته سيارتك وترفع بلاغ,2025-05-23,2006014
telegram,mrsool_delivery,توصيل,هنجرستين وكيتا حاليًا جاهز ومرسول وذا شيفز بس اقل في الطلبات,2025-05-23,2006039
telegram,toYou_couriers,توصيل,مرسول فتح تسجيل جديد للموصلين هذا الأسبوع,2025-05-23,2006051
telegram,keeta_couriers,توصيل,مشكلة الباكدج الكبير ما يناسب الدراجة,2025-05-23,2006067
telegram,thechefs_ksa,توصيل,مشكلة الباكدج الكبير ما يناسب الدراجة,2025-05-23,2006097
twitter,mrsool_delivery,توصيل,امس السحور ٩ ريال و ١٠ ريال من كيتا ليش ولا حق التعب,2025-05-23,2006140
twitter,jahez_couriers,توصيل,والله اذا موترك ينفع في النقل الموجه افضل بمليون مرة,2025-05-23,2006157
twitter,mrsool_delivery,توصيل,مانبي نقطع رزق احد بس والله غبنه توقف عند المطاعم وتنتظر,2025-05-23,2006199
telegram,toYou_couriers,توصيل,مرسول رقم واحد بالتعويض يقولك توصل موقع العميل كلمنا,2025-05-23,2006207
telegram,HungerStation_drivers,توصيل,والله كيتا صار يضحك علينا الطلبات وصلت الى ٦ ريال,2025-05-23,2006222
twitter,HungerStation_drivers,توصيل,واحد طالب ٣ ماء من كودو المهم يرسل يقول كنسل,2025-05-23,2006271
telegram,jahez_couriers,توصيل,وصلت ٢٠٠ طلب هذا الشهر الحمد لله,2025-05-23,2006273
telegram,mrsool_delivery,توصيل,مرسول فتح تسجيل جديد للموصلين هذا الأسبوع,2025-05-23,2006292
telegram,khamsat_ar,عمل_حر,الزبائن الخليجيين يدفعون أحسن من العرب,2025-05-23,2006340
telegram,khamsat_ar,عمل_حر,upwork أو مستقل أيهما أفضل للسعوديين,2025-05-23,2006392
telegram,khamsat_ar,عمل_حر,دخلي من البرمجة هذا الشهر ٧٠٠٠ ريال,2025-05-23,2006407
telegram,khamsat_ar,عمل_حر,ضريبة القيمة المضافة على الفريلانس كيف تشتغل,2025-05-23,2006415
telegram,khamsat_ar,عمل_حر,الزبائن الخليجيين يدفعون أحسن من العرب,2025-05-23,2006436
twitter,freelancers_ksa,عمل_حر,دخلي من البرمجة هذا الشهر ٧٠٠٠ ريال,2025-05-23,2006437
telegram,khamsat_ar,عمل_حر,upwork أو مستقل أيهما أفضل للسعوديين,2025-05-23,2006452
telegram,bolt_drivers_ksa,نقل,السائق هو الي يتعب ولابد تكون نسبة اوبر لها حد اعلى ٢٠ ريال,2025-05-24,2005819
telegram,Captains_saudi,نقل,كيان وصليني تطبيقات واعدة بس تحتاج وقت,2025-05-24,2005830
twitter,bolt_drivers_ksa,نقل,والله زمان كان فيها خير اما الان مو المستفيد الا التطبيق,2025-05-24,2005876
telegram,jeeny_ksa,نقل,وصلت ٥٠ رحلة هذا الأسبوع الحمد لله رب العالمين,2025-05-24,2005930
telegram,careem_drivers_sa,نقل,اتمنى الجميع يركز نتحرك بشكل جماعي نرفع شكاوى لوزارة النقل,2025-05-24,2005966
twitter,wasselni_drivers,نقل,العمل في المطارات أحسن من الشوارع الربح افضل,2025-05-24,2005972
telegram,kayan_ksa,نقل,من حقك ترفض خدمته سيارتك وترفع بلاغ,2025-05-24,2005977
telegram,Captains_saudi,نقل,نبي نظام تأمين صحي للسائقين مثل الموظفين,2025-05-24,2006031
telegram,delivery_ksa,توصيل,الحين ١٤ طلب في كيتا وما طلعت ٢٠ ريال,2025-05-24,2006055
telegram,jahez_couriers,توصيل,طلب وصل بارد لأن المطعم تأخر وراحت التقييم,2025-05-24,2006058
telegram,thechefs_ksa,توصيل,امس وصلت طلب والعميل تأخر وراح عليي مكافأة موعد الوصول,2025-05-24,2006065
telegram,jahez_couriers,توصيل,المندوب المخالف يأكل حرام رزق شخص نظامي,2025-05-24,2006154
telegram,toYou_couriers,توصيل,كيتا الحين يقولك توصل الطلب وعشان تبلغ تأخير المطعم تنتظر,2025-05-24,2006174
twitter,thechefs_ksa,توصيل,مرسول فتح تسجيل جديد للموصلين هذا الأسبوع,2025-05-24,2006186
telegram,mrsool_delivery,توصيل,ذا شيفز الطلبات كثيرة بس المنطقة محدودة حتى الآن,2025-05-24,2006232
telegram,HungerStation_drivers,توصيل,وصلت ٢٠٠ طلب هذا الشهر الحمد لله,2025-05-24,2006240
telegram,thechefs_ksa,توصيل,ذا شيفز يدفع بشكل منتظم بخلاف كيتا,2025-05-24,2006254
telegram,delivery_ksa,توصيل,ياشباب امس المغرب حولت مبلغ من كيتا ولحد الان ما وصلت,2025-05-24,2006314
telegram,delivery_ksa,توصيل,هنقرستيشن يقولك رجع الطلب سوبر ماركت هنقرستيشن,2025-05-24,2006321
telegram,mostaql_workers,عمل_حر,الفريلانس في السعودية بدأ ينمو بشكل كبير,2025-05-24,2006353
telegram,freelancers_ksa,عمل_حر,التسويق الرقمي من أكثر التخصصات طلباً,2025-05-24,2006399
twitter,freelancers_ksa,عمل_حر,الزبون ما دفع بعد تسليم العمل كيف أتصرف,2025-05-24,2006462
telegram,kayan_ksa,نقل,كم متوسط دخل الكابتن في الرياض شهريًا حاليًا,2025-05-25,2005846
twitter,keeta_couriers,توصيل,مشوار ابو ٢٠ زمان في كيتا الحين ب٩,2025-05-25,2006045
telegram,HungerStation_drivers,توصيل,جدة من ٥ ايام ما في طلبات او طلبين بالكثير ايش المشكلة في كيتا,2025-05-25,2006046
telegram,HungerStation_drivers,توصيل,ذا شيفز تعاملهم مع المناديب أحسن من كيتا,2025-05-25,2006075
telegram,toYou_couriers,توصيل,امس وصلت طلب والعميل تأخر وراح عليي مكافأة موعد الوصول,2025-05-25,2006116
telegram,delivery_ksa,توصيل,جاهز أحسن من مرسول في التوزيع والسعر,2025-05-25,2006131
telegram,thechefs_ksa,توصيل,المخالفين موصلين ٣٠٠ وشوي الشهر اللي فات انا بقوة وصلت ٢٩٠,2025-05-25,2006172
telegram,keeta_couriers,توصيل,هنقرستيشن يقولك رجع الطلب سوبر ماركت هنقرستيشن,2025-05-25,2006185
telegram,HungerStation_drivers,توصيل,مو محل وموظفين اغبياء هم الغلطانين مو المندوب,2025-05-25,2006218
telegram,delivery_ksa,توصيل,جدة من ٥ ايام ما في طلبات او طلبين بالكثير ايش المشكلة في كيتا,2025-05-25,2006239
twitter,mostaql_workers,عمل_حر,كيف أحسن بروفايلي في مستقل وأحصل على عملاء,2025-05-25,2006335
twitter,freelancers_ksa,عمل_حر,الزبون ما دفع بعد تسليم العمل كيف أتصرف,2025-05-25,2006345
twitter,freelancers_ksa,عمل_حر,مشروع ترجمة بكم تقدر تقدم,2025-05-25,2006350
twitter,khamsat_ar,عمل_حر,الزبون ما دفع بعد تسليم العمل كيف أتصرف,2025-05-25,2006365
twitter,mostaql_workers,عمل_حر,أكملت مشروع تصميم بـ ٨٠٠ ريال في مستقل,2025-05-25,2006374
telegram,freelancers_ksa,عمل_حر,الفريلانس في السعودية بدأ ينمو بشكل كبير,2025-05-25,2006387
telegram,freelancers_ksa,عمل_حر,أكملت مشروع تصميم بـ ٨٠٠ ريال في مستقل,2025-05-25,2006388
telegram,mostaql_workers,عمل_حر,دخلي من البرمجة هذا الشهر ٧٠٠٠ ريال,2025-05-25,2006396
telegram,khamsat_ar,عمل_حر,الفريلانس في السعودية بدأ ينمو بشكل كبير,2025-05-25,2006404
telegram,freelancers_ksa,عمل_حر,بدأت فريلانس من بيتي والدخل تحسن الحمد لله,2025-05-25,2006410
twitter,mostaql_workers,عمل_حر,ضريبة القيمة المضافة على الفريلانس كيف تشتغل,2025-05-25,2006440
twitter,freelancers_ksa,عمل_حر,مشروع ترجمة بكم تقدر تقدم,2025-05-25,2006465
telegram,khamsat_ar,عمل_حر,نبي حماية للفريلانسر من الزبون اللي ما يدفع,2025-05-25,2006466
telegram,careem_drivers_sa,نقل,من حقك ترفض خدمته سيارتك وترفع بلاغ,2025-05-26,2005794
telegram,السائقين_السعوديين,نقل,ما يستاهل لا تعب ولا وقت المشوار بعيد والربح ضعيف,2025-05-26,2005800
twitter,wasselni_drivers,نقل,اقل شي ٤٥٠ واعلى شي ٥٥٠ خلال ١٢ ساعة على اوبر,2025-05-26,2005804
telegram,CreemUber,نقل,وصلت واحد المطار وكان مصري وحك الصدام من السيارة,2025-05-26,2005889
twitter,Captains_saudi,نقل,أوبر أفضل من بولت في توزيع الرحلات عندي,2025-05-26,2005893
telegram,wasselni_drivers,نقل,اليوم الأوردرات كانت ممتازة والبخشيش زين الحمد لله,2025-05-26,2005962
twitter,السائقين_السعوديين,نقل,التامين على السيارة غالي علينا الشركات مو مهتمة,2025-05-26,2006006
twitter,keeta_couriers,توصيل,المندوب المخالف يأكل حرام رزق شخص نظامي,2025-05-26,2006040
telegram,delivery_ksa,توصيل,امس السحور ٩ ريال و ١٠ ريال من كيتا ليش ولا حق التعب,2025-05-26,2006041
telegram,keeta_couriers,توصيل,وصلت ٢٠٠ طلب هذا الشهر الحمد لله,2025-05-26,2006069
telegram,thechefs_ksa,توصيل,واحد طالب ٣ ماء من كودو المهم يرسل يقول كنسل,2025-05-26,2006114
telegram,keeta_couriers,توصيل,مرسول الطلبات فل بس عيبه اطلب اي شي روح بنفسك,2025-05-26,2006135
telegram,toYou_couriers,توصيل,سلام وصلت طلب وسلمته للعميل بيدي وبعد نص ساعة خصموا قيمة الطلب,2025-05-26,2006148
telegram,mrsool_delivery,توصيل,طلب وصل بارد لأن المطعم تأخر وراحت التقييم,2025-05-26,2006156
telegram,jahez_couriers,توصيل,سلام وصلت طلب وسلمته للعميل بيدي وبعد نص ساعة خصموا قيمة الطلب,2025-05-26,2006163
telegram,jahez_couriers,توصيل,الاسعار اختلفت بعد كثرة المنافسين ودخول كيتا بالاخص,2025-05-26,2006170
telegram,thechefs_ksa,توصيل,مانبي نقطع رزق احد بس والله غبنه توقف عند المطاعم وتنتظر,2025-05-26,2006265
telegram,toYou_couriers,توصيل,هنقرستيشن يقولك رجع الطلب سوبر ماركت هنقرستيشن,2025-05-26,2006282
telegram,mrsool_delivery,توصيل,المندوب المخالف يأكل حرام رزق شخص نظامي,2025-05-26,2006317
telegram,mostaql_workers,عمل_حر,نبي حماية للفريلانسر من الزبون اللي ما يدفع,2025-05-26,2006348
telegram,khamsat_ar,عمل_حر,الزبون ما دفع بعد تسليم العمل كيف أتصرف,2025-05-26,2006370
twitter,khamsat_ar,عمل_حر,منصة خمسات أفضل للمبتدئين في العمل الحر,2025-05-26,2006403
telegram,freelancers_ksa,عمل_حر,كيف أحسن بروفايلي في مستقل وأحصل على عملاء,2025-05-26,2006429
telegram,khamsat_ar,عمل_حر,مشروع ترجمة بكم تقدر تقدم,2025-05-26,2006438
twitter,freelancers_ksa,عمل_حر,بدأت فريلانس من بيتي والدخل تحسن الحمد لله,2025-05-26,2006461
twitter,kayan_ksa,نقل,أوبر أفضل من بولت في توزيع الرحلات عندي,2025-05-27,2005836
telegram,Captains_saudi,نقل,اقل شي ٤٥٠ واعلى شي ٥٥٠ خلال ١٢ ساعة على اوبر,2025-05-27,2005841
twitter,kayan_ksa,نقل,اوبر زود على نسبة الالغاء وانا ما قدرت اوصل للعميل,2025-05-27,2005887
telegram,careem_drivers_sa,نقل,اذا الوقت زاد ٨ دقايق وفوق ماافكهم غير مسويلي تعويض,2025-05-27,2005892
telegram,CreemUber,نقل,إلى متى يا اوبر نسبة عالية وفوق هذا تسعيرة زي وجهك,2025-05-27,2006000
twitter,السائقين_السعوديين,نقل,الزحمة في الرياض قاتلة والأرباح نازلة,2025-05-27,2006027
telegram,keeta_couriers,توصيل,هنقرستيشن يقولك رجع الطلب سوبر ماركت هنقرستيشن,2025-05-27,2006038
twitter,mrsool_delivery,توصيل,رحت محل اكل هندي وجبت طلب وشوربة واقعة جاني خصم ٥٠ ريال,2025-05-27,2006059
telegram,HungerStation_drivers,توصيل,امس السحور ٩ ريال و ١٠ ريال من كيتا ليش ولا حق التعب,2025-05-27,2006087
telegram,thechefs_ksa,توصيل,مانبي نقطع رزق احد بس والله غبنه توقف عند المطاعم وتنتظر,2025-05-27,2006103
telegram,jahez_couriers,توصيل,مو محل وموظفين اغبياء هم الغلطانين مو المندوب,2025-05-27,2006109
telegram,delivery_ksa,توصيل,ياخوان الطلبات وقفت عندي من ساعة م جاني ولا طلب,2025-05-27,2006215
twitter,toYou_couriers,توصيل,مشكلة الباكدج الكبير ما يناسب الدراجة,2025-05-27,2006258
twitter,HungerStation_drivers,توصيل,الاسعار اختلفت بعد كثرة المنافسين ودخول كيتا بالاخص,2025-05-27,2006304
twitter,keeta_couriers,توصيل,مو محل وموظفين اغبياء هم الغلطانين مو المندوب,2025-05-27,2006306
telegram,jahez_couriers,توصيل,الاسعار اختلفت بعد كثرة المنافسين ودخول كيتا بالاخص,2025-05-27,2006325
telegram,freelancers_ksa,عمل_حر,الفريلانس في السعودية بدأ ينمو بشكل كبير,2025-05-27,2006373
telegram,mostaql_workers,عمل_حر,أكملت مشروع تصميم بـ ٨٠٠ ريال في مستقل,2025-05-27,2006384
twitter,khamsat_ar,عمل_حر,مشروع ترجمة بكم تقدر تقدم,2025-05-27,2006385
telegram,kayan_ksa,نقل,بعدها على بولت خلال ٦ ساعات ٢٠٠ ريال خلال ١٦ ساعة ٧٠٠ ريال ثابتة,2025-05-28,2005821
telegram,jeeny_ksa,نقل,جيني وصليني الاسعار خايسه جدا يعني الكيلو اقل من ريال,2025-05-28,2005834
telegram,CreemUber,نقل,والله زمان كان فيها خير اما الان مو المستفيد الا التطبيق,2025-05-28,2005854
telegram,السائقين_السعوديين,نقل,السكوت ماراح ينفع خلونا نتحرك بشكل منظم,2025-05-28,2005901
telegram,Captains_saudi,نقل,بعدها على بولت خلال ٦ ساعات ٢٠٠ ريال خلال ١٦ ساعة ٧٠٠ ريال ثابتة,2025-05-28,2005903
telegram,kayan_ksa,نقل,اذا الوقت زاد ٨ دقايق وفوق ماافكهم غير مسويلي تعويض,2025-05-28,2005909
telegram,uber_ksa_drivers,نقل,السكوت ماراح ينفع خلونا نتحرك بشكل منظم,2025-05-28,2005935
telegram,السائقين_السعوديين,نقل,السائقين الأجانب يزاحمون على الرحلات في كريم,2025-05-28,2005953
telegram,uber_ksa_drivers,نقل,اقل شي ٤٥٠ واعلى شي ٥٥٠ خلال ١٢ ساعة على اوبر,2025-05-28,2005965
telegram,uber_ksa_drivers,نقل,كم متوسط دخل الكابتن في الرياض شهريًا حاليًا,2025-05-28,2006007
telegram,jahez_couriers,توصيل,مرسول فتح تسجيل جديد للموصلين هذا الأسبوع,2025-05-28,2006043
telegram,delivery_ksa,توصيل,كنت اشتغل مرسول زمان اطلع ٢٠٠ في اليوم على ٨ طلبات,2025-05-28,2006064
telegram,toYou_couriers,توصيل,كيتا يلعبون على المندوب عشان يخصمون مكافأة التوصيل في الوقت,2025-05-28,2006085
telegram,toYou_couriers,توصيل,الدراجة تعطلت اليوم وخسرت شغل,2025-05-28,2006113
telegram,HungerStation_drivers,توصيل,ذا شيفز يدفع بشكل منتظم بخلاف كيتا,2025-05-28,2006130
telegram,HungerStation_drivers,توصيل,ياشباب امس المغرب حولت مبلغ من كيتا ولحد الان ما وصلت,2025-05-28,2006136
telegram,keeta_couriers,توصيل,مرسول رقم واحد بالتعويض يقولك توصل موقع العميل كلمنا,2025-05-28,2006167
telegram,toYou_couriers,توصيل,الطلبات في رمضان تجنن ٣ أضعاف العادي,2025-05-28,2006238
telegram,HungerStation_drivers,توصيل,كنت اشتغل مرسول زمان اطلع ٢٠٠ في اليوم على ٨ طلبات,2025-05-28,2006259
telegram,keeta_couriers,توصيل,الاسعار اختلفت بعد كثرة المنافسين ودخول كيتا بالاخص,2025-05-28,2006278
telegram,HungerStation_drivers,توصيل,سلام وصلت طلب وسلمته للعميل بيدي وبعد نص ساعة خصموا قيمة الطلب,2025-05-28,2006284
telegram,keeta_couriers,توصيل,كيتا الحين يقولك توصل الطلب وعشان تبلغ تأخير المطعم تنتظر,2025-05-28,2006308
telegram,thechefs_ksa,توصيل,واحد طالب ٣ ماء من كودو المهم يرسل يقول كنسل,2025-05-28,2006318
telegram,freelancers_ksa,عمل_حر,بدأت فريلانس من بيتي والدخل تحسن الحمد لله,2025-05-28,2006343
twitter,khamsat_ar,عمل_حر,ضريبة القيمة المضافة على الفريلانس كيف تشتغل,2025-05-28,2006394
telegram,khamsat_ar,عمل_حر,منصة خمسات أفضل للمبتدئين في العمل الحر,2025-05-28,2006400
twitter,khamsat_ar,عمل_حر,ضريبة القيمة المضافة على الفريلانس كيف تشتغل,2025-05-28,2006402
telegram,mostaql_workers,عمل_حر,نبي حماية للفريلانسر من الزبون اللي ما يدفع,2025-05-28,2006421
twitter,freelancers_ksa,عمل_حر,أكملت مشروع تصميم بـ ٨٠٠ ريال في مستقل,2025-05-28,2006435
telegram,mostaql_workers,عمل_حر,الزبون ما دفع بعد تسليم العمل كيف أتصرف,2025-05-28,2006451
telegram,mostaql_workers,عمل_حر,نبي حماية للفريلانسر من الزبون اللي ما يدفع,2025-05-28,2006453
twitter,khamsat_ar,عمل_حر,التسويق الرقمي من أكثر التخصصات طلباً,2025-05-28,2006460
telegram,bolt_drivers_ksa,نقل,اوبر زود على نسبة الالغاء وانا ما قدرت اوصل للعميل,2025-05-29,2005798
telegram,السائقين_السعوديين,نقل,اليوم الأوردرات كانت ممتازة والبخشيش زين الحمد لله,2025-05-29,2005827
telegram,uber_ksa_drivers,نقل,كيان وصليني تطبيقات واعدة بس تحتاج وقت,2025-05-29,2005851
telegram,uber_ksa_drivers,نقل,اليوم الأوردرات كانت ممتازة والبخشيش زين الحمد لله,2025-05-29,2005902
telegram,wasselni_drivers,نقل,اوبر مادري كيف يفكرون جاني مشوار والطرق كلها مقفله,2025-05-29,2005906
telegram,CreemUber,نقل,الزحمة في الرياض قاتلة والأرباح نازلة,2025-05-29,2006013
telegram,delivery_ksa,توصيل,توصيل في الأمطار خطر بدون مكافأة من التطبيق,2025-05-29,2006107
telegram,keeta_couriers,توصيل,مشكلة الباكدج الكبير ما يناسب الدراجة,2025-05-29,2006129
twitter,mrsool_delivery,توصيل,مرسول رقم واحد بالتعويض يقولك توصل موقع العميل كلمنا,2025-05-29,2006149
telegram,mrsool_delivery,توصيل,مو محل وموظفين اغبياء هم الغلطانين مو المندوب,2025-05-29,2006159
telegram,jahez_couriers,توصيل,جاهز أحسن من مرسول في التوزيع والسعر,2025-05-29,2006189
twitter,jahez_couriers,توصيل,والله كيتا صار يضحك علينا الطلبات وصلت الى ٦ ريال,2025-05-29,2006192
twitter,jahez_couriers,توصيل,مشكلة الباكدج الكبير ما يناسب الدراجة,2025-05-29,2006213
twitter,thechefs_ksa,توصيل,طلب وصل بارد لأن المطعم تأخر وراحت التقييم,2025-05-29,2006229
twitter,keeta_couriers,توصيل,وصلت ٢٠٠ طلب هذا الشهر الحمد لله,2025-05-29,2006249
twitter,jahez_couriers,توصيل,والله اذا موترك ينفع في النقل الموجه افضل بمليون مرة,2025-05-29,2006269
telegram,mrsool_delivery,توصيل,رحت محل اكل هندي وجبت طلب وشوربة واقعة جاني خصم ٥٠ ريال,2025-05-29,2006287
telegram,mrsool_delivery,توصيل,سلام وصلت طلب وسلمته للعميل بيدي وبعد نص ساعة خصموا قيمة الطلب,2025-05-29,2006315
telegram,mrsool_delivery,توصيل,الدراجة تعطلت اليوم وخسرت شغل,2025-05-29,2006324
telegram,mostaql_workers,عمل_حر,كيف أحسن بروفايلي في مستقل وأحصل على عملاء,2025-05-29,2006337
twitter,freelancers_ksa,عمل_حر,كيف أحسن بروفايلي في مستقل وأحصل على عملاء,2025-05-29,2006339
telegram,freelancers_ksa,عمل_حر,التسويق الرقمي من أكثر التخصصات طلباً,2025-05-29,2006341
twitter,khamsat_ar,عمل_حر,منصة خمسات أفضل للمبتدئين في العمل الحر,2025-05-29,2006344
telegram,freelancers_ksa,عمل_حر,التسويق الرقمي من أكثر التخصصات طلباً,2025-05-29,2006359
telegram,mostaql_workers,عمل_حر,مشروع ترجمة بكم تقدر تقدم,2025-05-29,2006360
telegram,freelancers_ksa,عمل_حر,أكملت مشروع تصميم بـ ٨٠٠ ريال في مستقل,2025-05-29,2006366
telegram,Captains_saudi,نقل,وصلت ٥٠ رحلة هذا الأسبوع الحمد لله رب العالمين,2025-05-30,2005814
twitter,careem_drivers_sa,نقل,أوبر أفضل من بولت في توزيع الرحلات عندي,2025-05-30,2005842
telegram,bolt_drivers_ksa,نقل,والله زمان كان فيها خير اما الان مو المستفيد الا التطبيق,2025-05-30,2005844
twitter,bolt_drivers_ksa,نقل,رفضت رحلة بعيدة وخسرت bonus الاسبوع,2025-05-30,2005852
telegram,careem_drivers_sa,نقل,بولت نسبة عالية خير ياطير اذا عوضنا,2025-05-30,2005860
telegram,jeeny_ksa,نقل,الذروة في كريم حمراء والطلبات ورا بعض بالمدينة,2025-05-30,2005884
telegram,CreemUber,نقل,بولت نسبة عالية خير ياطير اذا عوضنا,2025-05-30,2005907
telegram,wasselni_drivers,نقل,ما يستاهل لا تعب ولا وقت المشوار بعيد والربح ضعيف,2025-05-30,2005914
telegram,bolt_drivers_ksa,نقل,بولت نسبة عالية خير ياطير اذا عوضنا,2025-05-30,2005943
telegram,السائقين_السعوديين,نقل,بولت نسبة عالية خير ياطير اذا عوضنا,2025-05-30,2006011
twitter,jahez_couriers,توصيل,جاهز أحسن من مرسول في التوزيع والسعر,2025-05-30,2006098
twitter,jahez_couriers,توصيل,المخالفين موصلين ٣٠٠ وشوي الشهر اللي فات انا بقوة وصلت ٢٩٠,2025-05-30,2006127
telegram,thechefs_ksa,توصيل,سلام وصلت طلب وسلمته للعميل بيدي وبعد نص ساعة خصموا قيمة الطلب,2025-05-30,2006224
telegram,delivery_ksa,توصيل,مرسول الطلبات فل بس عيبه اطلب اي شي روح بنفسك,2025-05-30,2006262
twitter,keeta_couriers,توصيل,وصلت ٢٠٠ طلب هذا الشهر الحمد لله,2025-05-30,2006290
telegram,jahez_couriers,توصيل,مشوار ابو ٢٠ زمان في كيتا الحين ب٩,2025-05-30,2006300
telegram,السائقين_السعوديين,نقل,كم متوسط دخل الكابتن في الرياض شهريًا حاليًا,2025-05-31,2005810
telegram,jeeny_ksa,نقل,بولت انا مااوثق في اي زبون يقولي بحولك مابحولك,2025-05-31,2005838
twitter,kayan_ksa,نقل,عميل تقييمه منخفض لا تاخذ مرة,2025-05-31,2005845
telegram,uber_ksa_drivers,نقل,الزحمة في الرياض قاتلة والأرباح نازلة,2025-05-31,2005861
twitter,kayan_ksa,نقل,بولت انا مااوثق في اي زبون يقولي بحولك مابحولك,2025-05-31,2005896
telegram,careem_drivers_sa,نقل,وصليني مافيه طلبات كافية في منطقتي,2025-05-31,2005898
telegram,bolt_drivers_ksa,نقل,محتاج سيارة جديدة السيارة الحالية تعبت من كثر الشغل,2025-05-31,2005899
telegram,السائقين_السعوديين,نقل,كم متوسط دخل الكابتن في الرياض شهريًا حاليًا,2025-05-31,2005912
telegram,CreemUber,نقل,ما يستاهل لا تعب ولا وقت المشوار بعيد والربح ضعيف,2025-05-31,2005936
twitter,CreemUber,نقل,أحسن أوقات الشغل الفطور والغداء والذروة المسائية,2025-05-31,2005981
twitter,kayan_ksa,نقل,اوبر مادري كيف يفكرون جاني مشوار والطرق كلها مقفله,2025-05-31,2005999
telegram,kayan_ksa,نقل,عميل تقييمه منخفض لا تاخذ مرة,2025-05-31,2006003
telegram,mrsool_delivery,توصيل,الدراجة تعطلت اليوم وخسرت شغل,2025-05-31,2006089
telegram,toYou_couriers,توصيل,مانبي نقطع رزق احد بس والله غبنه توقف عند المطاعم وتنتظر,2025-05-31,2006100
telegram,delivery_ksa,توصيل,مو محل وموظفين اغبياء هم الغلطانين مو المندوب,2025-05-31,2006101
telegram,keeta_couriers,توصيل,مو محل وموظفين اغبياء هم الغلطانين مو المندوب,2025-05-31,2006110
twitter,HungerStation_drivers,توصيل,مانبي نقطع رزق احد بس والله غبنه توقف عند المطاعم وتنتظر,2025-05-31,2006177
telegram,toYou_couriers,توصيل,مو محل وموظفين اغبياء هم الغلطانين مو المندوب,2025-05-31,2006178
telegram,toYou_couriers,توصيل,طلب وصل بارد لأن المطعم تأخر وراحت التقييم,2025-05-31,2006179
telegram,HungerStation_drivers,توصيل,المخالفين موصلين ٣٠٠ وشوي الشهر اللي فات انا بقوة وصلت ٢٩٠,2025-05-31,2006181
telegram,delivery_ksa,توصيل,مشكلة الباكدج الكبير ما يناسب الدراجة,2025-05-31,2006194
telegram,keeta_couriers,توصيل,المندوب المخالف يأكل حرام رزق شخص نظامي,2025-05-31,2006209
twitter,HungerStation_drivers,توصيل,وصلت طلبات وطلعت ب١١٠ ريال لكن ليش ما اتضافت للسحب,2025-05-31,2006236
telegram,delivery_ksa,توصيل,مرسول الطلبات فل بس عيبه اطلب اي شي روح بنفسك,2025-05-31,2006268
telegram,mrsool_delivery,توصيل,هنقرستيشن يقولك رجع الطلب سوبر ماركت هنقرستيشن,2025-05-31,2006272
twitter,jahez_couriers,توصيل,ياشباب امس المغرب حولت مبلغ من كيتا ولحد الان ما وصلت,2025-05-31,2006299
telegram,jahez_couriers,توصيل,توصيل في الأمطار خطر بدون مكافأة من التطبيق,2025-05-31,2006301
telegram,mrsool_delivery,توصيل,رحت محل اكل هندي وجبت طلب وشوربة واقعة جاني خصم ٥٠ ريال,2025-05-31,2006322
telegram,khamsat_ar,عمل_حر,مشروع ترجمة بكم تقدر تقدم,2025-05-31,2006361
telegram,freelancers_ksa,عمل_حر,بدأت فريلانس من بيتي والدخل تحسن الحمد لله,2025-05-31,2006380
twitter,bolt_drivers_ksa,نقل,محتاج سيارة جديدة السيارة الحالية تعبت من كثر الشغل,2025-06-01,2005340
telegram,careem_drivers_sa,نقل,الزحمة في الرياض قاتلة والأرباح نازلة,2025-06-01,2005376
telegram,toYou_couriers,توصيل,وصلت ٢٠٠ طلب هذا الشهر الحمد لله,2025-06-01,2005414
telegram,keeta_couriers,توصيل,ذا شيفز تعاملهم مع المناديب أحسن من كيتا,2025-06-01,2005423
telegram,mrsool_delivery,توصيل,ياخوان الطلبات وقفت عندي من ساعة م جاني ولا طلب,2025-06-01,2005431
telegram,delivery_ksa,توصيل,مشوار ابو ٢٠ زمان في كيتا الحين ب٩,2025-06-01,2005470
telegram,mrsool_delivery,توصيل,مرسول الطلبات فل بس عيبه اطلب اي شي روح بنفسك,2025-06-01,2005471
telegram,toYou_couriers,توصيل,مشكلة الباكدج الكبير ما يناسب الدراجة,2025-06-01,2005486
telegram,HungerStation_drivers,توصيل,مرسول رقم واحد بالتعويض يقولك توصل موقع العميل كلمنا,2025-06-01,2005536
telegram,keeta_couriers,توصيل,سلام وصلت طلب وسلمته للعميل بيدي وبعد نص ساعة خصموا قيمة الطلب,2025-06-01,2005561
telegram,HungerStation_drivers,توصيل,مانبي نقطع رزق احد بس والله غبنه توقف عند المطاعم وتنتظر,2025-06-01,2005585
twitter,delivery_ksa,توصيل,امس وصلت طلب والعميل تأخر وراح عليي مكافأة موعد الوصول,2025-06-01,2005635
telegram,mostaql_workers,عمل_حر,نبي حماية للفريلانسر من الزبون اللي ما يدفع,2025-06-01,2005680
twitter,freelancers_ksa,عمل_حر,upwork أو مستقل أيهما أفضل للسعوديين,2025-06-01,2005687
twitter,khamsat_ar,عمل_حر,بدأت فريلانس من بيتي والدخل تحسن الحمد لله,2025-06-01,2005757
telegram,mostaql_workers,عمل_حر,أكملت مشروع تصميم بـ ٨٠٠ ريال في مستقل,2025-06-01,2005759
telegram,freelancers_ksa,عمل_حر,نبي حماية للفريلانسر من الزبون اللي ما يدفع,2025-06-01,2005761
telegram,khamsat_ar,عمل_حر,مشروع ترجمة بكم تقدر تقدم,2025-06-01,2005765
telegram,mostaql_workers,عمل_حر,أكملت مشروع تصميم بـ ٨٠٠ ريال في مستقل,2025-06-01,2005774
telegram,khamsat_ar,عمل_حر,دخلي من البرمجة هذا الشهر ٧٠٠٠ ريال,2025-06-01,2005781
telegram,kayan_ksa,نقل,جربت كابتن في جيني وجيت الرياض والشغل مثل الشرقية,2025-06-02,2005286
telegram,السائقين_السعوديين,نقل,جربت كابتن في جيني وجيت الرياض والشغل مثل الشرقية,2025-06-02,2005312
twitter,Captains_saudi,نقل,اتمنى الجميع يركز نتحرك بشكل جماعي نرفع شكاوى لوزارة النقل,2025-06-02,2005316
telegram,Captains_saudi,نقل,إلى متى يا اوبر نسبة عالية وفوق هذا تسعيرة زي وجهك,2025-06-02,2005353
telegram,CreemUber,نقل,عميل تقييمه منخفض لا تاخذ مرة,2025-06-02,2005401
telegram,thechefs_ksa,توصيل,هنقرستيشن يقولك رجع الطلب سوبر ماركت هنقرستيشن,2025-06-02,2005437
twitter,thechefs_ksa,توصيل,امس وصلت طلب والعميل تأخر وراح عليي مكافأة موعد الوصول,2025-06-02,2005514
telegram,thechefs_ksa,توصيل,رحت محل اكل هندي وجبت طلب وشوربة واقعة جاني خصم ٥٠ ريال,2025-06-02,2005591
telegram,toYou_couriers,توصيل,والله كيتا صار يضحك علينا الطلبات وصلت الى ٦ ريال,2025-06-02,2005633
twitter,mostaql_workers,عمل_حر,بدأت فريلانس من بيتي والدخل تحسن الحمد لله,2025-06-02,2005666
twitter,freelancers_ksa,عمل_حر,كيف أحسن بروفايلي في مستقل وأحصل على عملاء,2025-06-02,2005737
telegram,mostaql_workers,عمل_حر,بدأت فريلانس من بيتي والدخل تحسن الحمد لله,2025-06-02,2005786
twitter,Captains_saudi,نقل,جربت كابتن في جيني وجيت الرياض والشغل مثل الشرقية,2025-06-03,2005294
telegram,careem_drivers_sa,نقل,كيان وصليني تطبيقات واعدة بس تحتاج وقت,2025-06-03,2005329
twitter,Captains_saudi,نقل,كيان وصليني تطبيقات واعدة بس تحتاج وقت,2025-06-03,2005357
telegram,wasselni_drivers,نقل,وصليني مافيه طلبات كافية في منطقتي,2025-06-03,2005368
twitter,bolt_drivers_ksa,نقل,وصليني مافيه طلبات كافية في منطقتي,2025-06-03,2005370
telegram,uber_ksa_drivers,نقل,أوبر أفضل من بولت في توزيع الرحلات عندي,2025-06-03,2005380
telegram,bolt_drivers_ksa,نقل,أوبر أفضل من بولت في توزيع الرحلات عندي,2025-06-03,2005400
telegram,delivery_ksa,توصيل,مرسول الطلبات فل بس عيبه اطلب اي شي روح بنفسك,2025-06-03,2005467
telegram,delivery_ksa,توصيل,الدراجة تعطلت اليوم وخسرت شغل,2025-06-03,2005518
telegram,toYou_couriers,توصيل,كيتا الحين يقولك توصل الطلب وعشان تبلغ تأخير المطعم تنتظر,2025-06-03,2005532
twitter,toYou_couriers,توصيل,هنجرستين وكيتا حاليًا جاهز ومرسول وذا شيفز بس اقل في الطلبات,2025-06-03,2005595
telegram,HungerStation_drivers,توصيل,والله اذا موترك ينفع في النقل الموجه افضل بمليون مرة,2025-06-03,2005634
twitter,toYou_couriers,توصيل,امس السحور ٩ ريال و ١٠ ريال من كيتا ليش ولا حق التعب,2025-06-03,2005636
telegram,mrsool_delivery,توصيل,سلام وصلت طلب وسلمته للعميل بيدي وبعد نص ساعة خصموا قيمة الطلب,2025-06-03,2005654
twitter,mostaql_workers,عمل_حر,منصة خمسات أفضل للمبتدئين في العمل الحر,2025-06-03,2005699
twitter,freelancers_ksa,عمل_حر,منصة خمسات أفضل للمبتدئين في العمل الحر,2025-06-03,2005754
telegram,CreemUber,نقل,السائق هو الي يتعب ولابد تكون نسبة اوبر لها حد اعلى ٢٠ ريال,2025-06-04,2005259
telegram,wasselni_drivers,نقل,جربت كابتن في جيني وجيت الرياض والشغل مثل الشرقية,2025-06-04,2005325
telegram,السائقين_السعوديين,نقل,جيني وصليني الاسعار خايسه جدا يعني الكيلو اقل من ريال,2025-06-04,2005343
telegram,wasselni_drivers,نقل,اليوم الأوردرات كانت ممتازة والبخشيش زين الحمد لله,2025-06-04,2005349
telegram,careem_drivers_sa,نقل,محتاج سيارة جديدة السيارة الحالية تعبت من كثر الشغل,2025-06-04,2005372
telegram,السائقين_السعوديين,نقل,كيان التطبيق جديد بس الطلبات وايد خير من اوبر,2025-06-04,2005381
twitter,wasselni_drivers,نقل,إلى متى يا اوبر نسبة عالية وفوق هذا تسعيرة زي وجهك,2025-06-04,2005383
telegram,delivery_ksa,توصيل,امس السحور ٩ ريال و ١٠ ريال من كيتا ليش ولا حق التعب,2025-06-04,2005413
telegram,HungerStation_drivers,توصيل,واحد طالب ٣ ماء من كودو المهم يرسل يقول كنسل,2025-06-04,2005432
telegram,delivery_ksa,توصيل,مرسول فتح تسجيل جديد للموصلين هذا الأسبوع,2025-06-04,2005434
telegram,keeta_couriers,توصيل,ياشباب امس المغرب حولت مبلغ من كيتا ولحد الان ما وصلت,2025-06-04,2005520
twitter,HungerStation_drivers,توصيل,خدمة العملاء في كيتا ما تفيد تقريباً,2025-06-04,2005541
telegram,keeta_couriers,توصيل,يعطيكم العافيه يا شباب حولت مبلغ من كيتا ولحد الان ما وصلت,2025-06-04,2005569
telegram,toYou_couriers,توصيل,مرسول رقم واحد بالتعويض يقولك توصل موقع العميل كلمنا,2025-06-04,2005638
telegram,mrsool_delivery,توصيل,مو محل وموظفين اغبياء هم الغلطانين مو المندوب,2025-06-04,2005653
twitter,freelancers_ksa,عمل_حر,منصة خمسات أفضل للمبتدئين في العمل الحر,2025-06-04,2005662
twitter,mostaql_workers,عمل_حر,الزبون ما دفع بعد تسليم العمل كيف أتصرف,2025-06-04,2005686
telegram,mostaql_workers,عمل_حر,الزبون ما دفع بعد تسليم العمل كيف أتصرف,2025-06-04,2005722
twitter,mostaql_workers,عمل_حر,منصة خمسات أفضل للمبتدئين في العمل الحر,2025-06-04,2005729
telegram,mostaql_workers,عمل_حر,مشروع ترجمة بكم تقدر تقدم,2025-06-04,2005758
telegram,mostaql_workers,عمل_حر,بدأت فريلانس من بيتي والدخل تحسن الحمد لله,2025-06-04,2005777
twitter,kayan_ksa,نقل,السكوت ماراح ينفع خلونا نتحرك بشكل منظم,2025-06-05,2005278
telegram,wasselni_drivers,نقل,والله زمان كان فيها خير اما الان مو المستفيد الا التطبيق,2025-06-05,2005330
twitter,jahez_couriers,توصيل,طلب وصل بارد لأن المطعم تأخر وراحت التقييم,2025-06-05,2005405
telegram,toYou_couriers,توصيل,رحت محل اكل هندي وجبت طلب وشوربة واقعة جاني خصم ٥٠ ريال,2025-06-05,2005489
telegram,toYou_couriers,توصيل,الطلبات في رمضان تجنن ٣ أضعاف العادي,2025-06-05,2005575
telegram,mostaql_workers,عمل_حر,الزبائن الخليجيين يدفعون أحسن من العرب,2025-06-05,2005673
twitter,freelancers_ksa,عمل_حر,دخلي من البرمجة هذا الشهر ٧٠٠٠ ريال,2025-06-05,2005710
telegram,khamsat_ar,عمل_حر,ضريبة القيمة المضافة على الفريلانس كيف تشتغل,2025-06-05,2005732
twitter,mostaql_workers,عمل_حر,دخلي من البرمجة هذا الشهر ٧٠٠٠ ريال,2025-06-05,2005743
telegram,freelancers_ksa,عمل_حر,ضريبة القيمة المضافة على الفريلانس كيف تشتغل,2025-06-05,2005779
telegram,jeeny_ksa,نقل,جربت كابتن في جيني وجيت الرياض والشغل مثل الشرقية,2025-06-06,2005261
telegram,careem_drivers_sa,نقل,بولت انا مااوثق في اي زبون يقولي بحولك مابحولك,2025-06-06,2005262
telegram,السائقين_السعوديين,نقل,متوسط دخلي اليوم ١٨٠ ريال بعد البنزين,2025-06-06,2005280
telegram,CreemUber,نقل,إلى متى يا اوبر نسبة عالية وفوق هذا تسعيرة زي وجهك,2025-06-06,2005284
twitter,wasselni_drivers,نقل,والله زمان كان فيها خير اما الان مو المستفيد الا التطبيق,2025-06-06,2005309
telegram,السائقين_السعوديين,نقل,كيان التطبيق جديد بس الطلبات وايد خير من اوبر,2025-06-06,2005346
twitter,Captains_saudi,نقل,كيان التطبيق جديد بس الطلبات وايد خير من اوبر,2025-06-06,2005378
telegram,Captains_saudi,نقل,بولت انا مااوثق في اي زبون يقولي بحولك مابحولك,2025-06-06,2005387
twitter,thechefs_ksa,توصيل,مو محل وموظفين اغبياء هم الغلطانين مو المندوب,2025-06-06,2005430
telegram,toYou_couriers,توصيل,مشوار ابو ٢٠ زمان في كيتا الحين ب٩,2025-06-06,2005513
twitter,delivery_ksa,توصيل,يعطيكم العافيه يا شباب حولت مبلغ من كيتا ولحد الان ما وصلت,2025-06-06,2005574
telegram,HungerStation_drivers,توصيل,الدراجة تعطلت اليوم وخسرت شغل,2025-06-06,2005602
twitter,mrsool_delivery,توصيل,المندوب المخالف يأكل حرام رزق شخص نظامي,2025-06-06,2005649
twitter,freelancers_ksa,عمل_حر,كيف أحسن بروفايلي في مستقل وأحصل على عملاء,2025-06-06,2005744
twitter,careem_drivers_sa,نقل,اليوم الأوردرات كانت ممتازة والبخشيش زين الحمد لله,2025-06-07,2005375
telegram,wasselni_drivers,نقل,أحسن أوقات الشغل الفطور والغداء والذروة المسائية,2025-06-07,2005398
telegram,delivery_ksa,توصيل,طلب وصل بارد لأن المطعم تأخر وراحت التقييم,2025-06-07,2005448
telegram,keeta_couriers,توصيل,ياخوان الطلبات وقفت عندي من ساعة م جاني ولا طلب,2025-06-07,2005485
telegram,keeta_couriers,توصيل,طلب وصل بارد لأن المطعم تأخر وراحت التقييم,2025-06-07,2005492
telegram,toYou_couriers,توصيل,المخالفين موصلين ٣٠٠ وشوي الشهر اللي فات انا بقوة وصلت ٢٩٠,2025-06-07,2005507
telegram,mrsool_delivery,توصيل,ذا شيفز يدفع بشكل منتظم بخلاف كيتا,2025-06-07,2005550
telegram,freelancers_ksa,عمل_حر,upwork أو مستقل أيهما أفضل للسعوديين,2025-06-07,2005665
telegram,mostaql_workers,عمل_حر,نبي حماية للفريلانسر من الزبون اللي ما يدفع,2025-06-07,2005721
telegram,khamsat_ar,عمل_حر,دخلي من البرمجة هذا الشهر ٧٠٠٠ ريال,2025-06-07,2005749
twitter,freelancers_ksa,عمل_حر,ضريبة القيمة المضافة على الفريلانس كيف تشتغل,2025-06-07,2005750
telegram,mostaql_workers,عمل_حر,ضريبة القيمة المضافة على الفريلانس كيف تشتغل,2025-06-07,2005773
telegram,khamsat_ar,عمل_حر,بدأت فريلانس من بيتي والدخل تحسن الحمد لله,2025-06-07,2005785
telegram,uber_ksa_drivers,نقل,ما يستاهل لا تعب ولا وقت المشوار بعيد والربح ضعيف,2025-06-08,2005288
telegram,uber_ksa_drivers,نقل,الزحمة في الرياض قاتلة والأرباح نازلة,2025-06-08,2005295
telegram,bolt_drivers_ksa,نقل,من اشوف مشوار مو مناسب على طول ارفضه,2025-06-08,2005301
telegram,CreemUber,نقل,عميل تقييمه منخفض لا تاخذ مرة,2025-06-08,2005310
twitter,careem_drivers_sa,نقل,وصلت واحد المطار وكان مصري وحك الصدام من السيارة,2025-06-08,2005314
telegram,Captains_saudi,نقل,نسبة اوبر في مشوار المطار وصلت ٧٥٪ اخذ من الزبون ٥٩ ريال عطاني ١٢ فقط,2025-06-08,2005323
telegram,careem_drivers_sa,نقل,اقل شي ٤٥٠ واعلى شي ٥٥٠ خلال ١٢ ساعة على اوبر,2025-06-08,2005337
telegram,السائقين_السعوديين,نقل,اقل شي ٤٥٠ واعلى شي ٥٥٠ خلال ١٢ ساعة على اوبر,2025-06-08,2005345
telegram,Captains_saudi,نقل,كم متوسط دخل الكابتن في الرياض شهريًا حاليًا,2025-06-08,2005350
telegram,السائقين_السعوديين,نقل,أوبر أفضل من بولت في توزيع الرحلات عندي,2025-06-08,2005351
telegram,Captains_saudi,نقل,اذا الوقت زاد ٨ دقايق وفوق ماافكهم غير مسويلي تعويض,2025-06-08,2005361
telegram,mrsool_delivery,توصيل,سلام وصلت طلب وسلمته للعميل بيدي وبعد نص ساعة خصموا قيمة الطلب,2025-06-08,2005449
twitter,thechefs_ksa,توصيل,مشوار ابو ٢٠ زمان في كيتا الحين ب٩,2025-06-08,2005457
telegram,jahez_couriers,توصيل,وصلت طلبات وطلعت ب١١٠ ريال لكن ليش ما اتضافت للسحب,2025-06-08,2005494
telegram,toYou_couriers,توصيل,والله كيتا صار يضحك علينا الطلبات وصلت الى ٦ ريال,2025-06-08,2005495
telegram,jahez_couriers,توصيل,وصلت ٢٠٠ طلب هذا الشهر الحمد لله,2025-06-08,2005511
telegram,delivery_ksa,توصيل,مرسول شغال زي لوز ما عده كيتا,2025-06-08,2005616
telegram,keeta_couriers,توصيل,الطلبات الليلية تساوي ضعف النهارية في كيتا,2025-06-08,2005661
twitter,freelancers_ksa,عمل_حر,ضريبة القيمة المضافة على الفريلانس كيف تشتغل,2025-06-08,2005734
twitter,mostaql_workers,عمل_حر,منصة خمسات أفضل للمبتدئين في العمل الحر,2025-06-08,2005745
telegram,khamsat_ar,عمل_حر,نبي حماية للفريلانسر من الزبون اللي ما يدفع,2025-06-08,2005768
telegram,careem_drivers_sa,نقل,كم متوسط دخل الكابتن في الرياض شهريًا حاليًا,2025-06-09,2005266
telegram,kayan_ksa,نقل,متوسط دخلي اليوم ١٨٠ ريال بعد البنزين,2025-06-09,2005270
twitter,Captains_saudi,نقل,أوبر أفضل من بولت في توزيع الرحلات عندي,2025-06-09,2005300
twitter,CreemUber,نقل,اذا الوقت زاد ٨ دقايق وفوق ماافكهم غير مسويلي تعويض,2025-06-09,2005307
twitter,kayan_ksa,نقل,الزحمة في الرياض قاتلة والأرباح نازلة,2025-06-09,2005308
telegram,jeeny_ksa,نقل,محتاج سيارة جديدة السيارة الحالية تعبت من كثر الشغل,2025-06-09,2005358
telegram,jeeny_ksa,نقل,التامين على السيارة غالي علينا الشركات مو مهتمة,2025-06-09,2005373
telegram,Captains_saudi,نقل,رفضت رحلة بعيدة وخسرت bonus الاسبوع,2025-06-09,2005382
twitter,wasselni_drivers,نقل,من اشوف مشوار مو مناسب على طول ارفضه,2025-06-09,2005388
telegram,HungerStation_drivers,توصيل,يعطيكم العافيه يا شباب حولت مبلغ من كيتا ولحد الان ما وصلت,2025-06-09,2005446
telegram,keeta_couriers,توصيل,امس وصلت طلب والعميل تأخر وراح عليي مكافأة موعد الوصول,2025-06-09,2005456
telegram,keeta_couriers,توصيل,امس السحور ٩ ريال و ١٠ ريال من كيتا ليش ولا حق التعب,2025-06-09,2005493
telegram,toYou_couriers,توصيل,مانبي نقطع رزق احد بس والله غبنه توقف عند المطاعم وتنتظر,2025-06-09,2005497
telegram,delivery_ksa,توصيل,ياخوان الطلبات وقفت عندي من ساعة م جاني ولا طلب,2025-06-09,2005543
telegram,keeta_couriers,توصيل,ياخوان الطلبات وقفت عندي من ساعة م جاني ولا طلب,2025-06-09,2005567
telegram,HungerStation_drivers,توصيل,ذا شيفز الطلبات كثيرة بس المنطقة محدودة حتى الآن,2025-06-09,2005581
telegram,keeta_couriers,توصيل,الدراجة تعطلت اليوم وخسرت شغل,2025-06-09,2005589
twitter,HungerStation_drivers,توصيل,هنقرستيشن يقولك رجع الطلب سوبر ماركت هنقرستيشن,2025-06-09,2005620
telegram,HungerStation_drivers,توصيل,رحت محل اكل هندي وجبت طلب وشوربة واقعة جاني خصم ٥٠ ريال,2025-06-09,2005624
telegram,thechefs_ksa,توصيل,الحين ١٤ طلب في كيتا وما طلعت ٢٠ ريال,2025-06-09,2005660
telegram,freelancers_ksa,عمل_حر,دخلي من البرمجة هذا الشهر ٧٠٠٠ ريال,2025-06-09,2005723
telegram,السائقين_السعوديين,نقل,بولت نسبة عالية خير ياطير اذا عوضنا,2025-06-10,2005290
twitter,uber_ksa_drivers,نقل,العمل في المطارات أحسن من الشوارع الربح افضل,2025-06-10,2005291
telegram,السائقين_السعوديين,نقل,وصليني مافيه طلبات كافية في منطقتي,2025-06-10,2005318
telegram,delivery_ksa,توصيل,هنجرستين وكيتا حاليًا جاهز ومرسول وذا شيفز بس اقل في الطلبات,2025-06-10,2005452
telegram,thechefs_ksa,توصيل,توصيل في الأمطار خطر بدون مكافأة من التطبيق,2025-06-10,2005458
twitter,jahez_couriers,توصيل,مشكلة الباكدج الكبير ما يناسب الدراجة,2025-06-10,2005533
telegram,mrsool_delivery,توصيل,الطلبات في رمضان تجنن ٣ أضعاف العادي,2025-06-10,2005554
telegram,HungerStation_drivers,توصيل,واحد طالب ٣ ماء من كودو المهم يرسل يقول كنسل,2025-06-10,2005558
twitter,freelancers_ksa,عمل_حر,مشروع ترجمة بكم تقدر تقدم,2025-06-10,2005740
telegram,freelancers_ksa,عمل_حر,نبي حماية للفريلانسر من الزبون اللي ما يدفع,2025-06-10,2005752
telegram,wasselni_drivers,نقل,السائقين الأجانب يزاحمون على الرحلات في كريم,2025-06-11,2005272
twitter,CreemUber,نقل,جيني بدأ ينافس لكن ما زال الطلبات أقل,2025-06-11,2005283
telegram,السائقين_السعوديين,نقل,السكوت ماراح ينفع خلونا نتحرك بشكل منظم,2025-06-11,2005356
telegram,keeta_couriers,توصيل,مرسول الطلبات فل بس عيبه اطلب اي شي روح بنفسك,2025-06-11,2005408
telegram,delivery_ksa,توصيل,سلام وصلت طلب وسلمته للعميل بيدي وبعد نص ساعة خصموا قيمة الطلب,2025-06-11,2005427
telegram,keeta_couriers,توصيل,الطلبات في رمضان تجنن ٣ أضعاف العادي,2025-06-11,2005439
telegram,toYou_couriers,توصيل,المخالفين موصلين ٣٠٠ وشوي الشهر اللي فات انا بقوة وصلت ٢٩٠,2025-06-11,2005461
telegram,toYou_couriers,توصيل,مرسول شغال زي لوز ما عده كيتا,2025-06-11,2005469
telegram,thechefs_ksa,توصيل,مرسول رقم واحد بالتعويض يقولك توصل موقع العميل كلمنا,2025-06-11,2005474
telegram,jahez_couriers,توصيل,ذا شيفز يدفع بشكل منتظم بخلاف كيتا,2025-06-11,2005480
telegram,jahez_couriers,توصيل,يعطيكم العافيه يا شباب حولت مبلغ من كيتا ولحد الان ما وصلت,2025-06-11,2005481
twitter,keeta_couriers,توصيل,مشوار ابو ٢٠ زمان في كيتا الحين ب٩,2025-06-11,2005491
telegram,delivery_ksa,توصيل,ذا شيفز يدفع بشكل منتظم بخلاف كيتا,2025-06-11,2005530
telegram,mrsool_delivery,توصيل,هنجرستين وكيتا حاليًا جاهز ومرسول وذا شيفز بس اقل في الطلبات,2025-06-11,2005535
twitter,HungerStation_drivers,توصيل,الطلبات في رمضان تجنن ٣ أضعاف العادي,2025-06-11,2005546
telegram,HungerStation_drivers,توصيل,ياخوان الطلبات وقفت عندي من ساعة م جاني ولا طلب,2025-06-11,2005557
telegram,mrsool_delivery,توصيل,كنت اشتغل مرسول زمان اطلع ٢٠٠ في اليوم على ٨ طلبات,2025-06-11,2005560
telegram,delivery_ksa,توصيل,مانبي نقطع رزق احد بس والله غبنه توقف عند المطاعم وتنتظر,2025-06-11,2005565
twitter,thechefs_ksa,توصيل,مرسول رقم واحد بالتعويض يقولك توصل موقع العميل كلمنا,2025-06-11,2005583
telegram,thechefs_ksa,توصيل,وصلت ٢٠٠ طلب هذا الشهر الحمد لله,2025-06-11,2005600
telegram,thechefs_ksa,توصيل,المخالفين موصلين ٣٠٠ وشوي الشهر اللي فات انا بقوة وصلت ٢٩٠,2025-06-11,2005646
telegram,mostaql_workers,عمل_حر,upwork أو مستقل أيهما أفضل للسعوديين,2025-06-11,2005670
twitter,freelancers_ksa,عمل_حر,الزبون ما دفع بعد تسليم العمل كيف أتصرف,2025-06-11,2005691
twitter,careem_drivers_sa,نقل,من حقك ترفض خدمته سيارتك وترفع بلاغ,2025-06-12,2005271
twitter,uber_ksa_drivers,نقل,السائقين الأجانب يزاحمون على الرحلات في كريم,2025-06-12,2005296
telegram,uber_ksa_drivers,نقل,جيني بدأ ينافس لكن ما زال الطلبات أقل,2025-06-12,2005320
telegram,السائقين_السعوديين,نقل,الذروة في كريم حمراء والطلبات ورا بعض بالمدينة,2025-06-12,2005347
telegram,wasselni_drivers,نقل,ودي اشتغل ف بولت بجانب اوبر ممكن؟,2025-06-12,2005363
twitter,delivery_ksa,توصيل,وصلت ٢٠٠ طلب هذا الشهر الحمد لله,2025-06-12,2005473
telegram,mrsool_delivery,توصيل,ذا شيفز تعاملهم مع المناديب أحسن من كيتا,2025-06-12,2005527
twitter,thechefs_ksa,توصيل,ذا شيفز يدفع بشكل منتظم بخلاف كيتا,2025-06-12,2005544
telegram,delivery_ksa,توصيل,طلب وصل بارد لأن المطعم تأخر وراحت التقييم,2025-06-12,2005545
telegram,jahez_couriers,توصيل,الدراجة تعطلت اليوم وخسرت شغل,2025-06-12,2005604
telegram,jahez_couriers,توصيل,والله كيتا صار يضحك علينا الطلبات وصلت الى ٦ ريال,2025-06-12,2005605
telegram,keeta_couriers,توصيل,الطلبات الليلية تساوي ضعف النهارية في كيتا,2025-06-12,2005637
twitter,HungerStation_drivers,توصيل,مرسول فتح تسجيل جديد للموصلين هذا الأسبوع,2025-06-12,2005639
telegram,freelancers_ksa,عمل_حر,التسويق الرقمي من أكثر التخصصات طلباً,2025-06-12,2005684
telegram,khamsat_ar,عمل_حر,كيف أحسن بروفايلي في مستقل وأحصل على عملاء,2025-06-12,2005695
twitter,khamsat_ar,عمل_حر,منصة خمسات أفضل للمبتدئين في العمل الحر,2025-06-12,2005705
telegram,freelancers_ksa,عمل_حر,الزبون ما دفع بعد تسليم العمل كيف أتصرف,2025-06-12,2005716
telegram,khamsat_ar,عمل_حر,الفريلانس في السعودية بدأ ينمو بشكل كبير,2025-06-12,2005748
twitter,freelancers_ksa,عمل_حر,بدأت فريلانس من بيتي والدخل تحسن الحمد لله,2025-06-12,2005751
telegram,mostaql_workers,عمل_حر,بدأت فريلانس من بيتي والدخل تحسن الحمد لله,2025-06-12,2005778
telegram,wasselni_drivers,نقل,ذروة ب كاش مع نسبتهم تشوفه مبلغ كويس بس يجيك بمشوار واحد بطاقة,2025-06-13,2005269
telegram,CreemUber,نقل,وصلت واحد المطار وكان مصري وحك الصدام من السيارة,2025-06-13,2005339
telegram,mrsool_delivery,توصيل,سلام وصلت طلب وسلمته للعميل بيدي وبعد نص ساعة خصموا قيمة الطلب,2025-06-13,2005411
telegram,thechefs_ksa,توصيل,مشكلة الباكدج الكبير ما يناسب الدراجة,2025-06-13,2005459
telegram,jahez_couriers,توصيل,ذا شيفز يدفع بشكل منتظم بخلاف كيتا,2025-06-13,2005549
twitter,jahez_couriers,توصيل,ذا شيفز الطلبات كثيرة بس المنطقة محدودة حتى الآن,2025-06-13,2005572
telegram,toYou_couriers,توصيل,واحد طالب ٣ ماء من كودو المهم يرسل يقول كنسل,2025-06-13,2005608
telegram,jahez_couriers,توصيل,مو محل وموظفين اغبياء هم الغلطانين مو المندوب,2025-06-13,2005609
telegram,mostaql_workers,عمل_حر,منصة خمسات أفضل للمبتدئين في العمل الحر,2025-06-13,2005706
telegram,mostaql_workers,عمل_حر,upwork أو مستقل أيهما أفضل للسعوديين,2025-06-13,2005714
twitter,freelancers_ksa,عمل_حر,مشروع ترجمة بكم تقدر تقدم,2025-06-13,2005727
telegram,mostaql_workers,عمل_حر,كيف أحسن بروفايلي في مستقل وأحصل على عملاء,2025-06-13,2005746
twitter,mostaql_workers,عمل_حر,نبي حماية للفريلانسر من الزبون اللي ما يدفع,2025-06-13,2005763
telegram,CreemUber,نقل,اليوم الأوردرات كانت ممتازة والبخشيش زين الحمد لله,2025-06-14,2005255
telegram,kayan_ksa,نقل,متوسط دخلي اليوم ١٨٠ ريال بعد البنزين,2025-06-14,2005276
telegram,jeeny_ksa,نقل,عميل تقييمه منخفض لا تاخذ مرة,2025-06-14,2005277
twitter,jeeny_ksa,نقل,بولت انا مااوثق في اي زبون يقولي بحولك مابحولك,2025-06-14,2005297
telegram,wasselni_drivers,نقل,بولت نسبة عالية خير ياطير اذا عوضنا,2025-06-14,2005304
twitter,uber_ksa_drivers,نقل,وصلت ٥٠ رحلة هذا الأسبوع الحمد لله رب العالمين,2025-06-14,2005306
telegram,jeeny_ksa,نقل,محتاج سيارة جديدة السيارة الحالية تعبت من كثر الشغل,2025-06-14,2005390
telegram,Captains_saudi,نقل,اوبر زود على نسبة الالغاء وانا ما قدرت اوصل للعميل,2025-06-14,2005394
telegram,thechefs_ksa,توصيل,الدراجة تعطلت اليوم وخسرت شغل,2025-06-14,2005416
telegram,jahez_couriers,توصيل,المخالفين موصلين ٣٠٠ وشوي الشهر اللي فات انا بقوة وصلت ٢٩٠,2025-06-14,2005420
telegram,jahez_couriers,توصيل,مشوار ابو ٢٠ زمان في كيتا الحين ب٩,2025-06-14,2005426
telegram,delivery_ksa,توصيل,كنت اشتغل مرسول زمان اطلع ٢٠٠ في اليوم على ٨ طلبات,2025-06-14,2005433
telegram,mrsool_delivery,توصيل,الاسعار اختلفت بعد كثرة المنافسين ودخول كيتا بالاخص,2025-06-14,2005447
telegram,delivery_ksa,توصيل,ذا شيفز تعاملهم مع المناديب أحسن من كيتا,2025-06-14,2005478
telegram,toYou_couriers,توصيل,رحت محل اكل هندي وجبت طلب وشوربة واقعة جاني خصم ٥٠ ريال,2025-06-14,2005506
twitter,thechefs_ksa,توصيل,يعطيكم العافيه يا شباب حولت مبلغ من كيتا ولحد الان ما وصلت,2025-06-14,2005524
telegram,HungerStation_drivers,توصيل,رحت محل اكل هندي وجبت طلب وشوربة واقعة جاني خصم ٥٠ ريال,2025-06-14,2005531
twitter,toYou_couriers,توصيل,الحين ١٤ طلب في كيتا وما طلعت ٢٠ ريال,2025-06-14,2005540
telegram,toYou_couriers,توصيل,وصلت ٢٠٠ طلب هذا الشهر الحمد لله,2025-06-14,2005592
twitter,delivery_ksa,توصيل,امس السحور ٩ ريال و ١٠ ريال من كيتا ليش ولا حق التعب,2025-06-14,2005594
telegram,delivery_ksa,توصيل,امس السحور ٩ ريال و ١٠ ريال من كيتا ليش ولا حق التعب,2025-06-14,2005656
telegram,freelancers_ksa,عمل_حر,التسويق الرقمي من أكثر التخصصات طلباً,2025-06-14,2005696
twitter,khamsat_ar,عمل_حر,دخلي من البرمجة هذا الشهر ٧٠٠٠ ريال,2025-06-14,2005702
telegram,freelancers_ksa,عمل_حر,ضريبة القيمة المضافة على الفريلانس كيف تشتغل,2025-06-14,2005736
twitter,mostaql_workers,عمل_حر,نبي حماية للفريلانسر من الزبون اللي ما يدفع,2025-06-14,2005769
telegram,kayan_ksa,نقل,إلى متى يا اوبر نسبة عالية وفوق هذا تسعيرة زي وجهك,2025-06-15,2005257
twitter,careem_drivers_sa,نقل,والله زمان كان فيها خير اما الان مو المستفيد الا التطبيق,2025-06-15,2005285
twitter,jeeny_ksa,نقل,بولت نسبة عالية خير ياطير اذا عوضنا,2025-06-15,2005344
twitter,السائقين_السعوديين,نقل,كم متوسط دخل الكابتن في الرياض شهريًا حاليًا,2025-06-15,2005365
twitter,keeta_couriers,توصيل,مانبي نقطع رزق احد بس والله غبنه توقف عند المطاعم وتنتظر,2025-06-15,2005407
twitter,mrsool_delivery,توصيل,ياخوان الطلبات وقفت عندي من ساعة م جاني ولا طلب,2025-06-15,2005419
telegram,thechefs_ksa,توصيل,مشوار ابو ٢٠ زمان في كيتا الحين ب٩,2025-06-15,2005465
telegram,toYou_couriers,توصيل,الحين ١٤ طلب في كيتا وما طلعت ٢٠ ريال,2025-06-15,2005496
twitter,thechefs_ksa,توصيل,والله كيتا صار يضحك علينا الطلبات وصلت الى ٦ ريال,2025-06-15,2005555
twitter,keeta_couriers,توصيل,جدة من ٥ ايام ما في طلبات او طلبين بالكثير ايش المشكلة في كيتا,2025-06-15,2005622
telegram,keeta_couriers,توصيل,امس وصلت طلب والعميل تأخر وراح عليي مكافأة موعد الوصول,2025-06-15,2005626
twitter,thechefs_ksa,توصيل,توصيل في الأمطار خطر بدون مكافأة من التطبيق,2025-06-15,2005651
telegram,mrsool_delivery,توصيل,الدراجة تعطلت اليوم وخسرت شغل,2025-06-15,2005658
telegram,freelancers_ksa,عمل_حر,بدأت فريلانس من بيتي والدخل تحسن الحمد لله,2025-06-15,2005689
telegram,mostaql_workers,عمل_حر,كيف أحسن بروفايلي في مستقل وأحصل على عملاء,2025-06-15,2005775
telegram,khamsat_ar,عمل_حر,الفريلانس في السعودية بدأ ينمو بشكل كبير,2025-06-15,2005787
telegram,careem_drivers_sa,نقل,وصلت واحد المطار وكان مصري وحك الصدام من السيارة,2025-06-16,2005354
telegram,bolt_drivers_ksa,نقل,بولت انا مااوثق في اي زبون يقولي بحولك مابحولك,2025-06-16,2005369
telegram,careem_drivers_sa,نقل,وصلت واحد المطار وكان مصري وحك الصدام من السيارة,2025-06-16,2005379
telegram,CreemUber,نقل,بعدها على بولت خلال ٦ ساعات ٢٠٠ ريال خلال ١٦ ساعة ٧٠٠ ريال ثابتة,2025-06-16,2005386
telegram,bolt_drivers_ksa,نقل,السكوت ماراح ينفع خلونا نتحرك بشكل منظم,2025-06-16,2005402
telegram,keeta_couriers,توصيل,مشوار ابو ٢٠ زمان في كيتا الحين ب٩,2025-06-16,2005441
telegram,thechefs_ksa,توصيل,مو محل وموظفين اغبياء هم الغلطانين مو المندوب,2025-06-16,2005500
twitter,HungerStation_drivers,توصيل,توصيل في الأمطار خطر بدون مكافأة من التطبيق,2025-06-16,2005505
telegram,keeta_couriers,توصيل,الاسعار اختلفت بعد كثرة المنافسين ودخول كيتا بالاخص,2025-06-16,2005522
telegram,toYou_couriers,توصيل,والله كيتا صار يضحك علينا الطلبات وصلت الى ٦ ريال,2025-06-16,2005578
telegram,toYou_couriers,توصيل,ياخوان الطلبات وقفت عندي من ساعة م جاني ولا طلب,2025-06-16,2005598
telegram,delivery_ksa,توصيل,وصلت ٢٠٠ طلب هذا الشهر الحمد لله,2025-06-16,2005607
telegram,toYou_couriers,توصيل,امس وصلت طلب والعميل تأخر وراح عليي مكافأة موعد الوصول,2025-06-16,2005650
telegram,freelancers_ksa,عمل_حر,الزبائن الخليجيين يدفعون أحسن من العرب,2025-06-16,2005664
twitter,mostaql_workers,عمل_حر,التسويق الرقمي من أكثر التخصصات طلباً,2025-06-16,2005669
telegram,mostaql_workers,عمل_حر,upwork أو مستقل أيهما أفضل للسعوديين,2025-06-16,2005700
twitter,mostaql_workers,عمل_حر,الزبون ما دفع بعد تسليم العمل كيف أتصرف,2025-06-16,2005770
telegram,bolt_drivers_ksa,نقل,عميل تقييمه منخفض لا تاخذ مرة,2025-06-17,2005279
telegram,bolt_drivers_ksa,نقل,من اشوف مشوار مو مناسب على طول ارفضه,2025-06-17,2005333
twitter,careem_drivers_sa,نقل,أوبر أفضل من بولت في توزيع الرحلات عندي,2025-06-17,2005362
telegram,Captains_saudi,نقل,اليوم الأوردرات كانت ممتازة والبخشيش زين الحمد لله,2025-06-17,2005389
telegram,Captains_saudi,نقل,متوسط دخلي اليوم ١٨٠ ريال بعد البنزين,2025-06-17,2005396
telegram,wasselni_drivers,نقل,عميل تقييمه منخفض لا تاخذ مرة,2025-06-17,2005403
telegram,thechefs_ksa,توصيل,والله كيتا صار يضحك علينا الطلبات وصلت الى ٦ ريال,2025-06-17,2005425
telegram,mrsool_delivery,توصيل,مانبي نقطع رزق احد بس والله غبنه توقف عند المطاعم وتنتظر,2025-06-17,2005451
telegram,thechefs_ksa,توصيل,الدراجة تعطلت اليوم وخسرت شغل,2025-06-17,2005460
telegram,jahez_couriers,توصيل,يعطيكم العافيه يا شباب حولت مبلغ من كيتا ولحد الان ما وصلت,2025-06-17,2005490
telegram,toYou_couriers,توصيل,الدراجة تعطلت اليوم وخسرت شغل,2025-06-17,2005523
telegram,HungerStation_drivers,توصيل,ذا شيفز تعاملهم مع المناديب أحسن من كيتا,2025-06-17,2005547
twitter,mrsool_delivery,توصيل,المخالفين موصلين ٣٠٠ وشوي الشهر اللي فات انا بقوة وصلت ٢٩٠,2025-06-17,2005590
telegram,toYou_couriers,توصيل,رحت محل اكل هندي وجبت طلب وشوربة واقعة جاني خصم ٥٠ ريال,2025-06-17,2005593
telegram,HungerStation_drivers,توصيل,جدة من ٥ ايام ما في طلبات او طلبين بالكثير ايش المشكلة في كيتا,2025-06-17,2005611
telegram,HungerStation_drivers,توصيل,مشوار ابو ٢٠ زمان في كيتا الحين ب٩,2025-06-17,2005612
telegram,thechefs_ksa,توصيل,مشكلة الباكدج الكبير ما يناسب الدراجة,2025-06-17,2005615
telegram,jahez_couriers,توصيل,الحين ١٤ طلب في كيتا وما طلعت ٢٠ ريال,2025-06-17,2005631
telegram,toYou_couriers,توصيل,والله اذا موترك ينفع في النقل الموجه افضل بمليون مرة,2025-06-17,2005657
twitter,khamsat_ar,عمل_حر,أكملت مشروع تصميم بـ ٨٠٠ ريال في مستقل,2025-06-17,2005703
telegram,freelancers_ksa,عمل_حر,upwork أو مستقل أيهما أفضل للسعوديين,2025-06-17,2005709
twitter,khamsat_ar,عمل_حر,نبي حماية للفريلانسر من الزبون اللي ما يدفع,2025-06-17,2005717
telegram,freelancers_ksa,عمل_حر,الفريلانس في السعودية بدأ ينمو بشكل كبير,2025-06-17,2005719
twitter,khamsat_ar,عمل_حر,كيف أحسن بروفايلي في مستقل وأحصل على عملاء,2025-06-17,2005756
telegram,السائقين_السعوديين,نقل,الذروة في كريم حمراء والطلبات ورا بعض بالمدينة,2025-06-18,2005273
telegram,uber_ksa_drivers,نقل,اليوم الأوردرات كانت ممتازة والبخشيش زين الحمد لله,2025-06-18,2005289
telegram,jeeny_ksa,نقل,اوبر زود على نسبة الالغاء وانا ما قدرت اوصل للعميل,2025-06-18,2005299
telegram,السائقين_السعوديين,نقل,جيني بدأ ينافس لكن ما زال الطلبات أقل,2025-06-18,2005355
telegram,kayan_ksa,نقل,متوسط دخلي اليوم ١٨٠ ريال بعد البنزين,2025-06-18,2005364
telegram,kayan_ksa,نقل,اوبر مادري كيف يفكرون جاني مشوار والطرق كلها مقفله,2025-06-18,2005374
telegram,keeta_couriers,توصيل,كيتا الحين يقولك توصل الطلب وعشان تبلغ تأخير المطعم تنتظر,2025-06-18,2005417
telegram,jahez_couriers,توصيل,سلام وصلت طلب وسلمته للعميل بيدي وبعد نص ساعة خصموا قيمة الطلب,2025-06-18,2005418
telegram,thechefs_ksa,توصيل,هنقرستيشن يقولك رجع الطلب سوبر ماركت هنقرستيشن,2025-06-18,2005443
telegram,jahez_couriers,توصيل,واحد طالب ٣ ماء من كودو المهم يرسل يقول كنسل,2025-06-18,2005453
telegram,delivery_ksa,توصيل,طلب وصل بارد لأن المطعم تأخر وراحت التقييم,2025-06-18,2005499
telegram,keeta_couriers,توصيل,مو محل وموظفين اغبياء هم الغلطانين مو المندوب,2025-06-18,2005525
telegram,thechefs_ksa,توصيل,الاسعار اختلفت بعد كثرة المنافسين ودخول كيتا بالاخص,2025-06-18,2005539
telegram,delivery_ksa,توصيل,جدة من ٥ ايام ما في طلبات او طلبين بالكثير ايش المشكلة في كيتا,2025-06-18,2005548
telegram,toYou_couriers,توصيل,الاسعار اختلفت بعد كثرة المنافسين ودخول كيتا بالاخص,2025-06-18,2005563
telegram,toYou_couriers,توصيل,واحد طالب ٣ ماء من كودو المهم يرسل يقول كنسل,2025-06-18,2005647
twitter,khamsat_ar,عمل_حر,نبي حماية للفريلانسر من الزبون اللي ما يدفع,2025-06-18,2005674
telegram,khamsat_ar,عمل_حر,الزبائن الخليجيين يدفعون أحسن من العرب,2025-06-18,2005690
telegram,mostaql_workers,عمل_حر,ضريبة القيمة المضافة على الفريلانس كيف تشتغل,2025-06-18,2005693
telegram,freelancers_ksa,عمل_حر,الفريلانس في السعودية بدأ ينمو بشكل كبير,2025-06-18,2005697
telegram,khamsat_ar,عمل_حر,كيف أحسن بروفايلي في مستقل وأحصل على عملاء,2025-06-18,2005720
telegram,mostaql_workers,عمل_حر,كيف أحسن بروفايلي في مستقل وأحصل على عملاء,2025-06-18,2005733
telegram,CreemUber,نقل,الزحمة في الرياض قاتلة والأرباح نازلة,2025-06-19,2005395
telegram,jahez_couriers,توصيل,امس السحور ٩ ريال و ١٠ ريال من كيتا ليش ولا حق التعب,2025-06-19,2005440
telegram,toYou_couriers,توصيل,ياخوان الطلبات وقفت عندي من ساعة م جاني ولا طلب,2025-06-19,2005466
telegram,mrsool_delivery,توصيل,المخالفين موصلين ٣٠٠ وشوي الشهر اللي فات انا بقوة وصلت ٢٩٠,2025-06-19,2005472
telegram,thechefs_ksa,توصيل,مرسول فتح تسجيل جديد للموصلين هذا الأسبوع,2025-06-19,2005487
telegram,toYou_couriers,توصيل,هنقرستيشن يقولك رجع الطلب سوبر ماركت هنقرستيشن,2025-06-19,2005517
telegram,keeta_couriers,توصيل,خدمة العملاء في كيتا ما تفيد تقريباً,2025-06-19,2005534
telegram,keeta_couriers,توصيل,رحت محل اكل هندي وجبت طلب وشوربة واقعة جاني خصم ٥٠ ريال,2025-06-19,2005577
telegram,jahez_couriers,توصيل,مشكلة الباكدج الكبير ما يناسب الدراجة,2025-06-19,2005601
twitter,freelancers_ksa,عمل_حر,دخلي من البرمجة هذا الشهر ٧٠٠٠ ريال,2025-06-19,2005681
twitter,mostaql_workers,عمل_حر,ضريبة القيمة المضافة على الفريلانس كيف تشتغل,2025-06-19,2005728
telegram,freelancers_ksa,عمل_حر,الفريلانس في السعودية بدأ ينمو بشكل كبير,2025-06-19,2005739
twitter,khamsat_ar,عمل_حر,نبي حماية للفريلانسر من الزبون اللي ما يدفع,2025-06-19,2005772
telegram,mostaql_workers,عمل_حر,الفريلانس في السعودية بدأ ينمو بشكل كبير,2025-06-19,2005788
telegram,careem_drivers_sa,نقل,أحسن أوقات الشغل الفطور والغداء والذروة المسائية,2025-06-20,2005292
telegram,CreemUber,نقل,اتمنى الجميع يركز نتحرك بشكل جماعي نرفع شكاوى لوزارة النقل,2025-06-20,2005321
telegram,jeeny_ksa,نقل,التامين على السيارة غالي علينا الشركات مو مهتمة,2025-06-20,2005359
twitter,kayan_ksa,نقل,وصليني مافيه طلبات كافية في منطقتي,2025-06-20,2005392
telegram,HungerStation_drivers,توصيل,توصيل في الأمطار خطر بدون مكافأة من التطبيق,2025-06-20,2005421
telegram,jahez_couriers,توصيل,كيتا يلعبون على المندوب عشان يخصمون مكافأة التوصيل في الوقت,2025-06-20,2005442
telegram,keeta_couriers,توصيل,سلام وصلت طلب وسلمته للعميل بيدي وبعد نص ساعة خصموا قيمة الطلب,2025-06-20,2005464
telegram,mrsool_delivery,توصيل,خدمة العملاء في كيتا ما تفيد تقريباً,2025-06-20,2005501
telegram,delivery_ksa,توصيل,طلب وصل بارد لأن المطعم تأخر وراحت التقييم,2025-06-20,2005566
telegram,keeta_couriers,توصيل,كيتا الحين يقولك توصل الطلب وعشان تبلغ تأخير المطعم تنتظر,2025-06-20,2005582
telegram,delivery_ksa,توصيل,الطلبات الليلية تساوي ضعف النهارية في كيتا,2025-06-20,2005619
telegram,jahez_couriers,توصيل,وصلت ٢٠٠ طلب هذا الشهر الحمد لله,2025-06-20,2005643
telegram,freelancers_ksa,عمل_حر,مشروع ترجمة بكم تقدر تقدم,2025-06-20,2005741
twitter,careem_drivers_sa,نقل,اوبر مادري كيف يفكرون جاني مشوار والطرق كلها مقفله,2025-06-21,2005258
telegram,kayan_ksa,نقل,وصلت واحد المطار وكان مصري وحك الصدام من السيارة,2025-06-21,2005260
telegram,CreemUber,نقل,اليوم الأوردرات كانت ممتازة والبخشيش زين الحمد لله,2025-06-21,2005263
telegram,careem_drivers_sa,نقل,الزحمة في الرياض قاتلة والأرباح نازلة,2025-06-21,2005317
telegram,careem_drivers_sa,نقل,اقل شي ٤٥٠ واعلى شي ٥٥٠ خلال ١٢ ساعة على اوبر,2025-06-21,2005322
telegram,jeeny_ksa,نقل,اذا الوقت زاد ٨ دقايق وفوق ماافكهم غير مسويلي تعويض,2025-06-21,2005338
telegram,السائقين_السعوديين,نقل,أحسن أوقات الشغل الفطور والغداء والذروة المسائية,2025-06-21,2005371
telegram,kayan_ksa,نقل,من اشوف مشوار مو مناسب على طول ارفضه,2025-06-21,2005397
telegram,mrsool_delivery,توصيل,سلام وصلت طلب وسلمته للعميل بيدي وبعد نص ساعة خصموا قيمة الطلب,2025-06-21,2005406
twitter,HungerStation_drivers,توصيل,مرسول فتح تسجيل جديد للموصلين هذا الأسبوع,2025-06-21,2005424
telegram,mrsool_delivery,توصيل,مشكلة الباكدج الكبير ما يناسب الدراجة,2025-06-21,2005428
telegram,delivery_ksa,توصيل,مرسول رقم واحد بالتعويض يقولك توصل موقع العميل كلمنا,2025-06-21,2005444
twitter,mrsool_delivery,توصيل,طلب وصل بارد لأن المطعم تأخر وراحت التقييم,2025-06-21,2005455
telegram,keeta_couriers,توصيل,الطلبات في رمضان تجنن ٣ أضعاف العادي,2025-06-21,2005475
telegram,delivery_ksa,توصيل,مو محل وموظفين اغبياء هم الغلطانين مو المندوب,2025-06-21,2005488
telegram,HungerStation_drivers,توصيل,كيتا الحين يقولك توصل الطلب وعشان تبلغ تأخير المطعم تنتظر,2025-06-21,2005508
twitter,keeta_couriers,توصيل,كيتا الحين يقولك توصل الطلب وعشان تبلغ تأخير المطعم تنتظر,2025-06-21,2005509
telegram,thechefs_ksa,توصيل,جدة من ٥ ايام ما في طلبات او طلبين بالكثير ايش المشكلة في كيتا,2025-06-21,2005571
telegram,mrsool_delivery,توصيل,واحد طالب ٣ ماء من كودو المهم يرسل يقول كنسل,2025-06-21,2005618
twitter,jahez_couriers,توصيل,هنجرستين وكيتا حاليًا جاهز ومرسول وذا شيفز بس اقل في الطلبات,2025-06-21,2005630
telegram,keeta_couriers,توصيل,واحد طالب ٣ ماء من كودو المهم يرسل يقول كنسل,2025-06-21,2005641
telegram,freelancers_ksa,عمل_حر,الفريلانس في السعودية بدأ ينمو بشكل كبير,2025-06-21,2005678
twitter,mostaql_workers,عمل_حر,الزبون ما دفع بعد تسليم العمل كيف أتصرف,2025-06-21,2005711
telegram,freelancers_ksa,عمل_حر,منصة خمسات أفضل للمبتدئين في العمل الحر,2025-06-21,2005715
telegram,freelancers_ksa,عمل_حر,بدأت فريلانس من بيتي والدخل تحسن الحمد لله,2025-06-21,2005762
telegram,bolt_drivers_ksa,نقل,السائقين الأجانب يزاحمون على الرحلات في كريم,2025-06-22,2005274
telegram,wasselni_drivers,نقل,جيني بدأ ينافس لكن ما زال الطلبات أقل,2025-06-22,2005281
telegram,kayan_ksa,نقل,كم متوسط دخل الكابتن في الرياض شهريًا حاليًا,2025-06-22,2005324
twitter,uber_ksa_drivers,نقل,التامين على السيارة غالي علينا الشركات مو مهتمة,2025-06-22,2005326
telegram,Captains_saudi,نقل,رفضت رحلة بعيدة وخسرت bonus الاسبوع,2025-06-22,2005341
twitter,wasselni_drivers,نقل,نبي نظام تأمين صحي للسائقين مثل الموظفين,2025-06-22,2005348
twitter,bolt_drivers_ksa,نقل,التامين على السيارة غالي علينا الشركات مو مهتمة,2025-06-22,2005367
telegram,thechefs_ksa,توصيل,جدة من ٥ ايام ما في طلبات او طلبين بالكثير ايش المشكلة في كيتا,2025-06-22,2005404
twitter,HungerStation_drivers,توصيل,الدراجة تعطلت اليوم وخسرت شغل,2025-06-22,2005415
telegram,keeta_couriers,توصيل,وصلت طلبات وطلعت ب١١٠ ريال لكن ليش ما اتضافت للسحب,2025-06-22,2005438
telegram,delivery_ksa,توصيل,ذا شيفز يدفع بشكل منتظم بخلاف كيتا,2025-06-22,2005463
telegram,toYou_couriers,توصيل,ياشباب امس المغرب حولت مبلغ من كيتا ولحد الان ما وصلت,2025-06-22,2005498
telegram,mrsool_delivery,توصيل,وصلت طلبات وطلعت ب١١٠ ريال لكن ليش ما اتضافت للسحب,2025-06-22,2005542
telegram,keeta_couriers,توصيل,المندوب المخالف يأكل حرام رزق شخص نظامي,2025-06-22,2005573
telegram,toYou_couriers,توصيل,الطلبات الليلية تساوي ضعف النهارية في كيتا,2025-06-22,2005614
twitter,khamsat_ar,عمل_حر,التسويق الرقمي من أكثر التخصصات طلباً,2025-06-22,2005668
twitter,mostaql_workers,عمل_حر,الفريلانس في السعودية بدأ ينمو بشكل كبير,2025-06-22,2005694
twitter,freelancers_ksa,عمل_حر,نبي حماية للفريلانسر من الزبون اللي ما يدفع,2025-06-22,2005704
twitter,khamsat_ar,عمل_حر,دخلي من البرمجة هذا الشهر ٧٠٠٠ ريال,2025-06-22,2005707
telegram,mostaql_workers,عمل_حر,أكملت مشروع تصميم بـ ٨٠٠ ريال في مستقل,2025-06-22,2005724
twitter,khamsat_ar,عمل_حر,أكملت مشروع تصميم بـ ٨٠٠ ريال في مستقل,2025-06-22,2005738
telegram,mostaql_workers,عمل_حر,upwork أو مستقل أيهما أفضل للسعوديين,2025-06-22,2005780
telegram,mostaql_workers,عمل_حر,أكملت مشروع تصميم بـ ٨٠٠ ريال في مستقل,2025-06-22,2005782
telegram,uber_ksa_drivers,نقل,نبي نظام تأمين صحي للسائقين مثل الموظفين,2025-06-23,2005256
telegram,CreemUber,نقل,اقل شي ٤٥٠ واعلى شي ٥٥٠ خلال ١٢ ساعة على اوبر,2025-06-23,2005282
telegram,السائقين_السعوديين,نقل,الذروة في كريم حمراء والطلبات ورا بعض بالمدينة,2025-06-23,2005298
twitter,السائقين_السعوديين,نقل,اذا الوقت زاد ٨ دقايق وفوق ماافكهم غير مسويلي تعويض,2025-06-23,2005342
telegram,uber_ksa_drivers,نقل,نسبة اوبر في مشوار المطار وصلت ٧٥٪ اخذ من الزبون ٥٩ ريال عطاني ١٢ فقط,2025-06-23,2005352
telegram,keeta_couriers,توصيل,ذا شيفز يدفع بشكل منتظم بخلاف كيتا,2025-06-23,2005410
telegram,keeta_couriers,توصيل,كنت اشتغل مرسول زمان اطلع ٢٠٠ في اليوم على ٨ طلبات,2025-06-23,2005422
telegram,mrsool_delivery,توصيل,الحين ١٤ طلب في كيتا وما طلعت ٢٠ ريال,2025-06-23,2005435
telegram,jahez_couriers,توصيل,ياشباب امس المغرب حولت مبلغ من كيتا ولحد الان ما وصلت,2025-06-23,2005502
telegram,delivery_ksa,توصيل,الدراجة تعطلت اليوم وخسرت شغل,2025-06-23,2005526
telegram,jahez_couriers,توصيل,الطلبات في رمضان تجنن ٣ أضعاف العادي,2025-06-23,2005528
twitter,thechefs_ksa,توصيل,مرسول رقم واحد بالتعويض يقولك توصل موقع العميل كلمنا,2025-06-23,2005529
telegram,thechefs_ksa,توصيل,وصلت ٢٠٠ طلب هذا الشهر الحمد لله,2025-06-23,2005570
telegram,keeta_couriers,توصيل,جاهز أحسن من مرسول في التوزيع والسعر,2025-06-23,2005579
telegram,delivery_ksa,توصيل,المندوب المخالف يأكل حرام رزق شخص نظامي,2025-06-23,2005584
telegram,delivery_ksa,توصيل,مرسول رقم واحد بالتعويض يقولك توصل موقع العميل كلمنا,2025-06-23,2005588
telegram,delivery_ksa,توصيل,والله كيتا صار يضحك علينا الطلبات وصلت الى ٦ ريال,2025-06-23,2005603
telegram,jahez_couriers,توصيل,مشوار ابو ٢٠ زمان في كيتا الحين ب٩,2025-06-23,2005621
telegram,mostaql_workers,عمل_حر,أكملت مشروع تصميم بـ ٨٠٠ ريال في مستقل,2025-06-23,2005685
telegram,khamsat_ar,عمل_حر,نبي حماية للفريلانسر من الزبون اللي ما يدفع,2025-06-23,2005708
telegram,freelancers_ksa,عمل_حر,بدأت فريلانس من بيتي والدخل تحسن الحمد لله,2025-06-23,2005731
telegram,freelancers_ksa,عمل_حر,مشروع ترجمة بكم تقدر تقدم,2025-06-23,2005753
telegram,freelancers_ksa,عمل_حر,الزبون ما دفع بعد تسليم العمل كيف أتصرف,2025-06-23,2005776
twitter,jeeny_ksa,نقل,السائقين الأجانب يزاحمون على الرحلات في كريم,2025-06-24,2005275
telegram,uber_ksa_drivers,نقل,متوسط دخلي اليوم ١٨٠ ريال بعد البنزين,2025-06-24,2005366
telegram,jeeny_ksa,نقل,والله زمان كان فيها خير اما الان مو المستفيد الا التطبيق,2025-06-24,2005377
telegram,bolt_drivers_ksa,نقل,والله زمان كان فيها خير اما الان مو المستفيد الا التطبيق,2025-06-24,2005385
telegram,bolt_drivers_ksa,نقل,جيني بدأ ينافس لكن ما زال الطلبات أقل,2025-06-24,2005393
twitter,mrsool_delivery,توصيل,كيتا الحين يقولك توصل الطلب وعشان تبلغ تأخير المطعم تنتظر,2025-06-24,2005450
twitter,thechefs_ksa,توصيل,مرسول رقم واحد بالتعويض يقولك توصل موقع العميل كلمنا,2025-06-24,2005503
telegram,thechefs_ksa,توصيل,الحين ١٤ طلب في كيتا وما طلعت ٢٠ ريال,2025-06-24,2005516
twitter,HungerStation_drivers,توصيل,مشكلة الباكدج الكبير ما يناسب الدراجة,2025-06-24,2005519
twitter,HungerStation_drivers,توصيل,مرسول الطلبات فل بس عيبه اطلب اي شي روح بنفسك,2025-06-24,2005552
telegram,thechefs_ksa,توصيل,الحين ١٤ طلب في كيتا وما طلعت ٢٠ ريال,2025-06-24,2005564
telegram,thechefs_ksa,توصيل,الحين ١٤ طلب في كيتا وما طلعت ٢٠ ريال,2025-06-24,2005642
telegram,khamsat_ar,عمل_حر,أكملت مشروع تصميم بـ ٨٠٠ ريال في مستقل,2025-06-24,2005663
telegram,khamsat_ar,عمل_حر,الزبائن الخليجيين يدفعون أحسن من العرب,2025-06-24,2005671
twitter,mostaql_workers,عمل_حر,بدأت فريلانس من بيتي والدخل تحسن الحمد لله,2025-06-24,2005679
telegram,khamsat_ar,عمل_حر,نبي حماية للفريلانسر من الزبون اللي ما يدفع,2025-06-24,2005682
twitter,freelancers_ksa,عمل_حر,upwork أو مستقل أيهما أفضل للسعوديين,2025-06-24,2005692
telegram,khamsat_ar,عمل_حر,بدأت فريلانس من بيتي والدخل تحسن الحمد لله,2025-06-24,2005730
telegram,khamsat_ar,عمل_حر,بدأت فريلانس من بيتي والدخل تحسن الحمد لله,2025-06-24,2005747
twitter,jeeny_ksa,نقل,الذروة في كريم حمراء والطلبات ورا بعض بالمدينة,2025-06-25,2005293
telegram,uber_ksa_drivers,نقل,والله زمان كان فيها خير اما الان مو المستفيد الا التطبيق,2025-06-25,2005332
telegram,delivery_ksa,توصيل,امس السحور ٩ ريال و ١٠ ريال من كيتا ليش ولا حق التعب,2025-06-25,2005483
telegram,HungerStation_drivers,توصيل,يعطيكم العافيه يا شباب حولت مبلغ من كيتا ولحد الان ما وصلت,2025-06-25,2005484
telegram,toYou_couriers,توصيل,مشكلة الباكدج الكبير ما يناسب الدراجة,2025-06-25,2005504
telegram,keeta_couriers,توصيل,كيتا الحين يقولك توصل الطلب وعشان تبلغ تأخير المطعم تنتظر,2025-06-25,2005551
telegram,HungerStation_drivers,توصيل,المخالفين موصلين ٣٠٠ وشوي الشهر اللي فات انا بقوة وصلت ٢٩٠,2025-06-25,2005599
telegram,jahez_couriers,توصيل,ذا شيفز تعاملهم مع المناديب أحسن من كيتا,2025-06-25,2005610
twitter,delivery_ksa,توصيل,المندوب المخالف يأكل حرام رزق شخص نظامي,2025-06-25,2005625
telegram,toYou_couriers,توصيل,مشكلة الباكدج الكبير ما يناسب الدراجة,2025-06-25,2005632
telegram,khamsat_ar,عمل_حر,أكملت مشروع تصميم بـ ٨٠٠ ريال في مستقل,2025-06-25,2005771
telegram,uber_ksa_drivers,نقل,من حقك ترفض خدمته سيارتك وترفع بلاغ,2025-06-26,2005264
telegram,wasselni_drivers,نقل,جيني وصليني الاسعار خايسه جدا يعني الكيلو اقل من ريال,2025-06-26,2005265
twitter,jeeny_ksa,نقل,ذروة ب كاش مع نسبتهم تشوفه مبلغ كويس بس يجيك بمشوار واحد بطاقة,2025-06-26,2005267
telegram,السائقين_السعوديين,نقل,نبي نظام تأمين صحي للسائقين مثل الموظفين,2025-06-26,2005315
telegram,uber_ksa_drivers,نقل,كم متوسط دخل الكابتن في الرياض شهريًا حاليًا,2025-06-26,2005319
telegram,wasselni_drivers,نقل,نبي نظام تأمين صحي للسائقين مثل الموظفين,2025-06-26,2005336
telegram,Captains_saudi,نقل,عميل تقييمه منخفض لا تاخذ مرة,2025-06-26,2005399
twitter,toYou_couriers,توصيل,سلام وصلت طلب وسلمته للعميل بيدي وبعد نص ساعة خصموا قيمة الطلب,2025-06-26,2005468
telegram,HungerStation_drivers,توصيل,هنجرستين وكيتا حاليًا جاهز ومرسول وذا شيفز بس اقل في الطلبات,2025-06-26,2005476
telegram,delivery_ksa,توصيل,ذا شيفز الطلبات كثيرة بس المنطقة محدودة حتى الآن,2025-06-26,2005510
telegram,jahez_couriers,توصيل,واحد طالب ٣ ماء من كودو المهم يرسل يقول كنسل,2025-06-26,2005512
telegram,mrsool_delivery,توصيل,الحين ١٤ طلب في كيتا وما طلعت ٢٠ ريال,2025-06-26,2005521
telegram,mrsool_delivery,توصيل,ياخوان الطلبات وقفت عندي من ساعة م جاني ولا طلب,2025-06-26,2005538
telegram,HungerStation_drivers,توصيل,رحت محل اكل هندي وجبت طلب وشوربة واقعة جاني خصم ٥٠ ريال,2025-06-26,2005576
telegram,toYou_couriers,توصيل,رحت محل اكل هندي وجبت طلب وشوربة واقعة جاني خصم ٥٠ ريال,2025-06-26,2005586
telegram,HungerStation_drivers,توصيل,والله اذا موترك ينفع في النقل الموجه افضل بمليون مرة,2025-06-26,2005597
telegram,mrsool_delivery,توصيل,كيتا يلعبون على المندوب عشان يخصمون مكافأة التوصيل في الوقت,2025-06-26,2005623
telegram,HungerStation_drivers,توصيل,رحت محل اكل هندي وجبت طلب وشوربة واقعة جاني خصم ٥٠ ريال,2025-06-26,2005645
telegram,jahez_couriers,توصيل,سلام وصلت طلب وسلمته للعميل بيدي وبعد نص ساعة خصموا قيمة الطلب,2025-06-26,2005655
twitter,mostaql_workers,عمل_حر,upwork أو مستقل أيهما أفضل للسعوديين,2025-06-26,2005677
twitter,freelancers_ksa,عمل_حر,التسويق الرقمي من أكثر التخصصات طلباً,2025-06-26,2005683
twitter,khamsat_ar,عمل_حر,أكملت مشروع تصميم بـ ٨٠٠ ريال في مستقل,2025-06-26,2005698
telegram,khamsat_ar,عمل_حر,دخلي من البرمجة هذا الشهر ٧٠٠٠ ريال,2025-06-26,2005713
telegram,kayan_ksa,نقل,نسبة اوبر في مشوار المطار وصلت ٧٥٪ اخذ من الزبون ٥٩ ريال عطاني ١٢ فقط,2025-06-27,2005302
telegram,kayan_ksa,نقل,السكوت ماراح ينفع خلونا نتحرك بشكل منظم,2025-06-27,2005305
telegram,kayan_ksa,نقل,اوبر زود على نسبة الالغاء وانا ما قدرت اوصل للعميل,2025-06-27,2005360
twitter,HungerStation_drivers,توصيل,مانبي نقطع رزق احد بس والله غبنه توقف عند المطاعم وتنتظر,2025-06-27,2005409
telegram,mrsool_delivery,توصيل,كيتا يلعبون على المندوب عشان يخصمون مكافأة التوصيل في الوقت,2025-06-27,2005412
twitter,HungerStation_drivers,توصيل,مرسول فتح تسجيل جديد للموصلين هذا الأسبوع,2025-06-27,2005436
telegram,mrsool_delivery,توصيل,هنجرستين وكيتا حاليًا جاهز ومرسول وذا شيفز بس اقل في الطلبات,2025-06-27,2005445
twitter,jahez_couriers,توصيل,مشكلة الباكدج الكبير ما يناسب الدراجة,2025-06-27,2005454
telegram,jahez_couriers,توصيل,مشكلة الباكدج الكبير ما يناسب الدراجة,2025-06-27,2005477
telegram,HungerStation_drivers,توصيل,خدمة العملاء في كيتا ما تفيد تقريباً,2025-06-27,2005556
telegram,keeta_couriers,توصيل,المندوب المخالف يأكل حرام رزق شخص نظامي,2025-06-27,2005606
telegram,jahez_couriers,توصيل,رحت محل اكل هندي وجبت طلب وشوربة واقعة جاني خصم ٥٠ ريال,2025-06-27,2005617
telegram,thechefs_ksa,توصيل,وصلت طلبات وطلعت ب١١٠ ريال لكن ليش ما اتضافت للسحب,2025-06-27,2005628
telegram,delivery_ksa,توصيل,توصيل في الأمطار خطر بدون مكافأة من التطبيق,2025-06-27,2005629
telegram,keeta_couriers,توصيل,ذا شيفز الطلبات كثيرة بس المنطقة محدودة حتى الآن,2025-06-27,2005644
telegram,delivery_ksa,توصيل,الطلبات في رمضان تجنن ٣ أضعاف العادي,2025-06-27,2005652
telegram,mostaql_workers,عمل_حر,الزبائن الخليجيين يدفعون أحسن من العرب,2025-06-27,2005675
twitter,mostaql_workers,عمل_حر,أكملت مشروع تصميم بـ ٨٠٠ ريال في مستقل,2025-06-27,2005764
twitter,mostaql_workers,عمل_حر,نبي حماية للفريلانسر من الزبون اللي ما يدفع,2025-06-27,2005767
telegram,khamsat_ar,عمل_حر,منصة خمسات أفضل للمبتدئين في العمل الحر,2025-06-27,2005783
telegram,jeeny_ksa,نقل,اليوم الأوردرات كانت ممتازة والبخشيش زين الحمد لله,2025-06-28,2005287
twitter,uber_ksa_drivers,نقل,كيان وصليني تطبيقات واعدة بس تحتاج وقت,2025-06-28,2005328
twitter,Captains_saudi,نقل,السكوت ماراح ينفع خلونا نتحرك بشكل منظم,2025-06-28,2005334
telegram,CreemUber,نقل,اليوم الأوردرات كانت ممتازة والبخشيش زين الحمد لله,2025-06-28,2005335
telegram,السائقين_السعوديين,نقل,كيان وصليني تطبيقات واعدة بس تحتاج وقت,2025-06-28,2005384
telegram,Captains_saudi,نقل,كيان التطبيق جديد بس الطلبات وايد خير من اوبر,2025-06-28,2005391
telegram,keeta_couriers,توصيل,مرسول رقم واحد بالتعويض يقولك توصل موقع العميل كلمنا,2025-06-28,2005429
twitter,HungerStation_drivers,توصيل,الاسعار اختلفت بعد كثرة المنافسين ودخول كيتا بالاخص,2025-06-28,2005482
telegram,thechefs_ksa,توصيل,الطلبات في رمضان تجنن ٣ أضعاف العادي,2025-06-28,2005515
telegram,delivery_ksa,توصيل,مانبي نقطع رزق احد بس والله غبنه توقف عند المطاعم وتنتظر,2025-06-28,2005553
telegram,thechefs_ksa,توصيل,المندوب المخالف يأكل حرام رزق شخص نظامي,2025-06-28,2005587
telegram,jahez_couriers,توصيل,يعطيكم العافيه يا شباب حولت مبلغ من كيتا ولحد الان ما وصلت,2025-06-28,2005648
twitter,mostaql_workers,عمل_حر,الفريلانس في السعودية بدأ ينمو بشكل كبير,2025-06-28,2005667
telegram,freelancers_ksa,عمل_حر,ضريبة القيمة المضافة على الفريلانس كيف تشتغل,2025-06-28,2005688
twitter,mostaql_workers,عمل_حر,كيف أحسن بروفايلي في مستقل وأحصل على عملاء,2025-06-28,2005735
telegram,mostaql_workers,عمل_حر,التسويق الرقمي من أكثر التخصصات طلباً,2025-06-28,2005742
twitter,bolt_drivers_ksa,نقل,اقل شي ٤٥٠ واعلى شي ٥٥٠ خلال ١٢ ساعة على اوبر,2025-06-29,2005268
twitter,kayan_ksa,نقل,متوسط دخلي اليوم ١٨٠ ريال بعد البنزين,2025-06-29,2005327
telegram,kayan_ksa,نقل,وصلت ٥٠ رحلة هذا الأسبوع الحمد لله رب العالمين,2025-06-29,2005331
telegram,HungerStation_drivers,توصيل,هنجرستين وكيتا حاليًا جاهز ومرسول وذا شيفز بس اقل في الطلبات,2025-06-29,2005479
telegram,HungerStation_drivers,توصيل,هنقرستيشن يقولك رجع الطلب سوبر ماركت هنقرستيشن,2025-06-29,2005559
telegram,mrsool_delivery,توصيل,مرسول فتح تسجيل جديد للموصلين هذا الأسبوع,2025-06-29,2005562
telegram,HungerStation_drivers,توصيل,سلام وصلت طلب وسلمته للعميل بيدي وبعد نص ساعة خصموا قيمة الطلب,2025-06-29,2005596
telegram,keeta_couriers,توصيل,الحين ١٤ طلب في كيتا وما طلعت ٢٠ ريال,2025-06-29,2005613
telegram,keeta_couriers,توصيل,المندوب المخالف يأكل حرام رزق شخص نظامي,2025-06-29,2005640
telegram,mrsool_delivery,توصيل,مرسول فتح تسجيل جديد للموصلين هذا الأسبوع,2025-06-29,2005659
telegram,khamsat_ar,عمل_حر,الزبائن الخليجيين يدفعون أحسن من العرب,2025-06-29,2005672
telegram,mostaql_workers,عمل_حر,الفريلانس في السعودية بدأ ينمو بشكل كبير,2025-06-29,2005718
telegram,khamsat_ar,عمل_حر,الفريلانس في السعودية بدأ ينمو بشكل كبير,2025-06-29,2005725
telegram,khamsat_ar,عمل_حر,ضريبة القيمة المضافة على الفريلانس كيف تشتغل,2025-06-29,2005760
telegram,السائقين_السعوديين,نقل,بولت نسبة عالية خير ياطير اذا عوضنا,2025-06-30,2005303
twitter,wasselni_drivers,نقل,ذروة ب كاش مع نسبتهم تشوفه مبلغ كويس بس يجيك بمشوار واحد بطاقة,2025-06-30,2005311
telegram,wasselni_drivers,نقل,ودي اشتغل ف بولت بجانب اوبر ممكن؟,2025-06-30,2005313
telegram,delivery_ksa,توصيل,المندوب المخالف يأكل حرام رزق شخص نظامي,2025-06-30,2005462
telegram,keeta_couriers,توصيل,كيتا يلعبون على المندوب عشان يخصمون مكافأة التوصيل في الوقت,2025-06-30,2005537
twitter,HungerStation_drivers,توصيل,الاسعار اختلفت بعد كثرة المنافسين ودخول كيتا بالاخص,2025-06-30,2005568
telegram,toYou_couriers,توصيل,هنجرستين وكيتا حاليًا جاهز ومرسول وذا شيفز بس اقل في الطلبات,2025-06-30,2005580
twitter,mrsool_delivery,توصيل,خدمة العملاء في كيتا ما تفيد تقريباً,2025-06-30,2005627
telegram,freelancers_ksa,عمل_حر,منصة خمسات أفضل للمبتدئين في العمل الحر,2025-06-30,2005676
twitter,khamsat_ar,عمل_حر,كيف أحسن بروفايلي في مستقل وأحصل على عملاء,2025-06-30,2005701
twitter,khamsat_ar,عمل_حر,كيف أحسن بروفايلي في مستقل وأحصل على عملاء,2025-06-30,2005712
telegram,mostaql_workers,عمل_حر,نبي حماية للفريلانسر من الزبون اللي ما يدفع,2025-06-30,2005726
telegram,mostaql_workers,عمل_حر,الزبائن الخليجيين يدفعون أحسن من العرب,2025-06-30,2005755
telegram,khamsat_ar,عمل_حر,upwork أو مستقل أيهما أفضل للسعوديين,2025-06-30,2005766
twitter,mostaql_workers,عمل_حر,الزبون ما دفع بعد تسليم العمل كيف أتصرف,2025-06-30,2005784
telegram,bolt_drivers_ksa,نقل,التامين على السيارة غالي علينا الشركات مو مهتمة,2025-07-01,2004863
twitter,jeeny_ksa,نقل,السائق هو الي يتعب ولابد تكون نسبة اوبر لها حد اعلى ٢٠ ريال,2025-07-01,2004893
telegram,kayan_ksa,نقل,وصلت ٥٠ رحلة هذا الأسبوع الحمد لله رب العالمين,2025-07-01,2004902
telegram,mrsool_delivery,توصيل,هنقرستيشن يقولك رجع الطلب سوبر ماركت هنقرستيشن,2025-07-01,2004917
telegram,delivery_ksa,توصيل,ذا شيفز الطلبات كثيرة بس المنطقة محدودة حتى الآن,2025-07-01,2004949
telegram,delivery_ksa,توصيل,ياخوان الطلبات وقفت عندي من ساعة م جاني ولا طلب,2025-07-01,2004978
telegram,toYou_couriers,توصيل,مانبي نقطع رزق احد بس والله غبنه توقف عند المطاعم وتنتظر,2025-07-01,2005015
telegram,delivery_ksa,توصيل,والله اذا موترك ينفع في النقل الموجه افضل بمليون مرة,2025-07-01,2005024
telegram,thechefs_ksa,توصيل,واحد طالب ٣ ماء من كودو المهم يرسل يقول كنسل,2025-07-01,2005032
telegram,keeta_couriers,توصيل,الدراجة تعطلت اليوم وخسرت شغل,2025-07-01,2005074
telegram,delivery_ksa,توصيل,واحد طالب ٣ ماء من كودو المهم يرسل يقول كنسل,2025-07-01,2005077
telegram,keeta_couriers,توصيل,وصلت ٢٠٠ طلب هذا الشهر الحمد لله,2025-07-01,2005134
telegram,jahez_couriers,توصيل,جاهز أحسن من مرسول في التوزيع والسعر,2025-07-01,2005171
telegram,mostaql_workers,عمل_حر,التسويق الرقمي من أكثر التخصصات طلباً,2025-07-01,2005200
telegram,mostaql_workers,عمل_حر,دخلي من البرمجة هذا الشهر ٧٠٠٠ ريال,2025-07-01,2005214
telegram,freelancers_ksa,عمل_حر,كيف أحسن بروفايلي في مستقل وأحصل على عملاء,2025-07-01,2005232
telegram,mostaql_workers,عمل_حر,ضريبة القيمة المضافة على الفريلانس كيف تشتغل,2025-07-01,2005236
telegram,mostaql_workers,عمل_حر,كيف أحسن بروفايلي في مستقل وأحصل على عملاء,2025-07-01,2005246
telegram,kayan_ksa,نقل,ودي اشتغل ف بولت بجانب اوبر ممكن؟,2025-07-02,2004819
telegram,wasselni_drivers,نقل,كيان التطبيق جديد بس الطلبات وايد خير من اوبر,2025-07-02,2004824
telegram,uber_ksa_drivers,نقل,أوبر أفضل من بولت في توزيع الرحلات عندي,2025-07-02,2004833
telegram,HungerStation_drivers,توصيل,مرسول فتح تسجيل جديد للموصلين هذا الأسبوع,2025-07-02,2004922
telegram,keeta_couriers,توصيل,واحد طالب ٣ ماء من كودو المهم يرسل يقول كنسل,2025-07-02,2005008
telegram,jahez_couriers,توصيل,مو محل وموظفين اغبياء هم الغلطانين مو المندوب,2025-07-02,2005075
telegram,thechefs_ksa,توصيل,واحد طالب ٣ ماء من كودو المهم يرسل يقول كنسل,2025-07-02,2005100
telegram,HungerStation_drivers,توصيل,والله كيتا صار يضحك علينا الطلبات وصلت الى ٦ ريال,2025-07-02,2005182
twitter,freelancers_ksa,عمل_حر,ضريبة القيمة المضافة على الفريلانس كيف تشتغل,2025-07-02,2005199
telegram,mostaql_workers,عمل_حر,مشروع ترجمة بكم تقدر تقدم,2025-07-02,2005224
telegram,السائقين_السعوديين,نقل,من اشوف مشوار مو مناسب على طول ارفضه,2025-07-03,2004861
telegram,uber_ksa_drivers,نقل,كيان التطبيق جديد بس الطلبات وايد خير من اوبر,2025-07-03,2004867
telegram,السائقين_السعوديين,نقل,السائق هو الي يتعب ولابد تكون نسبة اوبر لها حد اعلى ٢٠ ريال,2025-07-03,2004868
telegram,wasselni_drivers,نقل,السائقين الأجانب يزاحمون على الرحلات في كريم,2025-07-03,2004881
telegram,kayan_ksa,نقل,رفضت رحلة بعيدة وخسرت bonus الاسبوع,2025-07-03,2004906
telegram,jahez_couriers,توصيل,توصيل في الأمطار خطر بدون مكافأة من التطبيق,2025-07-03,2004954
telegram,HungerStation_drivers,توصيل,المندوب المخالف يأكل حرام رزق شخص نظامي,2025-07-03,2004977
twitter,HungerStation_drivers,توصيل,الطلبات الليلية تساوي ضعف النهارية في كيتا,2025-07-03,2004996
telegram,toYou_couriers,توصيل,طلب وصل بارد لأن المطعم تأخر وراحت التقييم,2025-07-03,2005000
telegram,jahez_couriers,توصيل,رحت محل اكل هندي وجبت طلب وشوربة واقعة جاني خصم ٥٠ ريال,2025-07-03,2005051
telegram,delivery_ksa,توصيل,ياخوان الطلبات وقفت عندي من ساعة م جاني ولا طلب,2025-07-03,2005090
telegram,jahez_couriers,توصيل,مرسول رقم واحد بالتعويض يقولك توصل موقع العميل كلمنا,2025-07-03,2005099
telegram,thechefs_ksa,توصيل,مو محل وموظفين اغبياء هم الغلطانين مو المندوب,2025-07-03,2005122
telegram,jahez_couriers,توصيل,امس السحور ٩ ريال و ١٠ ريال من كيتا ليش ولا حق التعب,2025-07-03,2005128
telegram,HungerStation_drivers,توصيل,توصيل في الأمطار خطر بدون مكافأة من التطبيق,2025-07-03,2005145
telegram,toYou_couriers,توصيل,سلام وصلت طلب وسلمته للعميل بيدي وبعد نص ساعة خصموا قيمة الطلب,2025-07-03,2005156
twitter,toYou_couriers,توصيل,ياشباب امس المغرب حولت مبلغ من كيتا ولحد الان ما وصلت,2025-07-03,2005160
telegram,khamsat_ar,عمل_حر,الزبون ما دفع بعد تسليم العمل كيف أتصرف,2025-07-03,2005198
telegram,careem_drivers_sa,نقل,كيان التطبيق جديد بس الطلبات وايد خير من اوبر,2025-07-04,2004806
telegram,kayan_ksa,نقل,العمل في المطارات أحسن من الشوارع الربح افضل,2025-07-04,2004876
twitter,wasselni_drivers,نقل,وصلت ٥٠ رحلة هذا الأسبوع الحمد لله رب العالمين,2025-07-04,2004877
telegram,delivery_ksa,توصيل,ياخوان الطلبات وقفت عندي من ساعة م جاني ولا طلب,2025-07-04,2004952
telegram,jahez_couriers,توصيل,جاهز أحسن من مرسول في التوزيع والسعر,2025-07-04,2004953
telegram,toYou_couriers,توصيل,جدة من ٥ ايام ما في طلبات او طلبين بالكثير ايش المشكلة في كيتا,2025-07-04,2004988
telegram,keeta_couriers,توصيل,امس السحور ٩ ريال و ١٠ ريال من كيتا ليش ولا حق التعب,2025-07-04,2004999
telegram,mrsool_delivery,توصيل,كيتا الحين يقولك توصل الطلب وعشان تبلغ تأخير المطعم تنتظر,2025-07-04,2005155
twitter,toYou_couriers,توصيل,وصلت طلبات وطلعت ب١١٠ ريال لكن ليش ما اتضافت للسحب,2025-07-04,2005175
twitter,khamsat_ar,عمل_حر,أكملت مشروع تصميم بـ ٨٠٠ ريال في مستقل,2025-07-04,2005221
telegram,bolt_drivers_ksa,نقل,وصلت واحد المطار وكان مصري وحك الصدام من السيارة,2025-07-05,2004797
twitter,careem_drivers_sa,نقل,اوبر زود على نسبة الالغاء وانا ما قدرت اوصل للعميل,2025-07-05,2004798
telegram,jeeny_ksa,نقل,اقل شي ٤٥٠ واعلى شي ٥٥٠ خلال ١٢ ساعة على اوبر,2025-07-05,2004859
telegram,careem_drivers_sa,نقل,عميل تقييمه منخفض لا تاخذ مرة,2025-07-05,2004911
telegram,HungerStation_drivers,توصيل,كيتا الحين يقولك توصل الطلب وعشان تبلغ تأخير المطعم تنتظر,2025-07-05,2004920
telegram,jahez_couriers,توصيل,جاهز أحسن من مرسول في التوزيع والسعر,2025-07-05,2004945
telegram,thechefs_ksa,توصيل,امس وصلت طلب والعميل تأخر وراح عليي مكافأة موعد الوصول,2025-07-05,2004955
twitter,thechefs_ksa,توصيل,الاسعار اختلفت بعد كثرة المنافسين ودخول كيتا بالاخص,2025-07-05,2004980
telegram,thechefs_ksa,توصيل,هنقرستيشن يقولك رجع الطلب سوبر ماركت هنقرستيشن,2025-07-05,2005004
telegram,HungerStation_drivers,توصيل,مرسول الطلبات فل بس عيبه اطلب اي شي روح بنفسك,2025-07-05,2005012
telegram,jahez_couriers,توصيل,مشكلة الباكدج الكبير ما يناسب الدراجة,2025-07-05,2005021
telegram,mrsool_delivery,توصيل,ذا شيفز الطلبات كثيرة بس المنطقة محدودة حتى الآن,2025-07-05,2005022
twitter,thechefs_ksa,توصيل,هنجرستين وكيتا حاليًا جاهز ومرسول وذا شيفز بس اقل في الطلبات,2025-07-05,2005118
telegram,HungerStation_drivers,توصيل,الطلبات في رمضان تجنن ٣ أضعاف العادي,2025-07-05,2005143
twitter,CreemUber,نقل,ما يستاهل لا تعب ولا وقت المشوار بعيد والربح ضعيف,2025-07-06,2004828
twitter,Captains_saudi,نقل,العمل في المطارات أحسن من الشوارع الربح افضل,2025-07-06,2004885
telegram,CreemUber,نقل,اقل شي ٤٥٠ واعلى شي ٥٥٠ خلال ١٢ ساعة على اوبر,2025-07-06,2004896
telegram,thechefs_ksa,توصيل,ذا شيفز الطلبات كثيرة بس المنطقة محدودة حتى الآن,2025-07-06,2004916
telegram,thechefs_ksa,توصيل,الاسعار اختلفت بعد كثرة المنافسين ودخول كيتا بالاخص,2025-07-06,2004926
twitter,keeta_couriers,توصيل,كنت اشتغل مرسول زمان اطلع ٢٠٠ في اليوم على ٨ طلبات,2025-07-06,2004966
telegram,toYou_couriers,توصيل,الطلبات الليلية تساوي ضعف النهارية في كيتا,2025-07-06,2005138
twitter,keeta_couriers,توصيل,مرسول شغال زي لوز ما عده كيتا,2025-07-06,2005162
telegram,delivery_ksa,توصيل,كيتا يلعبون على المندوب عشان يخصمون مكافأة التوصيل في الوقت,2025-07-06,2005172
telegram,mrsool_delivery,توصيل,مشوار ابو ٢٠ زمان في كيتا الحين ب٩,2025-07-06,2005174
telegram,mostaql_workers,عمل_حر,الزبون ما دفع بعد تسليم العمل كيف أتصرف,2025-07-06,2005222
telegram,wasselni_drivers,نقل,السائق هو الي يتعب ولابد تكون نسبة اوبر لها حد اعلى ٢٠ ريال,2025-07-07,2004790
telegram,careem_drivers_sa,نقل,ذروة ب كاش مع نسبتهم تشوفه مبلغ كويس بس يجيك بمشوار واحد بطاقة,2025-07-07,2004855
twitter,wasselni_drivers,نقل,من اشوف مشوار مو مناسب على طول ارفضه,2025-07-07,2004874
telegram,jeeny_ksa,نقل,ما يستاهل لا تعب ولا وقت المشوار بعيد والربح ضعيف,2025-07-07,2004914
telegram,thechefs_ksa,توصيل,الدراجة تعطلت اليوم وخسرت شغل,2025-07-07,2004930
twitter,jahez_couriers,توصيل,توصيل في الأمطار خطر بدون مكافأة من التطبيق,2025-07-07,2004972
telegram,mrsool_delivery,توصيل,توصيل في الأمطار خطر بدون مكافأة من التطبيق,2025-07-07,2004987
telegram,delivery_ksa,توصيل,الحين ١٤ طلب في كيتا وما طلعت ٢٠ ريال,2025-07-07,2004989
telegram,thechefs_ksa,توصيل,ذا شيفز تعاملهم مع المناديب أحسن من كيتا,2025-07-07,2005020
twitter,jahez_couriers,توصيل,ذا شيفز تعاملهم مع المناديب أحسن من كيتا,2025-07-07,2005027
telegram,jahez_couriers,توصيل,هنجرستين وكيتا حاليًا جاهز ومرسول وذا شيفز بس اقل في الطلبات,2025-07-07,2005071
twitter,HungerStation_drivers,توصيل,ياشباب امس المغرب حولت مبلغ من كيتا ولحد الان ما وصلت,2025-07-07,2005087
twitter,keeta_couriers,توصيل,والله كيتا صار يضحك علينا الطلبات وصلت الى ٦ ريال,2025-07-07,2005129
twitter,mostaql_workers,عمل_حر,upwork أو مستقل أيهما أفضل للسعوديين,2025-07-07,2005215
twitter,khamsat_ar,عمل_حر,الفريلانس في السعودية بدأ ينمو بشكل كبير,2025-07-07,2005216
telegram,CreemUber,نقل,وصلت ٥٠ رحلة هذا الأسبوع الحمد لله رب العالمين,2025-07-08,2004817
twitter,careem_drivers_sa,نقل,نسبة اوبر في مشوار المطار وصلت ٧٥٪ اخذ من الزبون ٥٩ ريال عطاني ١٢ فقط,2025-07-08,2004858
telegram,CreemUber,نقل,بولت نسبة عالية خير ياطير اذا عوضنا,2025-07-08,2004882
telegram,Captains_saudi,نقل,والله زمان كان فيها خير اما الان مو المستفيد الا التطبيق,2025-07-08,2004888
telegram,mrsool_delivery,توصيل,ذا شيفز تعاملهم مع المناديب أحسن من كيتا,2025-07-08,2004939
telegram,thechefs_ksa,توصيل,هنقرستيشن يقولك رجع الطلب سوبر ماركت هنقرستيشن,2025-07-08,2005031
telegram,thechefs_ksa,توصيل,هنجرستين وكيتا حاليًا جاهز ومرسول وذا شيفز بس اقل في الطلبات,2025-07-08,2005033
telegram,keeta_couriers,توصيل,ياشباب امس المغرب حولت مبلغ من كيتا ولحد الان ما وصلت,2025-07-08,2005040
telegram,toYou_couriers,توصيل,المندوب المخالف يأكل حرام رزق شخص نظامي,2025-07-08,2005052
telegram,jahez_couriers,توصيل,الحين ١٤ طلب في كيتا وما طلعت ٢٠ ريال,2025-07-08,2005056
telegram,keeta_couriers,توصيل,مشكلة الباكدج الكبير ما يناسب الدراجة,2025-07-08,2005093
telegram,delivery_ksa,توصيل,ذا شيفز تعاملهم مع المناديب أحسن من كيتا,2025-07-08,2005166
twitter,freelancers_ksa,عمل_حر,ضريبة القيمة المضافة على الفريلانس كيف تشتغل,2025-07-08,2005217
telegram,freelancers_ksa,عمل_حر,نبي حماية للفريلانسر من الزبون اللي ما يدفع,2025-07-08,2005225
telegram,wasselni_drivers,نقل,اقل شي ٤٥٠ واعلى شي ٥٥٠ خلال ١٢ ساعة على اوبر,2025-07-09,2004835
telegram,bolt_drivers_ksa,نقل,السكوت ماراح ينفع خلونا نتحرك بشكل منظم,2025-07-09,2004844
twitter,Captains_saudi,نقل,وصلت ٥٠ رحلة هذا الأسبوع الحمد لله رب العالمين,2025-07-09,2004866
telegram,uber_ksa_drivers,نقل,جيني وصليني الاسعار خايسه جدا يعني الكيلو اقل من ريال,2025-07-09,2004879
telegram,CreemUber,نقل,كيان وصليني تطبيقات واعدة بس تحتاج وقت,2025-07-09,2004884
telegram,HungerStation_drivers,توصيل,سلام وصلت طلب وسلمته للعميل بيدي وبعد نص ساعة خصموا قيمة الطلب,2025-07-09,2004918
telegram,keeta_couriers,توصيل,جدة من ٥ ايام ما في طلبات او طلبين بالكثير ايش المشكلة في كيتا,2025-07-09,2004965
twitter,toYou_couriers,توصيل,يعطيكم العافيه يا شباب حولت مبلغ من كيتا ولحد الان ما وصلت,2025-07-09,2005006
telegram,thechefs_ksa,توصيل,سلام وصلت طلب وسلمته للعميل بيدي وبعد نص ساعة خصموا قيمة الطلب,2025-07-09,2005016
telegram,keeta_couriers,توصيل,المندوب المخالف يأكل حرام رزق شخص نظامي,2025-07-09,2005041
twitter,thechefs_ksa,توصيل,مانبي نقطع رزق احد بس والله غبنه توقف عند المطاعم وتنتظر,2025-07-09,2005054
telegram,thechefs_ksa,توصيل,امس السحور ٩ ريال و ١٠ ريال من كيتا ليش ولا حق التعب,2025-07-09,2005111
telegram,thechefs_ksa,توصيل,وصلت طلبات وطلعت ب١١٠ ريال لكن ليش ما اتضافت للسحب,2025-07-09,2005142
telegram,keeta_couriers,توصيل,والله كيتا صار يضحك علينا الطلبات وصلت الى ٦ ريال,2025-07-09,2005173
twitter,freelancers_ksa,عمل_حر,منصة خمسات أفضل للمبتدئين في العمل الحر,2025-07-09,2005191
telegram,careem_drivers_sa,نقل,اذا الوقت زاد ٨ دقايق وفوق ماافكهم غير مسويلي تعويض,2025-07-10,2004787
telegram,kayan_ksa,نقل,أحسن أوقات الشغل الفطور والغداء والذروة المسائية,2025-07-10,2004795
telegram,kayan_ksa,نقل,الذروة في كريم حمراء والطلبات ورا بعض بالمدينة,2025-07-10,2004809
telegram,Captains_saudi,نقل,جربت كابتن في جيني وجيت الرياض والشغل مثل الشرقية,2025-07-10,2004846
telegram,bolt_drivers_ksa,نقل,جيني وصليني الاسعار خايسه جدا يعني الكيلو اقل من ريال,2025-07-10,2004886
twitter,mrsool_delivery,توصيل,المندوب المخالف يأكل حرام رزق شخص نظامي,2025-07-10,2004940
telegram,delivery_ksa,توصيل,طلب وصل بارد لأن المطعم تأخر وراحت التقييم,2025-07-10,2004950
telegram,HungerStation_drivers,توصيل,المخالفين موصلين ٣٠٠ وشوي الشهر اللي فات انا بقوة وصلت ٢٩٠,2025-07-10,2004984
telegram,toYou_couriers,توصيل,جدة من ٥ ايام ما في طلبات او طلبين بالكثير ايش المشكلة في كيتا,2025-07-10,2004997
twitter,HungerStation_drivers,توصيل,كيتا يلعبون على المندوب عشان يخصمون مكافأة التوصيل في الوقت,2025-07-10,2005014
telegram,mrsool_delivery,توصيل,هنجرستين وكيتا حاليًا جاهز ومرسول وذا شيفز بس اقل في الطلبات,2025-07-10,2005035
telegram,mrsool_delivery,توصيل,مانبي نقطع رزق احد بس والله غبنه توقف عند المطاعم وتنتظر,2025-07-10,2005044
telegram,thechefs_ksa,توصيل,المندوب المخالف يأكل حرام رزق شخص نظامي,2025-07-10,2005058
telegram,jahez_couriers,توصيل,هنجرستين وكيتا حاليًا جاهز ومرسول وذا شيفز بس اقل في الطلبات,2025-07-10,2005082
twitter,toYou_couriers,توصيل,امس وصلت طلب والعميل تأخر وراح عليي مكافأة موعد الوصول,2025-07-10,2005085
telegram,thechefs_ksa,توصيل,الطلبات في رمضان تجنن ٣ أضعاف العادي,2025-07-10,2005114
telegram,mrsool_delivery,توصيل,الاسعار اختلفت بعد كثرة المنافسين ودخول كيتا بالاخص,2025-07-10,2005115
telegram,toYou_couriers,توصيل,هنجرستين وكيتا حاليًا جاهز ومرسول وذا شيفز بس اقل في الطلبات,2025-07-10,2005125
telegram,thechefs_ksa,توصيل,مرسول الطلبات فل بس عيبه اطلب اي شي روح بنفسك,2025-07-10,2005135
telegram,HungerStation_drivers,توصيل,جاهز أحسن من مرسول في التوزيع والسعر,2025-07-10,2005167
telegram,khamsat_ar,عمل_حر,الزبائن الخليجيين يدفعون أحسن من العرب,2025-07-10,2005249
twitter,السائقين_السعوديين,نقل,وصلت واحد المطار وكان مصري وحك الصدام من السيارة,2025-07-11,2004805
twitter,السائقين_السعوديين,نقل,ودي اشتغل ف بولت بجانب اوبر ممكن؟,2025-07-11,2004818
telegram,jeeny_ksa,نقل,ودي اشتغل ف بولت بجانب اوبر ممكن؟,2025-07-11,2004841
telegram,السائقين_السعوديين,نقل,اليوم الأوردرات كانت ممتازة والبخشيش زين الحمد لله,2025-07-11,2004910
telegram,keeta_couriers,توصيل,مانبي نقطع رزق احد بس والله غبنه توقف عند المطاعم وتنتظر,2025-07-11,2004921
telegram,toYou_couriers,توصيل,الطلبات في رمضان تجنن ٣ أضعاف العادي,2025-07-11,2004985
telegram,mrsool_delivery,توصيل,مانبي نقطع رزق احد بس والله غبنه توقف عند المطاعم وتنتظر,2025-07-11,2005055
twitter,mostaql_workers,عمل_حر,بدأت فريلانس من بيتي والدخل تحسن الحمد لله,2025-07-11,2005203
twitter,khamsat_ar,عمل_حر,upwork أو مستقل أيهما أفضل للسعوديين,2025-07-11,2005223
telegram,bolt_drivers_ksa,نقل,بعدها على بولت خلال ٦ ساعات ٢٠٠ ريال خلال ١٦ ساعة ٧٠٠ ريال ثابتة,2025-07-12,2004793
twitter,uber_ksa_drivers,نقل,ما يستاهل لا تعب ولا وقت المشوار بعيد والربح ضعيف,2025-07-12,2004799
telegram,Captains_saudi,نقل,العمل في المطارات أحسن من الشوارع الربح افضل,2025-07-12,2004811
twitter,kayan_ksa,نقل,عميل تقييمه منخفض لا تاخذ مرة,2025-07-12,2004839
telegram,keeta_couriers,توصيل,مانبي نقطع رزق احد بس والله غبنه توقف عند المطاعم وتنتظر,2025-07-12,2004934
telegram,HungerStation_drivers,توصيل,مرسول فتح تسجيل جديد للموصلين هذا الأسبوع,2025-07-12,2004937
telegram,toYou_couriers,توصيل,امس السحور ٩ ريال و ١٠ ريال من كيتا ليش ولا حق التعب,2025-07-12,2004970
twitter,jahez_couriers,توصيل,طلب وصل بارد لأن المطعم تأخر وراحت التقييم,2025-07-12,2004995
twitter,thechefs_ksa,توصيل,مانبي نقطع رزق احد بس والله غبنه توقف عند المطاعم وتنتظر,2025-07-12,2005010
telegram,mrsool_delivery,توصيل,ذا شيفز الطلبات كثيرة بس المنطقة محدودة حتى الآن,2025-07-12,2005049
telegram,thechefs_ksa,توصيل,الاسعار اختلفت بعد كثرة المنافسين ودخول كيتا بالاخص,2025-07-12,2005089
telegram,keeta_couriers,توصيل,والله كيتا صار يضحك علينا الطلبات وصلت الى ٦ ريال,2025-07-12,2005126
telegram,keeta_couriers,توصيل,والله كيتا صار يضحك علينا الطلبات وصلت الى ٦ ريال,2025-07-12,2005146
telegram,HungerStation_drivers,توصيل,المخالفين موصلين ٣٠٠ وشوي الشهر اللي فات انا بقوة وصلت ٢٩٠,2025-07-12,2005150
telegram,keeta_couriers,توصيل,وصلت طلبات وطلعت ب١١٠ ريال لكن ليش ما اتضافت للسحب,2025-07-12,2005161
telegram,toYou_couriers,توصيل,مرسول شغال زي لوز ما عده كيتا,2025-07-12,2005164
twitter,mostaql_workers,عمل_حر,أكملت مشروع تصميم بـ ٨٠٠ ريال في مستقل,2025-07-12,2005196
twitter,khamsat_ar,عمل_حر,الفريلانس في السعودية بدأ ينمو بشكل كبير,2025-07-12,2005231
twitter,khamsat_ar,عمل_حر,منصة خمسات أفضل للمبتدئين في العمل الحر,2025-07-12,2005240
telegram,freelancers_ksa,عمل_حر,upwork أو مستقل أيهما أفضل للسعوديين,2025-07-12,2005254
telegram,السائقين_السعوديين,نقل,اذا الوقت زاد ٨ دقايق وفوق ماافكهم غير مسويلي تعويض,2025-07-13,2004825
telegram,wasselni_drivers,نقل,رفضت رحلة بعيدة وخسرت bonus الاسبوع,2025-07-13,2004848
telegram,kayan_ksa,نقل,اتمنى الجميع يركز نتحرك بشكل جماعي نرفع شكاوى لوزارة النقل,2025-07-13,2004898
telegram,toYou_couriers,توصيل,مشوار ابو ٢٠ زمان في كيتا الحين ب٩,2025-07-13,2004928
telegram,mrsool_delivery,توصيل,الطلبات في رمضان تجنن ٣ أضعاف العادي,2025-07-13,2004935
telegram,thechefs_ksa,توصيل,ياشباب امس المغرب حولت مبلغ من كيتا ولحد الان ما وصلت,2025-07-13,2004959
telegram,jahez_couriers,توصيل,الدراجة تعطلت اليوم وخسرت شغل,2025-07-13,2004960
telegram,HungerStation_drivers,توصيل,ياخوان الطلبات وقفت عندي من ساعة م جاني ولا طلب,2025-07-13,2005013
telegram,toYou_couriers,توصيل,والله اذا موترك ينفع في النقل الموجه افضل بمليون مرة,2025-07-13,2005048
twitter,thechefs_ksa,توصيل,ذا شيفز يدفع بشكل منتظم بخلاف كيتا,2025-07-13,2005104
telegram,keeta_couriers,توصيل,المخالفين موصلين ٣٠٠ وشوي الشهر اللي فات انا بقوة وصلت ٢٩٠,2025-07-13,2005157
telegram,mostaql_workers,عمل_حر,ضريبة القيمة المضافة على الفريلانس كيف تشتغل,2025-07-13,2005188
telegram,khamsat_ar,عمل_حر,الزبون ما دفع بعد تسليم العمل كيف أتصرف,2025-07-13,2005252
telegram,uber_ksa_drivers,نقل,وصليني مافيه طلبات كافية في منطقتي,2025-07-14,2004781
telegram,wasselni_drivers,نقل,نبي نظام تأمين صحي للسائقين مثل الموظفين,2025-07-14,2004837
telegram,kayan_ksa,نقل,والله زمان كان فيها خير اما الان مو المستفيد الا التطبيق,2025-07-14,2004852
telegram,السائقين_السعوديين,نقل,السكوت ماراح ينفع خلونا نتحرك بشكل منظم,2025-07-14,2004903
twitter,CreemUber,نقل,ذروة ب كاش مع نسبتهم تشوفه مبلغ كويس بس يجيك بمشوار واحد بطاقة,2025-07-14,2004907
telegram,jahez_couriers,توصيل,مشكلة الباكدج الكبير ما يناسب الدراجة,2025-07-14,2004941
telegram,jahez_couriers,توصيل,الطلبات في رمضان تجنن ٣ أضعاف العادي,2025-07-14,2004948
telegram,mrsool_delivery,توصيل,كيتا يلعبون على المندوب عشان يخصمون مكافأة التوصيل في الوقت,2025-07-14,2004968
twitter,jahez_couriers,توصيل,مو محل وموظفين اغبياء هم الغلطانين مو المندوب,2025-07-14,2005009
telegram,mrsool_delivery,توصيل,يعطيكم العافيه يا شباب حولت مبلغ من كيتا ولحد الان ما وصلت,2025-07-14,2005078
telegram,thechefs_ksa,توصيل,يعطيكم العافيه يا شباب حولت مبلغ من كيتا ولحد الان ما وصلت,2025-07-14,2005103
twitter,mrsool_delivery,توصيل,المخالفين موصلين ٣٠٠ وشوي الشهر اللي فات انا بقوة وصلت ٢٩٠,2025-07-14,2005106
telegram,thechefs_ksa,توصيل,وصلت ٢٠٠ طلب هذا الشهر الحمد لله,2025-07-14,2005132
telegram,jahez_couriers,توصيل,ذا شيفز الطلبات كثيرة بس المنطقة محدودة حتى الآن,2025-07-14,2005133
telegram,HungerStation_drivers,توصيل,خدمة العملاء في كيتا ما تفيد تقريباً,2025-07-14,2005137
telegram,mostaql_workers,عمل_حر,ضريبة القيمة المضافة على الفريلانس كيف تشتغل,2025-07-14,2005209
twitter,freelancers_ksa,عمل_حر,التسويق الرقمي من أكثر التخصصات طلباً,2025-07-14,2005226
twitter,khamsat_ar,عمل_حر,دخلي من البرمجة هذا الشهر ٧٠٠٠ ريال,2025-07-14,2005228
twitter,khamsat_ar,عمل_حر,أكملت مشروع تصميم بـ ٨٠٠ ريال في مستقل,2025-07-14,2005242
telegram,CreemUber,نقل,كيان وصليني تطبيقات واعدة بس تحتاج وقت,2025-07-15,2004786
telegram,Captains_saudi,نقل,ودي اشتغل ف بولت بجانب اوبر ممكن؟,2025-07-15,2004815
telegram,uber_ksa_drivers,نقل,اوبر مادري كيف يفكرون جاني مشوار والطرق كلها مقفله,2025-07-15,2004826
telegram,uber_ksa_drivers,نقل,ودي اشتغل ف بولت بجانب اوبر ممكن؟,2025-07-15,2004857
telegram,thechefs_ksa,توصيل,الدراجة تعطلت اليوم وخسرت شغل,2025-07-15,2004963
telegram,toYou_couriers,توصيل,هنقرستيشن يقولك رجع الطلب سوبر ماركت هنقرستيشن,2025-07-15,2004993
telegram,toYou_couriers,توصيل,المندوب المخالف يأكل حرام رزق شخص نظامي,2025-07-15,2005011
telegram,thechefs_ksa,توصيل,سلام وصلت طلب وسلمته للعميل بيدي وبعد نص ساعة خصموا قيمة الطلب,2025-07-15,2005025
telegram,jahez_couriers,توصيل,سلام وصلت طلب وسلمته للعميل بيدي وبعد نص ساعة خصموا قيمة الطلب,2025-07-15,2005039
telegram,keeta_couriers,توصيل,مشكلة الباكدج الكبير ما يناسب الدراجة,2025-07-15,2005050
telegram,keeta_couriers,توصيل,ذا شيفز الطلبات كثيرة بس المنطقة محدودة حتى الآن,2025-07-15,2005062
telegram,HungerStation_drivers,توصيل,رحت محل اكل هندي وجبت طلب وشوربة واقعة جاني خصم ٥٠ ريال,2025-07-15,2005069
telegram,thechefs_ksa,توصيل,امس وصلت طلب والعميل تأخر وراح عليي مكافأة موعد الوصول,2025-07-15,2005124
telegram,delivery_ksa,توصيل,هنجرستين وكيتا حاليًا جاهز ومرسول وذا شيفز بس اقل في الطلبات,2025-07-15,2005127
telegram,mrsool_delivery,توصيل,امس السحور ٩ ريال و ١٠ ريال من كيتا ليش ولا حق التعب,2025-07-15,2005165
twitter,freelancers_ksa,عمل_حر,التسويق الرقمي من أكثر التخصصات طلباً,2025-07-15,2005233
telegram,freelancers_ksa,عمل_حر,ضريبة القيمة المضافة على الفريلانس كيف تشتغل,2025-07-15,2005241
twitter,mostaql_workers,عمل_حر,ضريبة القيمة المضافة على الفريلانس كيف تشتغل,2025-07-15,2005248
telegram,jeeny_ksa,نقل,بولت انا مااوثق في اي زبون يقولي بحولك مابحولك,2025-07-16,2004802
telegram,Captains_saudi,نقل,رفضت رحلة بعيدة وخسرت bonus الاسبوع,2025-07-16,2004821
twitter,careem_drivers_sa,نقل,نبي نظام تأمين صحي للسائقين مثل الموظفين,2025-07-16,2004843
telegram,uber_ksa_drivers,نقل,اقل شي ٤٥٠ واعلى شي ٥٥٠ خلال ١٢ ساعة على اوبر,2025-07-16,2004883
telegram,jeeny_ksa,نقل,وصلت واحد المطار وكان مصري وحك الصدام من السيارة,2025-07-16,2004897
telegram,toYou_couriers,توصيل,ذا شيفز تعاملهم مع المناديب أحسن من كيتا,2025-07-16,2005019
telegram,HungerStation_drivers,توصيل,كيتا يلعبون على المندوب عشان يخصمون مكافأة التوصيل في الوقت,2025-07-16,2005038
telegram,mrsool_delivery,توصيل,والله كيتا صار يضحك علينا الطلبات وصلت الى ٦ ريال,2025-07-16,2005088
telegram,mrsool_delivery,توصيل,يعطيكم العافيه يا شباب حولت مبلغ من كيتا ولحد الان ما وصلت,2025-07-16,2005112
telegram,toYou_couriers,توصيل,وصلت طلبات وطلعت ب١١٠ ريال لكن ليش ما اتضافت للسحب,2025-07-16,2005131
telegram,mrsool_delivery,توصيل,وصلت ٢٠٠ طلب هذا الشهر الحمد لله,2025-07-16,2005158
twitter,HungerStation_drivers,توصيل,جدة من ٥ ايام ما في طلبات او طلبين بالكثير ايش المشكلة في كيتا,2025-07-16,2005179
twitter,khamsat_ar,عمل_حر,ضريبة القيمة المضافة على الفريلانس كيف تشتغل,2025-07-16,2005186
telegram,freelancers_ksa,عمل_حر,مشروع ترجمة بكم تقدر تقدم,2025-07-16,2005205
telegram,freelancers_ksa,عمل_حر,مشروع ترجمة بكم تقدر تقدم,2025-07-16,2005211
telegram,mostaql_workers,عمل_حر,ضريبة القيمة المضافة على الفريلانس كيف تشتغل,2025-07-16,2005237
twitter,CreemUber,نقل,اذا الوقت زاد ٨ دقايق وفوق ماافكهم غير مسويلي تعويض,2025-07-17,2004784
twitter,kayan_ksa,نقل,الذروة في كريم حمراء والطلبات ورا بعض بالمدينة,2025-07-17,2004800
telegram,kayan_ksa,نقل,جيني بدأ ينافس لكن ما زال الطلبات أقل,2025-07-17,2004823
twitter,kayan_ksa,نقل,اليوم الأوردرات كانت ممتازة والبخشيش زين الحمد لله,2025-07-17,2004831
twitter,bolt_drivers_ksa,نقل,السائق هو الي يتعب ولابد تكون نسبة اوبر لها حد اعلى ٢٠ ريال,2025-07-17,2004845
telegram,kayan_ksa,نقل,السكوت ماراح ينفع خلونا نتحرك بشكل منظم,2025-07-17,2004856
telegram,السائقين_السعوديين,نقل,كم متوسط دخل الكابتن في الرياض شهريًا حاليًا,2025-07-17,2004904
telegram,mrsool_delivery,توصيل,كيتا الحين يقولك توصل الطلب وعشان تبلغ تأخير المطعم تنتظر,2025-07-17,2005023
telegram,toYou_couriers,توصيل,هنجرستين وكيتا حاليًا جاهز ومرسول وذا شيفز بس اقل في الطلبات,2025-07-17,2005057
telegram,thechefs_ksa,توصيل,هنجرستين وكيتا حاليًا جاهز ومرسول وذا شيفز بس اقل في الطلبات,2025-07-17,2005065
telegram,mrsool_delivery,توصيل,رحت محل اكل هندي وجبت طلب وشوربة واقعة جاني خصم ٥٠ ريال,2025-07-17,2005152
telegram,HungerStation_drivers,توصيل,سلام وصلت طلب وسلمته للعميل بيدي وبعد نص ساعة خصموا قيمة الطلب,2025-07-17,2005153
telegram,mostaql_workers,عمل_حر,upwork أو مستقل أيهما أفضل للسعوديين,2025-07-17,2005206
telegram,bolt_drivers_ksa,نقل,السائق هو الي يتعب ولابد تكون نسبة اوبر لها حد اعلى ٢٠ ريال,2025-07-18,2004789
twitter,wasselni_drivers,نقل,السكوت ماراح ينفع خلونا نتحرك بشكل منظم,2025-07-18,2004812
twitter,careem_drivers_sa,نقل,العمل في المطارات أحسن من الشوارع الربح افضل,2025-07-18,2004822
telegram,careem_drivers_sa,نقل,أحسن أوقات الشغل الفطور والغداء والذروة المسائية,2025-07-18,2004834
telegram,jahez_couriers,توصيل,كيتا يلعبون على المندوب عشان يخصمون مكافأة التوصيل في الوقت,2025-07-18,2004924
telegram,toYou_couriers,توصيل,كيتا يلعبون على المندوب عشان يخصمون مكافأة التوصيل في الوقت,2025-07-18,2004933
telegram,mrsool_delivery,توصيل,وصلت طلبات وطلعت ب١١٠ ريال لكن ليش ما اتضافت للسحب,2025-07-18,2004943
telegram,mrsool_delivery,توصيل,مانبي نقطع رزق احد بس والله غبنه توقف عند المطاعم وتنتظر,2025-07-18,2005002
telegram,thechefs_ksa,توصيل,سلام وصلت طلب وسلمته للعميل بيدي وبعد نص ساعة خصموا قيمة الطلب,2025-07-18,2005018
telegram,keeta_couriers,توصيل,مشكلة الباكدج الكبير ما يناسب الدراجة,2025-07-18,2005036
twitter,keeta_couriers,توصيل,خدمة العملاء في كيتا ما تفيد تقريباً,2025-07-18,2005147
telegram,thechefs_ksa,توصيل,وصلت طلبات وطلعت ب١١٠ ريال لكن ليش ما اتضافت للسحب,2025-07-18,2005170
telegram,toYou_couriers,توصيل,توصيل في الأمطار خطر بدون مكافأة من التطبيق,2025-07-18,2005178
twitter,freelancers_ksa,عمل_حر,مشروع ترجمة بكم تقدر تقدم,2025-07-18,2005210
telegram,mostaql_workers,عمل_حر,بدأت فريلانس من بيتي والدخل تحسن الحمد لله,2025-07-18,2005247
twitter,السائقين_السعوديين,نقل,نسبة اوبر في مشوار المطار وصلت ٧٥٪ اخذ من الزبون ٥٩ ريال عطاني ١٢ فقط,2025-07-19,2004796
telegram,kayan_ksa,نقل,محتاج سيارة جديدة السيارة الحالية تعبت من كثر الشغل,2025-07-19,2004820
telegram,wasselni_drivers,نقل,كيان وصليني تطبيقات واعدة بس تحتاج وقت,2025-07-19,2004889
telegram,Captains_saudi,نقل,من حقك ترفض خدمته سيارتك وترفع بلاغ,2025-07-19,2004899
twitter,jahez_couriers,توصيل,الطلبات في رمضان تجنن ٣ أضعاف العادي,2025-07-19,2004942
telegram,keeta_couriers,توصيل,مرسول رقم واحد بالتعويض يقولك توصل موقع العميل كلمنا,2025-07-19,2004967
telegram,thechefs_ksa,توصيل,ياخوان الطلبات وقفت عندي من ساعة م جاني ولا طلب,2025-07-19,2004971
twitter,delivery_ksa,توصيل,مشوار ابو ٢٠ زمان في كيتا الحين ب٩,2025-07-19,2005045
telegram,jahez_couriers,توصيل,وصلت ٢٠٠ طلب هذا الشهر الحمد لله,2025-07-19,2005046
telegram,jahez_couriers,توصيل,مو محل وموظفين اغبياء هم الغلطانين مو المندوب,2025-07-19,2005061
telegram,thechefs_ksa,توصيل,رحت محل اكل هندي وجبت طلب وشوربة واقعة جاني خصم ٥٠ ريال,2025-07-19,2005073
twitter,jahez_couriers,توصيل,امس وصلت طلب والعميل تأخر وراح عليي مكافأة موعد الوصول,2025-07-19,2005081
telegram,mrsool_delivery,توصيل,جدة من ٥ ايام ما في طلبات او طلبين بالكثير ايش المشكلة في كيتا,2025-07-19,2005117
telegram,mrsool_delivery,توصيل,هنجرستين وكيتا حاليًا جاهز ومرسول وذا شيفز بس اقل في الطلبات,2025-07-19,2005121
telegram,mrsool_delivery,توصيل,مرسول الطلبات فل بس عيبه اطلب اي شي روح بنفسك,2025-07-19,2005148
telegram,mostaql_workers,عمل_حر,الزبائن الخليجيين يدفعون أحسن من العرب,2025-07-19,2005201
telegram,khamsat_ar,عمل_حر,ضريبة القيمة المضافة على الفريلانس كيف تشتغل,2025-07-19,2005234
telegram,mostaql_workers,عمل_حر,الزبون ما دفع بعد تسليم العمل كيف أتصرف,2025-07-19,2005243
telegram,careem_drivers_sa,نقل,الذروة في كريم حمراء والطلبات ورا بعض بالمدينة,2025-07-20,2004783
telegram,uber_ksa_drivers,نقل,كيان التطبيق جديد بس الطلبات وايد خير من اوبر,2025-07-20,2004816
telegram,jeeny_ksa,نقل,نسبة اوبر في مشوار المطار وصلت ٧٥٪ اخذ من الزبون ٥٩ ريال عطاني ١٢ فقط,2025-07-20,2004836
telegram,kayan_ksa,نقل,ودي اشتغل ف بولت بجانب اوبر ممكن؟,2025-07-20,2004849
twitter,uber_ksa_drivers,نقل,أحسن أوقات الشغل الفطور والغداء والذروة المسائية,2025-07-20,2004850
twitter,السائقين_السعوديين,نقل,بعدها على بولت خلال ٦ ساعات ٢٠٠ ريال خلال ١٦ ساعة ٧٠٠ ريال ثابتة,2025-07-20,2004892
twitter,HungerStation_drivers,توصيل,ذا شيفز تعاملهم مع المناديب أحسن من كيتا,2025-07-20,2004969
twitter,delivery_ksa,توصيل,كيتا يلعبون على المندوب عشان يخصمون مكافأة التوصيل في الوقت,2025-07-20,2005007
twitter,delivery_ksa,توصيل,مرسول شغال زي لوز ما عده كيتا,2025-07-20,2005042
telegram,HungerStation_drivers,توصيل,والله كيتا صار يضحك علينا الطلبات وصلت الى ٦ ريال,2025-07-20,2005047
telegram,toYou_couriers,توصيل,كنت اشتغل مرسول زمان اطلع ٢٠٠ في اليوم على ٨ طلبات,2025-07-20,2005053
telegram,toYou_couriers,توصيل,كنت اشتغل مرسول زمان اطلع ٢٠٠ في اليوم على ٨ طلبات,2025-07-20,2005059
telegram,mrsool_delivery,توصيل,مانبي نقطع رزق احد بس والله غبنه توقف عند المطاعم وتنتظر,2025-07-20,2005063
twitter,keeta_couriers,توصيل,مرسول فتح تسجيل جديد للموصلين هذا الأسبوع,2025-07-20,2005066
telegram,mrsool_delivery,توصيل,ذا شيفز تعاملهم مع المناديب أحسن من كيتا,2025-07-20,2005067
telegram,HungerStation_drivers,توصيل,الاسعار اختلفت بعد كثرة المنافسين ودخول كيتا بالاخص,2025-07-20,2005068
telegram,delivery_ksa,توصيل,والله كيتا صار يضحك علينا الطلبات وصلت الى ٦ ريال,2025-07-20,2005076
telegram,toYou_couriers,توصيل,خدمة العملاء في كيتا ما تفيد تقريباً,2025-07-20,2005113
twitter,freelancers_ksa,عمل_حر,الفريلانس في السعودية بدأ ينمو بشكل كبير,2025-07-20,2005202
twitter,freelancers_ksa,عمل_حر,الزبون ما دفع بعد تسليم العمل كيف أتصرف,2025-07-20,2005218
twitter,mostaql_workers,عمل_حر,upwork أو مستقل أيهما أفضل للسعوديين,2025-07-20,2005235
telegram,jeeny_ksa,نقل,إلى متى يا اوبر نسبة عالية وفوق هذا تسعيرة زي وجهك,2025-07-21,2004788
twitter,bolt_drivers_ksa,نقل,من اشوف مشوار مو مناسب على طول ارفضه,2025-07-21,2004851
telegram,uber_ksa_drivers,نقل,اقل شي ٤٥٠ واعلى شي ٥٥٠ خلال ١٢ ساعة على اوبر,2025-07-21,2004860
telegram,wasselni_drivers,نقل,التامين على السيارة غالي علينا الشركات مو مهتمة,2025-07-21,2004862
twitter,Captains_saudi,نقل,أحسن أوقات الشغل الفطور والغداء والذروة المسائية,2025-07-21,2004869
twitter,uber_ksa_drivers,نقل,ذروة ب كاش مع نسبتهم تشوفه مبلغ كويس بس يجيك بمشوار واحد بطاقة,2025-07-21,2004890
telegram,HungerStation_drivers,توصيل,المخالفين موصلين ٣٠٠ وشوي الشهر اللي فات انا بقوة وصلت ٢٩٠,2025-07-21,2004925
telegram,keeta_couriers,توصيل,الطلبات في رمضان تجنن ٣ أضعاف العادي,2025-07-21,2004932
telegram,thechefs_ksa,توصيل,الطلبات في رمضان تجنن ٣ أضعاف العادي,2025-07-21,2004964
telegram,jahez_couriers,توصيل,وصلت طلبات وطلعت ب١١٠ ريال لكن ليش ما اتضافت للسحب,2025-07-21,2005095
telegram,toYou_couriers,توصيل,ياخوان الطلبات وقفت عندي من ساعة م جاني ولا طلب,2025-07-21,2005098
twitter,delivery_ksa,توصيل,هنجرستين وكيتا حاليًا جاهز ومرسول وذا شيفز بس اقل في الطلبات,2025-07-21,2005116
telegram,jahez_couriers,توصيل,هنقرستيشن يقولك رجع الطلب سوبر ماركت هنقرستيشن,2025-07-21,2005149
telegram,thechefs_ksa,توصيل,طلب وصل بارد لأن المطعم تأخر وراحت التقييم,2025-07-21,2005181
twitter,bolt_drivers_ksa,نقل,نبي نظام تأمين صحي للسائقين مثل الموظفين,2025-07-22,2004803
telegram,wasselni_drivers,نقل,بولت نسبة عالية خير ياطير اذا عوضنا,2025-07-22,2004827
telegram,Captains_saudi,نقل,نبي نظام تأمين صحي للسائقين مثل الموظفين,2025-07-22,2004842
telegram,السائقين_السعوديين,نقل,نسبة اوبر في مشوار المطار وصلت ٧٥٪ اخذ من الزبون ٥٩ ريال عطاني ١٢ فقط,2025-07-22,2004880
twitter,Captains_saudi,نقل,اقل شي ٤٥٠ واعلى شي ٥٥٠ خلال ١٢ ساعة على اوبر,2025-07-22,2004891
telegram,bolt_drivers_ksa,نقل,جيني وصليني الاسعار خايسه جدا يعني الكيلو اقل من ريال,2025-07-22,2004909
telegram,jahez_couriers,توصيل,خدمة العملاء في كيتا ما تفيد تقريباً,2025-07-22,2004927
twitter,delivery_ksa,توصيل,سلام وصلت طلب وسلمته للعميل بيدي وبعد نص ساعة خصموا قيمة الطلب,2025-07-22,2004986
twitter,delivery_ksa,توصيل,مشكلة الباكدج الكبير ما يناسب الدراجة,2025-07-22,2004991
telegram,HungerStation_drivers,توصيل,الاسعار اختلفت بعد كثرة المنافسين ودخول كيتا بالاخص,2025-07-22,2005001
twitter,toYou_couriers,توصيل,طلب وصل بارد لأن المطعم تأخر وراحت التقييم,2025-07-22,2005070
telegram,jahez_couriers,توصيل,هنجرستين وكيتا حاليًا جاهز ومرسول وذا شيفز بس اقل في الطلبات,2025-07-22,2005092
telegram,thechefs_ksa,توصيل,توصيل في الأمطار خطر بدون مكافأة من التطبيق,2025-07-22,2005094
telegram,jahez_couriers,توصيل,هنقرستيشن يقولك رجع الطلب سوبر ماركت هنقرستيشن,2025-07-22,2005096
telegram,mrsool_delivery,توصيل,ذا شيفز تعاملهم مع المناديب أحسن من كيتا,2025-07-22,2005108
telegram,toYou_couriers,توصيل,مشوار ابو ٢٠ زمان في كيتا الحين ب٩,2025-07-22,2005169
twitter,HungerStation_drivers,توصيل,رحت محل اكل هندي وجبت طلب وشوربة واقعة جاني خصم ٥٠ ريال,2025-07-22,2005184
telegram,mostaql_workers,عمل_حر,نبي حماية للفريلانسر من الزبون اللي ما يدفع,2025-07-22,2005190
twitter,khamsat_ar,عمل_حر,الفريلانس في السعودية بدأ ينمو بشكل كبير,2025-07-22,2005193
twitter,mostaql_workers,عمل_حر,نبي حماية للفريلانسر من الزبون اللي ما يدفع,2025-07-22,2005213
telegram,wasselni_drivers,نقل,كم متوسط دخل الكابتن في الرياض شهريًا حاليًا,2025-07-23,2004808
telegram,careem_drivers_sa,نقل,اوبر زود على نسبة الالغاء وانا ما قدرت اوصل للعميل,2025-07-23,2004810
telegram,السائقين_السعوديين,نقل,متوسط دخلي اليوم ١٨٠ ريال بعد البنزين,2025-07-23,2004871
telegram,uber_ksa_drivers,نقل,أوبر أفضل من بولت في توزيع الرحلات عندي,2025-07-23,2004872
telegram,kayan_ksa,نقل,أوبر أفضل من بولت في توزيع الرحلات عندي,2025-07-23,2004900
telegram,CreemUber,نقل,وصليني مافيه طلبات كافية في منطقتي,2025-07-23,2004913
telegram,HungerStation_drivers,توصيل,مرسول شغال زي لوز ما عده كيتا,2025-07-23,2005026
telegram,HungerStation_drivers,توصيل,خدمة العملاء في كيتا ما تفيد تقريباً,2025-07-23,2005079
telegram,jahez_couriers,توصيل,الطلبات الليلية تساوي ضعف النهارية في كيتا,2025-07-23,2005105
telegram,toYou_couriers,توصيل,كيتا يلعبون على المندوب عشان يخصمون مكافأة التوصيل في الوقت,2025-07-23,2005109
telegram,uber_ksa_drivers,نقل,جيني بدأ ينافس لكن ما زال الطلبات أقل,2025-07-24,2004804
twitter,Captains_saudi,نقل,جربت كابتن في جيني وجيت الرياض والشغل مثل الشرقية,2025-07-24,2004829
twitter,careem_drivers_sa,نقل,بولت نسبة عالية خير ياطير اذا عوضنا,2025-07-24,2004840
twitter,Captains_saudi,نقل,وصلت ٥٠ رحلة هذا الأسبوع الحمد لله رب العالمين,2025-07-24,2004854
telegram,Captains_saudi,نقل,ذروة ب كاش مع نسبتهم تشوفه مبلغ كويس بس يجيك بمشوار واحد بطاقة,2025-07-24,2004865
twitter,bolt_drivers_ksa,نقل,اتمنى الجميع يركز نتحرك بشكل جماعي نرفع شكاوى لوزارة النقل,2025-07-24,2004894
telegram,HungerStation_drivers,توصيل,كنت اشتغل مرسول زمان اطلع ٢٠٠ في اليوم على ٨ طلبات,2025-07-24,2004958
telegram,keeta_couriers,توصيل,ياشباب امس المغرب حولت مبلغ من كيتا ولحد الان ما وصلت,2025-07-24,2005080
telegram,toYou_couriers,توصيل,جاهز أحسن من مرسول في التوزيع والسعر,2025-07-24,2005083
telegram,toYou_couriers,توصيل,امس وصلت طلب والعميل تأخر وراح عليي مكافأة موعد الوصول,2025-07-24,2005139
twitter,keeta_couriers,توصيل,ياشباب امس المغرب حولت مبلغ من كيتا ولحد الان ما وصلت,2025-07-24,2005185
twitter,CreemUber,نقل,السائق هو الي يتعب ولابد تكون نسبة اوبر لها حد اعلى ٢٠ ريال,2025-07-25,2004785
telegram,jahez_couriers,توصيل,مرسول الطلبات فل بس عيبه اطلب اي شي روح بنفسك,2025-07-25,2004923
telegram,HungerStation_drivers,توصيل,الاسعار اختلفت بعد كثرة المنافسين ودخول كيتا بالاخص,2025-07-25,2004951
twitter,delivery_ksa,توصيل,سلام وصلت طلب وسلمته للعميل بيدي وبعد نص ساعة خصموا قيمة الطلب,2025-07-25,2004962
telegram,jahez_couriers,توصيل,كيتا الحين يقولك توصل الطلب وعشان تبلغ تأخير المطعم تنتظر,2025-07-25,2004979
twitter,toYou_couriers,توصيل,خدمة العملاء في كيتا ما تفيد تقريباً,2025-07-25,2004994
telegram,HungerStation_drivers,توصيل,امس وصلت طلب والعميل تأخر وراح عليي مكافأة موعد الوصول,2025-07-25,2005003
telegram,thechefs_ksa,توصيل,امس وصلت طلب والعميل تأخر وراح عليي مكافأة موعد الوصول,2025-07-25,2005028
telegram,delivery_ksa,توصيل,ذا شيفز الطلبات كثيرة بس المنطقة محدودة حتى الآن,2025-07-25,2005101
telegram,jahez_couriers,توصيل,طلب وصل بارد لأن المطعم تأخر وراحت التقييم,2025-07-25,2005119
telegram,thechefs_ksa,توصيل,المخالفين موصلين ٣٠٠ وشوي الشهر اللي فات انا بقوة وصلت ٢٩٠,2025-07-25,2005136
telegram,khamsat_ar,عمل_حر,مشروع ترجمة بكم تقدر تقدم,2025-07-25,2005189
twitter,mostaql_workers,عمل_حر,أكملت مشروع تصميم بـ ٨٠٠ ريال في مستقل,2025-07-25,2005195
twitter,khamsat_ar,عمل_حر,الزبون ما دفع بعد تسليم العمل كيف أتصرف,2025-07-25,2005197
twitter,mostaql_workers,عمل_حر,أكملت مشروع تصميم بـ ٨٠٠ ريال في مستقل,2025-07-25,2005229
twitter,careem_drivers_sa,نقل,ما يستاهل لا تعب ولا وقت المشوار بعيد والربح ضعيف,2025-07-26,2004838
twitter,careem_drivers_sa,نقل,وصلت ٥٠ رحلة هذا الأسبوع الحمد لله رب العالمين,2025-07-26,2004853
telegram,kayan_ksa,نقل,التامين على السيارة غالي علينا الشركات مو مهتمة,2025-07-26,2004870
telegram,bolt_drivers_ksa,نقل,عميل تقييمه منخفض لا تاخذ مرة,2025-07-26,2004873
telegram,CreemUber,نقل,كيان وصليني تطبيقات واعدة بس تحتاج وقت,2025-07-26,2004908
telegram,toYou_couriers,توصيل,مشوار ابو ٢٠ زمان في كيتا الحين ب٩,2025-07-26,2004929
telegram,jahez_couriers,توصيل,ذا شيفز يدفع بشكل منتظم بخلاف كيتا,2025-07-26,2004992
telegram,keeta_couriers,توصيل,ذا شيفز الطلبات كثيرة بس المنطقة محدودة حتى الآن,2025-07-26,2004998
telegram,keeta_couriers,توصيل,مو محل وموظفين اغبياء هم الغلطانين مو المندوب,2025-07-26,2005029
twitter,keeta_couriers,توصيل,مرسول الطلبات فل بس عيبه اطلب اي شي روح بنفسك,2025-07-26,2005034
telegram,thechefs_ksa,توصيل,رحت محل اكل هندي وجبت طلب وشوربة واقعة جاني خصم ٥٠ ريال,2025-07-26,2005086
twitter,khamsat_ar,عمل_حر,upwork أو مستقل أيهما أفضل للسعوديين,2025-07-26,2005227
telegram,kayan_ksa,نقل,جيني وصليني الاسعار خايسه جدا يعني الكيلو اقل من ريال,2025-07-27,2004791
telegram,Captains_saudi,نقل,متوسط دخلي اليوم ١٨٠ ريال بعد البنزين,2025-07-27,2004792
telegram,السائقين_السعوديين,نقل,أوبر أفضل من بولت في توزيع الرحلات عندي,2025-07-27,2004813
twitter,careem_drivers_sa,نقل,جيني وصليني الاسعار خايسه جدا يعني الكيلو اقل من ريال,2025-07-27,2004814
telegram,CreemUber,نقل,اتمنى الجميع يركز نتحرك بشكل جماعي نرفع شكاوى لوزارة النقل,2025-07-27,2004901
twitter,mrsool_delivery,توصيل,رحت محل اكل هندي وجبت طلب وشوربة واقعة جاني خصم ٥٠ ريال,2025-07-27,2004961
telegram,HungerStation_drivers,توصيل,والله كيتا صار يضحك علينا الطلبات وصلت الى ٦ ريال,2025-07-27,2004975
twitter,HungerStation_drivers,توصيل,كيتا يلعبون على المندوب عشان يخصمون مكافأة التوصيل في الوقت,2025-07-27,2005072
telegram,HungerStation_drivers,توصيل,الاسعار اختلفت بعد كثرة المنافسين ودخول كيتا بالاخص,2025-07-27,2005091
telegram,HungerStation_drivers,توصيل,والله اذا موترك ينفع في النقل الموجه افضل بمليون مرة,2025-07-27,2005151
telegram,jahez_couriers,توصيل,كنت اشتغل مرسول زمان اطلع ٢٠٠ في اليوم على ٨ طلبات,2025-07-27,2005183
telegram,freelancers_ksa,عمل_حر,الزبون ما دفع بعد تسليم العمل كيف أتصرف,2025-07-27,2005207
telegram,mostaql_workers,عمل_حر,التسويق الرقمي من أكثر التخصصات طلباً,2025-07-27,2005220
telegram,kayan_ksa,نقل,العمل في المطارات أحسن من الشوارع الربح افضل,2025-07-28,2004801
telegram,Captains_saudi,نقل,من اشوف مشوار مو مناسب على طول ارفضه,2025-07-28,2004864
telegram,السائقين_السعوديين,نقل,التامين على السيارة غالي علينا الشركات مو مهتمة,2025-07-28,2004887
telegram,thechefs_ksa,توصيل,وصلت ٢٠٠ طلب هذا الشهر الحمد لله,2025-07-28,2004919
telegram,toYou_couriers,توصيل,ذا شيفز تعاملهم مع المناديب أحسن من كيتا,2025-07-28,2004936
telegram,jahez_couriers,توصيل,مشكلة الباكدج الكبير ما يناسب الدراجة,2025-07-28,2004946
telegram,jahez_couriers,توصيل,الطلبات الليلية تساوي ضعف النهارية في كيتا,2025-07-28,2005060
telegram,keeta_couriers,توصيل,كنت اشتغل مرسول زمان اطلع ٢٠٠ في اليوم على ٨ طلبات,2025-07-28,2005097
telegram,jahez_couriers,توصيل,مرسول الطلبات فل بس عيبه اطلب اي شي روح بنفسك,2025-07-28,2005102
twitter,toYou_couriers,توصيل,مانبي نقطع رزق احد بس والله غبنه توقف عند المطاعم وتنتظر,2025-07-28,2005110
telegram,mrsool_delivery,توصيل,مشوار ابو ٢٠ زمان في كيتا الحين ب٩,2025-07-28,2005140
telegram,jahez_couriers,توصيل,مرسول الطلبات فل بس عيبه اطلب اي شي روح بنفسك,2025-07-28,2005163
telegram,freelancers_ksa,عمل_حر,أكملت مشروع تصميم بـ ٨٠٠ ريال في مستقل,2025-07-28,2005230
telegram,freelancers_ksa,عمل_حر,ضريبة القيمة المضافة على الفريلانس كيف تشتغل,2025-07-28,2005238
telegram,السائقين_السعوديين,نقل,أوبر أفضل من بولت في توزيع الرحلات عندي,2025-07-29,2004782
telegram,السائقين_السعوديين,نقل,التامين على السيارة غالي علينا الشركات مو مهتمة,2025-07-29,2004807
twitter,toYou_couriers,توصيل,الدراجة تعطلت اليوم وخسرت شغل,2025-07-29,2004944
telegram,jahez_couriers,توصيل,جدة من ٥ ايام ما في طلبات او طلبين بالكثير ايش المشكلة في كيتا,2025-07-29,2004982
twitter,toYou_couriers,توصيل,الاسعار اختلفت بعد كثرة المنافسين ودخول كيتا بالاخص,2025-07-29,2005017
telegram,mrsool_delivery,توصيل,الطلبات الليلية تساوي ضعف النهارية في كيتا,2025-07-29,2005123
telegram,mrsool_delivery,توصيل,الاسعار اختلفت بعد كثرة المنافسين ودخول كيتا بالاخص,2025-07-29,2005141
telegram,HungerStation_drivers,توصيل,هنقرستيشن يقولك رجع الطلب سوبر ماركت هنقرستيشن,2025-07-29,2005168
telegram,thechefs_ksa,توصيل,كيتا يلعبون على المندوب عشان يخصمون مكافأة التوصيل في الوقت,2025-07-29,2005177
telegram,jahez_couriers,توصيل,توصيل في الأمطار خطر بدون مكافأة من التطبيق,2025-07-29,2005180
telegram,khamsat_ar,عمل_حر,ضريبة القيمة المضافة على الفريلانس كيف تشتغل,2025-07-29,2005204
telegram,khamsat_ar,عمل_حر,ضريبة القيمة المضافة على الفريلانس كيف تشتغل,2025-07-29,2005212
telegram,wasselni_drivers,نقل,ذروة ب كاش مع نسبتهم تشوفه مبلغ كويس بس يجيك بمشوار واحد بطاقة,2025-07-30,2004794
telegram,wasselni_drivers,نقل,بولت نسبة عالية خير ياطير اذا عوضنا,2025-07-30,2004830
twitter,CreemUber,نقل,بولت انا مااوثق في اي زبون يقولي بحولك مابحولك,2025-07-30,2004832
twitter,CreemUber,نقل,الذروة في كريم حمراء والطلبات ورا بعض بالمدينة,2025-07-30,2004847
telegram,wasselni_drivers,نقل,وصليني مافيه طلبات كافية في منطقتي,2025-07-30,2004875
telegram,kayan_ksa,نقل,جربت كابتن في جيني وجيت الرياض والشغل مثل الشرقية,2025-07-30,2004895
telegram,bolt_drivers_ksa,نقل,وصليني مافيه طلبات كافية في منطقتي,2025-07-30,2004912
telegram,thechefs_ksa,توصيل,هنجرستين وكيتا حاليًا جاهز ومرسول وذا شيفز بس اقل في الطلبات,2025-07-30,2004915
telegram,toYou_couriers,توصيل,مو محل وموظفين اغبياء هم الغلطانين مو المندوب,2025-07-30,2004938
telegram,keeta_couriers,توصيل,كنت اشتغل مرسول زمان اطلع ٢٠٠ في اليوم على ٨ طلبات,2025-07-30,2004947
telegram,thechefs_ksa,توصيل,المخالفين موصلين ٣٠٠ وشوي الشهر اللي فات انا بقوة وصلت ٢٩٠,2025-07-30,2004973
telegram,HungerStation_drivers,توصيل,هنقرستيشن يقولك رجع الطلب سوبر ماركت هنقرستيشن,2025-07-30,2004981
twitter,mrsool_delivery,توصيل,جاهز أحسن من مرسول في التوزيع والسعر,2025-07-30,2004990
telegram,keeta_couriers,توصيل,مرسول فتح تسجيل جديد للموصلين هذا الأسبوع,2025-07-30,2005005
telegram,thechefs_ksa,توصيل,رحت محل اكل هندي وجبت طلب وشوربة واقعة جاني خصم ٥٠ ريال,2025-07-30,2005037
telegram,delivery_ksa,توصيل,هنجرستين وكيتا حاليًا جاهز ومرسول وذا شيفز بس اقل في الطلبات,2025-07-30,2005064
telegram,mrsool_delivery,توصيل,يعطيكم العافيه يا شباب حولت مبلغ من كيتا ولحد الان ما وصلت,2025-07-30,2005084
telegram,thechefs_ksa,توصيل,والله اذا موترك ينفع في النقل الموجه افضل بمليون مرة,2025-07-30,2005107
telegram,HungerStation_drivers,توصيل,المندوب المخالف يأكل حرام رزق شخص نظامي,2025-07-30,2005130
twitter,thechefs_ksa,توصيل,امس وصلت طلب والعميل تأخر وراح عليي مكافأة موعد الوصول,2025-07-30,2005144
telegram,mrsool_delivery,توصيل,ياشباب امس المغرب حولت مبلغ من كيتا ولحد الان ما وصلت,2025-07-30,2005154
telegram,toYou_couriers,توصيل,جدة من ٥ ايام ما في طلبات او طلبين بالكثير ايش المشكلة في كيتا,2025-07-30,2005159
telegram,mostaql_workers,عمل_حر,الزبون ما دفع بعد تسليم العمل كيف أتصرف,2025-07-30,2005187
twitter,khamsat_ar,عمل_حر,ضريبة القيمة المضافة على الفريلانس كيف تشتغل,2025-07-30,2005192
telegram,freelancers_ksa,عمل_حر,التسويق الرقمي من أكثر التخصصات طلباً,2025-07-30,2005219
telegram,khamsat_ar,عمل_حر,upwork أو مستقل أيهما أفضل للسعوديين,2025-07-30,2005239
twitter,khamsat_ar,عمل_حر,كيف أحسن بروفايلي في مستقل وأحصل على عملاء,2025-07-30,2005245
twitter,wasselni_drivers,نقل,عميل تقييمه منخفض لا تاخذ مرة,2025-07-31,2004878
telegram,Captains_saudi,نقل,بعدها على بولت خلال ٦ ساعات ٢٠٠ ريال خلال ١٦ ساعة ٧٠٠ ريال ثابتة,2025-07-31,2004905
telegram,keeta_couriers,توصيل,توصيل في الأمطار خطر بدون مكافأة من التطبيق,2025-07-31,2004931
telegram,thechefs_ksa,توصيل,توصيل في الأمطار خطر بدون مكافأة من التطبيق,2025-07-31,2004956
telegram,jahez_couriers,توصيل,يعطيكم العافيه يا شباب حولت مبلغ من كيتا ولحد الان ما وصلت,2025-07-31,2004957
telegram,mrsool_delivery,توصيل,كيتا الحين يقولك توصل الطلب وعشان تبلغ تأخير المطعم تنتظر,2025-07-31,2004974
telegram,jahez_couriers,توصيل,كيتا الحين يقولك توصل الطلب وعشان تبلغ تأخير المطعم تنتظر,2025-07-31,2004976
telegram,keeta_couriers,توصيل,واحد طالب ٣ ماء من كودو المهم يرسل يقول كنسل,2025-07-31,2004983
telegram,toYou_couriers,توصيل,وصلت ٢٠٠ طلب هذا الشهر الحمد لله,2025-07-31,2005030
telegram,delivery_ksa,توصيل,الطلبات في رمضان تجنن ٣ أضعاف العادي,2025-07-31,2005043
telegram,delivery_ksa,توصيل,ياشباب امس المغرب حولت مبلغ من كيتا ولحد الان ما وصلت,2025-07-31,2005120
twitter,toYou_couriers,توصيل,هنجرستين وكيتا حاليًا جاهز ومرسول وذا شيفز بس اقل في الطلبات,2025-07-31,2005176
twitter,khamsat_ar,عمل_حر,الزبون ما دفع بعد تسليم العمل كيف أتصرف,2025-07-31,2005194
twitter,khamsat_ar,عمل_حر,ضريبة القيمة المضافة على الفريلانس كيف تشتغل,2025-07-31,2005208
telegram,freelancers_ksa,عمل_حر,التسويق الرقمي من أكثر التخصصات طلباً,2025-07-31,2005244
telegram,freelancers_ksa,عمل_حر,مشروع ترجمة بكم تقدر تقدم,2025-07-31,2005250
twitter,freelancers_ksa,عمل_حر,نبي حماية للفريلانسر من الزبون اللي ما يدفع,2025-07-31,2005251
twitter,mostaql_workers,عمل_حر,ضريبة القيمة المضافة على الفريلانس كيف تشتغل,2025-07-31,2005253
telegram,Captains_saudi,نقل,بولت انا مااوثق في اي زبون يقولي بحولك مابحولك,2025-08-01,2004265
twitter,السائقين_السعوديين,نقل,وصلت واحد المطار وكان مصري وحك الصدام من السيارة,2025-08-01,2004272
twitter,CreemUber,نقل,السائق هو الي يتعب ولابد تكون نسبة اوبر لها حد اعلى ٢٠ ريال,2025-08-01,2004277
twitter,bolt_drivers_ksa,نقل,اتمنى الجميع يركز نتحرك بشكل جماعي نرفع شكاوى لوزارة النقل,2025-08-01,2004279
telegram,السائقين_السعوديين,نقل,جيني وصليني الاسعار خايسه جدا يعني الكيلو اقل من ريال,2025-08-01,2004289
twitter,Captains_saudi,نقل,نسبة اوبر في مشوار المطار وصلت ٧٥٪ اخذ من الزبون ٥٩ ريال عطاني ١٢ فقط,2025-08-01,2004292
telegram,careem_drivers_sa,نقل,اقل شي ٤٥٠ واعلى شي ٥٥٠ خلال ١٢ ساعة على اوبر,2025-08-01,2004303
telegram,uber_ksa_drivers,نقل,كم متوسط دخل الكابتن في الرياض شهريًا حاليًا,2025-08-01,2004392
telegram,wasselni_drivers,نقل,بعدها على بولت خلال ٦ ساعات ٢٠٠ ريال خلال ١٦ ساعة ٧٠٠ ريال ثابتة,2025-08-01,2004415
telegram,mrsool_delivery,توصيل,ياخوان الطلبات وقفت عندي من ساعة م جاني ولا طلب,2025-08-01,2004492
twitter,delivery_ksa,توصيل,مرسول فتح تسجيل جديد للموصلين هذا الأسبوع,2025-08-01,2004500
telegram,keeta_couriers,توصيل,جاهز أحسن من مرسول في التوزيع والسعر,2025-08-01,2004523
telegram,keeta_couriers,توصيل,مرسول شغال زي لوز ما عده كيتا,2025-08-01,2004536
telegram,delivery_ksa,توصيل,واحد طالب ٣ ماء من كودو المهم يرسل يقول كنسل,2025-08-01,2004553
telegram,jahez_couriers,توصيل,جاهز أحسن من مرسول في التوزيع والسعر,2025-08-01,2004581
telegram,keeta_couriers,توصيل,سلام وصلت طلب وسلمته للعميل بيدي وبعد نص ساعة خصموا قيمة الطلب,2025-08-01,2004643
twitter,HungerStation_drivers,توصيل,الحين ١٤ طلب في كيتا وما طلعت ٢٠ ريال,2025-08-01,2004647
telegram,freelancers_ksa,عمل_حر,الزبائن الخليجيين يدفعون أحسن من العرب,2025-08-01,2004677
twitter,khamsat_ar,عمل_حر,ضريبة القيمة المضافة على الفريلانس كيف تشتغل,2025-08-01,2004692
telegram,freelancers_ksa,عمل_حر,التسويق الرقمي من أكثر التخصصات طلباً,2025-08-01,2004726
twitter,freelancers_ksa,عمل_حر,الفريلانس في السعودية بدأ ينمو بشكل كبير,2025-08-01,2004733
telegram,mostaql_workers,عمل_حر,التسويق الرقمي من أكثر التخصصات طلباً,2025-08-01,2004743
telegram,khamsat_ar,عمل_حر,بدأت فريلانس من بيتي والدخل تحسن الحمد لله,2025-08-01,2004770
telegram,mostaql_workers,عمل_حر,مشروع ترجمة بكم تقدر تقدم,2025-08-01,2004775
telegram,mostaql_workers,عمل_حر,التسويق الرقمي من أكثر التخصصات طلباً,2025-08-01,2004779
twitter,uber_ksa_drivers,نقل,اوبر زود على نسبة الالغاء وانا ما قدرت اوصل للعميل,2025-08-02,2004254
telegram,careem_drivers_sa,نقل,اتمنى الجميع يركز نتحرك بشكل جماعي نرفع شكاوى لوزارة النقل,2025-08-02,2004263
telegram,bolt_drivers_ksa,نقل,وصلت ٥٠ رحلة هذا الأسبوع الحمد لله رب العالمين,2025-08-02,2004293
telegram,wasselni_drivers,نقل,بولت نسبة عالية خير ياطير اذا عوضنا,2025-08-02,2004312
twitter,wasselni_drivers,نقل,السائقين الأجانب يزاحمون على الرحلات في كريم,2025-08-02,2004315
telegram,careem_drivers_sa,نقل,بولت نسبة عالية خير ياطير اذا عوضنا,2025-08-02,2004330
twitter,wasselni_drivers,نقل,جربت كابتن في جيني وجيت الرياض والشغل مثل الشرقية,2025-08-02,2004335
twitter,wasselni_drivers,نقل,كم متوسط دخل الكابتن في الرياض شهريًا حاليًا,2025-08-02,2004363
telegram,wasselni_drivers,نقل,نبي نظام تأمين صحي للسائقين مثل الموظفين,2025-08-02,2004382
telegram,careem_drivers_sa,نقل,من حقك ترفض خدمته سيارتك وترفع بلاغ,2025-08-02,2004391
twitter,CreemUber,نقل,متوسط دخلي اليوم ١٨٠ ريال بعد البنزين,2025-08-02,2004405
telegram,jeeny_ksa,نقل,نبي نظام تأمين صحي للسائقين مثل الموظفين,2025-08-02,2004465
telegram,thechefs_ksa,توصيل,واحد طالب ٣ ماء من كودو المهم يرسل يقول كنسل,2025-08-02,2004478
telegram,toYou_couriers,توصيل,وصلت طلبات وطلعت ب١١٠ ريال لكن ليش ما اتضافت للسحب,2025-08-02,2004575
telegram,toYou_couriers,توصيل,مرسول الطلبات فل بس عيبه اطلب اي شي روح بنفسك,2025-08-02,2004586
telegram,toYou_couriers,توصيل,ذا شيفز الطلبات كثيرة بس المنطقة محدودة حتى الآن,2025-08-02,2004609
telegram,jahez_couriers,توصيل,مرسول رقم واحد بالتعويض يقولك توصل موقع العميل كلمنا,2025-08-02,2004617
telegram,jahez_couriers,توصيل,هنقرستيشن يقولك رجع الطلب سوبر ماركت هنقرستيشن,2025-08-02,2004628
telegram,mrsool_delivery,توصيل,خدمة العملاء في كيتا ما تفيد تقريباً,2025-08-02,2004642
telegram,HungerStation_drivers,توصيل,كنت اشتغل مرسول زمان اطلع ٢٠٠ في اليوم على ٨ طلبات,2025-08-02,2004646
twitter,keeta_couriers,توصيل,جدة من ٥ ايام ما في طلبات او طلبين بالكثير ايش المشكلة في كيتا,2025-08-02,2004660
telegram,keeta_couriers,توصيل,ذا شيفز تعاملهم مع المناديب أحسن من كيتا,2025-08-02,2004666
telegram,freelancers_ksa,عمل_حر,نبي حماية للفريلانسر من الزبون اللي ما يدفع,2025-08-02,2004696
twitter,mostaql_workers,عمل_حر,الفريلانس في السعودية بدأ ينمو بشكل كبير,2025-08-02,2004706
telegram,khamsat_ar,عمل_حر,الزبون ما دفع بعد تسليم العمل كيف أتصرف,2025-08-02,2004708
twitter,freelancers_ksa,عمل_حر,مشروع ترجمة بكم تقدر تقدم,2025-08-02,2004767
telegram,bolt_drivers_ksa,نقل,ما يستاهل لا تعب ولا وقت المشوار بعيد والربح ضعيف,2025-08-03,2004275
telegram,uber_ksa_drivers,نقل,بعدها على بولت خلال ٦ ساعات ٢٠٠ ريال خلال ١٦ ساعة ٧٠٠ ريال ثابتة,2025-08-03,2004305
twitter,careem_drivers_sa,نقل,اقل شي ٤٥٠ واعلى شي ٥٥٠ خلال ١٢ ساعة على اوبر,2025-08-03,2004332
telegram,jeeny_ksa,نقل,جربت كابتن في جيني وجيت الرياض والشغل مثل الشرقية,2025-08-03,2004355
telegram,wasselni_drivers,نقل,اقل شي ٤٥٠ واعلى شي ٥٥٠ خلال ١٢ ساعة على اوبر,2025-08-03,2004356
twitter,jeeny_ksa,نقل,اليوم الأوردرات كانت ممتازة والبخشيش زين الحمد لله,2025-08-03,2004453
telegram,uber_ksa_drivers,نقل,وصليني مافيه طلبات كافية في منطقتي,2025-08-03,2004470
telegram,jahez_couriers,توصيل,والله اذا موترك ينفع في النقل الموجه افضل بمليون مرة,2025-08-03,2004475
telegram,HungerStation_drivers,توصيل,امس وصلت طلب والعميل تأخر وراح عليي مكافأة موعد الوصول,2025-08-03,2004476
telegram,HungerStation_drivers,توصيل,كيتا يلعبون على المندوب عشان يخصمون مكافأة التوصيل في الوقت,2025-08-03,2004480
telegram,mrsool_delivery,توصيل,مشوار ابو ٢٠ زمان في كيتا الحين ب٩,2025-08-03,2004503
telegram,jahez_couriers,توصيل,خدمة العملاء في كيتا ما تفيد تقريباً,2025-08-03,2004509
twitter,delivery_ksa,توصيل,مشوار ابو ٢٠ زمان في كيتا الحين ب٩,2025-08-03,2004547
twitter,thechefs_ksa,توصيل,كيتا الحين يقولك توصل الطلب وعشان تبلغ تأخير المطعم تنتظر,2025-08-03,2004562
telegram,thechefs_ksa,توصيل,ذا شيفز الطلبات كثيرة بس المنطقة محدودة حتى الآن,2025-08-03,2004579
telegram,HungerStation_drivers,توصيل,ياشباب امس المغرب حولت مبلغ من كيتا ولحد الان ما وصلت,2025-08-03,2004622
twitter,jahez_couriers,توصيل,ذا شيفز يدفع بشكل منتظم بخلاف كيتا,2025-08-03,2004640
telegram,toYou_couriers,توصيل,طلب وصل بارد لأن المطعم تأخر وراحت التقييم,2025-08-03,2004655
twitter,freelancers_ksa,عمل_حر,بدأت فريلانس من بيتي والدخل تحسن الحمد لله,2025-08-03,2004701
telegram,khamsat_ar,عمل_حر,أكملت مشروع تصميم بـ ٨٠٠ ريال في مستقل,2025-08-03,2004728
telegram,freelancers_ksa,عمل_حر,منصة خمسات أفضل للمبتدئين في العمل الحر,2025-08-03,2004764
telegram,السائقين_السعوديين,نقل,اذا الوقت زاد ٨ دقايق وفوق ماافكهم غير مسويلي تعويض,2025-08-04,2004343
twitter,uber_ksa_drivers,نقل,جيني وصليني الاسعار خايسه جدا يعني الكيلو اقل من ريال,2025-08-04,2004344
telegram,CreemUber,نقل,جيني بدأ ينافس لكن ما زال الطلبات أقل,2025-08-04,2004372
telegram,kayan_ksa,نقل,رفضت رحلة بعيدة وخسرت bonus الاسبوع,2025-08-04,2004377
twitter,السائقين_السعوديين,نقل,اوبر مادري كيف يفكرون جاني مشوار والطرق كلها مقفله,2025-08-04,2004379
twitter,jeeny_ksa,نقل,ذروة ب كاش مع نسبتهم تشوفه مبلغ كويس بس يجيك بمشوار واحد بطاقة,2025-08-04,2004401
telegram,careem_drivers_sa,نقل,جيني وصليني الاسعار خايسه جدا يعني الكيلو اقل من ريال,2025-08-04,2004417
telegram,Captains_saudi,نقل,كم متوسط دخل الكابتن في الرياض شهريًا حاليًا,2025-08-04,2004442
twitter,uber_ksa_drivers,نقل,ما يستاهل لا تعب ولا وقت المشوار بعيد والربح ضعيف,2025-08-04,2004463
telegram,toYou_couriers,توصيل,ياشباب امس المغرب حولت مبلغ من كيتا ولحد الان ما وصلت,2025-08-04,2004552
telegram,thechefs_ksa,توصيل,الدراجة تعطلت اليوم وخسرت شغل,2025-08-04,2004560
telegram,jahez_couriers,توصيل,الاسعار اختلفت بعد كثرة المنافسين ودخول كيتا بالاخص,2025-08-04,2004563
twitter,mostaql_workers,عمل_حر,كيف أحسن بروفايلي في مستقل وأحصل على عملاء,2025-08-04,2004707
telegram,uber_ksa_drivers,نقل,وصليني مافيه طلبات كافية في منطقتي,2025-08-05,2004237
twitter,CreemUber,نقل,اذا الوقت زاد ٨ دقايق وفوق ماافكهم غير مسويلي تعويض,2025-08-05,2004251
telegram,uber_ksa_drivers,نقل,وصلت واحد المطار وكان مصري وحك الصدام من السيارة,2025-08-05,2004281
telegram,uber_ksa_drivers,نقل,الذروة في كريم حمراء والطلبات ورا بعض بالمدينة,2025-08-05,2004295
telegram,careem_drivers_sa,نقل,اقل شي ٤٥٠ واعلى شي ٥٥٠ خلال ١٢ ساعة على اوبر,2025-08-05,2004314
telegram,wasselni_drivers,نقل,من حقك ترفض خدمته سيارتك وترفع بلاغ,2025-08-05,2004316
telegram,السائقين_السعوديين,نقل,التامين على السيارة غالي علينا الشركات مو مهتمة,2025-08-05,2004329
twitter,careem_drivers_sa,نقل,العمل في المطارات أحسن من الشوارع الربح افضل,2025-08-05,2004342
twitter,careem_drivers_sa,نقل,جربت كابتن في جيني وجيت الرياض والشغل مثل الشرقية,2025-08-05,2004385
telegram,wasselni_drivers,نقل,ما يستاهل لا تعب ولا وقت المشوار بعيد والربح ضعيف,2025-08-05,2004421
telegram,jeeny_ksa,نقل,من اشوف مشوار مو مناسب على طول ارفضه,2025-08-05,2004432
telegram,careem_drivers_sa,نقل,بولت نسبة عالية خير ياطير اذا عوضنا,2025-08-05,2004446
telegram,bolt_drivers_ksa,نقل,بعدها على بولت خلال ٦ ساعات ٢٠٠ ريال خلال ١٦ ساعة ٧٠٠ ريال ثابتة,2025-08-05,2004458
telegram,toYou_couriers,توصيل,والله اذا موترك ينفع في النقل الموجه افضل بمليون مرة,2025-08-05,2004485
telegram,mrsool_delivery,توصيل,مشكلة الباكدج الكبير ما يناسب الدراجة,2025-08-05,2004538
telegram,toYou_couriers,توصيل,الطلبات الليلية تساوي ضعف النهارية في كيتا,2025-08-05,2004590
telegram,HungerStation_drivers,توصيل,يعطيكم العافيه يا شباب حولت مبلغ من كيتا ولحد الان ما وصلت,2025-08-05,2004592
telegram,delivery_ksa,توصيل,يعطيكم العافيه يا شباب حولت مبلغ من كيتا ولحد الان ما وصلت,2025-08-05,2004596
telegram,toYou_couriers,توصيل,الحين ١٤ طلب في كيتا وما طلعت ٢٠ ريال,2025-08-05,2004657
telegram,toYou_couriers,توصيل,امس وصلت طلب والعميل تأخر وراح عليي مكافأة موعد الوصول,2025-08-05,2004667
telegram,Captains_saudi,نقل,جربت كابتن في جيني وجيت الرياض والشغل مثل الشرقية,2025-08-06,2004239
telegram,CreemUber,نقل,التامين على السيارة غالي علينا الشركات مو مهتمة,2025-08-06,2004352
telegram,uber_ksa_drivers,نقل,كم متوسط دخل الكابتن في الرياض شهريًا حاليًا,2025-08-06,2004400
telegram,Captains_saudi,نقل,إلى متى يا اوبر نسبة عالية وفوق هذا تسعيرة زي وجهك,2025-08-06,2004408
telegram,careem_drivers_sa,نقل,السائقين الأجانب يزاحمون على الرحلات في كريم,2025-08-06,2004414
twitter,careem_drivers_sa,نقل,من اشوف مشوار مو مناسب على طول ارفضه,2025-08-06,2004419
telegram,bolt_drivers_ksa,نقل,عميل تقييمه منخفض لا تاخذ مرة,2025-08-06,2004428
twitter,السائقين_السعوديين,نقل,وصليني مافيه طلبات كافية في منطقتي,2025-08-06,2004471
telegram,delivery_ksa,توصيل,كيتا يلعبون على المندوب عشان يخصمون مكافأة التوصيل في الوقت,2025-08-06,2004483
twitter,toYou_couriers,توصيل,هنقرستيشن يقولك رجع الطلب سوبر ماركت هنقرستيشن,2025-08-06,2004498
telegram,mrsool_delivery,توصيل,الدراجة تعطلت اليوم وخسرت شغل,2025-08-06,2004511
telegram,HungerStation_drivers,توصيل,هنقرستيشن يقولك رجع الطلب سوبر ماركت هنقرستيشن,2025-08-06,2004570
telegram,jahez_couriers,توصيل,امس وصلت طلب والعميل تأخر وراح عليي مكافأة موعد الوصول,2025-08-06,2004597
telegram,mostaql_workers,عمل_حر,الفريلانس في السعودية بدأ ينمو بشكل كبير,2025-08-06,2004717
telegram,khamsat_ar,عمل_حر,أكملت مشروع تصميم بـ ٨٠٠ ريال في مستقل,2025-08-06,2004744
telegram,السائقين_السعوديين,نقل,كيان التطبيق جديد بس الطلبات وايد خير من اوبر,2025-08-07,2004339
telegram,wasselni_drivers,نقل,وصليني مافيه طلبات كافية في منطقتي,2025-08-07,2004351
telegram,bolt_drivers_ksa,نقل,كيان التطبيق جديد بس الطلبات وايد خير من اوبر,2025-08-07,2004358
telegram,wasselni_drivers,نقل,جيني وصليني الاسعار خايسه جدا يعني الكيلو اقل من ريال,2025-08-07,2004387
telegram,jeeny_ksa,نقل,جيني بدأ ينافس لكن ما زال الطلبات أقل,2025-08-07,2004393
twitter,kayan_ksa,نقل,متوسط دخلي اليوم ١٨٠ ريال بعد البنزين,2025-08-07,2004399
telegram,jeeny_ksa,نقل,اوبر مادري كيف يفكرون جاني مشوار والطرق كلها مقفله,2025-08-07,2004423
telegram,Captains_saudi,نقل,نسبة اوبر في مشوار المطار وصلت ٧٥٪ اخذ من الزبون ٥٩ ريال عطاني ١٢ فقط,2025-08-07,2004431
telegram,Captains_saudi,نقل,أوبر أفضل من بولت في توزيع الرحلات عندي,2025-08-07,2004445
twitter,keeta_couriers,توصيل,امس وصلت طلب والعميل تأخر وراح عليي مكافأة موعد الوصول,2025-08-07,2004474
telegram,toYou_couriers,توصيل,جدة من ٥ ايام ما في طلبات او طلبين بالكثير ايش المشكلة في كيتا,2025-08-07,2004491
telegram,thechefs_ksa,توصيل,المندوب المخالف يأكل حرام رزق شخص نظامي,2025-08-07,2004602
telegram,jahez_couriers,توصيل,ذا شيفز يدفع بشكل منتظم بخلاف كيتا,2025-08-07,2004613
telegram,keeta_couriers,توصيل,الاسعار اختلفت بعد كثرة المنافسين ودخول كيتا بالاخص,2025-08-07,2004656
telegram,khamsat_ar,عمل_حر,دخلي من البرمجة هذا الشهر ٧٠٠٠ ريال,2025-08-07,2004705
telegram,khamsat_ar,عمل_حر,كيف أحسن بروفايلي في مستقل وأحصل على عملاء,2025-08-07,2004718
telegram,khamsat_ar,عمل_حر,التسويق الرقمي من أكثر التخصصات طلباً,2025-08-07,2004736
telegram,mostaql_workers,عمل_حر,أكملت مشروع تصميم بـ ٨٠٠ ريال في مستقل,2025-08-07,2004765
telegram,khamsat_ar,عمل_حر,أكملت مشروع تصميم بـ ٨٠٠ ريال في مستقل,2025-08-07,2004773
telegram,bolt_drivers_ksa,نقل,ودي اشتغل ف بولت بجانب اوبر ممكن؟,2025-08-08,2004257
telegram,careem_drivers_sa,نقل,محتاج سيارة جديدة السيارة الحالية تعبت من كثر الشغل,2025-08-08,2004287
twitter,bolt_drivers_ksa,نقل,اقل شي ٤٥٠ واعلى شي ٥٥٠ خلال ١٢ ساعة على اوبر,2025-08-08,2004299
telegram,careem_drivers_sa,نقل,عميل تقييمه منخفض لا تاخذ مرة,2025-08-08,2004430
telegram,jahez_couriers,توصيل,هنجرستين وكيتا حاليًا جاهز ومرسول وذا شيفز بس اقل في الطلبات,2025-08-08,2004482
telegram,HungerStation_drivers,توصيل,ياشباب امس المغرب حولت مبلغ من كيتا ولحد الان ما وصلت,2025-08-08,2004489
telegram,mrsool_delivery,توصيل,المخالفين موصلين ٣٠٠ وشوي الشهر اللي فات انا بقوة وصلت ٢٩٠,2025-08-08,2004515
telegram,toYou_couriers,توصيل,الدراجة تعطلت اليوم وخسرت شغل,2025-08-08,2004526
twitter,keeta_couriers,توصيل,الحين ١٤ طلب في كيتا وما طلعت ٢٠ ريال,2025-08-08,2004585
twitter,toYou_couriers,توصيل,الاسعار اختلفت بعد كثرة المنافسين ودخول كيتا بالاخص,2025-08-08,2004591
telegram,keeta_couriers,توصيل,المندوب المخالف يأكل حرام رزق شخص نظامي,2025-08-08,2004665
twitter,freelancers_ksa,عمل_حر,مشروع ترجمة بكم تقدر تقدم,2025-08-08,2004675
telegram,freelancers_ksa,عمل_حر,مشروع ترجمة بكم تقدر تقدم,2025-08-08,2004679
twitter,mostaql_workers,عمل_حر,بدأت فريلانس من بيتي والدخل تحسن الحمد لله,2025-08-08,2004702
twitter,mostaql_workers,عمل_حر,دخلي من البرمجة هذا الشهر ٧٠٠٠ ريال,2025-08-08,2004712
telegram,mostaql_workers,عمل_حر,مشروع ترجمة بكم تقدر تقدم,2025-08-08,2004725
telegram,kayan_ksa,نقل,وصليني مافيه طلبات كافية في منطقتي,2025-08-09,2004241
twitter,السائقين_السعوديين,نقل,محتاج سيارة جديدة السيارة الحالية تعبت من كثر الشغل,2025-08-09,2004250
telegram,Captains_saudi,نقل,التامين على السيارة غالي علينا الشركات مو مهتمة,2025-08-09,2004266
telegram,kayan_ksa,نقل,محتاج سيارة جديدة السيارة الحالية تعبت من كثر الشغل,2025-08-09,2004309
telegram,kayan_ksa,نقل,نبي نظام تأمين صحي للسائقين مثل الموظفين,2025-08-09,2004337
telegram,CreemUber,نقل,عميل تقييمه منخفض لا تاخذ مرة,2025-08-09,2004397
telegram,Captains_saudi,نقل,ودي اشتغل ف بولت بجانب اوبر ممكن؟,2025-08-09,2004413
telegram,السائقين_السعوديين,نقل,بعدها على بولت خلال ٦ ساعات ٢٠٠ ريال خلال ١٦ ساعة ٧٠٠ ريال ثابتة,2025-08-09,2004416
twitter,jahez_couriers,توصيل,رحت محل اكل هندي وجبت طلب وشوربة واقعة جاني خصم ٥٠ ريال,2025-08-09,2004505
telegram,thechefs_ksa,توصيل,مرسول الطلبات فل بس عيبه اطلب اي شي روح بنفسك,2025-08-09,2004605
telegram,HungerStation_drivers,توصيل,وصلت طلبات وطلعت ب١١٠ ريال لكن ليش ما اتضافت للسحب,2025-08-09,2004626
twitter,HungerStation_drivers,توصيل,مشوار ابو ٢٠ زمان في كيتا الحين ب٩,2025-08-09,2004658
telegram,freelancers_ksa,عمل_حر,أكملت مشروع تصميم بـ ٨٠٠ ريال في مستقل,2025-08-09,2004689
twitter,freelancers_ksa,عمل_حر,كيف أحسن بروفايلي في مستقل وأحصل على عملاء,2025-08-09,2004716
twitter,mostaql_workers,عمل_حر,upwork أو مستقل أيهما أفضل للسعوديين,2025-08-09,2004727
telegram,kayan_ksa,نقل,اوبر مادري كيف يفكرون جاني مشوار والطرق كلها مقفله,2025-08-10,2004288
telegram,uber_ksa_drivers,نقل,أوبر أفضل من بولت في توزيع الرحلات عندي,2025-08-10,2004311
telegram,uber_ksa_drivers,نقل,عميل تقييمه منخفض لا تاخذ مرة,2025-08-10,2004326
telegram,Captains_saudi,نقل,كيان وصليني تطبيقات واعدة بس تحتاج وقت,2025-08-10,2004359
telegram,CreemUber,نقل,بولت انا مااوثق في اي زبون يقولي بحولك مابحولك,2025-08-10,2004366
telegram,السائقين_السعوديين,نقل,أحسن أوقات الشغل الفطور والغداء والذروة المسائية,2025-08-10,2004404
telegram,kayan_ksa,نقل,وصليني مافيه طلبات كافية في منطقتي,2025-08-10,2004412
telegram,CreemUber,نقل,أحسن أوقات الشغل الفطور والغداء والذروة المسائية,2025-08-10,2004434
telegram,wasselni_drivers,نقل,ذروة ب كاش مع نسبتهم تشوفه مبلغ كويس بس يجيك بمشوار واحد بطاقة,2025-08-10,2004460
twitter,jeeny_ksa,نقل,السكوت ماراح ينفع خلونا نتحرك بشكل منظم,2025-08-10,2004469
telegram,thechefs_ksa,توصيل,والله اذا موترك ينفع في النقل الموجه افضل بمليون مرة,2025-08-10,2004502
telegram,delivery_ksa,توصيل,ذا شيفز يدفع بشكل منتظم بخلاف كيتا,2025-08-10,2004549
telegram,toYou_couriers,توصيل,طلب وصل بارد لأن المطعم تأخر وراحت التقييم,2025-08-10,2004580
telegram,mrsool_delivery,توصيل,الطلبات في رمضان تجنن ٣ أضعاف العادي,2025-08-10,2004594
telegram,keeta_couriers,توصيل,ذا شيفز الطلبات كثيرة بس المنطقة محدودة حتى الآن,2025-08-10,2004616
twitter,delivery_ksa,توصيل,واحد طالب ٣ ماء من كودو المهم يرسل يقول كنسل,2025-08-10,2004671
telegram,freelancers_ksa,عمل_حر,التسويق الرقمي من أكثر التخصصات طلباً,2025-08-10,2004691
telegram,mostaql_workers,عمل_حر,نبي حماية للفريلانسر من الزبون اللي ما يدفع,2025-08-10,2004741
telegram,freelancers_ksa,عمل_حر,أكملت مشروع تصميم بـ ٨٠٠ ريال في مستقل,2025-08-10,2004759
telegram,wasselni_drivers,نقل,اوبر زود على نسبة الالغاء وانا ما قدرت اوصل للعميل,2025-08-11,2004243
telegram,Captains_saudi,نقل,السائق هو الي يتعب ولابد تكون نسبة اوبر لها حد اعلى ٢٠ ريال,2025-08-11,2004338
telegram,Captains_saudi,نقل,جيني وصليني الاسعار خايسه جدا يعني الكيلو اقل من ريال,2025-08-11,2004369
telegram,uber_ksa_drivers,نقل,بولت نسبة عالية خير ياطير اذا عوضنا,2025-08-11,2004452
telegram,uber_ksa_drivers,نقل,بولت نسبة عالية خير ياطير اذا عوضنا,2025-08-11,2004454
telegram,thechefs_ksa,توصيل,والله كيتا صار يضحك علينا الطلبات وصلت الى ٦ ريال,2025-08-11,2004559
twitter,toYou_couriers,توصيل,امس وصلت طلب والعميل تأخر وراح عليي مكافأة موعد الوصول,2025-08-11,2004578
telegram,keeta_couriers,توصيل,كنت اشتغل مرسول زمان اطلع ٢٠٠ في اليوم على ٨ طلبات,2025-08-11,2004624
twitter,HungerStation_drivers,توصيل,توصيل في الأمطار خطر بدون مكافأة من التطبيق,2025-08-11,2004637
telegram,keeta_couriers,توصيل,مرسول فتح تسجيل جديد للموصلين هذا الأسبوع,2025-08-11,2004644
telegram,HungerStation_drivers,توصيل,امس السحور ٩ ريال و ١٠ ريال من كيتا ليش ولا حق التعب,2025-08-11,2004648
telegram,freelancers_ksa,عمل_حر,الزبائن الخليجيين يدفعون أحسن من العرب,2025-08-11,2004674
twitter,mostaql_workers,عمل_حر,مشروع ترجمة بكم تقدر تقدم,2025-08-11,2004690
telegram,freelancers_ksa,عمل_حر,كيف أحسن بروفايلي في مستقل وأحصل على عملاء,2025-08-11,2004694
twitter,mostaql_workers,عمل_حر,ضريبة القيمة المضافة على الفريلانس كيف تشتغل,2025-08-11,2004721
twitter,freelancers_ksa,عمل_حر,upwork أو مستقل أيهما أفضل للسعوديين,2025-08-11,2004740
twitter,khamsat_ar,عمل_حر,بدأت فريلانس من بيتي والدخل تحسن الحمد لله,2025-08-11,2004763
telegram,mostaql_workers,عمل_حر,التسويق الرقمي من أكثر التخصصات طلباً,2025-08-11,2004766
telegram,uber_ksa_drivers,نقل,ما يستاهل لا تعب ولا وقت المشوار بعيد والربح ضعيف,2025-08-12,2004238
twitter,careem_drivers_sa,نقل,اليوم الأوردرات كانت ممتازة والبخشيش زين الحمد لله,2025-08-12,2004262
telegram,wasselni_drivers,نقل,محتاج سيارة جديدة السيارة الحالية تعبت من كثر الشغل,2025-08-12,2004278
telegram,bolt_drivers_ksa,نقل,رفضت رحلة بعيدة وخسرت bonus الاسبوع,2025-08-12,2004297
twitter,wasselni_drivers,نقل,اذا الوقت زاد ٨ دقايق وفوق ماافكهم غير مسويلي تعويض,2025-08-12,2004388
twitter,wasselni_drivers,نقل,كيان التطبيق جديد بس الطلبات وايد خير من اوبر,2025-08-12,2004472
twitter,thechefs_ksa,توصيل,كيتا الحين يقولك توصل الطلب وعشان تبلغ تأخير المطعم تنتظر,2025-08-12,2004496
telegram,delivery_ksa,توصيل,مو محل وموظفين اغبياء هم الغلطانين مو المندوب,2025-08-12,2004520
telegram,mrsool_delivery,توصيل,كيتا الحين يقولك توصل الطلب وعشان تبلغ تأخير المطعم تنتظر,2025-08-12,2004525
telegram,mrsool_delivery,توصيل,الطلبات في رمضان تجنن ٣ أضعاف العادي,2025-08-12,2004582
telegram,HungerStation_drivers,توصيل,امس السحور ٩ ريال و ١٠ ريال من كيتا ليش ولا حق التعب,2025-08-12,2004604
telegram,keeta_couriers,توصيل,والله اذا موترك ينفع في النقل الموجه افضل بمليون مرة,2025-08-12,2004652
telegram,freelancers_ksa,عمل_حر,الزبون ما دفع بعد تسليم العمل كيف أتصرف,2025-08-12,2004685
telegram,mostaql_workers,عمل_حر,نبي حماية للفريلانسر من الزبون اللي ما يدفع,2025-08-12,2004693
telegram,mostaql_workers,عمل_حر,أكملت مشروع تصميم بـ ٨٠٠ ريال في مستقل,2025-08-12,2004700
twitter,mostaql_workers,عمل_حر,كيف أحسن بروفايلي في مستقل وأحصل على عملاء,2025-08-12,2004739
telegram,mostaql_workers,عمل_حر,دخلي من البرمجة هذا الشهر ٧٠٠٠ ريال,2025-08-12,2004778
telegram,wasselni_drivers,نقل,من اشوف مشوار مو مناسب على طول ارفضه,2025-08-13,2004242
telegram,careem_drivers_sa,نقل,بعدها على بولت خلال ٦ ساعات ٢٠٠ ريال خلال ١٦ ساعة ٧٠٠ ريال ثابتة,2025-08-13,2004256
telegram,uber_ksa_drivers,نقل,جربت كابتن في جيني وجيت الرياض والشغل مثل الشرقية,2025-08-13,2004300
telegram,wasselni_drivers,نقل,التامين على السيارة غالي علينا الشركات مو مهتمة,2025-08-13,2004307
twitter,jeeny_ksa,نقل,بولت نسبة عالية خير ياطير اذا عوضنا,2025-08-13,2004324
telegram,kayan_ksa,نقل,من اشوف مشوار مو مناسب على طول ارفضه,2025-08-13,2004354
telegram,jeeny_ksa,نقل,أحسن أوقات الشغل الفطور والغداء والذروة المسائية,2025-08-13,2004365
telegram,السائقين_السعوديين,نقل,نبي نظام تأمين صحي للسائقين مثل الموظفين,2025-08-13,2004383
twitter,Captains_saudi,نقل,والله زمان كان فيها خير اما الان مو المستفيد الا التطبيق,2025-08-13,2004444
telegram,CreemUber,نقل,كيان وصليني تطبيقات واعدة بس تحتاج وقت,2025-08-13,2004449
telegram,HungerStation_drivers,توصيل,وصلت ٢٠٠ طلب هذا الشهر الحمد لله,2025-08-13,2004484
telegram,thechefs_ksa,توصيل,والله كيتا صار يضحك علينا الطلبات وصلت الى ٦ ريال,2025-08-13,2004486
twitter,HungerStation_drivers,توصيل,وصلت طلبات وطلعت ب١١٠ ريال لكن ليش ما اتضافت للسحب,2025-08-13,2004494
twitter,thechefs_ksa,توصيل,هنقرستيشن يقولك رجع الطلب سوبر ماركت هنقرستيشن,2025-08-13,2004519
telegram,jahez_couriers,توصيل,جدة من ٥ ايام ما في طلبات او طلبين بالكثير ايش المشكلة في كيتا,2025-08-13,2004558
telegram,delivery_ksa,توصيل,الاسعار اختلفت بعد كثرة المنافسين ودخول كيتا بالاخص,2025-08-13,2004593
twitter,delivery_ksa,توصيل,الدراجة تعطلت اليوم وخسرت شغل,2025-08-13,2004598
twitter,mrsool_delivery,توصيل,الحين ١٤ طلب في كيتا وما طلعت ٢٠ ريال,2025-08-13,2004608
telegram,HungerStation_drivers,توصيل,المندوب المخالف يأكل حرام رزق شخص نظامي,2025-08-13,2004645
twitter,freelancers_ksa,عمل_حر,الفريلانس في السعودية بدأ ينمو بشكل كبير,2025-08-13,2004673
telegram,السائقين_السعوديين,نقل,الذروة في كريم حمراء والطلبات ورا بعض بالمدينة,2025-08-14,2004255
telegram,CreemUber,نقل,إلى متى يا اوبر نسبة عالية وفوق هذا تسعيرة زي وجهك,2025-08-14,2004271
telegram,careem_drivers_sa,نقل,نبي نظام تأمين صحي للسائقين مثل الموظفين,2025-08-14,2004294
telegram,jeeny_ksa,نقل,السائق هو الي يتعب ولابد تكون نسبة اوبر لها حد اعلى ٢٠ ريال,2025-08-14,2004375
telegram,uber_ksa_drivers,نقل,إلى متى يا اوبر نسبة عالية وفوق هذا تسعيرة زي وجهك,2025-08-14,2004402
telegram,kayan_ksa,نقل,اوبر مادري كيف يفكرون جاني مشوار والطرق كلها مقفله,2025-08-14,2004409
telegram,jeeny_ksa,نقل,والله زمان كان فيها خير اما الان مو المستفيد الا التطبيق,2025-08-14,2004438
twitter,CreemUber,نقل,اليوم الأوردرات كانت ممتازة والبخشيش زين الحمد لله,2025-08-14,2004450
telegram,delivery_ksa,توصيل,كنت اشتغل مرسول زمان اطلع ٢٠٠ في اليوم على ٨ طلبات,2025-08-14,2004497
telegram,keeta_couriers,توصيل,طلب وصل بارد لأن المطعم تأخر وراحت التقييم,2025-08-14,2004532
twitter,keeta_couriers,توصيل,خدمة العملاء في كيتا ما تفيد تقريباً,2025-08-14,2004534
telegram,thechefs_ksa,توصيل,المندوب المخالف يأكل حرام رزق شخص نظامي,2025-08-14,2004539
twitter,keeta_couriers,توصيل,جدة من ٥ ايام ما في طلبات او طلبين بالكثير ايش المشكلة في كيتا,2025-08-14,2004571
telegram,delivery_ksa,توصيل,الدراجة تعطلت اليوم وخسرت شغل,2025-08-14,2004599
telegram,HungerStation_drivers,توصيل,توصيل في الأمطار خطر بدون مكافأة من التطبيق,2025-08-14,2004638
twitter,mostaql_workers,عمل_حر,التسويق الرقمي من أكثر التخصصات طلباً,2025-08-14,2004697
telegram,khamsat_ar,عمل_حر,منصة خمسات أفضل للمبتدئين في العمل الحر,2025-08-14,2004698
telegram,khamsat_ar,عمل_حر,ضريبة القيمة المضافة على الفريلانس كيف تشتغل,2025-08-14,2004710
twitter,Captains_saudi,نقل,والله زمان كان فيها خير اما الان مو المستفيد الا التطبيق,2025-08-15,2004253
telegram,CreemUber,نقل,جربت كابتن في جيني وجيت الرياض والشغل مثل الشرقية,2025-08-15,2004284
twitter,bolt_drivers_ksa,نقل,التامين على السيارة غالي علينا الشركات مو مهتمة,2025-08-15,2004301
telegram,uber_ksa_drivers,نقل,اتمنى الجميع يركز نتحرك بشكل جماعي نرفع شكاوى لوزارة النقل,2025-08-15,2004373
telegram,السائقين_السعوديين,نقل,العمل في المطارات أحسن من الشوارع الربح افضل,2025-08-15,2004376
telegram,السائقين_السعوديين,نقل,اوبر زود على نسبة الالغاء وانا ما قدرت اوصل للعميل,2025-08-15,2004418
twitter,wasselni_drivers,نقل,اقل شي ٤٥٠ واعلى شي ٥٥٠ خلال ١٢ ساعة على اوبر,2025-08-15,2004424
telegram,Captains_saudi,نقل,اليوم الأوردرات كانت ممتازة والبخشيش زين الحمد لله,2025-08-15,2004443
telegram,bolt_drivers_ksa,نقل,جيني وصليني الاسعار خايسه جدا يعني الكيلو اقل من ريال,2025-08-15,2004457
telegram,wasselni_drivers,نقل,وصلت واحد المطار وكان مصري وحك الصدام من السيارة,2025-08-15,2004464
telegram,toYou_couriers,توصيل,وصلت ٢٠٠ طلب هذا الشهر الحمد لله,2025-08-15,2004495
telegram,delivery_ksa,توصيل,ياشباب امس المغرب حولت مبلغ من كيتا ولحد الان ما وصلت,2025-08-15,2004516
telegram,thechefs_ksa,توصيل,جدة من ٥ ايام ما في طلبات او طلبين بالكثير ايش المشكلة في كيتا,2025-08-15,2004522
telegram,delivery_ksa,توصيل,امس وصلت طلب والعميل تأخر وراح عليي مكافأة موعد الوصول,2025-08-15,2004557
telegram,delivery_ksa,توصيل,الاسعار اختلفت بعد كثرة المنافسين ودخول كيتا بالاخص,2025-08-15,2004566
telegram,mrsool_delivery,توصيل,الطلبات في رمضان تجنن ٣ أضعاف العادي,2025-08-15,2004569
twitter,HungerStation_drivers,توصيل,امس السحور ٩ ريال و ١٠ ريال من كيتا ليش ولا حق التعب,2025-08-15,2004583
telegram,thechefs_ksa,توصيل,كنت اشتغل مرسول زمان اطلع ٢٠٠ في اليوم على ٨ طلبات,2025-08-15,2004633
twitter,mostaql_workers,عمل_حر,بدأت فريلانس من بيتي والدخل تحسن الحمد لله,2025-08-15,2004776
telegram,bolt_drivers_ksa,نقل,بعدها على بولت خلال ٦ ساعات ٢٠٠ ريال خلال ١٦ ساعة ٧٠٠ ريال ثابتة,2025-08-16,2004233
telegram,Captains_saudi,نقل,كم متوسط دخل الكابتن في الرياض شهريًا حاليًا,2025-08-16,2004235
telegram,السائقين_السعوديين,نقل,محتاج سيارة جديدة السيارة الحالية تعبت من كثر الشغل,2025-08-16,2004304
telegram,kayan_ksa,نقل,ما يستاهل لا تعب ولا وقت المشوار بعيد والربح ضعيف,2025-08-16,2004346
telegram,wasselni_drivers,نقل,بولت انا مااوثق في اي زبون يقولي بحولك مابحولك,2025-08-16,2004368
twitter,careem_drivers_sa,نقل,ما يستاهل لا تعب ولا وقت المشوار بعيد والربح ضعيف,2025-08-16,2004386
telegram,wasselni_drivers,نقل,وصلت واحد المطار وكان مصري وحك الصدام من السيارة,2025-08-16,2004447
twitter,wasselni_drivers,نقل,من حقك ترفض خدمته سيارتك وترفع بلاغ,2025-08-16,2004448
telegram,mrsool_delivery,توصيل,المخالفين موصلين ٣٠٠ وشوي الشهر اللي فات انا بقوة وصلت ٢٩٠,2025-08-16,2004487
telegram,delivery_ksa,توصيل,ياشباب امس المغرب حولت مبلغ من كيتا ولحد الان ما وصلت,2025-08-16,2004499
telegram,HungerStation_drivers,توصيل,الحين ١٤ طلب في كيتا وما طلعت ٢٠ ريال,2025-08-16,2004513
telegram,HungerStation_drivers,توصيل,كنت اشتغل مرسول زمان اطلع ٢٠٠ في اليوم على ٨ طلبات,2025-08-16,2004514
telegram,toYou_couriers,توصيل,مرسول شغال زي لوز ما عده كيتا,2025-08-16,2004614
twitter,HungerStation_drivers,توصيل,امس وصلت طلب والعميل تأخر وراح عليي مكافأة موعد الوصول,2025-08-16,2004627
telegram,toYou_couriers,توصيل,ياخوان الطلبات وقفت عندي من ساعة م جاني ولا طلب,2025-08-16,2004629
twitter,delivery_ksa,توصيل,توصيل في الأمطار خطر بدون مكافأة من التطبيق,2025-08-16,2004659
telegram,mrsool_delivery,توصيل,كنت اشتغل مرسول زمان اطلع ٢٠٠ في اليوم على ٨ طلبات,2025-08-16,2004668
telegram,delivery_ksa,توصيل,هنجرستين وكيتا حاليًا جاهز ومرسول وذا شيفز بس اقل في الطلبات,2025-08-16,2004669
twitter,freelancers_ksa,عمل_حر,الفريلانس في السعودية بدأ ينمو بشكل كبير,2025-08-16,2004723
telegram,freelancers_ksa,عمل_حر,التسويق الرقمي من أكثر التخصصات طلباً,2025-08-16,2004738
telegram,freelancers_ksa,عمل_حر,كيف أحسن بروفايلي في مستقل وأحصل على عملاء,2025-08-16,2004749
telegram,السائقين_السعوديين,نقل,أحسن أوقات الشغل الفطور والغداء والذروة المسائية,2025-08-17,2004252
twitter,bolt_drivers_ksa,نقل,جربت كابتن في جيني وجيت الرياض والشغل مثل الشرقية,2025-08-17,2004276
twitter,السائقين_السعوديين,نقل,اوبر مادري كيف يفكرون جاني مشوار والطرق كلها مقفله,2025-08-17,2004323
telegram,Captains_saudi,نقل,وصلت ٥٠ رحلة هذا الأسبوع الحمد لله رب العالمين,2025-08-17,2004361
telegram,uber_ksa_drivers,نقل,التامين على السيارة غالي علينا الشركات مو مهتمة,2025-08-17,2004381
twitter,careem_drivers_sa,نقل,وصليني مافيه طلبات كافية في منطقتي,2025-08-17,2004390
telegram,jeeny_ksa,نقل,من اشوف مشوار مو مناسب على طول ارفضه,2025-08-17,2004396
telegram,jeeny_ksa,نقل,وصلت ٥٠ رحلة هذا الأسبوع الحمد لله رب العالمين,2025-08-17,2004466
telegram,keeta_couriers,توصيل,ياشباب امس المغرب حولت مبلغ من كيتا ولحد الان ما وصلت,2025-08-17,2004527
telegram,delivery_ksa,توصيل,والله اذا موترك ينفع في النقل الموجه افضل بمليون مرة,2025-08-17,2004555
telegram,thechefs_ksa,توصيل,هنقرستيشن يقولك رجع الطلب سوبر ماركت هنقرستيشن,2025-08-17,2004565
telegram,HungerStation_drivers,توصيل,جاهز أحسن من مرسول في التوزيع والسعر,2025-08-17,2004574
telegram,toYou_couriers,توصيل,مو محل وموظفين اغبياء هم الغلطانين مو المندوب,2025-08-17,2004587
telegram,jahez_couriers,توصيل,هنجرستين وكيتا حاليًا جاهز ومرسول وذا شيفز بس اقل في الطلبات,2025-08-17,2004607
twitter,mostaql_workers,عمل_حر,دخلي من البرمجة هذا الشهر ٧٠٠٠ ريال,2025-08-17,2004680
telegram,Captains_saudi,نقل,بولت نسبة عالية خير ياطير اذا عوضنا,2025-08-18,2004246
telegram,Captains_saudi,نقل,السائقين الأجانب يزاحمون على الرحلات في كريم,2025-08-18,2004270
telegram,wasselni_drivers,نقل,السائق هو الي يتعب ولابد تكون نسبة اوبر لها حد اعلى ٢٠ ريال,2025-08-18,2004290
telegram,careem_drivers_sa,نقل,اليوم الأوردرات كانت ممتازة والبخشيش زين الحمد لله,2025-08-18,2004320
telegram,السائقين_السعوديين,نقل,اتمنى الجميع يركز نتحرك بشكل جماعي نرفع شكاوى لوزارة النقل,2025-08-18,2004360
telegram,kayan_ksa,نقل,ما يستاهل لا تعب ولا وقت المشوار بعيد والربح ضعيف,2025-08-18,2004370
telegram,toYou_couriers,توصيل,الاسعار اختلفت بعد كثرة المنافسين ودخول كيتا بالاخص,2025-08-18,2004529
telegram,thechefs_ksa,توصيل,الحين ١٤ طلب في كيتا وما طلعت ٢٠ ريال,2025-08-18,2004567
telegram,delivery_ksa,توصيل,مانبي نقطع رزق احد بس والله غبنه توقف عند المطاعم وتنتظر,2025-08-18,2004603
telegram,delivery_ksa,توصيل,واحد طالب ٣ ماء من كودو المهم يرسل يقول كنسل,2025-08-18,2004654
telegram,thechefs_ksa,توصيل,المندوب المخالف يأكل حرام رزق شخص نظامي,2025-08-18,2004664
telegram,khamsat_ar,عمل_حر,بدأت فريلانس من بيتي والدخل تحسن الحمد لله,2025-08-18,2004676
twitter,mostaql_workers,عمل_حر,منصة خمسات أفضل للمبتدئين في العمل الحر,2025-08-18,2004772
twitter,السائقين_السعوديين,نقل,أوبر أفضل من بولت في توزيع الرحلات عندي,2025-08-19,2004247
telegram,careem_drivers_sa,نقل,جيني وصليني الاسعار خايسه جدا يعني الكيلو اقل من ريال,2025-08-19,2004267
twitter,wasselni_drivers,نقل,ودي اشتغل ف بولت بجانب اوبر ممكن؟,2025-08-19,2004280
telegram,uber_ksa_drivers,نقل,محتاج سيارة جديدة السيارة الحالية تعبت من كثر الشغل,2025-08-19,2004406
telegram,CreemUber,نقل,كيان التطبيق جديد بس الطلبات وايد خير من اوبر,2025-08-19,2004427
telegram,السائقين_السعوديين,نقل,وصلت واحد المطار وكان مصري وحك الصدام من السيارة,2025-08-19,2004451
telegram,CreemUber,نقل,نبي نظام تأمين صحي للسائقين مثل الموظفين,2025-08-19,2004455
telegram,HungerStation_drivers,توصيل,ذا شيفز تعاملهم مع المناديب أحسن من كيتا,2025-08-19,2004501
telegram,thechefs_ksa,توصيل,سلام وصلت طلب وسلمته للعميل بيدي وبعد نص ساعة خصموا قيمة الطلب,2025-08-19,2004618
telegram,jahez_couriers,توصيل,مرسول الطلبات فل بس عيبه اطلب اي شي روح بنفسك,2025-08-19,2004641
twitter,freelancers_ksa,عمل_حر,نبي حماية للفريلانسر من الزبون اللي ما يدفع,2025-08-19,2004682
twitter,freelancers_ksa,عمل_حر,أكملت مشروع تصميم بـ ٨٠٠ ريال في مستقل,2025-08-19,2004686
telegram,mostaql_workers,عمل_حر,الزبون ما دفع بعد تسليم العمل كيف أتصرف,2025-08-19,2004704
telegram,freelancers_ksa,عمل_حر,التسويق الرقمي من أكثر التخصصات طلباً,2025-08-19,2004711
telegram,freelancers_ksa,عمل_حر,منصة خمسات أفضل للمبتدئين في العمل الحر,2025-08-19,2004756
telegram,mostaql_workers,عمل_حر,منصة خمسات أفضل للمبتدئين في العمل الحر,2025-08-19,2004774
telegram,bolt_drivers_ksa,نقل,والله زمان كان فيها خير اما الان مو المستفيد الا التطبيق,2025-08-20,2004317
telegram,CreemUber,نقل,اوبر زود على نسبة الالغاء وانا ما قدرت اوصل للعميل,2025-08-20,2004331
telegram,kayan_ksa,نقل,من حقك ترفض خدمته سيارتك وترفع بلاغ,2025-08-20,2004353
twitter,jeeny_ksa,نقل,أحسن أوقات الشغل الفطور والغداء والذروة المسائية,2025-08-20,2004362
telegram,CreemUber,نقل,أوبر أفضل من بولت في توزيع الرحلات عندي,2025-08-20,2004429
telegram,thechefs_ksa,توصيل,ياشباب امس المغرب حولت مبلغ من كيتا ولحد الان ما وصلت,2025-08-20,2004477
telegram,delivery_ksa,توصيل,كيتا يلعبون على المندوب عشان يخصمون مكافأة التوصيل في الوقت,2025-08-20,2004481
telegram,thechefs_ksa,توصيل,كيتا يلعبون على المندوب عشان يخصمون مكافأة التوصيل في الوقت,2025-08-20,2004512
telegram,keeta_couriers,توصيل,خدمة العملاء في كيتا ما تفيد تقريباً,2025-08-20,2004531
telegram,jahez_couriers,توصيل,كنت اشتغل مرسول زمان اطلع ٢٠٠ في اليوم على ٨ طلبات,2025-08-20,2004584
twitter,toYou_couriers,توصيل,هنجرستين وكيتا حاليًا جاهز ومرسول وذا شيفز بس اقل في الطلبات,2025-08-20,2004619
twitter,toYou_couriers,توصيل,الطلبات في رمضان تجنن ٣ أضعاف العادي,2025-08-20,2004623
telegram,HungerStation_drivers,توصيل,ياشباب امس المغرب حولت مبلغ من كيتا ولحد الان ما وصلت,2025-08-20,2004635
telegram,jahez_couriers,توصيل,ياخوان الطلبات وقفت عندي من ساعة م جاني ولا طلب,2025-08-20,2004649
telegram,keeta_couriers,توصيل,كنت اشتغل مرسول زمان اطلع ٢٠٠ في اليوم على ٨ طلبات,2025-08-20,2004661
twitter,mostaql_workers,عمل_حر,نبي حماية للفريلانسر من الزبون اللي ما يدفع,2025-08-20,2004684
telegram,mostaql_workers,عمل_حر,الزبائن الخليجيين يدفعون أحسن من العرب,2025-08-20,2004687
telegram,freelancers_ksa,عمل_حر,بدأت فريلانس من بيتي والدخل تحسن الحمد لله,2025-08-20,2004722
twitter,freelancers_ksa,عمل_حر,أكملت مشروع تصميم بـ ٨٠٠ ريال في مستقل,2025-08-20,2004732
twitter,freelancers_ksa,عمل_حر,upwork أو مستقل أيهما أفضل للسعوديين,2025-08-20,2004771
telegram,السائقين_السعوديين,نقل,اوبر مادري كيف يفكرون جاني مشوار والطرق كلها مقفله,2025-08-21,2004244
twitter,jeeny_ksa,نقل,والله زمان كان فيها خير اما الان مو المستفيد الا التطبيق,2025-08-21,2004291
telegram,kayan_ksa,نقل,الذروة في كريم حمراء والطلبات ورا بعض بالمدينة,2025-08-21,2004319
telegram,CreemUber,نقل,متوسط دخلي اليوم ١٨٠ ريال بعد البنزين,2025-08-21,2004378
telegram,wasselni_drivers,نقل,إلى متى يا اوبر نسبة عالية وفوق هذا تسعيرة زي وجهك,2025-08-21,2004420
telegram,careem_drivers_sa,نقل,عميل تقييمه منخفض لا تاخذ مرة,2025-08-21,2004461
telegram,mrsool_delivery,توصيل,امس السحور ٩ ريال و ١٠ ريال من كيتا ليش ولا حق التعب,2025-08-21,2004524
twitter,jahez_couriers,توصيل,مرسول رقم واحد بالتعويض يقولك توصل موقع العميل كلمنا,2025-08-21,2004564
telegram,jahez_couriers,توصيل,امس وصلت طلب والعميل تأخر وراح عليي مكافأة موعد الوصول,2025-08-21,2004621
telegram,thechefs_ksa,توصيل,رحت محل اكل هندي وجبت طلب وشوربة واقعة جاني خصم ٥٠ ريال,2025-08-21,2004639
telegram,toYou_couriers,توصيل,ذا شيفز يدفع بشكل منتظم بخلاف كيتا,2025-08-21,2004653
telegram,freelancers_ksa,عمل_حر,الزبائن الخليجيين يدفعون أحسن من العرب,2025-08-21,2004713
twitter,mostaql_workers,عمل_حر,كيف أحسن بروفايلي في مستقل وأحصل على عملاء,2025-08-21,2004758
twitter,jeeny_ksa,نقل,أوبر أفضل من بولت في توزيع الرحلات عندي,2025-08-22,2004245
telegram,السائقين_السعوديين,نقل,والله زمان كان فيها خير اما الان مو المستفيد الا التطبيق,2025-08-22,2004268
telegram,Captains_saudi,نقل,عميل تقييمه منخفض لا تاخذ مرة,2025-08-22,2004273
telegram,CreemUber,نقل,كم متوسط دخل الكابتن في الرياض شهريًا حاليًا,2025-08-22,2004341
telegram,jeeny_ksa,نقل,العمل في المطارات أحسن من الشوارع الربح افضل,2025-08-22,2004349
telegram,CreemUber,نقل,كم متوسط دخل الكابتن في الرياض شهريًا حاليًا,2025-08-22,2004395
telegram,keeta_couriers,توصيل,جدة من ٥ ايام ما في طلبات او طلبين بالكثير ايش المشكلة في كيتا,2025-08-22,2004528
telegram,jahez_couriers,توصيل,مانبي نقطع رزق احد بس والله غبنه توقف عند المطاعم وتنتظر,2025-08-22,2004540
twitter,HungerStation_drivers,توصيل,امس السحور ٩ ريال و ١٠ ريال من كيتا ليش ولا حق التعب,2025-08-22,2004550
telegram,jahez_couriers,توصيل,هنقرستيشن يقولك رجع الطلب سوبر ماركت هنقرستيشن,2025-08-22,2004556
telegram,jahez_couriers,توصيل,مرسول شغال زي لوز ما عده كيتا,2025-08-22,2004576
telegram,freelancers_ksa,عمل_حر,مشروع ترجمة بكم تقدر تقدم,2025-08-22,2004714
twitter,khamsat_ar,عمل_حر,مشروع ترجمة بكم تقدر تقدم,2025-08-22,2004734
telegram,mostaql_workers,عمل_حر,بدأت فريلانس من بيتي والدخل تحسن الحمد لله,2025-08-22,2004777
telegram,uber_ksa_drivers,نقل,الذروة في كريم حمراء والطلبات ورا بعض بالمدينة,2025-08-23,2004260
telegram,careem_drivers_sa,نقل,اذا الوقت زاد ٨ دقايق وفوق ماافكهم غير مسويلي تعويض,2025-08-23,2004283
telegram,wasselni_drivers,نقل,بعدها على بولت خلال ٦ ساعات ٢٠٠ ريال خلال ١٦ ساعة ٧٠٠ ريال ثابتة,2025-08-23,2004298
twitter,السائقين_السعوديين,نقل,نبي نظام تأمين صحي للسائقين مثل الموظفين,2025-08-23,2004340
telegram,careem_drivers_sa,نقل,الذروة في كريم حمراء والطلبات ورا بعض بالمدينة,2025-08-23,2004436
telegram,uber_ksa_drivers,نقل,اليوم الأوردرات كانت ممتازة والبخشيش زين الحمد لله,2025-08-23,2004459
telegram,uber_ksa_drivers,نقل,اوبر مادري كيف يفكرون جاني مشوار والطرق كلها مقفله,2025-08-23,2004467
telegram,delivery_ksa,توصيل,مرسول شغال زي لوز ما عده كيتا,2025-08-23,2004488
telegram,keeta_couriers,توصيل,والله اذا موترك ينفع في النقل الموجه افضل بمليون مرة,2025-08-23,2004508
telegram,toYou_couriers,توصيل,المندوب المخالف يأكل حرام رزق شخص نظامي,2025-08-23,2004535
telegram,delivery_ksa,توصيل,طلب وصل بارد لأن المطعم تأخر وراحت التقييم,2025-08-23,2004631
twitter,freelancers_ksa,عمل_حر,التسويق الرقمي من أكثر التخصصات طلباً,2025-08-23,2004715
twitter,freelancers_ksa,عمل_حر,كيف أحسن بروفايلي في مستقل وأحصل على عملاء,2025-08-23,2004719
telegram,mostaql_workers,عمل_حر,مشروع ترجمة بكم تقدر تقدم,2025-08-23,2004737
telegram,mostaql_workers,عمل_حر,دخلي من البرمجة هذا الشهر ٧٠٠٠ ريال,2025-08-23,2004742
telegram,mostaql_workers,عمل_حر,upwork أو مستقل أيهما أفضل للسعوديين,2025-08-23,2004746
telegram,khamsat_ar,عمل_حر,التسويق الرقمي من أكثر التخصصات طلباً,2025-08-23,2004750
twitter,mostaql_workers,عمل_حر,كيف أحسن بروفايلي في مستقل وأحصل على عملاء,2025-08-23,2004751
telegram,mostaql_workers,عمل_حر,نبي حماية للفريلانسر من الزبون اللي ما يدفع,2025-08-23,2004754
twitter,khamsat_ar,عمل_حر,نبي حماية للفريلانسر من الزبون اللي ما يدفع,2025-08-23,2004757
telegram,khamsat_ar,عمل_حر,مشروع ترجمة بكم تقدر تقدم,2025-08-23,2004760
telegram,khamsat_ar,عمل_حر,منصة خمسات أفضل للمبتدئين في العمل الحر,2025-08-23,2004762
twitter,uber_ksa_drivers,نقل,اليوم الأوردرات كانت ممتازة والبخشيش زين الحمد لله,2025-08-24,2004261
telegram,Captains_saudi,نقل,كيان وصليني تطبيقات واعدة بس تحتاج وقت,2025-08-24,2004264
telegram,wasselni_drivers,نقل,اليوم الأوردرات كانت ممتازة والبخشيش زين الحمد لله,2025-08-24,2004269
telegram,careem_drivers_sa,نقل,ذروة ب كاش مع نسبتهم تشوفه مبلغ كويس بس يجيك بمشوار واحد بطاقة,2025-08-24,2004328
telegram,السائقين_السعوديين,نقل,محتاج سيارة جديدة السيارة الحالية تعبت من كثر الشغل,2025-08-24,2004334
telegram,wasselni_drivers,نقل,اتمنى الجميع يركز نتحرك بشكل جماعي نرفع شكاوى لوزارة النقل,2025-08-24,2004364
telegram,uber_ksa_drivers,نقل,وصلت واحد المطار وكان مصري وحك الصدام من السيارة,2025-08-24,2004439
telegram,uber_ksa_drivers,نقل,السكوت ماراح ينفع خلونا نتحرك بشكل منظم,2025-08-24,2004468
telegram,HungerStation_drivers,توصيل,ذا شيفز تعاملهم مع المناديب أحسن من كيتا,2025-08-24,2004572
twitter,thechefs_ksa,توصيل,كنت اشتغل مرسول زمان اطلع ٢٠٠ في اليوم على ٨ طلبات,2025-08-24,2004611
telegram,HungerStation_drivers,توصيل,مرسول رقم واحد بالتعويض يقولك توصل موقع العميل كلمنا,2025-08-24,2004612
telegram,jahez_couriers,توصيل,المخالفين موصلين ٣٠٠ وشوي الشهر اللي فات انا بقوة وصلت ٢٩٠,2025-08-24,2004632
twitter,thechefs_ksa,توصيل,كيتا يلعبون على المندوب عشان يخصمون مكافأة التوصيل في الوقت,2025-08-24,2004636
telegram,mostaql_workers,عمل_حر,نبي حماية للفريلانسر من الزبون اللي ما يدفع,2025-08-24,2004672
telegram,freelancers_ksa,عمل_حر,أكملت مشروع تصميم بـ ٨٠٠ ريال في مستقل,2025-08-24,2004683
twitter,freelancers_ksa,عمل_حر,منصة خمسات أفضل للمبتدئين في العمل الحر,2025-08-24,2004724
telegram,mostaql_workers,عمل_حر,كيف أحسن بروفايلي في مستقل وأحصل على عملاء,2025-08-24,2004748
telegram,mostaql_workers,عمل_حر,بدأت فريلانس من بيتي والدخل تحسن الحمد لله,2025-08-24,2004768
telegram,mostaql_workers,عمل_حر,ضريبة القيمة المضافة على الفريلانس كيف تشتغل,2025-08-24,2004769
telegram,السائقين_السعوديين,نقل,محتاج سيارة جديدة السيارة الحالية تعبت من كثر الشغل,2025-08-25,2004249
telegram,kayan_ksa,نقل,وصليني مافيه طلبات كافية في منطقتي,2025-08-25,2004306
telegram,CreemUber,نقل,اذا الوقت زاد ٨ دقايق وفوق ماافكهم غير مسويلي تعويض,2025-08-25,2004336
telegram,Captains_saudi,نقل,اقل شي ٤٥٠ واعلى شي ٥٥٠ خلال ١٢ ساعة على اوبر,2025-08-25,2004380
twitter,jeeny_ksa,نقل,بولت انا مااوثق في اي زبون يقولي بحولك مابحولك,2025-08-25,2004403
twitter,CreemUber,نقل,ودي اشتغل ف بولت بجانب اوبر ممكن؟,2025-08-25,2004440
telegram,uber_ksa_drivers,نقل,إلى متى يا اوبر نسبة عالية وفوق هذا تسعيرة زي وجهك,2025-08-25,2004441
twitter,wasselni_drivers,نقل,من اشوف مشوار مو مناسب على طول ارفضه,2025-08-25,2004462
telegram,delivery_ksa,توصيل,الاسعار اختلفت بعد كثرة المنافسين ودخول كيتا بالاخص,2025-08-25,2004473
telegram,toYou_couriers,توصيل,الطلبات في رمضان تجنن ٣ أضعاف العادي,2025-08-25,2004504
telegram,jahez_couriers,توصيل,المندوب المخالف يأكل حرام رزق شخص نظامي,2025-08-25,2004588
telegram,HungerStation_drivers,توصيل,ذا شيفز الطلبات كثيرة بس المنطقة محدودة حتى الآن,2025-08-25,2004630
telegram,jahez_couriers,توصيل,خدمة العملاء في كيتا ما تفيد تقريباً,2025-08-25,2004651
telegram,freelancers_ksa,عمل_حر,الفريلانس في السعودية بدأ ينمو بشكل كبير,2025-08-25,2004699
twitter,khamsat_ar,عمل_حر,ضريبة القيمة المضافة على الفريلانس كيف تشتغل,2025-08-25,2004709
telegram,mostaql_workers,عمل_حر,بدأت فريلانس من بيتي والدخل تحسن الحمد لله,2025-08-25,2004735
telegram,bolt_drivers_ksa,نقل,جربت كابتن في جيني وجيت الرياض والشغل مثل الشرقية,2025-08-26,2004313
telegram,bolt_drivers_ksa,نقل,اتمنى الجميع يركز نتحرك بشكل جماعي نرفع شكاوى لوزارة النقل,2025-08-26,2004318
twitter,uber_ksa_drivers,نقل,السائق هو الي يتعب ولابد تكون نسبة اوبر لها حد اعلى ٢٠ ريال,2025-08-26,2004322
telegram,kayan_ksa,نقل,اذا الوقت زاد ٨ دقايق وفوق ماافكهم غير مسويلي تعويض,2025-08-26,2004371
telegram,jeeny_ksa,نقل,وصلت واحد المطار وكان مصري وحك الصدام من السيارة,2025-08-26,2004374
telegram,jahez_couriers,توصيل,الطلبات في رمضان تجنن ٣ أضعاف العادي,2025-08-26,2004533
telegram,delivery_ksa,توصيل,كيتا الحين يقولك توصل الطلب وعشان تبلغ تأخير المطعم تنتظر,2025-08-26,2004573
telegram,keeta_couriers,توصيل,مرسول الطلبات فل بس عيبه اطلب اي شي روح بنفسك,2025-08-26,2004577
telegram,toYou_couriers,توصيل,المندوب المخالف يأكل حرام رزق شخص نظامي,2025-08-26,2004650
telegram,delivery_ksa,توصيل,والله اذا موترك ينفع في النقل الموجه افضل بمليون مرة,2025-08-26,2004663
telegram,khamsat_ar,عمل_حر,بدأت فريلانس من بيتي والدخل تحسن الحمد لله,2025-08-26,2004695
telegram,khamsat_ar,عمل_حر,بدأت فريلانس من بيتي والدخل تحسن الحمد لله,2025-08-26,2004703
twitter,freelancers_ksa,عمل_حر,الزبائن الخليجيين يدفعون أحسن من العرب,2025-08-26,2004729
telegram,freelancers_ksa,عمل_حر,دخلي من البرمجة هذا الشهر ٧٠٠٠ ريال,2025-08-26,2004780
telegram,wasselni_drivers,نقل,إلى متى يا اوبر نسبة عالية وفوق هذا تسعيرة زي وجهك,2025-08-27,2004236
telegram,jeeny_ksa,نقل,عميل تقييمه منخفض لا تاخذ مرة,2025-08-27,2004302
telegram,uber_ksa_drivers,نقل,السكوت ماراح ينفع خلونا نتحرك بشكل منظم,2025-08-27,2004325
twitter,السائقين_السعوديين,نقل,بولت نسبة عالية خير ياطير اذا عوضنا,2025-08-27,2004347
telegram,CreemUber,نقل,متوسط دخلي اليوم ١٨٠ ريال بعد البنزين,2025-08-27,2004357
telegram,wasselni_drivers,نقل,من حقك ترفض خدمته سيارتك وترفع بلاغ,2025-08-27,2004384
telegram,CreemUber,نقل,من حقك ترفض خدمته سيارتك وترفع بلاغ,2025-08-27,2004389
telegram,uber_ksa_drivers,نقل,كم متوسط دخل الكابتن في الرياض شهريًا حاليًا,2025-08-27,2004398
telegram,bolt_drivers_ksa,نقل,من اشوف مشوار مو مناسب على طول ارفضه,2025-08-27,2004422
telegram,jeeny_ksa,نقل,محتاج سيارة جديدة السيارة الحالية تعبت من كثر الشغل,2025-08-27,2004425
telegram,jahez_couriers,توصيل,مانبي نقطع رزق احد بس والله غبنه توقف عند المطاعم وتنتظر,2025-08-27,2004479
twitter,keeta_couriers,توصيل,جدة من ٥ ايام ما في طلبات او طلبين بالكثير ايش المشكلة في كيتا,2025-08-27,2004490
telegram,HungerStation_drivers,توصيل,والله اذا موترك ينفع في النقل الموجه افضل بمليون مرة,2025-08-27,2004507
telegram,toYou_couriers,توصيل,مرسول الطلبات فل بس عيبه اطلب اي شي روح بنفسك,2025-08-27,2004517
telegram,HungerStation_drivers,توصيل,ذا شيفز الطلبات كثيرة بس المنطقة محدودة حتى الآن,2025-08-27,2004521
telegram,jahez_couriers,توصيل,الطلبات في رمضان تجنن ٣ أضعاف العادي,2025-08-27,2004541
twitter,thechefs_ksa,توصيل,ذا شيفز يدفع بشكل منتظم بخلاف كيتا,2025-08-27,2004544
telegram,toYou_couriers,توصيل,الدراجة تعطلت اليوم وخسرت شغل,2025-08-27,2004548
telegram,mrsool_delivery,توصيل,طلب وصل بارد لأن المطعم تأخر وراحت التقييم,2025-08-27,2004554
twitter,keeta_couriers,توصيل,مرسول رقم واحد بالتعويض يقولك توصل موقع العميل كلمنا,2025-08-27,2004568
twitter,delivery_ksa,توصيل,ذا شيفز يدفع بشكل منتظم بخلاف كيتا,2025-08-27,2004589
twitter,keeta_couriers,توصيل,مانبي نقطع رزق احد بس والله غبنه توقف عند المطاعم وتنتظر,2025-08-27,2004595
twitter,thechefs_ksa,توصيل,الحين ١٤ طلب في كيتا وما طلعت ٢٠ ريال,2025-08-27,2004610
telegram,thechefs_ksa,توصيل,هنجرستين وكيتا حاليًا جاهز ومرسول وذا شيفز بس اقل في الطلبات,2025-08-27,2004615
telegram,freelancers_ksa,عمل_حر,الفريلانس في السعودية بدأ ينمو بشكل كبير,2025-08-27,2004681
telegram,mostaql_workers,عمل_حر,أكملت مشروع تصميم بـ ٨٠٠ ريال في مستقل,2025-08-27,2004730
telegram,freelancers_ksa,عمل_حر,الفريلانس في السعودية بدأ ينمو بشكل كبير,2025-08-27,2004745
telegram,wasselni_drivers,نقل,بولت انا مااوثق في اي زبون يقولي بحولك مابحولك,2025-08-28,2004234
twitter,bolt_drivers_ksa,نقل,كيان وصليني تطبيقات واعدة بس تحتاج وقت,2025-08-28,2004310
telegram,jeeny_ksa,نقل,أوبر أفضل من بولت في توزيع الرحلات عندي,2025-08-28,2004321
telegram,bolt_drivers_ksa,نقل,كيان وصليني تطبيقات واعدة بس تحتاج وقت,2025-08-28,2004327
telegram,bolt_drivers_ksa,نقل,اتمنى الجميع يركز نتحرك بشكل جماعي نرفع شكاوى لوزارة النقل,2025-08-28,2004350
twitter,jeeny_ksa,نقل,الذروة في كريم حمراء والطلبات ورا بعض بالمدينة,2025-08-28,2004394
telegram,CreemUber,نقل,بولت نسبة عالية خير ياطير اذا عوضنا,2025-08-28,2004426
telegram,careem_drivers_sa,نقل,ما يستاهل لا تعب ولا وقت المشوار بعيد والربح ضعيف,2025-08-28,2004433
twitter,السائقين_السعوديين,نقل,اتمنى الجميع يركز نتحرك بشكل جماعي نرفع شكاوى لوزارة النقل,2025-08-28,2004435
telegram,uber_ksa_drivers,نقل,من حقك ترفض خدمته سيارتك وترفع بلاغ,2025-08-28,2004456
telegram,jahez_couriers,توصيل,يعطيكم العافيه يا شباب حولت مبلغ من كيتا ولحد الان ما وصلت,2025-08-28,2004506
telegram,keeta_couriers,توصيل,والله اذا موترك ينفع في النقل الموجه افضل بمليون مرة,2025-08-28,2004510
telegram,delivery_ksa,توصيل,هنجرستين وكيتا حاليًا جاهز ومرسول وذا شيفز بس اقل في الطلبات,2025-08-28,2004537
telegram,mrsool_delivery,توصيل,الطلبات الليلية تساوي ضعف النهارية في كيتا,2025-08-28,2004625
twitter,mrsool_delivery,توصيل,مشكلة الباكدج الكبير ما يناسب الدراجة,2025-08-28,2004634
telegram,thechefs_ksa,توصيل,ذا شيفز الطلبات كثيرة بس المنطقة محدودة حتى الآن,2025-08-28,2004662
telegram,khamsat_ar,عمل_حر,منصة خمسات أفضل للمبتدئين في العمل الحر,2025-08-28,2004720
twitter,mostaql_workers,عمل_حر,ضريبة القيمة المضافة على الفريلانس كيف تشتغل,2025-08-28,2004747
telegram,khamsat_ar,عمل_حر,الفريلانس في السعودية بدأ ينمو بشكل كبير,2025-08-28,2004755
twitter,السائقين_السعوديين,نقل,اوبر زود على نسبة الالغاء وانا ما قدرت اوصل للعميل,2025-08-29,2004282
telegram,uber_ksa_drivers,نقل,العمل في المطارات أحسن من الشوارع الربح افضل,2025-08-29,2004286
twitter,wasselni_drivers,نقل,السائق هو الي يتعب ولابد تكون نسبة اوبر لها حد اعلى ٢٠ ريال,2025-08-29,2004296
twitter,wasselni_drivers,نقل,من حقك ترفض خدمته سيارتك وترفع بلاغ,2025-08-29,2004345
twitter,السائقين_السعوديين,نقل,اليوم الأوردرات كانت ممتازة والبخشيش زين الحمد لله,2025-08-29,2004348
telegram,bolt_drivers_ksa,نقل,جربت كابتن في جيني وجيت الرياض والشغل مثل الشرقية,2025-08-29,2004367
telegram,CreemUber,نقل,نسبة اوبر في مشوار المطار وصلت ٧٥٪ اخذ من الزبون ٥٩ ريال عطاني ١٢ فقط,2025-08-29,2004411
telegram,uber_ksa_drivers,نقل,أوبر أفضل من بولت في توزيع الرحلات عندي,2025-08-29,2004437
telegram,toYou_couriers,توصيل,كيتا يلعبون على المندوب عشان يخصمون مكافأة التوصيل في الوقت,2025-08-29,2004518
telegram,mrsool_delivery,توصيل,ياخوان الطلبات وقفت عندي من ساعة م جاني ولا طلب,2025-08-29,2004530
telegram,jahez_couriers,توصيل,طلب وصل بارد لأن المطعم تأخر وراحت التقييم,2025-08-29,2004606
telegram,mostaql_workers,عمل_حر,كيف أحسن بروفايلي في مستقل وأحصل على عملاء,2025-08-29,2004753
twitter,السائقين_السعوديين,نقل,الزحمة في الرياض قاتلة والأرباح نازلة,2025-08-30,2004248
twitter,uber_ksa_drivers,نقل,جيني وصليني الاسعار خايسه جدا يعني الكيلو اقل من ريال,2025-08-30,2004308
telegram,Captains_saudi,نقل,ذروة ب كاش مع نسبتهم تشوفه مبلغ كويس بس يجيك بمشوار واحد بطاقة,2025-08-30,2004333
telegram,careem_drivers_sa,نقل,ودي اشتغل ف بولت بجانب اوبر ممكن؟,2025-08-30,2004410
twitter,toYou_couriers,توصيل,وصلت طلبات وطلعت ب١١٠ ريال لكن ليش ما اتضافت للسحب,2025-08-30,2004542
telegram,toYou_couriers,توصيل,مرسول شغال زي لوز ما عده كيتا,2025-08-30,2004545
twitter,keeta_couriers,توصيل,خدمة العملاء في كيتا ما تفيد تقريباً,2025-08-30,2004561
telegram,jahez_couriers,توصيل,الدراجة تعطلت اليوم وخسرت شغل,2025-08-30,2004600
twitter,delivery_ksa,توصيل,امس السحور ٩ ريال و ١٠ ريال من كيتا ليش ولا حق التعب,2025-08-30,2004601
telegram,thechefs_ksa,توصيل,كيتا الحين يقولك توصل الطلب وعشان تبلغ تأخير المطعم تنتظر,2025-08-30,2004620
telegram,thechefs_ksa,توصيل,هنقرستيشن يقولك رجع الطلب سوبر ماركت هنقرستيشن,2025-08-30,2004670
telegram,mostaql_workers,عمل_حر,ضريبة القيمة المضافة على الفريلانس كيف تشتغل,2025-08-30,2004678
twitter,khamsat_ar,عمل_حر,الزبائن الخليجيين يدفعون أحسن من العرب,2025-08-30,2004688
telegram,khamsat_ar,عمل_حر,كيف أحسن بروفايلي في مستقل وأحصل على عملاء,2025-08-30,2004731
telegram,khamsat_ar,عمل_حر,كيف أحسن بروفايلي في مستقل وأحصل على عملاء,2025-08-30,2004752
twitter,khamsat_ar,عمل_حر,التسويق الرقمي من أكثر التخصصات طلباً,2025-08-30,2004761
telegram,CreemUber,نقل,أوبر أفضل من بولت في توزيع الرحلات عندي,2025-08-31,2004240
telegram,careem_drivers_sa,نقل,والله زمان كان فيها خير اما الان مو المستفيد الا التطبيق,2025-08-31,2004258
telegram,uber_ksa_drivers,نقل,جربت كابتن في جيني وجيت الرياض والشغل مثل الشرقية,2025-08-31,2004259
telegram,Captains_saudi,نقل,بعدها على بولت خلال ٦ ساعات ٢٠٠ ريال خلال ١٦ ساعة ٧٠٠ ريال ثابتة,2025-08-31,2004274
telegram,jeeny_ksa,نقل,اذا الوقت زاد ٨ دقايق وفوق ماافكهم غير مسويلي تعويض,2025-08-31,2004285
telegram,Captains_saudi,نقل,وصلت واحد المطار وكان مصري وحك الصدام من السيارة,2025-08-31,2004407
twitter,keeta_couriers,توصيل,سلام وصلت طلب وسلمته للعميل بيدي وبعد نص ساعة خصموا قيمة الطلب,2025-08-31,2004493
telegram,thechefs_ksa,توصيل,خدمة العملاء في كيتا ما تفيد تقريباً,2025-08-31,2004543
telegram,jahez_couriers,توصيل,جاهز أحسن من مرسول في التوزيع والسعر,2025-08-31,2004546
twitter,delivery_ksa,توصيل,مرسول رقم واحد بالتعويض يقولك توصل موقع العميل كلمنا,2025-08-31,2004551
telegram,kayan_ksa,نقل,بعدها على بولت خلال ٦ ساعات ٢٠٠ ريال خلال ١٦ ساعة ٧٠٠ ريال ثابتة,2025-09-01,2003741
telegram,uber_ksa_drivers,نقل,ما يستاهل لا تعب ولا وقت المشوار بعيد والربح ضعيف,2025-09-01,2003763
telegram,kayan_ksa,نقل,الذروة في كريم حمراء والطلبات ورا بعض بالمدينة,2025-09-01,2003819
twitter,Captains_saudi,نقل,متوسط دخلي اليوم ١٨٠ ريال بعد البنزين,2025-09-01,2003862
telegram,jeeny_ksa,نقل,السائقين الأجانب يزاحمون على الرحلات في كريم,2025-09-01,2003875
telegram,السائقين_السعوديين,نقل,العمل في المطارات أحسن من الشوارع الربح افضل,2025-09-01,2003914
telegram,uber_ksa_drivers,نقل,إلى متى يا اوبر نسبة عالية وفوق هذا تسعيرة زي وجهك,2025-09-01,2003937
twitter,Captains_saudi,نقل,والله زمان كان فيها خير اما الان مو المستفيد الا التطبيق,2025-09-01,2003947
telegram,wasselni_drivers,نقل,اذا الوقت زاد ٨ دقايق وفوق ماافكهم غير مسويلي تعويض,2025-09-01,2003954
telegram,delivery_ksa,توصيل,سلام وصلت طلب وسلمته للعميل بيدي وبعد نص ساعة خصموا قيمة الطلب,2025-09-01,2003964
telegram,delivery_ksa,توصيل,ياخوان الطلبات وقفت عندي من ساعة م جاني ولا طلب,2025-09-01,2004009
telegram,toYou_couriers,توصيل,مرسول رقم واحد بالتعويض يقولك توصل موقع العميل كلمنا,2025-09-01,2004038
telegram,HungerStation_drivers,توصيل,والله اذا موترك ينفع في النقل الموجه افضل بمليون مرة,2025-09-01,2004059
telegram,thechefs_ksa,توصيل,مرسول فتح تسجيل جديد للموصلين هذا الأسبوع,2025-09-01,2004070
telegram,HungerStation_drivers,توصيل,مشكلة الباكدج الكبير ما يناسب الدراجة,2025-09-01,2004092
telegram,mrsool_delivery,توصيل,جدة من ٥ ايام ما في طلبات او طلبين بالكثير ايش المشكلة في كيتا,2025-09-01,2004096
telegram,mrsool_delivery,توصيل,هنقرستيشن يقولك رجع الطلب سوبر ماركت هنقرستيشن,2025-09-01,2004129
telegram,freelancers_ksa,عمل_حر,كيف أحسن بروفايلي في مستقل وأحصل على عملاء,2025-09-01,2004206
twitter,mostaql_workers,عمل_حر,الفريلانس في السعودية بدأ ينمو بشكل كبير,2025-09-01,2004207
telegram,freelancers_ksa,عمل_حر,مشروع ترجمة بكم تقدر تقدم,2025-09-01,2004212
telegram,wasselni_drivers,نقل,ذروة ب كاش مع نسبتهم تشوفه مبلغ كويس بس يجيك بمشوار واحد بطاقة,2025-09-02,2003757
twitter,uber_ksa_drivers,نقل,أحسن أوقات الشغل الفطور والغداء والذروة المسائية,2025-09-02,2003767
telegram,uber_ksa_drivers,نقل,اوبر مادري كيف يفكرون جاني مشوار والطرق كلها مقفله,2025-09-02,2003853
twitter,السائقين_السعوديين,نقل,العمل في المطارات أحسن من الشوارع الربح افضل,2025-09-02,2003872
telegram,Captains_saudi,نقل,اذا الوقت زاد ٨ دقايق وفوق ماافكهم غير مسويلي تعويض,2025-09-02,2003873
twitter,CreemUber,نقل,من حقك ترفض خدمته سيارتك وترفع بلاغ,2025-09-02,2003898
twitter,jeeny_ksa,نقل,جربت كابتن في جيني وجيت الرياض والشغل مثل الشرقية,2025-09-02,2003956
telegram,mrsool_delivery,توصيل,مشوار ابو ٢٠ زمان في كيتا الحين ب٩,2025-09-02,2003961
telegram,thechefs_ksa,توصيل,الدراجة تعطلت اليوم وخسرت شغل,2025-09-02,2003973
telegram,keeta_couriers,توصيل,الاسعار اختلفت بعد كثرة المنافسين ودخول كيتا بالاخص,2025-09-02,2003976
twitter,delivery_ksa,توصيل,الاسعار اختلفت بعد كثرة المنافسين ودخول كيتا بالاخص,2025-09-02,2003988
telegram,mrsool_delivery,توصيل,مرسول فتح تسجيل جديد للموصلين هذا الأسبوع,2025-09-02,2004016
twitter,jahez_couriers,توصيل,ذا شيفز تعاملهم مع المناديب أحسن من كيتا,2025-09-02,2004019
telegram,jahez_couriers,توصيل,جدة من ٥ ايام ما في طلبات او طلبين بالكثير ايش المشكلة في كيتا,2025-09-02,2004033
telegram,HungerStation_drivers,توصيل,مرسول رقم واحد بالتعويض يقولك توصل موقع العميل كلمنا,2025-09-02,2004082
telegram,mrsool_delivery,توصيل,هنجرستين وكيتا حاليًا جاهز ومرسول وذا شيفز بس اقل في الطلبات,2025-09-02,2004097
telegram,keeta_couriers,توصيل,مانبي نقطع رزق احد بس والله غبنه توقف عند المطاعم وتنتظر,2025-09-02,2004109
telegram,mostaql_workers,عمل_حر,ضريبة القيمة المضافة على الفريلانس كيف تشتغل,2025-09-02,2004161
telegram,khamsat_ar,عمل_حر,التسويق الرقمي من أكثر التخصصات طلباً,2025-09-02,2004189
telegram,mostaql_workers,عمل_حر,الزبون ما دفع بعد تسليم العمل كيف أتصرف,2025-09-02,2004222
twitter,freelancers_ksa,عمل_حر,ضريبة القيمة المضافة على الفريلانس كيف تشتغل,2025-09-02,2004225
telegram,uber_ksa_drivers,نقل,كيان وصليني تطبيقات واعدة بس تحتاج وقت,2025-09-03,2003772
twitter,uber_ksa_drivers,نقل,اليوم الأوردرات كانت ممتازة والبخشيش زين الحمد لله,2025-09-03,2003779
telegram,bolt_drivers_ksa,نقل,الزحمة في الرياض قاتلة والأرباح نازلة,2025-09-03,2003803
telegram,jeeny_ksa,نقل,إلى متى يا اوبر نسبة عالية وفوق هذا تسعيرة زي وجهك,2025-09-03,2003815
telegram,السائقين_السعوديين,نقل,ذروة ب كاش مع نسبتهم تشوفه مبلغ كويس بس يجيك بمشوار واحد بطاقة,2025-09-03,2003830
twitter,uber_ksa_drivers,نقل,بعدها على بولت خلال ٦ ساعات ٢٠٠ ريال خلال ١٦ ساعة ٧٠٠ ريال ثابتة,2025-09-03,2003839
telegram,Captains_saudi,نقل,والله زمان كان فيها خير اما الان مو المستفيد الا التطبيق,2025-09-03,2003894
telegram,careem_drivers_sa,نقل,اوبر مادري كيف يفكرون جاني مشوار والطرق كلها مقفله,2025-09-03,2003909
telegram,jeeny_ksa,نقل,إلى متى يا اوبر نسبة عالية وفوق هذا تسعيرة زي وجهك,2025-09-03,2003950
telegram,toYou_couriers,توصيل,خدمة العملاء في كيتا ما تفيد تقريباً,2025-09-03,2003987
telegram,jahez_couriers,توصيل,سلام وصلت طلب وسلمته للعميل بيدي وبعد نص ساعة خصموا قيمة الطلب,2025-09-03,2004020
telegram,thechefs_ksa,توصيل,الاسعار اختلفت بعد كثرة المنافسين ودخول كيتا بالاخص,2025-09-03,2004035
twitter,thechefs_ksa,توصيل,توصيل في الأمطار خطر بدون مكافأة من التطبيق,2025-09-03,2004110
telegram,toYou_couriers,توصيل,وصلت طلبات وطلعت ب١١٠ ريال لكن ليش ما اتضافت للسحب,2025-09-03,2004128
telegram,freelancers_ksa,عمل_حر,أكملت مشروع تصميم بـ ٨٠٠ ريال في مستقل,2025-09-03,2004158
telegram,uber_ksa_drivers,نقل,السائق هو الي يتعب ولابد تكون نسبة اوبر لها حد اعلى ٢٠ ريال,2025-09-04,2003782
telegram,السائقين_السعوديين,نقل,السكوت ماراح ينفع خلونا نتحرك بشكل منظم,2025-09-04,2003785
telegram,jeeny_ksa,نقل,الزحمة في الرياض قاتلة والأرباح نازلة,2025-09-04,2003812
telegram,uber_ksa_drivers,نقل,والله زمان كان فيها خير اما الان مو المستفيد الا التطبيق,2025-09-04,2003921
telegram,careem_drivers_sa,نقل,جيني بدأ ينافس لكن ما زال الطلبات أقل,2025-09-04,2003930
twitter,toYou_couriers,توصيل,مرسول الطلبات فل بس عيبه اطلب اي شي روح بنفسك,2025-09-04,2003994
twitter,thechefs_ksa,توصيل,ذا شيفز الطلبات كثيرة بس المنطقة محدودة حتى الآن,2025-09-04,2004031
telegram,HungerStation_drivers,توصيل,مشكلة الباكدج الكبير ما يناسب الدراجة,2025-09-04,2004037
telegram,jahez_couriers,توصيل,رحت محل اكل هندي وجبت طلب وشوربة واقعة جاني خصم ٥٠ ريال,2025-09-04,2004054
telegram,toYou_couriers,توصيل,وصلت ٢٠٠ طلب هذا الشهر الحمد لله,2025-09-04,2004076
telegram,delivery_ksa,توصيل,مرسول رقم واحد بالتعويض يقولك توصل موقع العميل كلمنا,2025-09-04,2004078
telegram,toYou_couriers,توصيل,توصيل في الأمطار خطر بدون مكافأة من التطبيق,2025-09-04,2004101
telegram,keeta_couriers,توصيل,كنت اشتغل مرسول زمان اطلع ٢٠٠ في اليوم على ٨ طلبات,2025-09-04,2004103
telegram,mrsool_delivery,توصيل,الدراجة تعطلت اليوم وخسرت شغل,2025-09-04,2004121
telegram,keeta_couriers,توصيل,وصلت ٢٠٠ طلب هذا الشهر الحمد لله,2025-09-04,2004142
telegram,freelancers_ksa,عمل_حر,الفريلانس في السعودية بدأ ينمو بشكل كبير,2025-09-04,2004155
telegram,freelancers_ksa,عمل_حر,الفريلانس في السعودية بدأ ينمو بشكل كبير,2025-09-04,2004166
telegram,mostaql_workers,عمل_حر,التسويق الرقمي من أكثر التخصصات طلباً,2025-09-04,2004216
telegram,CreemUber,نقل,اذا الوقت زاد ٨ دقايق وفوق ماافكهم غير مسويلي تعويض,2025-09-05,2003752
twitter,bolt_drivers_ksa,نقل,جربت كابتن في جيني وجيت الرياض والشغل مثل الشرقية,2025-09-05,2003799
telegram,Captains_saudi,نقل,اوبر زود على نسبة الالغاء وانا ما قدرت اوصل للعميل,2025-09-05,2003820
telegram,Captains_saudi,نقل,وصلت واحد المطار وكان مصري وحك الصدام من السيارة,2025-09-05,2003842
telegram,CreemUber,نقل,بولت نسبة عالية خير ياطير اذا عوضنا,2025-09-05,2003880
telegram,wasselni_drivers,نقل,وصليني مافيه طلبات كافية في منطقتي,2025-09-05,2003889
telegram,wasselni_drivers,نقل,جيني وصليني الاسعار خايسه جدا يعني الكيلو اقل من ريال,2025-09-05,2003934
telegram,CreemUber,نقل,نسبة اوبر في مشوار المطار وصلت ٧٥٪ اخذ من الزبون ٥٩ ريال عطاني ١٢ فقط,2025-09-05,2003941
telegram,CreemUber,نقل,جربت كابتن في جيني وجيت الرياض والشغل مثل الشرقية,2025-09-05,2003943
telegram,mrsool_delivery,توصيل,الطلبات في رمضان تجنن ٣ أضعاف العادي,2025-09-05,2004010
telegram,keeta_couriers,توصيل,الدراجة تعطلت اليوم وخسرت شغل,2025-09-05,2004013
telegram,jahez_couriers,توصيل,مانبي نقطع رزق احد بس والله غبنه توقف عند المطاعم وتنتظر,2025-09-05,2004102
telegram,HungerStation_drivers,توصيل,خدمة العملاء في كيتا ما تفيد تقريباً,2025-09-05,2004115
telegram,toYou_couriers,توصيل,مشوار ابو ٢٠ زمان في كيتا الحين ب٩,2025-09-05,2004137
telegram,freelancers_ksa,عمل_حر,مشروع ترجمة بكم تقدر تقدم,2025-09-05,2004168
telegram,khamsat_ar,عمل_حر,الزبون ما دفع بعد تسليم العمل كيف أتصرف,2025-09-05,2004191
telegram,jeeny_ksa,نقل,أحسن أوقات الشغل الفطور والغداء والذروة المسائية,2025-09-06,2003739
twitter,CreemUber,نقل,اوبر زود على نسبة الالغاء وانا ما قدرت اوصل للعميل,2025-09-06,2003743
telegram,uber_ksa_drivers,نقل,أوبر أفضل من بولت في توزيع الرحلات عندي,2025-09-06,2003766
telegram,السائقين_السعوديين,نقل,عميل تقييمه منخفض لا تاخذ مرة,2025-09-06,2003828
telegram,CreemUber,نقل,والله زمان كان فيها خير اما الان مو المستفيد الا التطبيق,2025-09-06,2003837
telegram,kayan_ksa,نقل,وصلت واحد المطار وكان مصري وحك الصدام من السيارة,2025-09-06,2003841
twitter,CreemUber,نقل,من حقك ترفض خدمته سيارتك وترفع بلاغ,2025-09-06,2003843
telegram,wasselni_drivers,نقل,كيان وصليني تطبيقات واعدة بس تحتاج وقت,2025-09-06,2003864
telegram,Captains_saudi,نقل,كيان وصليني تطبيقات واعدة بس تحتاج وقت,2025-09-06,2003899
telegram,HungerStation_drivers,توصيل,مانبي نقطع رزق احد بس والله غبنه توقف عند المطاعم وتنتظر,2025-09-06,2003970
telegram,thechefs_ksa,توصيل,هنجرستين وكيتا حاليًا جاهز ومرسول وذا شيفز بس اقل في الطلبات,2025-09-06,2003972
telegram,delivery_ksa,توصيل,واحد طالب ٣ ماء من كودو المهم يرسل يقول كنسل,2025-09-06,2003983
telegram,keeta_couriers,توصيل,هنقرستيشن يقولك رجع الطلب سوبر ماركت هنقرستيشن,2025-09-06,2004032
telegram,jahez_couriers,توصيل,كيتا يلعبون على المندوب عشان يخصمون مكافأة التوصيل في الوقت,2025-09-06,2004046
telegram,thechefs_ksa,توصيل,خدمة العملاء في كيتا ما تفيد تقريباً,2025-09-06,2004047
telegram,delivery_ksa,توصيل,الحين ١٤ طلب في كيتا وما طلعت ٢٠ ريال,2025-09-06,2004051
telegram,delivery_ksa,توصيل,امس السحور ٩ ريال و ١٠ ريال من كيتا ليش ولا حق التعب,2025-09-06,2004112
telegram,khamsat_ar,عمل_حر,ضريبة القيمة المضافة على الفريلانس كيف تشتغل,2025-09-06,2004183
twitter,mostaql_workers,عمل_حر,الزبون ما دفع بعد تسليم العمل كيف أتصرف,2025-09-06,2004185
telegram,bolt_drivers_ksa,نقل,من اشوف مشوار مو مناسب على طول ارفضه,2025-09-07,2003751
telegram,careem_drivers_sa,نقل,جيني وصليني الاسعار خايسه جدا يعني الكيلو اقل من ريال,2025-09-07,2003794
telegram,careem_drivers_sa,نقل,ودي اشتغل ف بولت بجانب اوبر ممكن؟,2025-09-07,2003804
telegram,kayan_ksa,نقل,وصلت واحد المطار وكان مصري وحك الصدام من السيارة,2025-09-07,2003834
telegram,uber_ksa_drivers,نقل,وصلت ٥٠ رحلة هذا الأسبوع الحمد لله رب العالمين,2025-09-07,2003851
telegram,jeeny_ksa,نقل,وصليني مافيه طلبات كافية في منطقتي,2025-09-07,2003897
telegram,delivery_ksa,توصيل,مو محل وموظفين اغبياء هم الغلطانين مو المندوب,2025-09-07,2003960
twitter,delivery_ksa,توصيل,كيتا يلعبون على المندوب عشان يخصمون مكافأة التوصيل في الوقت,2025-09-07,2003963
telegram,jahez_couriers,توصيل,وصلت طلبات وطلعت ب١١٠ ريال لكن ليش ما اتضافت للسحب,2025-09-07,2003965
telegram,thechefs_ksa,توصيل,كيتا الحين يقولك توصل الطلب وعشان تبلغ تأخير المطعم تنتظر,2025-09-07,2004018
telegram,khamsat_ar,عمل_حر,الزبون ما دفع بعد تسليم العمل كيف أتصرف,2025-09-07,2004165
telegram,khamsat_ar,عمل_حر,نبي حماية للفريلانسر من الزبون اللي ما يدفع,2025-09-07,2004172
twitter,mostaql_workers,عمل_حر,التسويق الرقمي من أكثر التخصصات طلباً,2025-09-07,2004204
telegram,mostaql_workers,عمل_حر,دخلي من البرمجة هذا الشهر ٧٠٠٠ ريال,2025-09-07,2004219
telegram,freelancers_ksa,عمل_حر,الزبائن الخليجيين يدفعون أحسن من العرب,2025-09-07,2004227
telegram,khamsat_ar,عمل_حر,التسويق الرقمي من أكثر التخصصات طلباً,2025-09-07,2004232
telegram,uber_ksa_drivers,نقل,اليوم الأوردرات كانت ممتازة والبخشيش زين الحمد لله,2025-09-08,2003777
telegram,kayan_ksa,نقل,من اشوف مشوار مو مناسب على طول ارفضه,2025-09-08,2003800
telegram,bolt_drivers_ksa,نقل,السائق هو الي يتعب ولابد تكون نسبة اوبر لها حد اعلى ٢٠ ريال,2025-09-08,2003810
twitter,CreemUber,نقل,عميل تقييمه منخفض لا تاخذ مرة,2025-09-08,2003829
telegram,CreemUber,نقل,اوبر مادري كيف يفكرون جاني مشوار والطرق كلها مقفله,2025-09-08,2003847
telegram,السائقين_السعوديين,نقل,من اشوف مشوار مو مناسب على طول ارفضه,2025-09-08,2003871
telegram,uber_ksa_drivers,نقل,اوبر زود على نسبة الالغاء وانا ما قدرت اوصل للعميل,2025-09-08,2003876
telegram,Captains_saudi,نقل,من اشوف مشوار مو مناسب على طول ارفضه,2025-09-08,2003911
telegram,bolt_drivers_ksa,نقل,نبي نظام تأمين صحي للسائقين مثل الموظفين,2025-09-08,2003925
telegram,kayan_ksa,نقل,اتمنى الجميع يركز نتحرك بشكل جماعي نرفع شكاوى لوزارة النقل,2025-09-08,2003931
twitter,bolt_drivers_ksa,نقل,اوبر مادري كيف يفكرون جاني مشوار والطرق كلها مقفله,2025-09-08,2003932
telegram,HungerStation_drivers,توصيل,مو محل وموظفين اغبياء هم الغلطانين مو المندوب,2025-09-08,2003995
telegram,delivery_ksa,توصيل,ياشباب امس المغرب حولت مبلغ من كيتا ولحد الان ما وصلت,2025-09-08,2004060
telegram,thechefs_ksa,توصيل,كيتا يلعبون على المندوب عشان يخصمون مكافأة التوصيل في الوقت,2025-09-08,2004106
telegram,toYou_couriers,توصيل,الطلبات الليلية تساوي ضعف النهارية في كيتا,2025-09-08,2004111
telegram,mostaql_workers,عمل_حر,بدأت فريلانس من بيتي والدخل تحسن الحمد لله,2025-09-08,2004205
telegram,freelancers_ksa,عمل_حر,أكملت مشروع تصميم بـ ٨٠٠ ريال في مستقل,2025-09-08,2004229
telegram,السائقين_السعوديين,نقل,نسبة اوبر في مشوار المطار وصلت ٧٥٪ اخذ من الزبون ٥٩ ريال عطاني ١٢ فقط,2025-09-09,2003823
twitter,jeeny_ksa,نقل,جربت كابتن في جيني وجيت الرياض والشغل مثل الشرقية,2025-09-09,2003857
telegram,jeeny_ksa,نقل,أحسن أوقات الشغل الفطور والغداء والذروة المسائية,2025-09-09,2003887
telegram,Captains_saudi,نقل,السكوت ماراح ينفع خلونا نتحرك بشكل منظم,2025-09-09,2003893
telegram,careem_drivers_sa,نقل,من اشوف مشوار مو مناسب على طول ارفضه,2025-09-09,2003918
telegram,keeta_couriers,توصيل,جدة من ٥ ايام ما في طلبات او طلبين بالكثير ايش المشكلة في كيتا,2025-09-09,2003966
telegram,thechefs_ksa,توصيل,مو محل وموظفين اغبياء هم الغلطانين مو المندوب,2025-09-09,2004002
telegram,mrsool_delivery,توصيل,هنجرستين وكيتا حاليًا جاهز ومرسول وذا شيفز بس اقل في الطلبات,2025-09-09,2004025
telegram,jahez_couriers,توصيل,خدمة العملاء في كيتا ما تفيد تقريباً,2025-09-09,2004079
twitter,delivery_ksa,توصيل,كنت اشتغل مرسول زمان اطلع ٢٠٠ في اليوم على ٨ طلبات,2025-09-09,2004093
telegram,toYou_couriers,توصيل,ياشباب امس المغرب حولت مبلغ من كيتا ولحد الان ما وصلت,2025-09-09,2004134
telegram,delivery_ksa,توصيل,الطلبات في رمضان تجنن ٣ أضعاف العادي,2025-09-09,2004138
telegram,freelancers_ksa,عمل_حر,التسويق الرقمي من أكثر التخصصات طلباً,2025-09-09,2004192
twitter,khamsat_ar,عمل_حر,upwork أو مستقل أيهما أفضل للسعوديين,2025-09-09,2004195
telegram,careem_drivers_sa,نقل,ما يستاهل لا تعب ولا وقت المشوار بعيد والربح ضعيف,2025-09-10,2003754
telegram,uber_ksa_drivers,نقل,أوبر أفضل من بولت في توزيع الرحلات عندي,2025-09-10,2003808
twitter,bolt_drivers_ksa,نقل,اقل شي ٤٥٠ واعلى شي ٥٥٠ خلال ١٢ ساعة على اوبر,2025-09-10,2003816
telegram,wasselni_drivers,نقل,جيني وصليني الاسعار خايسه جدا يعني الكيلو اقل من ريال,2025-09-10,2003821
telegram,careem_drivers_sa,نقل,من اشوف مشوار مو مناسب على طول ارفضه,2025-09-10,2003870
telegram,wasselni_drivers,نقل,كيان وصليني تطبيقات واعدة بس تحتاج وقت,2025-09-10,2003901
twitter,bolt_drivers_ksa,نقل,كم متوسط دخل الكابتن في الرياض شهريًا حاليًا,2025-09-10,2003913
telegram,bolt_drivers_ksa,نقل,أحسن أوقات الشغل الفطور والغداء والذروة المسائية,2025-09-10,2003928
telegram,bolt_drivers_ksa,نقل,كيان وصليني تطبيقات واعدة بس تحتاج وقت,2025-09-10,2003929
twitter,wasselni_drivers,نقل,السائق هو الي يتعب ولابد تكون نسبة اوبر لها حد اعلى ٢٠ ريال,2025-09-10,2003942
telegram,wasselni_drivers,نقل,أحسن أوقات الشغل الفطور والغداء والذروة المسائية,2025-09-10,2003949
telegram,careem_drivers_sa,نقل,بولت نسبة عالية خير ياطير اذا عوضنا,2025-09-10,2003953
twitter,mrsool_delivery,توصيل,خدمة العملاء في كيتا ما تفيد تقريباً,2025-09-10,2004000
twitter,delivery_ksa,توصيل,جدة من ٥ ايام ما في طلبات او طلبين بالكثير ايش المشكلة في كيتا,2025-09-10,2004034
telegram,delivery_ksa,توصيل,طلب وصل بارد لأن المطعم تأخر وراحت التقييم,2025-09-10,2004086
telegram,thechefs_ksa,توصيل,هنجرستين وكيتا حاليًا جاهز ومرسول وذا شيفز بس اقل في الطلبات,2025-09-10,2004100
telegram,mrsool_delivery,توصيل,طلب وصل بارد لأن المطعم تأخر وراحت التقييم,2025-09-10,2004105
telegram,jahez_couriers,توصيل,طلب وصل بارد لأن المطعم تأخر وراحت التقييم,2025-09-10,2004108
telegram,mrsool_delivery,توصيل,والله اذا موترك ينفع في النقل الموجه افضل بمليون مرة,2025-09-10,2004118
telegram,thechefs_ksa,توصيل,كنت اشتغل مرسول زمان اطلع ٢٠٠ في اليوم على ٨ طلبات,2025-09-10,2004120
telegram,mrsool_delivery,توصيل,كنت اشتغل مرسول زمان اطلع ٢٠٠ في اليوم على ٨ طلبات,2025-09-10,2004122
telegram,toYou_couriers,توصيل,والله اذا موترك ينفع في النقل الموجه افضل بمليون مرة,2025-09-10,2004143
telegram,Captains_saudi,نقل,وصليني مافيه طلبات كافية في منطقتي,2025-09-11,2003740
twitter,uber_ksa_drivers,نقل,من اشوف مشوار مو مناسب على طول ارفضه,2025-09-11,2003744
telegram,kayan_ksa,نقل,بولت نسبة عالية خير ياطير اذا عوضنا,2025-09-11,2003746
telegram,CreemUber,نقل,السائق هو الي يتعب ولابد تكون نسبة اوبر لها حد اعلى ٢٠ ريال,2025-09-11,2003764
telegram,uber_ksa_drivers,نقل,أوبر أفضل من بولت في توزيع الرحلات عندي,2025-09-11,2003775
telegram,jeeny_ksa,نقل,والله زمان كان فيها خير اما الان مو المستفيد الا التطبيق,2025-09-11,2003786
telegram,bolt_drivers_ksa,نقل,اذا الوقت زاد ٨ دقايق وفوق ماافكهم غير مسويلي تعويض,2025-09-11,2003838
twitter,Captains_saudi,نقل,وصلت ٥٠ رحلة هذا الأسبوع الحمد لله رب العالمين,2025-09-11,2003861
telegram,wasselni_drivers,نقل,عميل تقييمه منخفض لا تاخذ مرة,2025-09-11,2003884
telegram,jeeny_ksa,نقل,بعدها على بولت خلال ٦ ساعات ٢٠٠ ريال خلال ١٦ ساعة ٧٠٠ ريال ثابتة,2025-09-11,2003892
telegram,wasselni_drivers,نقل,وصلت واحد المطار وكان مصري وحك الصدام من السيارة,2025-09-11,2003919
telegram,careem_drivers_sa,نقل,اتمنى الجميع يركز نتحرك بشكل جماعي نرفع شكاوى لوزارة النقل,2025-09-11,2003939
twitter,delivery_ksa,توصيل,ذا شيفز الطلبات كثيرة بس المنطقة محدودة حتى الآن,2025-09-11,2004008
telegram,jahez_couriers,توصيل,كيتا الحين يقولك توصل الطلب وعشان تبلغ تأخير المطعم تنتظر,2025-09-11,2004012
telegram,delivery_ksa,توصيل,امس السحور ٩ ريال و ١٠ ريال من كيتا ليش ولا حق التعب,2025-09-11,2004042
telegram,toYou_couriers,توصيل,امس وصلت طلب والعميل تأخر وراح عليي مكافأة موعد الوصول,2025-09-11,2004068
telegram,jahez_couriers,توصيل,رحت محل اكل هندي وجبت طلب وشوربة واقعة جاني خصم ٥٠ ريال,2025-09-11,2004114
telegram,HungerStation_drivers,توصيل,والله كيتا صار يضحك علينا الطلبات وصلت الى ٦ ريال,2025-09-11,2004116
twitter,HungerStation_drivers,توصيل,مو محل وموظفين اغبياء هم الغلطانين مو المندوب,2025-09-11,2004117
telegram,toYou_couriers,توصيل,مرسول شغال زي لوز ما عده كيتا,2025-09-11,2004130
telegram,khamsat_ar,عمل_حر,بدأت فريلانس من بيتي والدخل تحسن الحمد لله,2025-09-11,2004171
telegram,khamsat_ar,عمل_حر,بدأت فريلانس من بيتي والدخل تحسن الحمد لله,2025-09-11,2004179
telegram,mostaql_workers,عمل_حر,الزبون ما دفع بعد تسليم العمل كيف أتصرف,2025-09-11,2004199
twitter,jeeny_ksa,نقل,جربت كابتن في جيني وجيت الرياض والشغل مثل الشرقية,2025-09-12,2003756
twitter,السائقين_السعوديين,نقل,السائقين الأجانب يزاحمون على الرحلات في كريم,2025-09-12,2003770
twitter,السائقين_السعوديين,نقل,والله زمان كان فيها خير اما الان مو المستفيد الا التطبيق,2025-09-12,2003783
telegram,wasselni_drivers,نقل,وصليني مافيه طلبات كافية في منطقتي,2025-09-12,2003865
twitter,jeeny_ksa,نقل,متوسط دخلي اليوم ١٨٠ ريال بعد البنزين,2025-09-12,2003867
telegram,keeta_couriers,توصيل,والله كيتا صار يضحك علينا الطلبات وصلت الى ٦ ريال,2025-09-12,2003969
telegram,mrsool_delivery,توصيل,وصلت طلبات وطلعت ب١١٠ ريال لكن ليش ما اتضافت للسحب,2025-09-12,2004040
telegram,jahez_couriers,توصيل,ياشباب امس المغرب حولت مبلغ من كيتا ولحد الان ما وصلت,2025-09-12,2004088
twitter,keeta_couriers,توصيل,جدة من ٥ ايام ما في طلبات او طلبين بالكثير ايش المشكلة في كيتا,2025-09-12,2004147
telegram,bolt_drivers_ksa,نقل,اليوم الأوردرات كانت ممتازة والبخشيش زين الحمد لله,2025-09-13,2003750
telegram,kayan_ksa,نقل,التامين على السيارة غالي علينا الشركات مو مهتمة,2025-09-13,2003831
telegram,bolt_drivers_ksa,نقل,ما يستاهل لا تعب ولا وقت المشوار بعيد والربح ضعيف,2025-09-13,2003833
telegram,السائقين_السعوديين,نقل,التامين على السيارة غالي علينا الشركات مو مهتمة,2025-09-13,2003835
twitter,wasselni_drivers,نقل,أحسن أوقات الشغل الفطور والغداء والذروة المسائية,2025-09-13,2003890
telegram,wasselni_drivers,نقل,نسبة اوبر في مشوار المطار وصلت ٧٥٪ اخذ من الزبون ٥٩ ريال عطاني ١٢ فقط,2025-09-13,2003902
telegram,wasselni_drivers,نقل,ذروة ب كاش مع نسبتهم تشوفه مبلغ كويس بس يجيك بمشوار واحد بطاقة,2025-09-13,2003915
telegram,bolt_drivers_ksa,نقل,اوبر زود على نسبة الالغاء وانا ما قدرت اوصل للعميل,2025-09-13,2003916
telegram,wasselni_drivers,نقل,عميل تقييمه منخفض لا تاخذ مرة,2025-09-13,2003927
telegram,keeta_couriers,توصيل,ذا شيفز تعاملهم مع المناديب أحسن من كيتا,2025-09-13,2003962
telegram,mrsool_delivery,توصيل,خدمة العملاء في كيتا ما تفيد تقريباً,2025-09-13,2003984
telegram,keeta_couriers,توصيل,ذا شيفز الطلبات كثيرة بس المنطقة محدودة حتى الآن,2025-09-13,2004014
telegram,HungerStation_drivers,توصيل,كيتا الحين يقولك توصل الطلب وعشان تبلغ تأخير المطعم تنتظر,2025-09-13,2004057
twitter,khamsat_ar,عمل_حر,أكملت مشروع تصميم بـ ٨٠٠ ريال في مستقل,2025-09-13,2004181
telegram,freelancers_ksa,عمل_حر,نبي حماية للفريلانسر من الزبون اللي ما يدفع,2025-09-13,2004224
twitter,CreemUber,نقل,السائق هو الي يتعب ولابد تكون نسبة اوبر لها حد اعلى ٢٠ ريال,2025-09-14,2003759
telegram,careem_drivers_sa,نقل,والله زمان كان فيها خير اما الان مو المستفيد الا التطبيق,2025-09-14,2003907
twitter,wasselni_drivers,نقل,نسبة اوبر في مشوار المطار وصلت ٧٥٪ اخذ من الزبون ٥٩ ريال عطاني ١٢ فقط,2025-09-14,2003917
telegram,toYou_couriers,توصيل,توصيل في الأمطار خطر بدون مكافأة من التطبيق,2025-09-14,2004007
telegram,delivery_ksa,توصيل,ذا شيفز تعاملهم مع المناديب أحسن من كيتا,2025-09-14,2004058
telegram,HungerStation_drivers,توصيل,رحت محل اكل هندي وجبت طلب وشوربة واقعة جاني خصم ٥٠ ريال,2025-09-14,2004061
telegram,toYou_couriers,توصيل,الطلبات في رمضان تجنن ٣ أضعاف العادي,2025-09-14,2004071
telegram,toYou_couriers,توصيل,مرسول رقم واحد بالتعويض يقولك توصل موقع العميل كلمنا,2025-09-14,2004094
telegram,mrsool_delivery,توصيل,ذا شيفز تعاملهم مع المناديب أحسن من كيتا,2025-09-14,2004099
telegram,jahez_couriers,توصيل,امس السحور ٩ ريال و ١٠ ريال من كيتا ليش ولا حق التعب,2025-09-14,2004125
twitter,mostaql_workers,عمل_حر,التسويق الرقمي من أكثر التخصصات طلباً,2025-09-14,2004169
twitter,Captains_saudi,نقل,كيان وصليني تطبيقات واعدة بس تحتاج وقت,2025-09-15,2003805
telegram,jeeny_ksa,نقل,كيان التطبيق جديد بس الطلبات وايد خير من اوبر,2025-09-15,2003850
telegram,careem_drivers_sa,نقل,جربت كابتن في جيني وجيت الرياض والشغل مثل الشرقية,2025-09-15,2003879
twitter,kayan_ksa,نقل,ما يستاهل لا تعب ولا وقت المشوار بعيد والربح ضعيف,2025-09-15,2003905
telegram,Captains_saudi,نقل,كيان التطبيق جديد بس الطلبات وايد خير من اوبر,2025-09-15,2003923
telegram,delivery_ksa,توصيل,مرسول فتح تسجيل جديد للموصلين هذا الأسبوع,2025-09-15,2003968
telegram,HungerStation_drivers,توصيل,هنجرستين وكيتا حاليًا جاهز ومرسول وذا شيفز بس اقل في الطلبات,2025-09-15,2003986
telegram,delivery_ksa,توصيل,ذا شيفز تعاملهم مع المناديب أحسن من كيتا,2025-09-15,2004067
telegram,delivery_ksa,توصيل,رحت محل اكل هندي وجبت طلب وشوربة واقعة جاني خصم ٥٠ ريال,2025-09-15,2004073
telegram,toYou_couriers,توصيل,يعطيكم العافيه يا شباب حولت مبلغ من كيتا ولحد الان ما وصلت,2025-09-15,2004104
telegram,keeta_couriers,توصيل,هنقرستيشن يقولك رجع الطلب سوبر ماركت هنقرستيشن,2025-09-15,2004149
telegram,mostaql_workers,عمل_حر,نبي حماية للفريلانسر من الزبون اللي ما يدفع,2025-09-15,2004200
twitter,mostaql_workers,عمل_حر,منصة خمسات أفضل للمبتدئين في العمل الحر,2025-09-15,2004217
telegram,freelancers_ksa,عمل_حر,بدأت فريلانس من بيتي والدخل تحسن الحمد لله,2025-09-15,2004228
telegram,careem_drivers_sa,نقل,الذروة في كريم حمراء والطلبات ورا بعض بالمدينة,2025-09-16,2003761
telegram,uber_ksa_drivers,نقل,الزحمة في الرياض قاتلة والأرباح نازلة,2025-09-16,2003765
telegram,careem_drivers_sa,نقل,السائق هو الي يتعب ولابد تكون نسبة اوبر لها حد اعلى ٢٠ ريال,2025-09-16,2003789
telegram,jeeny_ksa,نقل,اقل شي ٤٥٠ واعلى شي ٥٥٠ خلال ١٢ ساعة على اوبر,2025-09-16,2003791
telegram,uber_ksa_drivers,نقل,نبي نظام تأمين صحي للسائقين مثل الموظفين,2025-09-16,2003796
telegram,uber_ksa_drivers,نقل,جيني وصليني الاسعار خايسه جدا يعني الكيلو اقل من ريال,2025-09-16,2003904
twitter,toYou_couriers,توصيل,مشوار ابو ٢٠ زمان في كيتا الحين ب٩,2025-09-16,2004005
telegram,thechefs_ksa,توصيل,يعطيكم العافيه يا شباب حولت مبلغ من كيتا ولحد الان ما وصلت,2025-09-16,2004028
telegram,mrsool_delivery,توصيل,ذا شيفز الطلبات كثيرة بس المنطقة محدودة حتى الآن,2025-09-16,2004119
telegram,mostaql_workers,عمل_حر,التسويق الرقمي من أكثر التخصصات طلباً,2025-09-16,2004154
telegram,jeeny_ksa,نقل,وصليني مافيه طلبات كافية في منطقتي,2025-09-17,2003910
telegram,wasselni_drivers,نقل,اقل شي ٤٥٠ واعلى شي ٥٥٠ خلال ١٢ ساعة على اوبر,2025-09-17,2003924
telegram,السائقين_السعوديين,نقل,كيان التطبيق جديد بس الطلبات وايد خير من اوبر,2025-09-17,2003933
telegram,HungerStation_drivers,توصيل,وصلت طلبات وطلعت ب١١٠ ريال لكن ليش ما اتضافت للسحب,2025-09-17,2004017
twitter,keeta_couriers,توصيل,مرسول رقم واحد بالتعويض يقولك توصل موقع العميل كلمنا,2025-09-17,2004056
twitter,thechefs_ksa,توصيل,الحين ١٤ طلب في كيتا وما طلعت ٢٠ ريال,2025-09-17,2004075
telegram,delivery_ksa,توصيل,الطلبات في رمضان تجنن ٣ أضعاف العادي,2025-09-17,2004084
telegram,delivery_ksa,توصيل,المخالفين موصلين ٣٠٠ وشوي الشهر اللي فات انا بقوة وصلت ٢٩٠,2025-09-17,2004124
telegram,khamsat_ar,عمل_حر,الزبون ما دفع بعد تسليم العمل كيف أتصرف,2025-09-17,2004156
telegram,freelancers_ksa,عمل_حر,منصة خمسات أفضل للمبتدئين في العمل الحر,2025-09-17,2004208
telegram,jeeny_ksa,نقل,اوبر مادري كيف يفكرون جاني مشوار والطرق كلها مقفله,2025-09-18,2003748
telegram,CreemUber,نقل,عميل تقييمه منخفض لا تاخذ مرة,2025-09-18,2003760
telegram,jeeny_ksa,نقل,عميل تقييمه منخفض لا تاخذ مرة,2025-09-18,2003788
twitter,السائقين_السعوديين,نقل,أوبر أفضل من بولت في توزيع الرحلات عندي,2025-09-18,2003790
telegram,CreemUber,نقل,كيان التطبيق جديد بس الطلبات وايد خير من اوبر,2025-09-18,2003806
telegram,wasselni_drivers,نقل,العمل في المطارات أحسن من الشوارع الربح افضل,2025-09-18,2003813
twitter,Captains_saudi,نقل,كيان وصليني تطبيقات واعدة بس تحتاج وقت,2025-09-18,2003824
twitter,bolt_drivers_ksa,نقل,العمل في المطارات أحسن من الشوارع الربح افضل,2025-09-18,2003827
telegram,السائقين_السعوديين,نقل,من اشوف مشوار مو مناسب على طول ارفضه,2025-09-18,2003848
telegram,careem_drivers_sa,نقل,بعدها على بولت خلال ٦ ساعات ٢٠٠ ريال خلال ١٦ ساعة ٧٠٠ ريال ثابتة,2025-09-18,2003878
telegram,mrsool_delivery,توصيل,كيتا الحين يقولك توصل الطلب وعشان تبلغ تأخير المطعم تنتظر,2025-09-18,2004041
telegram,keeta_couriers,توصيل,ذا شيفز تعاملهم مع المناديب أحسن من كيتا,2025-09-18,2004043
twitter,mrsool_delivery,توصيل,توصيل في الأمطار خطر بدون مكافأة من التطبيق,2025-09-18,2004085
telegram,HungerStation_drivers,توصيل,هنجرستين وكيتا حاليًا جاهز ومرسول وذا شيفز بس اقل في الطلبات,2025-09-18,2004107
twitter,mostaql_workers,عمل_حر,دخلي من البرمجة هذا الشهر ٧٠٠٠ ريال,2025-09-18,2004188
twitter,freelancers_ksa,عمل_حر,دخلي من البرمجة هذا الشهر ٧٠٠٠ ريال,2025-09-18,2004190
twitter,mostaql_workers,عمل_حر,دخلي من البرمجة هذا الشهر ٧٠٠٠ ريال,2025-09-18,2004201
telegram,freelancers_ksa,عمل_حر,أكملت مشروع تصميم بـ ٨٠٠ ريال في مستقل,2025-09-18,2004209
telegram,wasselni_drivers,نقل,والله زمان كان فيها خير اما الان مو المستفيد الا التطبيق,2025-09-19,2003758
telegram,jeeny_ksa,نقل,أحسن أوقات الشغل الفطور والغداء والذروة المسائية,2025-09-19,2003762
telegram,wasselni_drivers,نقل,السائق هو الي يتعب ولابد تكون نسبة اوبر لها حد اعلى ٢٠ ريال,2025-09-19,2003891
telegram,wasselni_drivers,نقل,أوبر أفضل من بولت في توزيع الرحلات عندي,2025-09-19,2003896
telegram,uber_ksa_drivers,نقل,وصلت ٥٠ رحلة هذا الأسبوع الحمد لله رب العالمين,2025-09-19,2003903
twitter,kayan_ksa,نقل,اوبر زود على نسبة الالغاء وانا ما قدرت اوصل للعميل,2025-09-19,2003920
telegram,uber_ksa_drivers,نقل,بولت نسبة عالية خير ياطير اذا عوضنا,2025-09-19,2003936
twitter,CreemUber,نقل,جربت كابتن في جيني وجيت الرياض والشغل مثل الشرقية,2025-09-19,2003957
telegram,mrsool_delivery,توصيل,مانبي نقطع رزق احد بس والله غبنه توقف عند المطاعم وتنتظر,2025-09-19,2003992
twitter,toYou_couriers,توصيل,وصلت ٢٠٠ طلب هذا الشهر الحمد لله,2025-09-19,2004027
telegram,keeta_couriers,توصيل,وصلت ٢٠٠ طلب هذا الشهر الحمد لله,2025-09-19,2004036
telegram,jahez_couriers,توصيل,ذا شيفز يدفع بشكل منتظم بخلاف كيتا,2025-09-19,2004062
telegram,keeta_couriers,توصيل,المخالفين موصلين ٣٠٠ وشوي الشهر اللي فات انا بقوة وصلت ٢٩٠,2025-09-19,2004091
telegram,HungerStation_drivers,توصيل,ذا شيفز يدفع بشكل منتظم بخلاف كيتا,2025-09-19,2004139
twitter,freelancers_ksa,عمل_حر,upwork أو مستقل أيهما أفضل للسعوديين,2025-09-19,2004162
twitter,freelancers_ksa,عمل_حر,الزبون ما دفع بعد تسليم العمل كيف أتصرف,2025-09-19,2004180
telegram,mostaql_workers,عمل_حر,ضريبة القيمة المضافة على الفريلانس كيف تشتغل,2025-09-19,2004194
twitter,khamsat_ar,عمل_حر,بدأت فريلانس من بيتي والدخل تحسن الحمد لله,2025-09-19,2004203
telegram,freelancers_ksa,عمل_حر,التسويق الرقمي من أكثر التخصصات طلباً,2025-09-19,2004214
telegram,Captains_saudi,نقل,رفضت رحلة بعيدة وخسرت bonus الاسبوع,2025-09-20,2003753
telegram,uber_ksa_drivers,نقل,اليوم الأوردرات كانت ممتازة والبخشيش زين الحمد لله,2025-09-20,2003798
twitter,Captains_saudi,نقل,كم متوسط دخل الكابتن في الرياض شهريًا حاليًا,2025-09-20,2003807
telegram,Captains_saudi,نقل,الذروة في كريم حمراء والطلبات ورا بعض بالمدينة,2025-09-20,2003811
telegram,wasselni_drivers,نقل,من اشوف مشوار مو مناسب على طول ارفضه,2025-09-20,2003818
telegram,jeeny_ksa,نقل,كيان وصليني تطبيقات واعدة بس تحتاج وقت,2025-09-20,2003926
twitter,السائقين_السعوديين,نقل,نبي نظام تأمين صحي للسائقين مثل الموظفين,2025-09-20,2003935
telegram,jeeny_ksa,نقل,السائقين الأجانب يزاحمون على الرحلات في كريم,2025-09-20,2003948
twitter,HungerStation_drivers,توصيل,الطلبات الليلية تساوي ضعف النهارية في كيتا,2025-09-20,2003993
telegram,mrsool_delivery,توصيل,هنقرستيشن يقولك رجع الطلب سوبر ماركت هنقرستيشن,2025-09-20,2004003
telegram,keeta_couriers,توصيل,ياشباب امس المغرب حولت مبلغ من كيتا ولحد الان ما وصلت,2025-09-20,2004004
telegram,keeta_couriers,توصيل,مانبي نقطع رزق احد بس والله غبنه توقف عند المطاعم وتنتظر,2025-09-20,2004030
telegram,jahez_couriers,توصيل,المخالفين موصلين ٣٠٠ وشوي الشهر اللي فات انا بقوة وصلت ٢٩٠,2025-09-20,2004048
twitter,jahez_couriers,توصيل,مرسول شغال زي لوز ما عده كيتا,2025-09-20,2004066
telegram,delivery_ksa,توصيل,طلب وصل بارد لأن المطعم تأخر وراحت التقييم,2025-09-20,2004072
telegram,mrsool_delivery,توصيل,واحد طالب ٣ ماء من كودو المهم يرسل يقول كنسل,2025-09-20,2004098
telegram,mrsool_delivery,توصيل,مشكلة الباكدج الكبير ما يناسب الدراجة,2025-09-20,2004113
telegram,HungerStation_drivers,توصيل,ذا شيفز يدفع بشكل منتظم بخلاف كيتا,2025-09-20,2004140
telegram,freelancers_ksa,عمل_حر,نبي حماية للفريلانسر من الزبون اللي ما يدفع,2025-09-20,2004175
twitter,khamsat_ar,عمل_حر,الزبائن الخليجيين يدفعون أحسن من العرب,2025-09-20,2004176
telegram,mostaql_workers,عمل_حر,منصة خمسات أفضل للمبتدئين في العمل الحر,2025-09-20,2004211
telegram,careem_drivers_sa,نقل,اقل شي ٤٥٠ واعلى شي ٥٥٠ خلال ١٢ ساعة على اوبر,2025-09-21,2003817
telegram,uber_ksa_drivers,نقل,محتاج سيارة جديدة السيارة الحالية تعبت من كثر الشغل,2025-09-21,2003844
telegram,uber_ksa_drivers,نقل,كم متوسط دخل الكابتن في الرياض شهريًا حاليًا,2025-09-21,2003859
telegram,kayan_ksa,نقل,أوبر أفضل من بولت في توزيع الرحلات عندي,2025-09-21,2003940
twitter,toYou_couriers,توصيل,ذا شيفز الطلبات كثيرة بس المنطقة محدودة حتى الآن,2025-09-21,2003981
twitter,delivery_ksa,توصيل,مرسول شغال زي لوز ما عده كيتا,2025-09-21,2004006
telegram,mrsool_delivery,توصيل,مانبي نقطع رزق احد بس والله غبنه توقف عند المطاعم وتنتظر,2025-09-21,2004015
telegram,mrsool_delivery,توصيل,جدة من ٥ ايام ما في طلبات او طلبين بالكثير ايش المشكلة في كيتا,2025-09-21,2004029
twitter,thechefs_ksa,توصيل,المندوب المخالف يأكل حرام رزق شخص نظامي,2025-09-21,2004050
telegram,delivery_ksa,توصيل,ذا شيفز يدفع بشكل منتظم بخلاف كيتا,2025-09-21,2004077
telegram,keeta_couriers,توصيل,كيتا الحين يقولك توصل الطلب وعشان تبلغ تأخير المطعم تنتظر,2025-09-21,2004095
telegram,mostaql_workers,عمل_حر,كيف أحسن بروفايلي في مستقل وأحصل على عملاء,2025-09-21,2004160
twitter,freelancers_ksa,عمل_حر,upwork أو مستقل أيهما أفضل للسعوديين,2025-09-21,2004178
telegram,khamsat_ar,عمل_حر,دخلي من البرمجة هذا الشهر ٧٠٠٠ ريال,2025-09-21,2004215
telegram,bolt_drivers_ksa,نقل,وصلت واحد المطار وكان مصري وحك الصدام من السيارة,2025-09-22,2003795
telegram,careem_drivers_sa,نقل,الذروة في كريم حمراء والطلبات ورا بعض بالمدينة,2025-09-22,2003826
telegram,CreemUber,نقل,بولت انا مااوثق في اي زبون يقولي بحولك مابحولك,2025-09-22,2003856
telegram,uber_ksa_drivers,نقل,وصليني مافيه طلبات كافية في منطقتي,2025-09-22,2003882
telegram,thechefs_ksa,توصيل,امس وصلت طلب والعميل تأخر وراح عليي مكافأة موعد الوصول,2025-09-22,2003967
telegram,keeta_couriers,توصيل,يعطيكم العافيه يا شباب حولت مبلغ من كيتا ولحد الان ما وصلت,2025-09-22,2003997
telegram,delivery_ksa,توصيل,ذا شيفز الطلبات كثيرة بس المنطقة محدودة حتى الآن,2025-09-22,2004022
telegram,mrsool_delivery,توصيل,هنقرستيشن يقولك رجع الطلب سوبر ماركت هنقرستيشن,2025-09-22,2004074
telegram,toYou_couriers,توصيل,سلام وصلت طلب وسلمته للعميل بيدي وبعد نص ساعة خصموا قيمة الطلب,2025-09-22,2004090
twitter,mostaql_workers,عمل_حر,بدأت فريلانس من بيتي والدخل تحسن الحمد لله,2025-09-22,2004182
telegram,khamsat_ar,عمل_حر,كيف أحسن بروفايلي في مستقل وأحصل على عملاء,2025-09-22,2004221
telegram,wasselni_drivers,نقل,كيان التطبيق جديد بس الطلبات وايد خير من اوبر,2025-09-23,2003781
twitter,uber_ksa_drivers,نقل,اذا الوقت زاد ٨ دقايق وفوق ماافكهم غير مسويلي تعويض,2025-09-23,2003802
telegram,careem_drivers_sa,نقل,العمل في المطارات أحسن من الشوارع الربح افضل,2025-09-23,2003846
telegram,uber_ksa_drivers,نقل,أحسن أوقات الشغل الفطور والغداء والذروة المسائية,2025-09-23,2003854
telegram,uber_ksa_drivers,نقل,اليوم الأوردرات كانت ممتازة والبخشيش زين الحمد لله,2025-09-23,2003869
telegram,kayan_ksa,نقل,رفضت رحلة بعيدة وخسرت bonus الاسبوع,2025-09-23,2003906
telegram,jeeny_ksa,نقل,أوبر أفضل من بولت في توزيع الرحلات عندي,2025-09-23,2003922
telegram,CreemUber,نقل,كم متوسط دخل الكابتن في الرياض شهريًا حاليًا,2025-09-23,2003938
telegram,jeeny_ksa,نقل,كم متوسط دخل الكابتن في الرياض شهريًا حاليًا,2025-09-23,2003946
telegram,jahez_couriers,توصيل,كنت اشتغل مرسول زمان اطلع ٢٠٠ في اليوم على ٨ طلبات,2025-09-23,2003975
telegram,mrsool_delivery,توصيل,كنت اشتغل مرسول زمان اطلع ٢٠٠ في اليوم على ٨ طلبات,2025-09-23,2003999
telegram,keeta_couriers,توصيل,مرسول رقم واحد بالتعويض يقولك توصل موقع العميل كلمنا,2025-09-23,2004063
telegram,toYou_couriers,توصيل,مو محل وموظفين اغبياء هم الغلطانين مو المندوب,2025-09-23,2004064
telegram,thechefs_ksa,توصيل,ذا شيفز تعاملهم مع المناديب أحسن من كيتا,2025-09-23,2004065
twitter,freelancers_ksa,عمل_حر,الزبائن الخليجيين يدفعون أحسن من العرب,2025-09-23,2004187
telegram,khamsat_ar,عمل_حر,التسويق الرقمي من أكثر التخصصات طلباً,2025-09-23,2004196
twitter,mostaql_workers,عمل_حر,الزبون ما دفع بعد تسليم العمل كيف أتصرف,2025-09-23,2004213
telegram,freelancers_ksa,عمل_حر,التسويق الرقمي من أكثر التخصصات طلباً,2025-09-23,2004223
telegram,wasselni_drivers,نقل,نسبة اوبر في مشوار المطار وصلت ٧٥٪ اخذ من الزبون ٥٩ ريال عطاني ١٢ فقط,2025-09-24,2003769
telegram,wasselni_drivers,نقل,نسبة اوبر في مشوار المطار وصلت ٧٥٪ اخذ من الزبون ٥٩ ريال عطاني ١٢ فقط,2025-09-24,2003776
telegram,Captains_saudi,نقل,التامين على السيارة غالي علينا الشركات مو مهتمة,2025-09-24,2003787
telegram,uber_ksa_drivers,نقل,السائقين الأجانب يزاحمون على الرحلات في كريم,2025-09-24,2003793
twitter,jeeny_ksa,نقل,والله زمان كان فيها خير اما الان مو المستفيد الا التطبيق,2025-09-24,2003797
telegram,CreemUber,نقل,من حقك ترفض خدمته سيارتك وترفع بلاغ,2025-09-24,2003809
telegram,uber_ksa_drivers,نقل,كيان وصليني تطبيقات واعدة بس تحتاج وقت,2025-09-24,2003883
twitter,jeeny_ksa,نقل,نبي نظام تأمين صحي للسائقين مثل الموظفين,2025-09-24,2003945
telegram,السائقين_السعوديين,نقل,اوبر مادري كيف يفكرون جاني مشوار والطرق كلها مقفله,2025-09-24,2003955
telegram,keeta_couriers,توصيل,وصلت طلبات وطلعت ب١١٠ ريال لكن ليش ما اتضافت للسحب,2025-09-24,2003985
telegram,HungerStation_drivers,توصيل,هنقرستيشن يقولك رجع الطلب سوبر ماركت هنقرستيشن,2025-09-24,2004011
telegram,HungerStation_drivers,توصيل,امس وصلت طلب والعميل تأخر وراح عليي مكافأة موعد الوصول,2025-09-24,2004039
twitter,HungerStation_drivers,توصيل,مشكلة الباكدج الكبير ما يناسب الدراجة,2025-09-24,2004087
telegram,toYou_couriers,توصيل,الدراجة تعطلت اليوم وخسرت شغل,2025-09-24,2004135
telegram,delivery_ksa,توصيل,مرسول فتح تسجيل جديد للموصلين هذا الأسبوع,2025-09-24,2004144
telegram,delivery_ksa,توصيل,مو محل وموظفين اغبياء هم الغلطانين مو المندوب,2025-09-24,2004145
twitter,khamsat_ar,عمل_حر,كيف أحسن بروفايلي في مستقل وأحصل على عملاء,2025-09-24,2004159
telegram,khamsat_ar,عمل_حر,الزبائن الخليجيين يدفعون أحسن من العرب,2025-09-24,2004164
twitter,khamsat_ar,عمل_حر,ضريبة القيمة المضافة على الفريلانس كيف تشتغل,2025-09-24,2004218
twitter,kayan_ksa,نقل,جيني بدأ ينافس لكن ما زال الطلبات أقل,2025-09-25,2003747
telegram,السائقين_السعوديين,نقل,ودي اشتغل ف بولت بجانب اوبر ممكن؟,2025-09-25,2003774
telegram,wasselni_drivers,نقل,جربت كابتن في جيني وجيت الرياض والشغل مثل الشرقية,2025-09-25,2003814
telegram,Captains_saudi,نقل,ذروة ب كاش مع نسبتهم تشوفه مبلغ كويس بس يجيك بمشوار واحد بطاقة,2025-09-25,2003863
twitter,jeeny_ksa,نقل,السائقين الأجانب يزاحمون على الرحلات في كريم,2025-09-25,2003881
telegram,bolt_drivers_ksa,نقل,اوبر مادري كيف يفكرون جاني مشوار والطرق كلها مقفله,2025-09-25,2003895
telegram,delivery_ksa,توصيل,مشوار ابو ٢٠ زمان في كيتا الحين ب٩,2025-09-25,2004045
telegram,keeta_couriers,توصيل,خدمة العملاء في كيتا ما تفيد تقريباً,2025-09-25,2004052
twitter,delivery_ksa,توصيل,طلب وصل بارد لأن المطعم تأخر وراحت التقييم,2025-09-25,2004069
twitter,mostaql_workers,عمل_حر,الزبائن الخليجيين يدفعون أحسن من العرب,2025-09-25,2004152
twitter,mostaql_workers,عمل_حر,التسويق الرقمي من أكثر التخصصات طلباً,2025-09-25,2004157
telegram,freelancers_ksa,عمل_حر,دخلي من البرمجة هذا الشهر ٧٠٠٠ ريال,2025-09-25,2004184
telegram,freelancers_ksa,عمل_حر,أكملت مشروع تصميم بـ ٨٠٠ ريال في مستقل,2025-09-25,2004193
telegram,mostaql_workers,عمل_حر,الزبائن الخليجيين يدفعون أحسن من العرب,2025-09-25,2004197
twitter,freelancers_ksa,عمل_حر,نبي حماية للفريلانسر من الزبون اللي ما يدفع,2025-09-25,2004198
telegram,mostaql_workers,عمل_حر,الفريلانس في السعودية بدأ ينمو بشكل كبير,2025-09-25,2004202
telegram,freelancers_ksa,عمل_حر,الزبون ما دفع بعد تسليم العمل كيف أتصرف,2025-09-25,2004231
telegram,CreemUber,نقل,اليوم الأوردرات كانت ممتازة والبخشيش زين الحمد لله,2025-09-26,2003742
telegram,kayan_ksa,نقل,كيان وصليني تطبيقات واعدة بس تحتاج وقت,2025-09-26,2003745
twitter,Captains_saudi,نقل,اليوم الأوردرات كانت ممتازة والبخشيش زين الحمد لله,2025-09-26,2003768
twitter,uber_ksa_drivers,نقل,اوبر زود على نسبة الالغاء وانا ما قدرت اوصل للعميل,2025-09-26,2003836
telegram,bolt_drivers_ksa,نقل,ودي اشتغل ف بولت بجانب اوبر ممكن؟,2025-09-26,2003840
telegram,CreemUber,نقل,بولت نسبة عالية خير ياطير اذا عوضنا,2025-09-26,2003874
telegram,HungerStation_drivers,توصيل,جاهز أحسن من مرسول في التوزيع والسعر,2025-09-26,2003974
telegram,delivery_ksa,توصيل,هنقرستيشن يقولك رجع الطلب سوبر ماركت هنقرستيشن,2025-09-26,2003982
telegram,HungerStation_drivers,توصيل,جاهز أحسن من مرسول في التوزيع والسعر,2025-09-26,2003989
telegram,mrsool_delivery,توصيل,سلام وصلت طلب وسلمته للعميل بيدي وبعد نص ساعة خصموا قيمة الطلب,2025-09-26,2003991
telegram,delivery_ksa,توصيل,ذا شيفز الطلبات كثيرة بس المنطقة محدودة حتى الآن,2025-09-26,2004053
telegram,jahez_couriers,توصيل,جدة من ٥ ايام ما في طلبات او طلبين بالكثير ايش المشكلة في كيتا,2025-09-26,2004080
telegram,jahez_couriers,توصيل,كيتا الحين يقولك توصل الطلب وعشان تبلغ تأخير المطعم تنتظر,2025-09-26,2004089
telegram,delivery_ksa,توصيل,الطلبات في رمضان تجنن ٣ أضعاف العادي,2025-09-26,2004132
twitter,freelancers_ksa,عمل_حر,ضريبة القيمة المضافة على الفريلانس كيف تشتغل,2025-09-26,2004153
twitter,freelancers_ksa,عمل_حر,دخلي من البرمجة هذا الشهر ٧٠٠٠ ريال,2025-09-26,2004170
telegram,mostaql_workers,عمل_حر,منصة خمسات أفضل للمبتدئين في العمل الحر,2025-09-26,2004173
telegram,khamsat_ar,عمل_حر,upwork أو مستقل أيهما أفضل للسعوديين,2025-09-26,2004220
telegram,freelancers_ksa,عمل_حر,نبي حماية للفريلانسر من الزبون اللي ما يدفع,2025-09-26,2004230
telegram,bolt_drivers_ksa,نقل,متوسط دخلي اليوم ١٨٠ ريال بعد البنزين,2025-09-27,2003845
telegram,jeeny_ksa,نقل,بعدها على بولت خلال ٦ ساعات ٢٠٠ ريال خلال ١٦ ساعة ٧٠٠ ريال ثابتة,2025-09-27,2003858
telegram,careem_drivers_sa,نقل,السائق هو الي يتعب ولابد تكون نسبة اوبر لها حد اعلى ٢٠ ريال,2025-09-27,2003885
telegram,wasselni_drivers,نقل,وصلت واحد المطار وكان مصري وحك الصدام من السيارة,2025-09-27,2003912
telegram,toYou_couriers,توصيل,مرسول شغال زي لوز ما عده كيتا,2025-09-27,2003978
telegram,thechefs_ksa,توصيل,طلب وصل بارد لأن المطعم تأخر وراحت التقييم,2025-09-27,2003979
telegram,mrsool_delivery,توصيل,امس وصلت طلب والعميل تأخر وراح عليي مكافأة موعد الوصول,2025-09-27,2004001
telegram,mrsool_delivery,توصيل,خدمة العملاء في كيتا ما تفيد تقريباً,2025-09-27,2004021
telegram,toYou_couriers,توصيل,مانبي نقطع رزق احد بس والله غبنه توقف عند المطاعم وتنتظر,2025-09-27,2004026
telegram,delivery_ksa,توصيل,واحد طالب ٣ ماء من كودو المهم يرسل يقول كنسل,2025-09-27,2004049
telegram,jahez_couriers,توصيل,جاهز أحسن من مرسول في التوزيع والسعر,2025-09-27,2004081
telegram,mrsool_delivery,توصيل,رحت محل اكل هندي وجبت طلب وشوربة واقعة جاني خصم ٥٠ ريال,2025-09-27,2004083
telegram,jahez_couriers,توصيل,مشوار ابو ٢٠ زمان في كيتا الحين ب٩,2025-09-27,2004126
telegram,jahez_couriers,توصيل,توصيل في الأمطار خطر بدون مكافأة من التطبيق,2025-09-27,2004131
telegram,keeta_couriers,توصيل,الطلبات في رمضان تجنن ٣ أضعاف العادي,2025-09-27,2004146
telegram,toYou_couriers,توصيل,الدراجة تعطلت اليوم وخسرت شغل,2025-09-27,2004148
telegram,keeta_couriers,توصيل,طلب وصل بارد لأن المطعم تأخر وراحت التقييم,2025-09-27,2004150
telegram,freelancers_ksa,عمل_حر,نبي حماية للفريلانسر من الزبون اللي ما يدفع,2025-09-27,2004163
telegram,freelancers_ksa,عمل_حر,كيف أحسن بروفايلي في مستقل وأحصل على عملاء,2025-09-27,2004186
twitter,uber_ksa_drivers,نقل,كيان التطبيق جديد بس الطلبات وايد خير من اوبر,2025-09-28,2003792
twitter,careem_drivers_sa,نقل,السكوت ماراح ينفع خلونا نتحرك بشكل منظم,2025-09-28,2003801
telegram,bolt_drivers_ksa,نقل,وصليني مافيه طلبات كافية في منطقتي,2025-09-28,2003860
twitter,wasselni_drivers,نقل,من حقك ترفض خدمته سيارتك وترفع بلاغ,2025-09-28,2003877
telegram,wasselni_drivers,نقل,ذروة ب كاش مع نسبتهم تشوفه مبلغ كويس بس يجيك بمشوار واحد بطاقة,2025-09-28,2003886
twitter,السائقين_السعوديين,نقل,بعدها على بولت خلال ٦ ساعات ٢٠٠ ريال خلال ١٦ ساعة ٧٠٠ ريال ثابتة,2025-09-28,2003888
telegram,Captains_saudi,نقل,جربت كابتن في جيني وجيت الرياض والشغل مثل الشرقية,2025-09-28,2003900
telegram,keeta_couriers,توصيل,كيتا الحين يقولك توصل الطلب وعشان تبلغ تأخير المطعم تنتظر,2025-09-28,2003990
telegram,jahez_couriers,توصيل,يعطيكم العافيه يا شباب حولت مبلغ من كيتا ولحد الان ما وصلت,2025-09-28,2003996
telegram,keeta_couriers,توصيل,امس وصلت طلب والعميل تأخر وراح عليي مكافأة موعد الوصول,2025-09-28,2003998
telegram,toYou_couriers,توصيل,الحين ١٤ طلب في كيتا وما طلعت ٢٠ ريال,2025-09-28,2004023
telegram,jahez_couriers,توصيل,الطلبات الليلية تساوي ضعف النهارية في كيتا,2025-09-28,2004123
telegram,jahez_couriers,توصيل,كنت اشتغل مرسول زمان اطلع ٢٠٠ في اليوم على ٨ طلبات,2025-09-28,2004133
telegram,mostaql_workers,عمل_حر,دخلي من البرمجة هذا الشهر ٧٠٠٠ ريال,2025-09-28,2004167
twitter,freelancers_ksa,عمل_حر,الزبائن الخليجيين يدفعون أحسن من العرب,2025-09-28,2004177
telegram,السائقين_السعوديين,نقل,من اشوف مشوار مو مناسب على طول ارفضه,2025-09-29,2003755
telegram,السائقين_السعوديين,نقل,وصليني مافيه طلبات كافية في منطقتي,2025-09-29,2003778
telegram,bolt_drivers_ksa,نقل,ذروة ب كاش مع نسبتهم تشوفه مبلغ كويس بس يجيك بمشوار واحد بطاقة,2025-09-29,2003852
telegram,wasselni_drivers,نقل,الزحمة في الرياض قاتلة والأرباح نازلة,2025-09-29,2003855
telegram,Captains_saudi,نقل,جيني بدأ ينافس لكن ما زال الطلبات أقل,2025-09-29,2003908
telegram,Captains_saudi,نقل,متوسط دخلي اليوم ١٨٠ ريال بعد البنزين,2025-09-29,2003944
telegram,wasselni_drivers,نقل,كيان التطبيق جديد بس الطلبات وايد خير من اوبر,2025-09-29,2003951
telegram,toYou_couriers,توصيل,ياشباب امس المغرب حولت مبلغ من كيتا ولحد الان ما وصلت,2025-09-29,2003958
telegram,HungerStation_drivers,توصيل,الحين ١٤ طلب في كيتا وما طلعت ٢٠ ريال,2025-09-29,2003959
telegram,delivery_ksa,توصيل,مرسول شغال زي لوز ما عده كيتا,2025-09-29,2004024
telegram,thechefs_ksa,توصيل,هنقرستيشن يقولك رجع الطلب سوبر ماركت هنقرستيشن,2025-09-29,2004055
telegram,mrsool_delivery,توصيل,ذا شيفز تعاملهم مع المناديب أحسن من كيتا,2025-09-29,2004141
telegram,khamsat_ar,عمل_حر,الزبائن الخليجيين يدفعون أحسن من العرب,2025-09-29,2004226
twitter,CreemUber,نقل,اليوم الأوردرات كانت ممتازة والبخشيش زين الحمد لله,2025-09-30,2003749
telegram,uber_ksa_drivers,نقل,بولت انا مااوثق في اي زبون يقولي بحولك مابحولك,2025-09-30,2003771
telegram,kayan_ksa,نقل,ما يستاهل لا تعب ولا وقت المشوار بعيد والربح ضعيف,2025-09-30,2003773
twitter,uber_ksa_drivers,نقل,أحسن أوقات الشغل الفطور والغداء والذروة المسائية,2025-09-30,2003780
telegram,Captains_saudi,نقل,وصلت ٥٠ رحلة هذا الأسبوع الحمد لله رب العالمين,2025-09-30,2003784
twitter,السائقين_السعوديين,نقل,بعدها على بولت خلال ٦ ساعات ٢٠٠ ريال خلال ١٦ ساعة ٧٠٠ ريال ثابتة,2025-09-30,2003822
telegram,bolt_drivers_ksa,نقل,اوبر زود على نسبة الالغاء وانا ما قدرت اوصل للعميل,2025-09-30,2003825
telegram,jeeny_ksa,نقل,العمل في المطارات أحسن من الشوارع الربح افضل,2025-09-30,2003832
telegram,jeeny_ksa,نقل,السائقين الأجانب يزاحمون على الرحلات في كريم,2025-09-30,2003849
telegram,kayan_ksa,نقل,عميل تقييمه منخفض لا تاخذ مرة,2025-09-30,2003866
telegram,kayan_ksa,نقل,أحسن أوقات الشغل الفطور والغداء والذروة المسائية,2025-09-30,2003868
telegram,careem_drivers_sa,نقل,الذروة في كريم حمراء والطلبات ورا بعض بالمدينة,2025-09-30,2003952
telegram,mrsool_delivery,توصيل,الطلبات الليلية تساوي ضعف النهارية في كيتا,2025-09-30,2003971
twitter,toYou_couriers,توصيل,سلام وصلت طلب وسلمته للعميل بيدي وبعد نص ساعة خصموا قيمة الطلب,2025-09-30,2003977
telegram,toYou_couriers,توصيل,مو محل وموظفين اغبياء هم الغلطانين مو المندوب,2025-09-30,2003980
telegram,keeta_couriers,توصيل,الطلبات في رمضان تجنن ٣ أضعاف العادي,2025-09-30,2004044
telegram,jahez_couriers,توصيل,مشكلة الباكدج الكبير ما يناسب الدراجة,2025-09-30,2004127
telegram,thechefs_ksa,توصيل,المندوب المخالف يأكل حرام رزق شخص نظامي,2025-09-30,2004136
telegram,freelancers_ksa,عمل_حر,الزبائن الخليجيين يدفعون أحسن من العرب,2025-09-30,2004151
twitter,khamsat_ar,عمل_حر,مشروع ترجمة بكم تقدر تقدم,2025-09-30,2004174
twitter,freelancers_ksa,عمل_حر,الزبون ما دفع بعد تسليم العمل كيف أتصرف,2025-09-30,2004210
telegram,السائقين_السعوديين,نقل,محتاج سيارة جديدة السيارة الحالية تعبت من كثر الشغل,2025-10-01,2003164
twitter,CreemUber,نقل,اوبر مادري كيف يفكرون جاني مشوار والطرق كلها مقفله,2025-10-01,2003205
telegram,mrsool_delivery,توصيل,الحين ١٤ طلب في كيتا وما طلعت ٢٠ ريال,2025-10-01,2003276
telegram,toYou_couriers,توصيل,توصيل في الأمطار خطر بدون مكافأة من التطبيق,2025-10-01,2003320
telegram,toYou_couriers,توصيل,الدراجة تعطلت اليوم وخسرت شغل,2025-10-01,2003336
telegram,keeta_couriers,توصيل,مرسول رقم واحد بالتعويض يقولك توصل موقع العميل كلمنا,2025-10-01,2003342
telegram,thechefs_ksa,توصيل,امس السحور ٩ ريال و ١٠ ريال من كيتا ليش ولا حق التعب,2025-10-01,2003369
telegram,keeta_couriers,توصيل,كنت اشتغل مرسول زمان اطلع ٢٠٠ في اليوم على ٨ طلبات,2025-10-01,2003386
telegram,mrsool_delivery,توصيل,وصلت ٢٠٠ طلب هذا الشهر الحمد لله,2025-10-01,2003488
telegram,delivery_ksa,توصيل,وصلت ٢٠٠ طلب هذا الشهر الحمد لله,2025-10-01,2003506
telegram,toYou_couriers,توصيل,سلام وصلت طلب وسلمته للعميل بيدي وبعد نص ساعة خصموا قيمة الطلب,2025-10-01,2003513
twitter,HungerStation_drivers,توصيل,مرسول شغال زي لوز ما عده كيتا,2025-10-01,2003519
telegram,delivery_ksa,توصيل,المندوب المخالف يأكل حرام رزق شخص نظامي,2025-10-01,2003538
telegram,toYou_couriers,توصيل,مو محل وموظفين اغبياء هم الغلطانين مو المندوب,2025-10-01,2003597
telegram,HungerStation_drivers,توصيل,ياخوان الطلبات وقفت عندي من ساعة م جاني ولا طلب,2025-10-01,2003608
telegram,toYou_couriers,توصيل,توصيل في الأمطار خطر بدون مكافأة من التطبيق,2025-10-01,2003611
telegram,mostaql_workers,عمل_حر,مشروع ترجمة بكم تقدر تقدم,2025-10-01,2003668
telegram,mostaql_workers,عمل_حر,كيف أحسن بروفايلي في مستقل وأحصل على عملاء,2025-10-01,2003673
telegram,freelancers_ksa,عمل_حر,منصة خمسات أفضل للمبتدئين في العمل الحر,2025-10-01,2003683
telegram,freelancers_ksa,عمل_حر,upwork أو مستقل أيهما أفضل للسعوديين,2025-10-01,2003708
telegram,Captains_saudi,نقل,وصلت واحد المطار وكان مصري وحك الصدام من السيارة,2025-10-02,2003174
twitter,CreemUber,نقل,جربت كابتن في جيني وجيت الرياض والشغل مثل الشرقية,2025-10-02,2003208
telegram,Captains_saudi,نقل,الذروة في كريم حمراء والطلبات ورا بعض بالمدينة,2025-10-02,2003246
telegram,toYou_couriers,توصيل,الطلبات في رمضان تجنن ٣ أضعاف العادي,2025-10-02,2003272
telegram,delivery_ksa,توصيل,والله اذا موترك ينفع في النقل الموجه افضل بمليون مرة,2025-10-02,2003312
telegram,keeta_couriers,توصيل,وصلت ٢٠٠ طلب هذا الشهر الحمد لله,2025-10-02,2003314
telegram,mrsool_delivery,توصيل,مرسول رقم واحد بالتعويض يقولك توصل موقع العميل كلمنا,2025-10-02,2003316
twitter,keeta_couriers,توصيل,المندوب المخالف يأكل حرام رزق شخص نظامي,2025-10-02,2003318
telegram,delivery_ksa,توصيل,امس السحور ٩ ريال و ١٠ ريال من كيتا ليش ولا حق التعب,2025-10-02,2003390
telegram,HungerStation_drivers,توصيل,توصيل في الأمطار خطر بدون مكافأة من التطبيق,2025-10-02,2003432
telegram,mrsool_delivery,توصيل,المخالفين موصلين ٣٠٠ وشوي الشهر اللي فات انا بقوة وصلت ٢٩٠,2025-10-02,2003471
telegram,mrsool_delivery,توصيل,المندوب المخالف يأكل حرام رزق شخص نظامي,2025-10-02,2003491
twitter,thechefs_ksa,توصيل,ذا شيفز تعاملهم مع المناديب أحسن من كيتا,2025-10-02,2003531
telegram,delivery_ksa,توصيل,رحت محل اكل هندي وجبت طلب وشوربة واقعة جاني خصم ٥٠ ريال,2025-10-02,2003603
twitter,mostaql_workers,عمل_حر,دخلي من البرمجة هذا الشهر ٧٠٠٠ ريال,2025-10-02,2003670
telegram,khamsat_ar,عمل_حر,نبي حماية للفريلانسر من الزبون اللي ما يدفع,2025-10-02,2003675
telegram,khamsat_ar,عمل_حر,ضريبة القيمة المضافة على الفريلانس كيف تشتغل,2025-10-02,2003721
telegram,khamsat_ar,عمل_حر,الفريلانس في السعودية بدأ ينمو بشكل كبير,2025-10-02,2003726
telegram,careem_drivers_sa,نقل,ودي اشتغل ف بولت بجانب اوبر ممكن؟,2025-10-03,2003155
twitter,bolt_drivers_ksa,نقل,اليوم الأوردرات كانت ممتازة والبخشيش زين الحمد لله,2025-10-03,2003180
telegram,wasselni_drivers,نقل,بولت نسبة عالية خير ياطير اذا عوضنا,2025-10-03,2003189
telegram,Captains_saudi,نقل,اوبر زود على نسبة الالغاء وانا ما قدرت اوصل للعميل,2025-10-03,2003206
telegram,thechefs_ksa,توصيل,مو محل وموظفين اغبياء هم الغلطانين مو المندوب,2025-10-03,2003286
telegram,keeta_couriers,توصيل,مرسول شغال زي لوز ما عده كيتا,2025-10-03,2003313
telegram,delivery_ksa,توصيل,ذا شيفز يدفع بشكل منتظم بخلاف كيتا,2025-10-03,2003322
telegram,keeta_couriers,توصيل,ذا شيفز تعاملهم مع المناديب أحسن من كيتا,2025-10-03,2003324
telegram,jahez_couriers,توصيل,مشوار ابو ٢٠ زمان في كيتا الحين ب٩,2025-10-03,2003327
telegram,thechefs_ksa,توصيل,جدة من ٥ ايام ما في طلبات او طلبين بالكثير ايش المشكلة في كيتا,2025-10-03,2003412
telegram,HungerStation_drivers,توصيل,وصلت ٢٠٠ طلب هذا الشهر الحمد لله,2025-10-03,2003424
telegram,jahez_couriers,توصيل,الطلبات في رمضان تجنن ٣ أضعاف العادي,2025-10-03,2003458
telegram,HungerStation_drivers,توصيل,ذا شيفز الطلبات كثيرة بس المنطقة محدودة حتى الآن,2025-10-03,2003464
telegram,thechefs_ksa,توصيل,توصيل في الأمطار خطر بدون مكافأة من التطبيق,2025-10-03,2003512
telegram,jahez_couriers,توصيل,خدمة العملاء في كيتا ما تفيد تقريباً,2025-10-03,2003545
twitter,HungerStation_drivers,توصيل,الدراجة تعطلت اليوم وخسرت شغل,2025-10-03,2003565
twitter,mostaql_workers,عمل_حر,دخلي من البرمجة هذا الشهر ٧٠٠٠ ريال,2025-10-03,2003671
telegram,freelancers_ksa,عمل_حر,مشروع ترجمة بكم تقدر تقدم,2025-10-03,2003709
telegram,CreemUber,نقل,أحسن أوقات الشغل الفطور والغداء والذروة المسائية,2025-10-04,2003144
twitter,careem_drivers_sa,نقل,رفضت رحلة بعيدة وخسرت bonus الاسبوع,2025-10-04,2003196
telegram,CreemUber,نقل,كيان وصليني تطبيقات واعدة بس تحتاج وقت,2025-10-04,2003255
telegram,HungerStation_drivers,توصيل,كيتا الحين يقولك توصل الطلب وعشان تبلغ تأخير المطعم تنتظر,2025-10-04,2003267
telegram,mrsool_delivery,توصيل,رحت محل اكل هندي وجبت طلب وشوربة واقعة جاني خصم ٥٠ ريال,2025-10-04,2003271
telegram,thechefs_ksa,توصيل,مشكلة الباكدج الكبير ما يناسب الدراجة,2025-10-04,2003273
telegram,mrsool_delivery,توصيل,الطلبات في رمضان تجنن ٣ أضعاف العادي,2025-10-04,2003288
twitter,jahez_couriers,توصيل,كنت اشتغل مرسول زمان اطلع ٢٠٠ في اليوم على ٨ طلبات,2025-10-04,2003290
telegram,HungerStation_drivers,توصيل,الطلبات الليلية تساوي ضعف النهارية في كيتا,2025-10-04,2003384
telegram,delivery_ksa,توصيل,هنقرستيشن يقولك رجع الطلب سوبر ماركت هنقرستيشن,2025-10-04,2003388
telegram,delivery_ksa,توصيل,كيتا الحين يقولك توصل الطلب وعشان تبلغ تأخير المطعم تنتظر,2025-10-04,2003468
telegram,keeta_couriers,توصيل,المندوب المخالف يأكل حرام رزق شخص نظامي,2025-10-04,2003474
telegram,HungerStation_drivers,توصيل,ذا شيفز الطلبات كثيرة بس المنطقة محدودة حتى الآن,2025-10-04,2003500
telegram,keeta_couriers,توصيل,مرسول الطلبات فل بس عيبه اطلب اي شي روح بنفسك,2025-10-04,2003516
twitter,keeta_couriers,توصيل,مرسول رقم واحد بالتعويض يقولك توصل موقع العميل كلمنا,2025-10-04,2003532
telegram,HungerStation_drivers,توصيل,واحد طالب ٣ ماء من كودو المهم يرسل يقول كنسل,2025-10-04,2003568
telegram,delivery_ksa,توصيل,والله كيتا صار يضحك علينا الطلبات وصلت الى ٦ ريال,2025-10-04,2003591
twitter,khamsat_ar,عمل_حر,upwork أو مستقل أيهما أفضل للسعوديين,2025-10-04,2003644
telegram,freelancers_ksa,عمل_حر,ضريبة القيمة المضافة على الفريلانس كيف تشتغل,2025-10-04,2003653
twitter,freelancers_ksa,عمل_حر,بدأت فريلانس من بيتي والدخل تحسن الحمد لله,2025-10-04,2003736
twitter,jeeny_ksa,نقل,بعدها على بولت خلال ٦ ساعات ٢٠٠ ريال خلال ١٦ ساعة ٧٠٠ ريال ثابتة,2025-10-05,2003148
telegram,CreemUber,نقل,بعدها على بولت خلال ٦ ساعات ٢٠٠ ريال خلال ١٦ ساعة ٧٠٠ ريال ثابتة,2025-10-05,2003212
telegram,jeeny_ksa,نقل,السكوت ماراح ينفع خلونا نتحرك بشكل منظم,2025-10-05,2003217
twitter,Captains_saudi,نقل,الزحمة في الرياض قاتلة والأرباح نازلة,2025-10-05,2003222
telegram,thechefs_ksa,توصيل,ذا شيفز تعاملهم مع المناديب أحسن من كيتا,2025-10-05,2003260
telegram,mrsool_delivery,توصيل,مرسول فتح تسجيل جديد للموصلين هذا الأسبوع,2025-10-05,2003278
telegram,thechefs_ksa,توصيل,سلام وصلت طلب وسلمته للعميل بيدي وبعد نص ساعة خصموا قيمة الطلب,2025-10-05,2003332
telegram,jahez_couriers,توصيل,امس السحور ٩ ريال و ١٠ ريال من كيتا ليش ولا حق التعب,2025-10-05,2003375
twitter,HungerStation_drivers,توصيل,ذا شيفز الطلبات كثيرة بس المنطقة محدودة حتى الآن,2025-10-05,2003410
telegram,mrsool_delivery,توصيل,مرسول فتح تسجيل جديد للموصلين هذا الأسبوع,2025-10-05,2003423
telegram,keeta_couriers,توصيل,والله كيتا صار يضحك علينا الطلبات وصلت الى ٦ ريال,2025-10-05,2003450
telegram,keeta_couriers,توصيل,مو محل وموظفين اغبياء هم الغلطانين مو المندوب,2025-10-05,2003477
telegram,HungerStation_drivers,توصيل,سلام وصلت طلب وسلمته للعميل بيدي وبعد نص ساعة خصموا قيمة الطلب,2025-10-05,2003480
telegram,mrsool_delivery,توصيل,سلام وصلت طلب وسلمته للعميل بيدي وبعد نص ساعة خصموا قيمة الطلب,2025-10-05,2003558
telegram,thechefs_ksa,توصيل,وصلت ٢٠٠ طلب هذا الشهر الحمد لله,2025-10-05,2003563
telegram,freelancers_ksa,عمل_حر,التسويق الرقمي من أكثر التخصصات طلباً,2025-10-05,2003616
twitter,mostaql_workers,عمل_حر,دخلي من البرمجة هذا الشهر ٧٠٠٠ ريال,2025-10-05,2003625
telegram,freelancers_ksa,عمل_حر,كيف أحسن بروفايلي في مستقل وأحصل على عملاء,2025-10-05,2003651
telegram,khamsat_ar,عمل_حر,الزبون ما دفع بعد تسليم العمل كيف أتصرف,2025-10-05,2003693
telegram,freelancers_ksa,عمل_حر,مشروع ترجمة بكم تقدر تقدم,2025-10-05,2003698
telegram,khamsat_ar,عمل_حر,نبي حماية للفريلانسر من الزبون اللي ما يدفع,2025-10-05,2003705
twitter,freelancers_ksa,عمل_حر,ضريبة القيمة المضافة على الفريلانس كيف تشتغل,2025-10-05,2003717
twitter,mostaql_workers,عمل_حر,upwork أو مستقل أيهما أفضل للسعوديين,2025-10-05,2003738
twitter,CreemUber,نقل,عميل تقييمه منخفض لا تاخذ مرة,2025-10-06,2003157
telegram,wasselni_drivers,نقل,بولت نسبة عالية خير ياطير اذا عوضنا,2025-10-06,2003188
telegram,careem_drivers_sa,نقل,ودي اشتغل ف بولت بجانب اوبر ممكن؟,2025-10-06,2003192
telegram,uber_ksa_drivers,نقل,العمل في المطارات أحسن من الشوارع الربح افضل,2025-10-06,2003239
telegram,keeta_couriers,توصيل,كيتا يلعبون على المندوب عشان يخصمون مكافأة التوصيل في الوقت,2025-10-06,2003294
twitter,mrsool_delivery,توصيل,مرسول الطلبات فل بس عيبه اطلب اي شي روح بنفسك,2025-10-06,2003373
telegram,toYou_couriers,توصيل,وصلت طلبات وطلعت ب١١٠ ريال لكن ليش ما اتضافت للسحب,2025-10-06,2003374
telegram,mrsool_delivery,توصيل,مانبي نقطع رزق احد بس والله غبنه توقف عند المطاعم وتنتظر,2025-10-06,2003379
telegram,HungerStation_drivers,توصيل,الدراجة تعطلت اليوم وخسرت شغل,2025-10-06,2003398
telegram,toYou_couriers,توصيل,المخالفين موصلين ٣٠٠ وشوي الشهر اللي فات انا بقوة وصلت ٢٩٠,2025-10-06,2003433
telegram,HungerStation_drivers,توصيل,الطلبات في رمضان تجنن ٣ أضعاف العادي,2025-10-06,2003442
telegram,jahez_couriers,توصيل,طلب وصل بارد لأن المطعم تأخر وراحت التقييم,2025-10-06,2003446
twitter,keeta_couriers,توصيل,رحت محل اكل هندي وجبت طلب وشوربة واقعة جاني خصم ٥٠ ريال,2025-10-06,2003460
telegram,HungerStation_drivers,توصيل,الاسعار اختلفت بعد كثرة المنافسين ودخول كيتا بالاخص,2025-10-06,2003542
twitter,keeta_couriers,توصيل,مشكلة الباكدج الكبير ما يناسب الدراجة,2025-10-06,2003552
twitter,toYou_couriers,توصيل,كنت اشتغل مرسول زمان اطلع ٢٠٠ في اليوم على ٨ طلبات,2025-10-06,2003555
twitter,mrsool_delivery,توصيل,مشكلة الباكدج الكبير ما يناسب الدراجة,2025-10-06,2003569
telegram,toYou_couriers,توصيل,والله اذا موترك ينفع في النقل الموجه افضل بمليون مرة,2025-10-06,2003594
telegram,mrsool_delivery,توصيل,مانبي نقطع رزق احد بس والله غبنه توقف عند المطاعم وتنتظر,2025-10-06,2003605
twitter,mostaql_workers,عمل_حر,نبي حماية للفريلانسر من الزبون اللي ما يدفع,2025-10-06,2003613
twitter,mostaql_workers,عمل_حر,دخلي من البرمجة هذا الشهر ٧٠٠٠ ريال,2025-10-06,2003639
twitter,freelancers_ksa,عمل_حر,منصة خمسات أفضل للمبتدئين في العمل الحر,2025-10-06,2003656
telegram,mostaql_workers,عمل_حر,ضريبة القيمة المضافة على الفريلانس كيف تشتغل,2025-10-06,2003682
twitter,freelancers_ksa,عمل_حر,الزبون ما دفع بعد تسليم العمل كيف أتصرف,2025-10-06,2003704
twitter,wasselni_drivers,نقل,وصلت واحد المطار وكان مصري وحك الصدام من السيارة,2025-10-07,2003156
twitter,jeeny_ksa,نقل,بولت نسبة عالية خير ياطير اذا عوضنا,2025-10-07,2003167
telegram,CreemUber,نقل,وصليني مافيه طلبات كافية في منطقتي,2025-10-07,2003183
telegram,kayan_ksa,نقل,إلى متى يا اوبر نسبة عالية وفوق هذا تسعيرة زي وجهك,2025-10-07,2003184
telegram,Captains_saudi,نقل,كم متوسط دخل الكابتن في الرياض شهريًا حاليًا,2025-10-07,2003235
twitter,jeeny_ksa,نقل,الذروة في كريم حمراء والطلبات ورا بعض بالمدينة,2025-10-07,2003242
telegram,keeta_couriers,توصيل,ذا شيفز الطلبات كثيرة بس المنطقة محدودة حتى الآن,2025-10-07,2003315
telegram,delivery_ksa,توصيل,ياخوان الطلبات وقفت عندي من ساعة م جاني ولا طلب,2025-10-07,2003325
telegram,delivery_ksa,توصيل,المخالفين موصلين ٣٠٠ وشوي الشهر اللي فات انا بقوة وصلت ٢٩٠,2025-10-07,2003393
telegram,HungerStation_drivers,توصيل,مشوار ابو ٢٠ زمان في كيتا الحين ب٩,2025-10-07,2003436
telegram,HungerStation_drivers,توصيل,الطلبات الليلية تساوي ضعف النهارية في كيتا,2025-10-07,2003440
telegram,toYou_couriers,توصيل,ياخوان الطلبات وقفت عندي من ساعة م جاني ولا طلب,2025-10-07,2003456
telegram,HungerStation_drivers,توصيل,الطلبات في رمضان تجنن ٣ أضعاف العادي,2025-10-07,2003462
telegram,keeta_couriers,توصيل,هنجرستين وكيتا حاليًا جاهز ومرسول وذا شيفز بس اقل في الطلبات,2025-10-07,2003590
telegram,khamsat_ar,عمل_حر,منصة خمسات أفضل للمبتدئين في العمل الحر,2025-10-07,2003630
twitter,khamsat_ar,عمل_حر,الزبائن الخليجيين يدفعون أحسن من العرب,2025-10-07,2003665
telegram,khamsat_ar,عمل_حر,منصة خمسات أفضل للمبتدئين في العمل الحر,2025-10-07,2003676
telegram,freelancers_ksa,عمل_حر,ضريبة القيمة المضافة على الفريلانس كيف تشتغل,2025-10-07,2003728
twitter,khamsat_ar,عمل_حر,أكملت مشروع تصميم بـ ٨٠٠ ريال في مستقل,2025-10-07,2003733
telegram,wasselni_drivers,نقل,جيني وصليني الاسعار خايسه جدا يعني الكيلو اقل من ريال,2025-10-08,2003145
telegram,kayan_ksa,نقل,كيان وصليني تطبيقات واعدة بس تحتاج وقت,2025-10-08,2003220
telegram,HungerStation_drivers,توصيل,الدراجة تعطلت اليوم وخسرت شغل,2025-10-08,2003259
twitter,keeta_couriers,توصيل,وصلت ٢٠٠ طلب هذا الشهر الحمد لله,2025-10-08,2003277
telegram,delivery_ksa,توصيل,والله اذا موترك ينفع في النقل الموجه افضل بمليون مرة,2025-10-08,2003306
telegram,toYou_couriers,توصيل,الطلبات الليلية تساوي ضعف النهارية في كيتا,2025-10-08,2003328
telegram,HungerStation_drivers,توصيل,المندوب المخالف يأكل حرام رزق شخص نظامي,2025-10-08,2003348
telegram,thechefs_ksa,توصيل,ذا شيفز يدفع بشكل منتظم بخلاف كيتا,2025-10-08,2003354
twitter,HungerStation_drivers,توصيل,مرسول رقم واحد بالتعويض يقولك توصل موقع العميل كلمنا,2025-10-08,2003395
telegram,keeta_couriers,توصيل,مشكلة الباكدج الكبير ما يناسب الدراجة,2025-10-08,2003425
telegram,jahez_couriers,توصيل,مرسول شغال زي لوز ما عده كيتا,2025-10-08,2003438
telegram,jahez_couriers,توصيل,مشوار ابو ٢٠ زمان في كيتا الحين ب٩,2025-10-08,2003481
telegram,HungerStation_drivers,توصيل,والله كيتا صار يضحك علينا الطلبات وصلت الى ٦ ريال,2025-10-08,2003503
telegram,delivery_ksa,توصيل,المندوب المخالف يأكل حرام رزق شخص نظامي,2025-10-08,2003589
telegram,keeta_couriers,توصيل,مشوار ابو ٢٠ زمان في كيتا الحين ب٩,2025-10-08,2003604
telegram,khamsat_ar,عمل_حر,التسويق الرقمي من أكثر التخصصات طلباً,2025-10-08,2003657
telegram,mostaql_workers,عمل_حر,أكملت مشروع تصميم بـ ٨٠٠ ريال في مستقل,2025-10-08,2003700
twitter,khamsat_ar,عمل_حر,بدأت فريلانس من بيتي والدخل تحسن الحمد لله,2025-10-08,2003715
telegram,mostaql_workers,عمل_حر,الفريلانس في السعودية بدأ ينمو بشكل كبير,2025-10-08,2003722
telegram,Captains_saudi,نقل,الزحمة في الرياض قاتلة والأرباح نازلة,2025-10-09,2003142
twitter,السائقين_السعوديين,نقل,اقل شي ٤٥٠ واعلى شي ٥٥٠ خلال ١٢ ساعة على اوبر,2025-10-09,2003160
telegram,CreemUber,نقل,الذروة في كريم حمراء والطلبات ورا بعض بالمدينة,2025-10-09,2003194
twitter,CreemUber,نقل,وصلت ٥٠ رحلة هذا الأسبوع الحمد لله رب العالمين,2025-10-09,2003201
twitter,السائقين_السعوديين,نقل,اليوم الأوردرات كانت ممتازة والبخشيش زين الحمد لله,2025-10-09,2003223
twitter,uber_ksa_drivers,نقل,السائقين الأجانب يزاحمون على الرحلات في كريم,2025-10-09,2003224
telegram,wasselni_drivers,نقل,كيان وصليني تطبيقات واعدة بس تحتاج وقت,2025-10-09,2003227
telegram,delivery_ksa,توصيل,ذا شيفز الطلبات كثيرة بس المنطقة محدودة حتى الآن,2025-10-09,2003305
telegram,toYou_couriers,توصيل,كيتا يلعبون على المندوب عشان يخصمون مكافأة التوصيل في الوقت,2025-10-09,2003323
twitter,HungerStation_drivers,توصيل,جاهز أحسن من مرسول في التوزيع والسعر,2025-10-09,2003364
twitter,jahez_couriers,توصيل,المندوب المخالف يأكل حرام رزق شخص نظامي,2025-10-09,2003391
twitter,thechefs_ksa,توصيل,كيتا يلعبون على المندوب عشان يخصمون مكافأة التوصيل في الوقت,2025-10-09,2003579
twitter,mostaql_workers,عمل_حر,الفريلانس في السعودية بدأ ينمو بشكل كبير,2025-10-09,2003617
telegram,mostaql_workers,عمل_حر,الزبائن الخليجيين يدفعون أحسن من العرب,2025-10-09,2003623
telegram,khamsat_ar,عمل_حر,الزبائن الخليجيين يدفعون أحسن من العرب,2025-10-09,2003640
telegram,khamsat_ar,عمل_حر,كيف أحسن بروفايلي في مستقل وأحصل على عملاء,2025-10-09,2003645
telegram,khamsat_ar,عمل_حر,التسويق الرقمي من أكثر التخصصات طلباً,2025-10-09,2003703
twitter,freelancers_ksa,عمل_حر,التسويق الرقمي من أكثر التخصصات طلباً,2025-10-09,2003713
twitter,Captains_saudi,نقل,محتاج سيارة جديدة السيارة الحالية تعبت من كثر الشغل,2025-10-10,2003141
twitter,kayan_ksa,نقل,نبي نظام تأمين صحي للسائقين مثل الموظفين,2025-10-10,2003154
twitter,uber_ksa_drivers,نقل,السكوت ماراح ينفع خلونا نتحرك بشكل منظم,2025-10-10,2003229
telegram,jeeny_ksa,نقل,السكوت ماراح ينفع خلونا نتحرك بشكل منظم,2025-10-10,2003232
twitter,bolt_drivers_ksa,نقل,عميل تقييمه منخفض لا تاخذ مرة,2025-10-10,2003241
telegram,mrsool_delivery,توصيل,مشكلة الباكدج الكبير ما يناسب الدراجة,2025-10-10,2003275
twitter,mrsool_delivery,توصيل,مرسول فتح تسجيل جديد للموصلين هذا الأسبوع,2025-10-10,2003358
telegram,mrsool_delivery,توصيل,مرسول شغال زي لوز ما عده كيتا,2025-10-10,2003392
telegram,thechefs_ksa,توصيل,رحت محل اكل هندي وجبت طلب وشوربة واقعة جاني خصم ٥٠ ريال,2025-10-10,2003397
telegram,delivery_ksa,توصيل,جدة من ٥ ايام ما في طلبات او طلبين بالكثير ايش المشكلة في كيتا,2025-10-10,2003408
telegram,keeta_couriers,توصيل,وصلت طلبات وطلعت ب١١٠ ريال لكن ليش ما اتضافت للسحب,2025-10-10,2003505
telegram,thechefs_ksa,توصيل,هنقرستيشن يقولك رجع الطلب سوبر ماركت هنقرستيشن,2025-10-10,2003514
telegram,delivery_ksa,توصيل,مرسول الطلبات فل بس عيبه اطلب اي شي روح بنفسك,2025-10-10,2003593
telegram,HungerStation_drivers,توصيل,يعطيكم العافيه يا شباب حولت مبلغ من كيتا ولحد الان ما وصلت,2025-10-10,2003607
twitter,khamsat_ar,عمل_حر,الزبائن الخليجيين يدفعون أحسن من العرب,2025-10-10,2003686
telegram,keeta_couriers,توصيل,مشوار ابو ٢٠ زمان في كيتا الحين ب٩,2025-10-11,2003414
telegram,delivery_ksa,توصيل,مرسول فتح تسجيل جديد للموصلين هذا الأسبوع,2025-10-11,2003435
telegram,thechefs_ksa,توصيل,الطلبات الليلية تساوي ضعف النهارية في كيتا,2025-10-11,2003443
telegram,delivery_ksa,توصيل,هنجرستين وكيتا حاليًا جاهز ومرسول وذا شيفز بس اقل في الطلبات,2025-10-11,2003585
twitter,wasselni_drivers,نقل,جربت كابتن في جيني وجيت الرياض والشغل مثل الشرقية,2025-10-12,2003186
telegram,السائقين_السعوديين,نقل,اتمنى الجميع يركز نتحرك بشكل جماعي نرفع شكاوى لوزارة النقل,2025-10-12,2003209
telegram,السائقين_السعوديين,نقل,وصلت واحد المطار وكان مصري وحك الصدام من السيارة,2025-10-12,2003215
twitter,السائقين_السعوديين,نقل,وصليني مافيه طلبات كافية في منطقتي,2025-10-12,2003221
twitter,jahez_couriers,توصيل,امس وصلت طلب والعميل تأخر وراح عليي مكافأة موعد الوصول,2025-10-12,2003302
twitter,keeta_couriers,توصيل,مو محل وموظفين اغبياء هم الغلطانين مو المندوب,2025-10-12,2003370
telegram,keeta_couriers,توصيل,كيتا الحين يقولك توصل الطلب وعشان تبلغ تأخير المطعم تنتظر,2025-10-12,2003587
telegram,keeta_couriers,توصيل,والله كيتا صار يضحك علينا الطلبات وصلت الى ٦ ريال,2025-10-12,2003588
telegram,mrsool_delivery,توصيل,ذا شيفز يدفع بشكل منتظم بخلاف كيتا,2025-10-12,2003609
telegram,khamsat_ar,عمل_حر,الفريلانس في السعودية بدأ ينمو بشكل كبير,2025-10-12,2003661
twitter,mostaql_workers,عمل_حر,أكملت مشروع تصميم بـ ٨٠٠ ريال في مستقل,2025-10-12,2003710
twitter,jeeny_ksa,نقل,نسبة اوبر في مشوار المطار وصلت ٧٥٪ اخذ من الزبون ٥٩ ريال عطاني ١٢ فقط,2025-10-13,2003168
telegram,Captains_saudi,نقل,أوبر أفضل من بولت في توزيع الرحلات عندي,2025-10-13,2003195
telegram,CreemUber,نقل,نسبة اوبر في مشوار المطار وصلت ٧٥٪ اخذ من الزبون ٥٩ ريال عطاني ١٢ فقط,2025-10-13,2003213
telegram,Captains_saudi,نقل,الزحمة في الرياض قاتلة والأرباح نازلة,2025-10-13,2003226
telegram,bolt_drivers_ksa,نقل,اذا الوقت زاد ٨ دقايق وفوق ماافكهم غير مسويلي تعويض,2025-10-13,2003236
telegram,thechefs_ksa,توصيل,مرسول رقم واحد بالتعويض يقولك توصل موقع العميل كلمنا,2025-10-13,2003269
telegram,keeta_couriers,توصيل,المخالفين موصلين ٣٠٠ وشوي الشهر اللي فات انا بقوة وصلت ٢٩٠,2025-10-13,2003270
telegram,HungerStation_drivers,توصيل,ياشباب امس المغرب حولت مبلغ من كيتا ولحد الان ما وصلت,2025-10-13,2003293
telegram,jahez_couriers,توصيل,مشوار ابو ٢٠ زمان في كيتا الحين ب٩,2025-10-13,2003300
telegram,keeta_couriers,توصيل,والله كيتا صار يضحك علينا الطلبات وصلت الى ٦ ريال,2025-10-13,2003344
telegram,toYou_couriers,توصيل,وصلت ٢٠٠ طلب هذا الشهر الحمد لله,2025-10-13,2003345
telegram,jahez_couriers,توصيل,مانبي نقطع رزق احد بس والله غبنه توقف عند المطاعم وتنتظر,2025-10-13,2003347
twitter,jahez_couriers,توصيل,واحد طالب ٣ ماء من كودو المهم يرسل يقول كنسل,2025-10-13,2003382
telegram,HungerStation_drivers,توصيل,المندوب المخالف يأكل حرام رزق شخص نظامي,2025-10-13,2003431
telegram,thechefs_ksa,توصيل,امس السحور ٩ ريال و ١٠ ريال من كيتا ليش ولا حق التعب,2025-10-13,2003559
telegram,HungerStation_drivers,توصيل,مشوار ابو ٢٠ زمان في كيتا الحين ب٩,2025-10-13,2003562
telegram,keeta_couriers,توصيل,الطلبات في رمضان تجنن ٣ أضعاف العادي,2025-10-13,2003592
twitter,mostaql_workers,عمل_حر,مشروع ترجمة بكم تقدر تقدم,2025-10-13,2003634
telegram,freelancers_ksa,عمل_حر,التسويق الرقمي من أكثر التخصصات طلباً,2025-10-13,2003658
telegram,mostaql_workers,عمل_حر,منصة خمسات أفضل للمبتدئين في العمل الحر,2025-10-13,2003677
telegram,freelancers_ksa,عمل_حر,التسويق الرقمي من أكثر التخصصات طلباً,2025-10-13,2003678
telegram,kayan_ksa,نقل,الذروة في كريم حمراء والطلبات ورا بعض بالمدينة,2025-10-14,2003149
twitter,CreemUber,نقل,العمل في المطارات أحسن من الشوارع الربح افضل,2025-10-14,2003152
telegram,kayan_ksa,نقل,السائقين الأجانب يزاحمون على الرحلات في كريم,2025-10-14,2003181
telegram,السائقين_السعوديين,نقل,السائقين الأجانب يزاحمون على الرحلات في كريم,2025-10-14,2003190
twitter,bolt_drivers_ksa,نقل,بعدها على بولت خلال ٦ ساعات ٢٠٠ ريال خلال ١٦ ساعة ٧٠٠ ريال ثابتة,2025-10-14,2003193
telegram,keeta_couriers,توصيل,سلام وصلت طلب وسلمته للعميل بيدي وبعد نص ساعة خصموا قيمة الطلب,2025-10-14,2003266
twitter,toYou_couriers,توصيل,ذا شيفز الطلبات كثيرة بس المنطقة محدودة حتى الآن,2025-10-14,2003292
twitter,thechefs_ksa,توصيل,ذا شيفز الطلبات كثيرة بس المنطقة محدودة حتى الآن,2025-10-14,2003299
telegram,jahez_couriers,توصيل,مرسول الطلبات فل بس عيبه اطلب اي شي روح بنفسك,2025-10-14,2003333
telegram,mrsool_delivery,توصيل,خدمة العملاء في كيتا ما تفيد تقريباً,2025-10-14,2003357
twitter,delivery_ksa,توصيل,خدمة العملاء في كيتا ما تفيد تقريباً,2025-10-14,2003403
telegram,mrsool_delivery,توصيل,الحين ١٤ طلب في كيتا وما طلعت ٢٠ ريال,2025-10-14,2003404
twitter,thechefs_ksa,توصيل,مرسول فتح تسجيل جديد للموصلين هذا الأسبوع,2025-10-14,2003407
telegram,keeta_couriers,توصيل,كنت اشتغل مرسول زمان اطلع ٢٠٠ في اليوم على ٨ طلبات,2025-10-14,2003418
telegram,delivery_ksa,توصيل,الطلبات الليلية تساوي ضعف النهارية في كيتا,2025-10-14,2003463
telegram,HungerStation_drivers,توصيل,طلب وصل بارد لأن المطعم تأخر وراحت التقييم,2025-10-14,2003466
telegram,jahez_couriers,توصيل,مشكلة الباكدج الكبير ما يناسب الدراجة,2025-10-14,2003485
telegram,mrsool_delivery,توصيل,ياشباب امس المغرب حولت مبلغ من كيتا ولحد الان ما وصلت,2025-10-14,2003493
telegram,toYou_couriers,توصيل,كنت اشتغل مرسول زمان اطلع ٢٠٠ في اليوم على ٨ طلبات,2025-10-14,2003525
telegram,delivery_ksa,توصيل,امس السحور ٩ ريال و ١٠ ريال من كيتا ليش ولا حق التعب,2025-10-14,2003551
telegram,mostaql_workers,عمل_حر,الزبون ما دفع بعد تسليم العمل كيف أتصرف,2025-10-14,2003615
twitter,khamsat_ar,عمل_حر,أكملت مشروع تصميم بـ ٨٠٠ ريال في مستقل,2025-10-14,2003618
twitter,khamsat_ar,عمل_حر,منصة خمسات أفضل للمبتدئين في العمل الحر,2025-10-14,2003664
twitter,khamsat_ar,عمل_حر,الزبون ما دفع بعد تسليم العمل كيف أتصرف,2025-10-14,2003679
twitter,mostaql_workers,عمل_حر,upwork أو مستقل أيهما أفضل للسعوديين,2025-10-14,2003684
telegram,khamsat_ar,عمل_حر,منصة خمسات أفضل للمبتدئين في العمل الحر,2025-10-14,2003697
telegram,mostaql_workers,عمل_حر,الزبائن الخليجيين يدفعون أحسن من العرب,2025-10-14,2003716
telegram,السائقين_السعوديين,نقل,ودي اشتغل ف بولت بجانب اوبر ممكن؟,2025-10-15,2003172
telegram,السائقين_السعوديين,نقل,نبي نظام تأمين صحي للسائقين مثل الموظفين,2025-10-15,2003250
telegram,HungerStation_drivers,توصيل,مرسول الطلبات فل بس عيبه اطلب اي شي روح بنفسك,2025-10-15,2003262
twitter,jahez_couriers,توصيل,سلام وصلت طلب وسلمته للعميل بيدي وبعد نص ساعة خصموا قيمة الطلب,2025-10-15,2003326
telegram,mrsool_delivery,توصيل,مرسول الطلبات فل بس عيبه اطلب اي شي روح بنفسك,2025-10-15,2003330
telegram,delivery_ksa,توصيل,ذا شيفز الطلبات كثيرة بس المنطقة محدودة حتى الآن,2025-10-15,2003350
telegram,thechefs_ksa,توصيل,كيتا الحين يقولك توصل الطلب وعشان تبلغ تأخير المطعم تنتظر,2025-10-15,2003360
telegram,toYou_couriers,توصيل,المندوب المخالف يأكل حرام رزق شخص نظامي,2025-10-15,2003426
telegram,HungerStation_drivers,توصيل,المخالفين موصلين ٣٠٠ وشوي الشهر اللي فات انا بقوة وصلت ٢٩٠,2025-10-15,2003447
telegram,delivery_ksa,توصيل,ياشباب امس المغرب حولت مبلغ من كيتا ولحد الان ما وصلت,2025-10-15,2003469
telegram,HungerStation_drivers,توصيل,جدة من ٥ ايام ما في طلبات او طلبين بالكثير ايش المشكلة في كيتا,2025-10-15,2003496
telegram,toYou_couriers,توصيل,سلام وصلت طلب وسلمته للعميل بيدي وبعد نص ساعة خصموا قيمة الطلب,2025-10-15,2003502
telegram,mrsool_delivery,توصيل,ذا شيفز تعاملهم مع المناديب أحسن من كيتا,2025-10-15,2003529
telegram,toYou_couriers,توصيل,مرسول رقم واحد بالتعويض يقولك توصل موقع العميل كلمنا,2025-10-15,2003536
telegram,delivery_ksa,توصيل,كيتا يلعبون على المندوب عشان يخصمون مكافأة التوصيل في الوقت,2025-10-15,2003540
telegram,delivery_ksa,توصيل,هنقرستيشن يقولك رجع الطلب سوبر ماركت هنقرستيشن,2025-10-15,2003564
telegram,HungerStation_drivers,توصيل,ياشباب امس المغرب حولت مبلغ من كيتا ولحد الان ما وصلت,2025-10-15,2003578
telegram,jahez_couriers,توصيل,وصلت طلبات وطلعت ب١١٠ ريال لكن ليش ما اتضافت للسحب,2025-10-15,2003599
twitter,mostaql_workers,عمل_حر,دخلي من البرمجة هذا الشهر ٧٠٠٠ ريال,2025-10-15,2003619
telegram,freelancers_ksa,عمل_حر,منصة خمسات أفضل للمبتدئين في العمل الحر,2025-10-15,2003652
twitter,mostaql_workers,عمل_حر,مشروع ترجمة بكم تقدر تقدم,2025-10-15,2003694
telegram,mostaql_workers,عمل_حر,منصة خمسات أفضل للمبتدئين في العمل الحر,2025-10-15,2003701
telegram,mostaql_workers,عمل_حر,منصة خمسات أفضل للمبتدئين في العمل الحر,2025-10-15,2003732
telegram,bolt_drivers_ksa,نقل,اليوم الأوردرات كانت ممتازة والبخشيش زين الحمد لله,2025-10-16,2003151
telegram,Captains_saudi,نقل,بولت نسبة عالية خير ياطير اذا عوضنا,2025-10-16,2003170
telegram,careem_drivers_sa,نقل,اوبر زود على نسبة الالغاء وانا ما قدرت اوصل للعميل,2025-10-16,2003202
telegram,careem_drivers_sa,نقل,نسبة اوبر في مشوار المطار وصلت ٧٥٪ اخذ من الزبون ٥٩ ريال عطاني ١٢ فقط,2025-10-16,2003247
telegram,bolt_drivers_ksa,نقل,جيني بدأ ينافس لكن ما زال الطلبات أقل,2025-10-16,2003254
telegram,keeta_couriers,توصيل,مشوار ابو ٢٠ زمان في كيتا الحين ب٩,2025-10-16,2003343
telegram,jahez_couriers,توصيل,مرسول فتح تسجيل جديد للموصلين هذا الأسبوع,2025-10-16,2003365
telegram,delivery_ksa,توصيل,مشكلة الباكدج الكبير ما يناسب الدراجة,2025-10-16,2003448
twitter,delivery_ksa,توصيل,خدمة العملاء في كيتا ما تفيد تقريباً,2025-10-16,2003452
telegram,HungerStation_drivers,توصيل,ياشباب امس المغرب حولت مبلغ من كيتا ولحد الان ما وصلت,2025-10-16,2003486
telegram,HungerStation_drivers,توصيل,وصلت ٢٠٠ طلب هذا الشهر الحمد لله,2025-10-16,2003499
telegram,mrsool_delivery,توصيل,وصلت طلبات وطلعت ب١١٠ ريال لكن ليش ما اتضافت للسحب,2025-10-16,2003508
telegram,thechefs_ksa,توصيل,مانبي نقطع رزق احد بس والله غبنه توقف عند المطاعم وتنتظر,2025-10-16,2003543
telegram,toYou_couriers,توصيل,مرسول شغال زي لوز ما عده كيتا,2025-10-16,2003572
telegram,mrsool_delivery,توصيل,ذا شيفز تعاملهم مع المناديب أحسن من كيتا,2025-10-16,2003596
telegram,HungerStation_drivers,توصيل,الطلبات في رمضان تجنن ٣ أضعاف العادي,2025-10-16,2003598
twitter,mostaql_workers,عمل_حر,الزبائن الخليجيين يدفعون أحسن من العرب,2025-10-16,2003638
twitter,mostaql_workers,عمل_حر,نبي حماية للفريلانسر من الزبون اللي ما يدفع,2025-10-16,2003680
twitter,freelancers_ksa,عمل_حر,الفريلانس في السعودية بدأ ينمو بشكل كبير,2025-10-16,2003719
twitter,khamsat_ar,عمل_حر,كيف أحسن بروفايلي في مستقل وأحصل على عملاء,2025-10-16,2003735
telegram,bolt_drivers_ksa,نقل,جربت كابتن في جيني وجيت الرياض والشغل مثل الشرقية,2025-10-17,2003153
telegram,uber_ksa_drivers,نقل,عميل تقييمه منخفض لا تاخذ مرة,2025-10-17,2003198
telegram,السائقين_السعوديين,نقل,اوبر زود على نسبة الالغاء وانا ما قدرت اوصل للعميل,2025-10-17,2003203
telegram,careem_drivers_sa,نقل,محتاج سيارة جديدة السيارة الحالية تعبت من كثر الشغل,2025-10-17,2003216
telegram,mrsool_delivery,توصيل,مرسول رقم واحد بالتعويض يقولك توصل موقع العميل كلمنا,2025-10-17,2003264
telegram,delivery_ksa,توصيل,مو محل وموظفين اغبياء هم الغلطانين مو المندوب,2025-10-17,2003295
telegram,mrsool_delivery,توصيل,رحت محل اكل هندي وجبت طلب وشوربة واقعة جاني خصم ٥٠ ريال,2025-10-17,2003359
telegram,jahez_couriers,توصيل,خدمة العملاء في كيتا ما تفيد تقريباً,2025-10-17,2003383
twitter,delivery_ksa,توصيل,مرسول شغال زي لوز ما عده كيتا,2025-10-17,2003385
telegram,thechefs_ksa,توصيل,هنجرستين وكيتا حاليًا جاهز ومرسول وذا شيفز بس اقل في الطلبات,2025-10-17,2003399
telegram,jahez_couriers,توصيل,هنجرستين وكيتا حاليًا جاهز ومرسول وذا شيفز بس اقل في الطلبات,2025-10-17,2003401
telegram,delivery_ksa,توصيل,سلام وصلت طلب وسلمته للعميل بيدي وبعد نص ساعة خصموا قيمة الطلب,2025-10-17,2003421
telegram,thechefs_ksa,توصيل,مانبي نقطع رزق احد بس والله غبنه توقف عند المطاعم وتنتظر,2025-10-17,2003427
telegram,jahez_couriers,توصيل,مو محل وموظفين اغبياء هم الغلطانين مو المندوب,2025-10-17,2003453
telegram,mrsool_delivery,توصيل,ذا شيفز يدفع بشكل منتظم بخلاف كيتا,2025-10-17,2003561
telegram,keeta_couriers,توصيل,مرسول رقم واحد بالتعويض يقولك توصل موقع العميل كلمنا,2025-10-17,2003570
twitter,mostaql_workers,عمل_حر,أكملت مشروع تصميم بـ ٨٠٠ ريال في مستقل,2025-10-17,2003685
telegram,mostaql_workers,عمل_حر,دخلي من البرمجة هذا الشهر ٧٠٠٠ ريال,2025-10-17,2003688
twitter,khamsat_ar,عمل_حر,نبي حماية للفريلانسر من الزبون اللي ما يدفع,2025-10-17,2003702
telegram,khamsat_ar,عمل_حر,ضريبة القيمة المضافة على الفريلانس كيف تشتغل,2025-10-17,2003725
telegram,wasselni_drivers,نقل,الذروة في كريم حمراء والطلبات ورا بعض بالمدينة,2025-10-18,2003139
telegram,kayan_ksa,نقل,وصلت واحد المطار وكان مصري وحك الصدام من السيارة,2025-10-18,2003177
telegram,CreemUber,نقل,ذروة ب كاش مع نسبتهم تشوفه مبلغ كويس بس يجيك بمشوار واحد بطاقة,2025-10-18,2003178
telegram,Captains_saudi,نقل,من حقك ترفض خدمته سيارتك وترفع بلاغ,2025-10-18,2003200
telegram,wasselni_drivers,نقل,متوسط دخلي اليوم ١٨٠ ريال بعد البنزين,2025-10-18,2003219
telegram,thechefs_ksa,توصيل,ذا شيفز الطلبات كثيرة بس المنطقة محدودة حتى الآن,2025-10-18,2003303
telegram,jahez_couriers,توصيل,المخالفين موصلين ٣٠٠ وشوي الشهر اللي فات انا بقوة وصلت ٢٩٠,2025-10-18,2003329
telegram,mrsool_delivery,توصيل,وصلت ٢٠٠ طلب هذا الشهر الحمد لله,2025-10-18,2003337
twitter,toYou_couriers,توصيل,مانبي نقطع رزق احد بس والله غبنه توقف عند المطاعم وتنتظر,2025-10-18,2003380
telegram,mrsool_delivery,توصيل,كنت اشتغل مرسول زمان اطلع ٢٠٠ في اليوم على ٨ طلبات,2025-10-18,2003415
telegram,jahez_couriers,توصيل,الطلبات في رمضان تجنن ٣ أضعاف العادي,2025-10-18,2003429
twitter,mrsool_delivery,توصيل,مشكلة الباكدج الكبير ما يناسب الدراجة,2025-10-18,2003451
telegram,keeta_couriers,توصيل,الحين ١٤ طلب في كيتا وما طلعت ٢٠ ريال,2025-10-18,2003472
telegram,thechefs_ksa,توصيل,ياخوان الطلبات وقفت عندي من ساعة م جاني ولا طلب,2025-10-18,2003498
telegram,HungerStation_drivers,توصيل,جاهز أحسن من مرسول في التوزيع والسعر,2025-10-18,2003553
telegram,thechefs_ksa,توصيل,المندوب المخالف يأكل حرام رزق شخص نظامي,2025-10-18,2003577
telegram,delivery_ksa,توصيل,الحين ١٤ طلب في كيتا وما طلعت ٢٠ ريال,2025-10-18,2003583
telegram,mostaql_workers,عمل_حر,الفريلانس في السعودية بدأ ينمو بشكل كبير,2025-10-18,2003632
telegram,freelancers_ksa,عمل_حر,الزبائن الخليجيين يدفعون أحسن من العرب,2025-10-18,2003635
twitter,freelancers_ksa,عمل_حر,أكملت مشروع تصميم بـ ٨٠٠ ريال في مستقل,2025-10-18,2003734
telegram,uber_ksa_drivers,نقل,أوبر أفضل من بولت في توزيع الرحلات عندي,2025-10-19,2003143
twitter,kayan_ksa,نقل,نبي نظام تأمين صحي للسائقين مثل الموظفين,2025-10-19,2003163
telegram,Captains_saudi,نقل,اقل شي ٤٥٠ واعلى شي ٥٥٠ خلال ١٢ ساعة على اوبر,2025-10-19,2003165
telegram,CreemUber,نقل,متوسط دخلي اليوم ١٨٠ ريال بعد البنزين,2025-10-19,2003171
telegram,CreemUber,نقل,أحسن أوقات الشغل الفطور والغداء والذروة المسائية,2025-10-19,2003237
telegram,السائقين_السعوديين,نقل,جيني وصليني الاسعار خايسه جدا يعني الكيلو اقل من ريال,2025-10-19,2003252
telegram,mrsool_delivery,توصيل,الطلبات في رمضان تجنن ٣ أضعاف العادي,2025-10-19,2003287
twitter,mrsool_delivery,توصيل,والله كيتا صار يضحك علينا الطلبات وصلت الى ٦ ريال,2025-10-19,2003331
telegram,toYou_couriers,توصيل,طلب وصل بارد لأن المطعم تأخر وراحت التقييم,2025-10-19,2003352
telegram,thechefs_ksa,توصيل,ذا شيفز الطلبات كثيرة بس المنطقة محدودة حتى الآن,2025-10-19,2003366
telegram,mrsool_delivery,توصيل,ذا شيفز يدفع بشكل منتظم بخلاف كيتا,2025-10-19,2003372
telegram,toYou_couriers,توصيل,مانبي نقطع رزق احد بس والله غبنه توقف عند المطاعم وتنتظر,2025-10-19,2003494
telegram,mrsool_delivery,توصيل,والله كيتا صار يضحك علينا الطلبات وصلت الى ٦ ريال,2025-10-19,2003501
twitter,HungerStation_drivers,توصيل,الطلبات في رمضان تجنن ٣ أضعاف العادي,2025-10-19,2003517
twitter,thechefs_ksa,توصيل,الدراجة تعطلت اليوم وخسرت شغل,2025-10-19,2003535
telegram,HungerStation_drivers,توصيل,ذا شيفز يدفع بشكل منتظم بخلاف كيتا,2025-10-19,2003541
telegram,keeta_couriers,توصيل,المندوب المخالف يأكل حرام رزق شخص نظامي,2025-10-19,2003554
telegram,freelancers_ksa,عمل_حر,نبي حماية للفريلانسر من الزبون اللي ما يدفع,2025-10-19,2003646
telegram,mostaql_workers,عمل_حر,بدأت فريلانس من بيتي والدخل تحسن الحمد لله,2025-10-19,2003648
telegram,freelancers_ksa,عمل_حر,مشروع ترجمة بكم تقدر تقدم,2025-10-19,2003669
telegram,freelancers_ksa,عمل_حر,منصة خمسات أفضل للمبتدئين في العمل الحر,2025-10-19,2003692
telegram,khamsat_ar,عمل_حر,ضريبة القيمة المضافة على الفريلانس كيف تشتغل,2025-10-19,2003699
twitter,khamsat_ar,عمل_حر,دخلي من البرمجة هذا الشهر ٧٠٠٠ ريال,2025-10-19,2003714
telegram,careem_drivers_sa,نقل,التامين على السيارة غالي علينا الشركات مو مهتمة,2025-10-20,2003214
telegram,jeeny_ksa,نقل,نسبة اوبر في مشوار المطار وصلت ٧٥٪ اخذ من الزبون ٥٩ ريال عطاني ١٢ فقط,2025-10-20,2003240
telegram,delivery_ksa,توصيل,الدراجة تعطلت اليوم وخسرت شغل,2025-10-20,2003280
telegram,jahez_couriers,توصيل,وصلت طلبات وطلعت ب١١٠ ريال لكن ليش ما اتضافت للسحب,2025-10-20,2003289
telegram,HungerStation_drivers,توصيل,جدة من ٥ ايام ما في طلبات او طلبين بالكثير ايش المشكلة في كيتا,2025-10-20,2003309
telegram,toYou_couriers,توصيل,طلب وصل بارد لأن المطعم تأخر وراحت التقييم,2025-10-20,2003444
twitter,jahez_couriers,توصيل,جاهز أحسن من مرسول في التوزيع والسعر,2025-10-20,2003547
twitter,freelancers_ksa,عمل_حر,دخلي من البرمجة هذا الشهر ٧٠٠٠ ريال,2025-10-20,2003650
telegram,khamsat_ar,عمل_حر,ضريبة القيمة المضافة على الفريلانس كيف تشتغل,2025-10-20,2003681
telegram,khamsat_ar,عمل_حر,نبي حماية للفريلانسر من الزبون اللي ما يدفع,2025-10-20,2003690
twitter,السائقين_السعوديين,نقل,اذا الوقت زاد ٨ دقايق وفوق ماافكهم غير مسويلي تعويض,2025-10-21,2003158
telegram,jeeny_ksa,نقل,نبي نظام تأمين صحي للسائقين مثل الموظفين,2025-10-21,2003159
twitter,Captains_saudi,نقل,ما يستاهل لا تعب ولا وقت المشوار بعيد والربح ضعيف,2025-10-21,2003175
telegram,bolt_drivers_ksa,نقل,أحسن أوقات الشغل الفطور والغداء والذروة المسائية,2025-10-21,2003258
telegram,delivery_ksa,توصيل,مرسول الطلبات فل بس عيبه اطلب اي شي روح بنفسك,2025-10-21,2003274
telegram,delivery_ksa,توصيل,مرسول رقم واحد بالتعويض يقولك توصل موقع العميل كلمنا,2025-10-21,2003296
telegram,jahez_couriers,توصيل,توصيل في الأمطار خطر بدون مكافأة من التطبيق,2025-10-21,2003307
telegram,delivery_ksa,توصيل,والله اذا موترك ينفع في النقل الموجه افضل بمليون مرة,2025-10-21,2003376
telegram,mrsool_delivery,توصيل,خدمة العملاء في كيتا ما تفيد تقريباً,2025-10-21,2003419
telegram,thechefs_ksa,توصيل,ذا شيفز يدفع بشكل منتظم بخلاف كيتا,2025-10-21,2003439
telegram,HungerStation_drivers,توصيل,الطلبات في رمضان تجنن ٣ أضعاف العادي,2025-10-21,2003475
telegram,mrsool_delivery,توصيل,ذا شيفز تعاملهم مع المناديب أحسن من كيتا,2025-10-21,2003489
telegram,keeta_couriers,توصيل,جدة من ٥ ايام ما في طلبات او طلبين بالكثير ايش المشكلة في كيتا,2025-10-21,2003523
telegram,thechefs_ksa,توصيل,ذا شيفز يدفع بشكل منتظم بخلاف كيتا,2025-10-21,2003533
twitter,keeta_couriers,توصيل,الاسعار اختلفت بعد كثرة المنافسين ودخول كيتا بالاخص,2025-10-21,2003567
telegram,mrsool_delivery,توصيل,مرسول رقم واحد بالتعويض يقولك توصل موقع العميل كلمنا,2025-10-21,2003573
telegram,freelancers_ksa,عمل_حر,أكملت مشروع تصميم بـ ٨٠٠ ريال في مستقل,2025-10-21,2003629
telegram,mostaql_workers,عمل_حر,بدأت فريلانس من بيتي والدخل تحسن الحمد لله,2025-10-21,2003637
telegram,khamsat_ar,عمل_حر,الزبائن الخليجيين يدفعون أحسن من العرب,2025-10-21,2003707
telegram,Captains_saudi,نقل,متوسط دخلي اليوم ١٨٠ ريال بعد البنزين,2025-10-22,2003185
telegram,السائقين_السعوديين,نقل,السائق هو الي يتعب ولابد تكون نسبة اوبر لها حد اعلى ٢٠ ريال,2025-10-22,2003211
twitter,wasselni_drivers,نقل,نسبة اوبر في مشوار المطار وصلت ٧٥٪ اخذ من الزبون ٥٩ ريال عطاني ١٢ فقط,2025-10-22,2003218
telegram,bolt_drivers_ksa,نقل,محتاج سيارة جديدة السيارة الحالية تعبت من كثر الشغل,2025-10-22,2003228
telegram,jeeny_ksa,نقل,جيني وصليني الاسعار خايسه جدا يعني الكيلو اقل من ريال,2025-10-22,2003256
telegram,delivery_ksa,توصيل,يعطيكم العافيه يا شباب حولت مبلغ من كيتا ولحد الان ما وصلت,2025-10-22,2003301
telegram,thechefs_ksa,توصيل,مرسول رقم واحد بالتعويض يقولك توصل موقع العميل كلمنا,2025-10-22,2003311
telegram,mrsool_delivery,توصيل,ذا شيفز يدفع بشكل منتظم بخلاف كيتا,2025-10-22,2003349
telegram,delivery_ksa,توصيل,المندوب المخالف يأكل حرام رزق شخص نظامي,2025-10-22,2003454
telegram,mrsool_delivery,توصيل,خدمة العملاء في كيتا ما تفيد تقريباً,2025-10-22,2003461
telegram,mrsool_delivery,توصيل,يعطيكم العافيه يا شباب حولت مبلغ من كيتا ولحد الان ما وصلت,2025-10-22,2003476
telegram,delivery_ksa,توصيل,مرسول الطلبات فل بس عيبه اطلب اي شي روح بنفسك,2025-10-22,2003507
telegram,toYou_couriers,توصيل,ذا شيفز تعاملهم مع المناديب أحسن من كيتا,2025-10-22,2003509
telegram,HungerStation_drivers,توصيل,مرسول فتح تسجيل جديد للموصلين هذا الأسبوع,2025-10-22,2003528
telegram,mrsool_delivery,توصيل,كيتا يلعبون على المندوب عشان يخصمون مكافأة التوصيل في الوقت,2025-10-22,2003549
telegram,freelancers_ksa,عمل_حر,مشروع ترجمة بكم تقدر تقدم,2025-10-22,2003649
twitter,freelancers_ksa,عمل_حر,الزبائن الخليجيين يدفعون أحسن من العرب,2025-10-22,2003696
telegram,jeeny_ksa,نقل,بولت نسبة عالية خير ياطير اذا عوضنا,2025-10-23,2003173
telegram,CreemUber,نقل,وصلت واحد المطار وكان مصري وحك الصدام من السيارة,2025-10-23,2003182
telegram,wasselni_drivers,نقل,اليوم الأوردرات كانت ممتازة والبخشيش زين الحمد لله,2025-10-23,2003187
telegram,السائقين_السعوديين,نقل,السكوت ماراح ينفع خلونا نتحرك بشكل منظم,2025-10-23,2003207
telegram,Captains_saudi,نقل,رفضت رحلة بعيدة وخسرت bonus الاسبوع,2025-10-23,2003245
telegram,jahez_couriers,توصيل,مرسول رقم واحد بالتعويض يقولك توصل موقع العميل كلمنا,2025-10-23,2003281
telegram,jahez_couriers,توصيل,المندوب المخالف يأكل حرام رزق شخص نظامي,2025-10-23,2003282
telegram,jahez_couriers,توصيل,امس السحور ٩ ريال و ١٠ ريال من كيتا ليش ولا حق التعب,2025-10-23,2003361
twitter,keeta_couriers,توصيل,كيتا يلعبون على المندوب عشان يخصمون مكافأة التوصيل في الوقت,2025-10-23,2003417
telegram,thechefs_ksa,توصيل,الدراجة تعطلت اليوم وخسرت شغل,2025-10-23,2003550
telegram,delivery_ksa,توصيل,كيتا الحين يقولك توصل الطلب وعشان تبلغ تأخير المطعم تنتظر,2025-10-23,2003576
telegram,delivery_ksa,توصيل,مرسول الطلبات فل بس عيبه اطلب اي شي روح بنفسك,2025-10-23,2003584
telegram,thechefs_ksa,توصيل,ياخوان الطلبات وقفت عندي من ساعة م جاني ولا طلب,2025-10-23,2003612
telegram,mostaql_workers,عمل_حر,الزبائن الخليجيين يدفعون أحسن من العرب,2025-10-23,2003621
twitter,mostaql_workers,عمل_حر,مشروع ترجمة بكم تقدر تقدم,2025-10-23,2003641
twitter,mostaql_workers,عمل_حر,بدأت فريلانس من بيتي والدخل تحسن الحمد لله,2025-10-23,2003647
telegram,mostaql_workers,عمل_حر,الفريلانس في السعودية بدأ ينمو بشكل كبير,2025-10-23,2003660
telegram,mostaql_workers,عمل_حر,ضريبة القيمة المضافة على الفريلانس كيف تشتغل,2025-10-23,2003689
telegram,khamsat_ar,عمل_حر,التسويق الرقمي من أكثر التخصصات طلباً,2025-10-23,2003727
telegram,Captains_saudi,نقل,عميل تقييمه منخفض لا تاخذ مرة,2025-10-24,2003161
telegram,bolt_drivers_ksa,نقل,أوبر أفضل من بولت في توزيع الرحلات عندي,2025-10-24,2003166
telegram,bolt_drivers_ksa,نقل,ما يستاهل لا تعب ولا وقت المشوار بعيد والربح ضعيف,2025-10-24,2003204
telegram,Captains_saudi,نقل,اقل شي ٤٥٠ واعلى شي ٥٥٠ خلال ١٢ ساعة على اوبر,2025-10-24,2003230
telegram,uber_ksa_drivers,نقل,اتمنى الجميع يركز نتحرك بشكل جماعي نرفع شكاوى لوزارة النقل,2025-10-24,2003234
telegram,السائقين_السعوديين,نقل,نبي نظام تأمين صحي للسائقين مثل الموظفين,2025-10-24,2003238
twitter,Captains_saudi,نقل,بولت نسبة عالية خير ياطير اذا عوضنا,2025-10-24,2003244
telegram,toYou_couriers,توصيل,مرسول رقم واحد بالتعويض يقولك توصل موقع العميل كلمنا,2025-10-24,2003279
telegram,jahez_couriers,توصيل,هنقرستيشن يقولك رجع الطلب سوبر ماركت هنقرستيشن,2025-10-24,2003335
telegram,jahez_couriers,توصيل,هنقرستيشن يقولك رجع الطلب سوبر ماركت هنقرستيشن,2025-10-24,2003351
telegram,keeta_couriers,توصيل,وصلت ٢٠٠ طلب هذا الشهر الحمد لله,2025-10-24,2003368
telegram,mrsool_delivery,توصيل,الدراجة تعطلت اليوم وخسرت شغل,2025-10-24,2003406
telegram,jahez_couriers,توصيل,هنقرستيشن يقولك رجع الطلب سوبر ماركت هنقرستيشن,2025-10-24,2003420
telegram,jahez_couriers,توصيل,طلب وصل بارد لأن المطعم تأخر وراحت التقييم,2025-10-24,2003422
telegram,toYou_couriers,توصيل,كيتا يلعبون على المندوب عشان يخصمون مكافأة التوصيل في الوقت,2025-10-24,2003441
telegram,thechefs_ksa,توصيل,جاهز أحسن من مرسول في التوزيع والسعر,2025-10-24,2003465
telegram,thechefs_ksa,توصيل,الدراجة تعطلت اليوم وخسرت شغل,2025-10-24,2003487
telegram,mrsool_delivery,توصيل,خدمة العملاء في كيتا ما تفيد تقريباً,2025-10-24,2003537
twitter,keeta_couriers,توصيل,توصيل في الأمطار خطر بدون مكافأة من التطبيق,2025-10-24,2003548
telegram,keeta_couriers,توصيل,توصيل في الأمطار خطر بدون مكافأة من التطبيق,2025-10-24,2003586
twitter,freelancers_ksa,عمل_حر,الزبون ما دفع بعد تسليم العمل كيف أتصرف,2025-10-24,2003624
telegram,khamsat_ar,عمل_حر,الزبائن الخليجيين يدفعون أحسن من العرب,2025-10-24,2003695
telegram,uber_ksa_drivers,نقل,جيني بدأ ينافس لكن ما زال الطلبات أقل,2025-10-25,2003210
telegram,wasselni_drivers,نقل,أحسن أوقات الشغل الفطور والغداء والذروة المسائية,2025-10-25,2003233
twitter,wasselni_drivers,نقل,بولت نسبة عالية خير ياطير اذا عوضنا,2025-10-25,2003249
telegram,toYou_couriers,توصيل,مشوار ابو ٢٠ زمان في كيتا الحين ب٩,2025-10-25,2003265
telegram,keeta_couriers,توصيل,الاسعار اختلفت بعد كثرة المنافسين ودخول كيتا بالاخص,2025-10-25,2003283
telegram,thechefs_ksa,توصيل,كنت اشتغل مرسول زمان اطلع ٢٠٠ في اليوم على ٨ طلبات,2025-10-25,2003284
telegram,delivery_ksa,توصيل,والله كيتا صار يضحك علينا الطلبات وصلت الى ٦ ريال,2025-10-25,2003291
telegram,mrsool_delivery,توصيل,جدة من ٥ ايام ما في طلبات او طلبين بالكثير ايش المشكلة في كيتا,2025-10-25,2003304
telegram,delivery_ksa,توصيل,مشوار ابو ٢٠ زمان في كيتا الحين ب٩,2025-10-25,2003308
telegram,jahez_couriers,توصيل,رحت محل اكل هندي وجبت طلب وشوربة واقعة جاني خصم ٥٠ ريال,2025-10-25,2003319
telegram,mrsool_delivery,توصيل,امس وصلت طلب والعميل تأخر وراح عليي مكافأة موعد الوصول,2025-10-25,2003346
telegram,delivery_ksa,توصيل,ياشباب امس المغرب حولت مبلغ من كيتا ولحد الان ما وصلت,2025-10-25,2003363
telegram,mrsool_delivery,توصيل,جاهز أحسن من مرسول في التوزيع والسعر,2025-10-25,2003371
telegram,jahez_couriers,توصيل,خدمة العملاء في كيتا ما تفيد تقريباً,2025-10-25,2003400
telegram,toYou_couriers,توصيل,المندوب المخالف يأكل حرام رزق شخص نظامي,2025-10-25,2003467
telegram,mrsool_delivery,توصيل,مانبي نقطع رزق احد بس والله غبنه توقف عند المطاعم وتنتظر,2025-10-25,2003473
twitter,mrsool_delivery,توصيل,هنقرستيشن يقولك رجع الطلب سوبر ماركت هنقرستيشن,2025-10-25,2003483
telegram,mrsool_delivery,توصيل,الطلبات في رمضان تجنن ٣ أضعاف العادي,2025-10-25,2003518
twitter,mostaql_workers,عمل_حر,upwork أو مستقل أيهما أفضل للسعوديين,2025-10-25,2003626
twitter,mostaql_workers,عمل_حر,منصة خمسات أفضل للمبتدئين في العمل الحر,2025-10-25,2003667
telegram,mostaql_workers,عمل_حر,التسويق الرقمي من أكثر التخصصات طلباً,2025-10-25,2003706
telegram,freelancers_ksa,عمل_حر,ضريبة القيمة المضافة على الفريلانس كيف تشتغل,2025-10-25,2003724
telegram,khamsat_ar,عمل_حر,أكملت مشروع تصميم بـ ٨٠٠ ريال في مستقل,2025-10-25,2003737
telegram,thechefs_ksa,توصيل,مشوار ابو ٢٠ زمان في كيتا الحين ب٩,2025-10-26,2003339
telegram,jahez_couriers,توصيل,ذا شيفز يدفع بشكل منتظم بخلاف كيتا,2025-10-26,2003356
telegram,jahez_couriers,توصيل,ذا شيفز يدفع بشكل منتظم بخلاف كيتا,2025-10-26,2003377
telegram,keeta_couriers,توصيل,كيتا يلعبون على المندوب عشان يخصمون مكافأة التوصيل في الوقت,2025-10-26,2003411
telegram,HungerStation_drivers,توصيل,مرسول شغال زي لوز ما عده كيتا,2025-10-26,2003413
telegram,keeta_couriers,توصيل,الحين ١٤ طلب في كيتا وما طلعت ٢٠ ريال,2025-10-26,2003437
telegram,delivery_ksa,توصيل,رحت محل اكل هندي وجبت طلب وشوربة واقعة جاني خصم ٥٠ ريال,2025-10-26,2003479
telegram,HungerStation_drivers,توصيل,الاسعار اختلفت بعد كثرة المنافسين ودخول كيتا بالاخص,2025-10-26,2003497
telegram,keeta_couriers,توصيل,جاهز أحسن من مرسول في التوزيع والسعر,2025-10-26,2003515
telegram,delivery_ksa,توصيل,كيتا الحين يقولك توصل الطلب وعشان تبلغ تأخير المطعم تنتظر,2025-10-26,2003520
twitter,thechefs_ksa,توصيل,الطلبات الليلية تساوي ضعف النهارية في كيتا,2025-10-26,2003521
twitter,toYou_couriers,توصيل,توصيل في الأمطار خطر بدون مكافأة من التطبيق,2025-10-26,2003574
twitter,toYou_couriers,توصيل,مرسول فتح تسجيل جديد للموصلين هذا الأسبوع,2025-10-26,2003582
telegram,toYou_couriers,توصيل,مشوار ابو ٢٠ زمان في كيتا الحين ب٩,2025-10-26,2003595
telegram,jahez_couriers,توصيل,امس السحور ٩ ريال و ١٠ ريال من كيتا ليش ولا حق التعب,2025-10-26,2003600
twitter,HungerStation_drivers,توصيل,ذا شيفز يدفع بشكل منتظم بخلاف كيتا,2025-10-26,2003610
telegram,khamsat_ar,عمل_حر,ضريبة القيمة المضافة على الفريلانس كيف تشتغل,2025-10-26,2003622
twitter,khamsat_ar,عمل_حر,نبي حماية للفريلانسر من الزبون اللي ما يدفع,2025-10-26,2003642
twitter,freelancers_ksa,عمل_حر,بدأت فريلانس من بيتي والدخل تحسن الحمد لله,2025-10-26,2003712
telegram,wasselni_drivers,نقل,أوبر أفضل من بولت في توزيع الرحلات عندي,2025-10-27,2003140
telegram,careem_drivers_sa,نقل,ودي اشتغل ف بولت بجانب اوبر ممكن؟,2025-10-27,2003147
telegram,jeeny_ksa,نقل,بولت نسبة عالية خير ياطير اذا عوضنا,2025-10-27,2003179
telegram,Captains_saudi,نقل,الزحمة في الرياض قاتلة والأرباح نازلة,2025-10-27,2003243
telegram,wasselni_drivers,نقل,ما يستاهل لا تعب ولا وقت المشوار بعيد والربح ضعيف,2025-10-27,2003253
telegram,keeta_couriers,توصيل,جاهز أحسن من مرسول في التوزيع والسعر,2025-10-27,2003285
twitter,mrsool_delivery,توصيل,الاسعار اختلفت بعد كثرة المنافسين ودخول كيتا بالاخص,2025-10-27,2003297
telegram,HungerStation_drivers,توصيل,ياخوان الطلبات وقفت عندي من ساعة م جاني ولا طلب,2025-10-27,2003310
telegram,jahez_couriers,توصيل,جاهز أحسن من مرسول في التوزيع والسعر,2025-10-27,2003334
telegram,jahez_couriers,توصيل,الطلبات الليلية تساوي ضعف النهارية في كيتا,2025-10-27,2003367
telegram,keeta_couriers,توصيل,مرسول فتح تسجيل جديد للموصلين هذا الأسبوع,2025-10-27,2003387
twitter,delivery_ksa,توصيل,سلام وصلت طلب وسلمته للعميل بيدي وبعد نص ساعة خصموا قيمة الطلب,2025-10-27,2003394
telegram,jahez_couriers,توصيل,الطلبات في رمضان تجنن ٣ أضعاف العادي,2025-10-27,2003445
telegram,HungerStation_drivers,توصيل,جاهز أحسن من مرسول في التوزيع والسعر,2025-10-27,2003457
telegram,jahez_couriers,توصيل,كنت اشتغل مرسول زمان اطلع ٢٠٠ في اليوم على ٨ طلبات,2025-10-27,2003490
twitter,mrsool_delivery,توصيل,الطلبات الليلية تساوي ضعف النهارية في كيتا,2025-10-27,2003504
twitter,thechefs_ksa,توصيل,مشوار ابو ٢٠ زمان في كيتا الحين ب٩,2025-10-27,2003510
telegram,mrsool_delivery,توصيل,سلام وصلت طلب وسلمته للعميل بيدي وبعد نص ساعة خصموا قيمة الطلب,2025-10-27,2003524
telegram,jahez_couriers,توصيل,خدمة العملاء في كيتا ما تفيد تقريباً,2025-10-27,2003527
telegram,delivery_ksa,توصيل,المندوب المخالف يأكل حرام رزق شخص نظامي,2025-10-27,2003544
telegram,keeta_couriers,توصيل,مرسول الطلبات فل بس عيبه اطلب اي شي روح بنفسك,2025-10-27,2003556
telegram,jahez_couriers,توصيل,امس وصلت طلب والعميل تأخر وراح عليي مكافأة موعد الوصول,2025-10-27,2003560
twitter,keeta_couriers,توصيل,يعطيكم العافيه يا شباب حولت مبلغ من كيتا ولحد الان ما وصلت,2025-10-27,2003580
telegram,freelancers_ksa,عمل_حر,upwork أو مستقل أيهما أفضل للسعوديين,2025-10-27,2003631
twitter,freelancers_ksa,عمل_حر,أكملت مشروع تصميم بـ ٨٠٠ ريال في مستقل,2025-10-27,2003633
twitter,khamsat_ar,عمل_حر,بدأت فريلانس من بيتي والدخل تحسن الحمد لله,2025-10-27,2003659
telegram,freelancers_ksa,عمل_حر,مشروع ترجمة بكم تقدر تقدم,2025-10-27,2003666
telegram,khamsat_ar,عمل_حر,بدأت فريلانس من بيتي والدخل تحسن الحمد لله,2025-10-27,2003674
telegram,khamsat_ar,عمل_حر,مشروع ترجمة بكم تقدر تقدم,2025-10-27,2003691
telegram,mostaql_workers,عمل_حر,الزبون ما دفع بعد تسليم العمل كيف أتصرف,2025-10-27,2003711
twitter,khamsat_ar,عمل_حر,منصة خمسات أفضل للمبتدئين في العمل الحر,2025-10-27,2003718
twitter,mostaql_workers,عمل_حر,الزبائن الخليجيين يدفعون أحسن من العرب,2025-10-27,2003731
telegram,careem_drivers_sa,نقل,عميل تقييمه منخفض لا تاخذ مرة,2025-10-28,2003150
twitter,السائقين_السعوديين,نقل,ما يستاهل لا تعب ولا وقت المشوار بعيد والربح ضعيف,2025-10-28,2003169
twitter,jahez_couriers,توصيل,جدة من ٥ ايام ما في طلبات او طلبين بالكثير ايش المشكلة في كيتا,2025-10-28,2003340
telegram,mrsool_delivery,توصيل,الاسعار اختلفت بعد كثرة المنافسين ودخول كيتا بالاخص,2025-10-28,2003341
telegram,HungerStation_drivers,توصيل,واحد طالب ٣ ماء من كودو المهم يرسل يقول كنسل,2025-10-28,2003355
telegram,delivery_ksa,توصيل,واحد طالب ٣ ماء من كودو المهم يرسل يقول كنسل,2025-10-28,2003405
telegram,delivery_ksa,توصيل,مرسول فتح تسجيل جديد للموصلين هذا الأسبوع,2025-10-28,2003416
telegram,toYou_couriers,توصيل,هنجرستين وكيتا حاليًا جاهز ومرسول وذا شيفز بس اقل في الطلبات,2025-10-28,2003601
telegram,keeta_couriers,توصيل,كنت اشتغل مرسول زمان اطلع ٢٠٠ في اليوم على ٨ طلبات,2025-10-28,2003602
telegram,khamsat_ar,عمل_حر,نبي حماية للفريلانسر من الزبون اللي ما يدفع,2025-10-28,2003636
twitter,khamsat_ar,عمل_حر,الفريلانس في السعودية بدأ ينمو بشكل كبير,2025-10-28,2003655
twitter,freelancers_ksa,عمل_حر,دخلي من البرمجة هذا الشهر ٧٠٠٠ ريال,2025-10-28,2003672
telegram,careem_drivers_sa,نقل,ذروة ب كاش مع نسبتهم تشوفه مبلغ كويس بس يجيك بمشوار واحد بطاقة,2025-10-29,2003138
telegram,السائقين_السعوديين,نقل,كيان وصليني تطبيقات واعدة بس تحتاج وقت,2025-10-29,2003162
twitter,jeeny_ksa,نقل,ودي اشتغل ف بولت بجانب اوبر ممكن؟,2025-10-29,2003191
telegram,Captains_saudi,نقل,كيان وصليني تطبيقات واعدة بس تحتاج وقت,2025-10-29,2003248
telegram,CreemUber,نقل,اوبر مادري كيف يفكرون جاني مشوار والطرق كلها مقفله,2025-10-29,2003251
telegram,Captains_saudi,نقل,نبي نظام تأمين صحي للسائقين مثل الموظفين,2025-10-29,2003257
twitter,delivery_ksa,توصيل,مرسول فتح تسجيل جديد للموصلين هذا الأسبوع,2025-10-29,2003298
telegram,toYou_couriers,توصيل,ذا شيفز تعاملهم مع المناديب أحسن من كيتا,2025-10-29,2003317
telegram,jahez_couriers,توصيل,ذا شيفز يدفع بشكل منتظم بخلاف كيتا,2025-10-29,2003362
telegram,keeta_couriers,توصيل,مو محل وموظفين اغبياء هم الغلطانين مو المندوب,2025-10-29,2003428
telegram,jahez_couriers,توصيل,الطلبات في رمضان تجنن ٣ أضعاف العادي,2025-10-29,2003459
telegram,toYou_couriers,توصيل,والله كيتا صار يضحك علينا الطلبات وصلت الى ٦ ريال,2025-10-29,2003484
telegram,mrsool_delivery,توصيل,الدراجة تعطلت اليوم وخسرت شغل,2025-10-29,2003511
telegram,jahez_couriers,توصيل,جاهز أحسن من مرسول في التوزيع والسعر,2025-10-29,2003530
telegram,thechefs_ksa,توصيل,جدة من ٥ ايام ما في طلبات او طلبين بالكثير ايش المشكلة في كيتا,2025-10-29,2003539
telegram,thechefs_ksa,توصيل,ذا شيفز تعاملهم مع المناديب أحسن من كيتا,2025-10-29,2003546
telegram,keeta_couriers,توصيل,طلب وصل بارد لأن المطعم تأخر وراحت التقييم,2025-10-29,2003566
telegram,delivery_ksa,توصيل,هنجرستين وكيتا حاليًا جاهز ومرسول وذا شيفز بس اقل في الطلبات,2025-10-29,2003575
telegram,freelancers_ksa,عمل_حر,مشروع ترجمة بكم تقدر تقدم,2025-10-29,2003614
telegram,khamsat_ar,عمل_حر,دخلي من البرمجة هذا الشهر ٧٠٠٠ ريال,2025-10-29,2003628
telegram,freelancers_ksa,عمل_حر,upwork أو مستقل أيهما أفضل للسعوديين,2025-10-29,2003662
telegram,mostaql_workers,عمل_حر,الزبائن الخليجيين يدفعون أحسن من العرب,2025-10-29,2003720
telegram,mostaql_workers,عمل_حر,التسويق الرقمي من أكثر التخصصات طلباً,2025-10-29,2003723
telegram,bolt_drivers_ksa,نقل,جيني بدأ ينافس لكن ما زال الطلبات أقل,2025-10-30,2003176
telegram,Captains_saudi,نقل,عميل تقييمه منخفض لا تاخذ مرة,2025-10-30,2003199
twitter,mrsool_delivery,توصيل,هنجرستين وكيتا حاليًا جاهز ومرسول وذا شيفز بس اقل في الطلبات,2025-10-30,2003263
twitter,delivery_ksa,توصيل,طلب وصل بارد لأن المطعم تأخر وراحت التقييم,2025-10-30,2003321
telegram,mrsool_delivery,توصيل,الطلبات الليلية تساوي ضعف النهارية في كيتا,2025-10-30,2003338
telegram,delivery_ksa,توصيل,ذا شيفز تعاملهم مع المناديب أحسن من كيتا,2025-10-30,2003381
telegram,toYou_couriers,توصيل,ذا شيفز تعاملهم مع المناديب أحسن من كيتا,2025-10-30,2003389
twitter,thechefs_ksa,توصيل,مشوار ابو ٢٠ زمان في كيتا الحين ب٩,2025-10-30,2003402
twitter,thechefs_ksa,توصيل,مرسول رقم واحد بالتعويض يقولك توصل موقع العميل كلمنا,2025-10-30,2003434
twitter,thechefs_ksa,توصيل,كيتا الحين يقولك توصل الطلب وعشان تبلغ تأخير المطعم تنتظر,2025-10-30,2003455
telegram,keeta_couriers,توصيل,المخالفين موصلين ٣٠٠ وشوي الشهر اللي فات انا بقوة وصلت ٢٩٠,2025-10-30,2003470
telegram,toYou_couriers,توصيل,الحين ١٤ طلب في كيتا وما طلعت ٢٠ ريال,2025-10-30,2003482
telegram,toYou_couriers,توصيل,كيتا يلعبون على المندوب عشان يخصمون مكافأة التوصيل في الوقت,2025-10-30,2003522
telegram,delivery_ksa,توصيل,الحين ١٤ طلب في كيتا وما طلعت ٢٠ ريال,2025-10-30,2003557
twitter,thechefs_ksa,توصيل,الحين ١٤ طلب في كيتا وما طلعت ٢٠ ريال,2025-10-30,2003571
telegram,khamsat_ar,عمل_حر,كيف أحسن بروفايلي في مستقل وأحصل على عملاء,2025-10-30,2003643
telegram,freelancers_ksa,عمل_حر,التسويق الرقمي من أكثر التخصصات طلباً,2025-10-30,2003654
twitter,mostaql_workers,عمل_حر,الزبائن الخليجيين يدفعون أحسن من العرب,2025-10-30,2003687
twitter,mostaql_workers,عمل_حر,ضريبة القيمة المضافة على الفريلانس كيف تشتغل,2025-10-30,2003729
telegram,freelancers_ksa,عمل_حر,بدأت فريلانس من بيتي والدخل تحسن الحمد لله,2025-10-30,2003730
telegram,careem_drivers_sa,نقل,بولت انا مااوثق في اي زبون يقولي بحولك مابحولك,2025-10-31,2003146
telegram,uber_ksa_drivers,نقل,إلى متى يا اوبر نسبة عالية وفوق هذا تسعيرة زي وجهك,2025-10-31,2003197
twitter,السائقين_السعوديين,نقل,الذروة في كريم حمراء والطلبات ورا بعض بالمدينة,2025-10-31,2003225
telegram,CreemUber,نقل,التامين على السيارة غالي علينا الشركات مو مهتمة,2025-10-31,2003231
telegram,HungerStation_drivers,توصيل,امس السحور ٩ ريال و ١٠ ريال من كيتا ليش ولا حق التعب,2025-10-31,2003261
telegram,jahez_couriers,توصيل,مو محل وموظفين اغبياء هم الغلطانين مو المندوب,2025-10-31,2003268
telegram,keeta_couriers,توصيل,والله اذا موترك ينفع في النقل الموجه افضل بمليون مرة,2025-10-31,2003353
twitter,mrsool_delivery,توصيل,المندوب المخالف يأكل حرام رزق شخص نظامي,2025-10-31,2003378
telegram,thechefs_ksa,توصيل,سلام وصلت طلب وسلمته للعميل بيدي وبعد نص ساعة خصموا قيمة الطلب,2025-10-31,2003396
telegram,mrsool_delivery,توصيل,مرسول رقم واحد بالتعويض يقولك توصل موقع العميل كلمنا,2025-10-31,2003409
telegram,delivery_ksa,توصيل,جاهز أحسن من مرسول في التوزيع والسعر,2025-10-31,2003430
telegram,HungerStation_drivers,توصيل,سلام وصلت طلب وسلمته للعميل بيدي وبعد نص ساعة خصموا قيمة الطلب,2025-10-31,2003449
twitter,HungerStation_drivers,توصيل,امس وصلت طلب والعميل تأخر وراح عليي مكافأة موعد الوصول,2025-10-31,2003478
telegram,toYou_couriers,توصيل,مو محل وموظفين اغبياء هم الغلطانين مو المندوب,2025-10-31,2003492
twitter,jahez_couriers,توصيل,مرسول الطلبات فل بس عيبه اطلب اي شي روح بنفسك,2025-10-31,2003495
telegram,jahez_couriers,توصيل,كيتا يلعبون على المندوب عشان يخصمون مكافأة التوصيل في الوقت,2025-10-31,2003526
telegram,keeta_couriers,توصيل,مرسول فتح تسجيل جديد للموصلين هذا الأسبوع,2025-10-31,2003534
telegram,delivery_ksa,توصيل,مرسول فتح تسجيل جديد للموصلين هذا الأسبوع,2025-10-31,2003581
telegram,toYou_couriers,توصيل,توصيل في الأمطار خطر بدون مكافأة من التطبيق,2025-10-31,2003606
telegram,khamsat_ar,عمل_حر,التسويق الرقمي من أكثر التخصصات طلباً,2025-10-31,2003620
twitter,mostaql_workers,عمل_حر,بدأت فريلانس من بيتي والدخل تحسن الحمد لله,2025-10-31,2003627
twitter,mostaql_workers,عمل_حر,دخلي من البرمجة هذا الشهر ٧٠٠٠ ريال,2025-10-31,2003663
twitter,careem_drivers_sa,نقل,والله زمان كان فيها خير اما الان مو المستفيد الا التطبيق,2025-11-01,2002597
telegram,jeeny_ksa,نقل,السائق هو الي يتعب ولابد تكون نسبة اوبر لها حد اعلى ٢٠ ريال,2025-11-01,2002683
telegram,Captains_saudi,نقل,أحسن أوقات الشغل الفطور والغداء والذروة المسائية,2025-11-01,2002733
twitter,wasselni_drivers,نقل,التامين على السيارة غالي علينا الشركات مو مهتمة,2025-11-01,2002773
telegram,toYou_couriers,توصيل,كيتا الحين يقولك توصل الطلب وعشان تبلغ تأخير المطعم تنتظر,2025-11-01,2002843
telegram,keeta_couriers,توصيل,الاسعار اختلفت بعد كثرة المنافسين ودخول كيتا بالاخص,2025-11-01,2002846
telegram,mrsool_delivery,توصيل,مشكلة الباكدج الكبير ما يناسب الدراجة,2025-11-01,2002850
telegram,HungerStation_drivers,توصيل,توصيل في الأمطار خطر بدون مكافأة من التطبيق,2025-11-01,2002906
telegram,toYou_couriers,توصيل,مرسول رقم واحد بالتعويض يقولك توصل موقع العميل كلمنا,2025-11-01,2002920
telegram,jahez_couriers,توصيل,ياشباب امس المغرب حولت مبلغ من كيتا ولحد الان ما وصلت,2025-11-01,2002925
telegram,HungerStation_drivers,توصيل,وصلت ٢٠٠ طلب هذا الشهر الحمد لله,2025-11-01,2002929
telegram,thechefs_ksa,توصيل,طلب وصل بارد لأن المطعم تأخر وراحت التقييم,2025-11-01,2002975
telegram,keeta_couriers,توصيل,المندوب المخالف يأكل حرام رزق شخص نظامي,2025-11-01,2003006
telegram,jahez_couriers,توصيل,مشوار ابو ٢٠ زمان في كيتا الحين ب٩,2025-11-01,2003012
twitter,mostaql_workers,عمل_حر,بدأت فريلانس من بيتي والدخل تحسن الحمد لله,2025-11-01,2003057
twitter,mostaql_workers,عمل_حر,الزبون ما دفع بعد تسليم العمل كيف أتصرف,2025-11-01,2003075
telegram,السائقين_السعوديين,نقل,محتاج سيارة جديدة السيارة الحالية تعبت من كثر الشغل,2025-11-02,2002612
telegram,kayan_ksa,نقل,وصلت ٥٠ رحلة هذا الأسبوع الحمد لله رب العالمين,2025-11-02,2002624
twitter,bolt_drivers_ksa,نقل,من حقك ترفض خدمته سيارتك وترفع بلاغ,2025-11-02,2002628
twitter,Captains_saudi,نقل,والله زمان كان فيها خير اما الان مو المستفيد الا التطبيق,2025-11-02,2002633
telegram,Captains_saudi,نقل,كيان وصليني تطبيقات واعدة بس تحتاج وقت,2025-11-02,2002673
telegram,السائقين_السعوديين,نقل,اليوم الأوردرات كانت ممتازة والبخشيش زين الحمد لله,2025-11-02,2002682
twitter,السائقين_السعوديين,نقل,نبي نظام تأمين صحي للسائقين مثل الموظفين,2025-11-02,2002703
telegram,CreemUber,نقل,التامين على السيارة غالي علينا الشركات مو مهتمة,2025-11-02,2002732
telegram,jeeny_ksa,نقل,السكوت ماراح ينفع خلونا نتحرك بشكل منظم,2025-11-02,2002774
twitter,thechefs_ksa,توصيل,هنجرستين وكيتا حاليًا جاهز ومرسول وذا شيفز بس اقل في الطلبات,2025-11-02,2002844
twitter,mrsool_delivery,توصيل,ياشباب امس المغرب حولت مبلغ من كيتا ولحد الان ما وصلت,2025-11-02,2002863
telegram,keeta_couriers,توصيل,توصيل في الأمطار خطر بدون مكافأة من التطبيق,2025-11-02,2002903
twitter,toYou_couriers,توصيل,ذا شيفز الطلبات كثيرة بس المنطقة محدودة حتى الآن,2025-11-02,2002992
twitter,HungerStation_drivers,توصيل,رحت محل اكل هندي وجبت طلب وشوربة واقعة جاني خصم ٥٠ ريال,2025-11-02,2003020
telegram,mostaql_workers,عمل_حر,نبي حماية للفريلانسر من الزبون اللي ما يدفع,2025-11-02,2003025
twitter,mostaql_workers,عمل_حر,الزبون ما دفع بعد تسليم العمل كيف أتصرف,2025-11-02,2003041
telegram,freelancers_ksa,عمل_حر,أكملت مشروع تصميم بـ ٨٠٠ ريال في مستقل,2025-11-02,2003070
telegram,freelancers_ksa,عمل_حر,بدأت فريلانس من بيتي والدخل تحسن الحمد لله,2025-11-02,2003071
telegram,mostaql_workers,عمل_حر,أكملت مشروع تصميم بـ ٨٠٠ ريال في مستقل,2025-11-02,2003090
telegram,freelancers_ksa,عمل_حر,upwork أو مستقل أيهما أفضل للسعوديين,2025-11-02,2003114
twitter,khamsat_ar,عمل_حر,منصة خمسات أفضل للمبتدئين في العمل الحر,2025-11-02,2003120
telegram,السائقين_السعوديين,نقل,جيني وصليني الاسعار خايسه جدا يعني الكيلو اقل من ريال,2025-11-03,2002602
telegram,careem_drivers_sa,نقل,كيان وصليني تطبيقات واعدة بس تحتاج وقت,2025-11-03,2002614
twitter,jeeny_ksa,نقل,وصلت واحد المطار وكان مصري وحك الصدام من السيارة,2025-11-03,2002623
twitter,careem_drivers_sa,نقل,أوبر أفضل من بولت في توزيع الرحلات عندي,2025-11-03,2002630
twitter,wasselni_drivers,نقل,من حقك ترفض خدمته سيارتك وترفع بلاغ,2025-11-03,2002650
telegram,careem_drivers_sa,نقل,عميل تقييمه منخفض لا تاخذ مرة,2025-11-03,2002674
twitter,السائقين_السعوديين,نقل,نبي نظام تأمين صحي للسائقين مثل الموظفين,2025-11-03,2002695
telegram,wasselni_drivers,نقل,كيان وصليني تطبيقات واعدة بس تحتاج وقت,2025-11-03,2002722
telegram,bolt_drivers_ksa,نقل,الزحمة في الرياض قاتلة والأرباح نازلة,2025-11-03,2002765
telegram,jeeny_ksa,نقل,اذا الوقت زاد ٨ دقايق وفوق ماافكهم غير مسويلي تعويض,2025-11-03,2002777
telegram,careem_drivers_sa,نقل,اوبر زود على نسبة الالغاء وانا ما قدرت اوصل للعميل,2025-11-03,2002779
twitter,kayan_ksa,نقل,ما يستاهل لا تعب ولا وقت المشوار بعيد والربح ضعيف,2025-11-03,2002781
telegram,thechefs_ksa,توصيل,والله اذا موترك ينفع في النقل الموجه افضل بمليون مرة,2025-11-03,2002820
telegram,HungerStation_drivers,توصيل,مرسول فتح تسجيل جديد للموصلين هذا الأسبوع,2025-11-03,2002862
twitter,delivery_ksa,توصيل,ذا شيفز تعاملهم مع المناديب أحسن من كيتا,2025-11-03,2002879
twitter,keeta_couriers,توصيل,رحت محل اكل هندي وجبت طلب وشوربة واقعة جاني خصم ٥٠ ريال,2025-11-03,2002923
telegram,keeta_couriers,توصيل,مشكلة الباكدج الكبير ما يناسب الدراجة,2025-11-03,2002991
twitter,delivery_ksa,توصيل,توصيل في الأمطار خطر بدون مكافأة من التطبيق,2025-11-03,2003019
twitter,khamsat_ar,عمل_حر,مشروع ترجمة بكم تقدر تقدم,2025-11-03,2003035
telegram,khamsat_ar,عمل_حر,الزبون ما دفع بعد تسليم العمل كيف أتصرف,2025-11-03,2003045
twitter,freelancers_ksa,عمل_حر,الزبون ما دفع بعد تسليم العمل كيف أتصرف,2025-11-03,2003131
twitter,Captains_saudi,نقل,السائقين الأجانب يزاحمون على الرحلات في كريم,2025-11-04,2002603
telegram,wasselni_drivers,نقل,الزحمة في الرياض قاتلة والأرباح نازلة,2025-11-04,2002634
twitter,bolt_drivers_ksa,نقل,كيان وصليني تطبيقات واعدة بس تحتاج وقت,2025-11-04,2002652
telegram,uber_ksa_drivers,نقل,بولت نسبة عالية خير ياطير اذا عوضنا,2025-11-04,2002689
twitter,jeeny_ksa,نقل,السائق هو الي يتعب ولابد تكون نسبة اوبر لها حد اعلى ٢٠ ريال,2025-11-04,2002705
twitter,thechefs_ksa,توصيل,مرسول رقم واحد بالتعويض يقولك توصل موقع العميل كلمنا,2025-11-04,2002868
telegram,HungerStation_drivers,توصيل,طلب وصل بارد لأن المطعم تأخر وراحت التقييم,2025-11-04,2002900
telegram,toYou_couriers,توصيل,الطلبات الليلية تساوي ضعف النهارية في كيتا,2025-11-04,2002915
telegram,delivery_ksa,توصيل,الطلبات في رمضان تجنن ٣ أضعاف العادي,2025-11-04,2002919
telegram,jahez_couriers,توصيل,جاهز أحسن من مرسول في التوزيع والسعر,2025-11-04,2002973
telegram,mrsool_delivery,توصيل,مو محل وموظفين اغبياء هم الغلطانين مو المندوب,2025-11-04,2003011
telegram,freelancers_ksa,عمل_حر,كيف أحسن بروفايلي في مستقل وأحصل على عملاء,2025-11-04,2003056
twitter,khamsat_ar,عمل_حر,الزبون ما دفع بعد تسليم العمل كيف أتصرف,2025-11-04,2003058
telegram,freelancers_ksa,عمل_حر,دخلي من البرمجة هذا الشهر ٧٠٠٠ ريال,2025-11-04,2003066
twitter,freelancers_ksa,عمل_حر,upwork أو مستقل أيهما أفضل للسعوديين,2025-11-04,2003098
telegram,khamsat_ar,عمل_حر,بدأت فريلانس من بيتي والدخل تحسن الحمد لله,2025-11-04,2003103
twitter,mostaql_workers,عمل_حر,ضريبة القيمة المضافة على الفريلانس كيف تشتغل,2025-11-04,2003130
telegram,mostaql_workers,عمل_حر,أكملت مشروع تصميم بـ ٨٠٠ ريال في مستقل,2025-11-04,2003132
telegram,bolt_drivers_ksa,نقل,كم متوسط دخل الكابتن في الرياض شهريًا حاليًا,2025-11-05,2002587
telegram,uber_ksa_drivers,نقل,التامين على السيارة غالي علينا الشركات مو مهتمة,2025-11-05,2002651
telegram,jeeny_ksa,نقل,وصليني مافيه طلبات كافية في منطقتي,2025-11-05,2002678
telegram,CreemUber,نقل,رفضت رحلة بعيدة وخسرت bonus الاسبوع,2025-11-05,2002687
telegram,bolt_drivers_ksa,نقل,وصلت ٥٠ رحلة هذا الأسبوع الحمد لله رب العالمين,2025-11-05,2002710
telegram,Captains_saudi,نقل,بولت انا مااوثق في اي زبون يقولي بحولك مابحولك,2025-11-05,2002715
telegram,uber_ksa_drivers,نقل,الذروة في كريم حمراء والطلبات ورا بعض بالمدينة,2025-11-05,2002727
telegram,السائقين_السعوديين,نقل,أحسن أوقات الشغل الفطور والغداء والذروة المسائية,2025-11-05,2002740
twitter,Captains_saudi,نقل,السائق هو الي يتعب ولابد تكون نسبة اوبر لها حد اعلى ٢٠ ريال,2025-11-05,2002788
telegram,CreemUber,نقل,الزحمة في الرياض قاتلة والأرباح نازلة,2025-11-05,2002803
telegram,toYou_couriers,توصيل,مشكلة الباكدج الكبير ما يناسب الدراجة,2025-11-05,2002959
telegram,jahez_couriers,توصيل,ذا شيفز تعاملهم مع المناديب أحسن من كيتا,2025-11-05,2002970
twitter,keeta_couriers,توصيل,يعطيكم العافيه يا شباب حولت مبلغ من كيتا ولحد الان ما وصلت,2025-11-05,2002981
telegram,jahez_couriers,توصيل,امس السحور ٩ ريال و ١٠ ريال من كيتا ليش ولا حق التعب,2025-11-05,2003002
telegram,mrsool_delivery,توصيل,الحين ١٤ طلب في كيتا وما طلعت ٢٠ ريال,2025-11-05,2003010
telegram,mrsool_delivery,توصيل,والله كيتا صار يضحك علينا الطلبات وصلت الى ٦ ريال,2025-11-05,2003017
telegram,HungerStation_drivers,توصيل,خدمة العملاء في كيتا ما تفيد تقريباً,2025-11-05,2003022
telegram,khamsat_ar,عمل_حر,ضريبة القيمة المضافة على الفريلانس كيف تشتغل,2025-11-05,2003029
telegram,mostaql_workers,عمل_حر,الزبون ما دفع بعد تسليم العمل كيف أتصرف,2025-11-05,2003047
twitter,khamsat_ar,عمل_حر,upwork أو مستقل أيهما أفضل للسعوديين,2025-11-05,2003052
telegram,freelancers_ksa,عمل_حر,منصة خمسات أفضل للمبتدئين في العمل الحر,2025-11-05,2003053
twitter,mostaql_workers,عمل_حر,upwork أو مستقل أيهما أفضل للسعوديين,2025-11-05,2003073
twitter,uber_ksa_drivers,نقل,السكوت ماراح ينفع خلونا نتحرك بشكل منظم,2025-11-06,2002579
telegram,السائقين_السعوديين,نقل,متوسط دخلي اليوم ١٨٠ ريال بعد البنزين,2025-11-06,2002684
twitter,uber_ksa_drivers,نقل,اذا الوقت زاد ٨ دقايق وفوق ماافكهم غير مسويلي تعويض,2025-11-06,2002686
telegram,السائقين_السعوديين,نقل,بعدها على بولت خلال ٦ ساعات ٢٠٠ ريال خلال ١٦ ساعة ٧٠٠ ريال ثابتة,2025-11-06,2002716
twitter,wasselni_drivers,نقل,اتمنى الجميع يركز نتحرك بشكل جماعي نرفع شكاوى لوزارة النقل,2025-11-06,2002717
telegram,careem_drivers_sa,نقل,من حقك ترفض خدمته سيارتك وترفع بلاغ,2025-11-06,2002787
telegram,jahez_couriers,توصيل,وصلت طلبات وطلعت ب١١٠ ريال لكن ليش ما اتضافت للسحب,2025-11-06,2002805
telegram,mrsool_delivery,توصيل,رحت محل اكل هندي وجبت طلب وشوربة واقعة جاني خصم ٥٠ ريال,2025-11-06,2002838
telegram,mrsool_delivery,توصيل,ياشباب امس المغرب حولت مبلغ من كيتا ولحد الان ما وصلت,2025-11-06,2002899
telegram,jahez_couriers,توصيل,المندوب المخالف يأكل حرام رزق شخص نظامي,2025-11-06,2002957
twitter,HungerStation_drivers,توصيل,كيتا الحين يقولك توصل الطلب وعشان تبلغ تأخير المطعم تنتظر,2025-11-06,2002964
telegram,mrsool_delivery,توصيل,الطلبات الليلية تساوي ضعف النهارية في كيتا,2025-11-06,2002972
telegram,mrsool_delivery,توصيل,المندوب المخالف يأكل حرام رزق شخص نظامي,2025-11-06,2002982
telegram,mostaql_workers,عمل_حر,كيف أحسن بروفايلي في مستقل وأحصل على عملاء,2025-11-06,2003060
telegram,khamsat_ar,عمل_حر,دخلي من البرمجة هذا الشهر ٧٠٠٠ ريال,2025-11-06,2003062
telegram,khamsat_ar,عمل_حر,التسويق الرقمي من أكثر التخصصات طلباً,2025-11-06,2003107
telegram,freelancers_ksa,عمل_حر,upwork أو مستقل أيهما أفضل للسعوديين,2025-11-06,2003135
telegram,jeeny_ksa,نقل,بولت نسبة عالية خير ياطير اذا عوضنا,2025-11-07,2002637
telegram,jeeny_ksa,نقل,الزحمة في الرياض قاتلة والأرباح نازلة,2025-11-07,2002641
telegram,bolt_drivers_ksa,نقل,ما يستاهل لا تعب ولا وقت المشوار بعيد والربح ضعيف,2025-11-07,2002670
twitter,wasselni_drivers,نقل,نبي نظام تأمين صحي للسائقين مثل الموظفين,2025-11-07,2002748
telegram,jeeny_ksa,نقل,أوبر أفضل من بولت في توزيع الرحلات عندي,2025-11-07,2002756
twitter,CreemUber,نقل,ذروة ب كاش مع نسبتهم تشوفه مبلغ كويس بس يجيك بمشوار واحد بطاقة,2025-11-07,2002769
twitter,careem_drivers_sa,نقل,كيان التطبيق جديد بس الطلبات وايد خير من اوبر,2025-11-07,2002789
telegram,thechefs_ksa,توصيل,مانبي نقطع رزق احد بس والله غبنه توقف عند المطاعم وتنتظر,2025-11-07,2002858
telegram,HungerStation_drivers,توصيل,الطلبات الليلية تساوي ضعف النهارية في كيتا,2025-11-07,2002872
telegram,toYou_couriers,توصيل,طلب وصل بارد لأن المطعم تأخر وراحت التقييم,2025-11-07,2002938
telegram,delivery_ksa,توصيل,مرسول شغال زي لوز ما عده كيتا,2025-11-07,2002954
telegram,HungerStation_drivers,توصيل,كنت اشتغل مرسول زمان اطلع ٢٠٠ في اليوم على ٨ طلبات,2025-11-07,2002955
telegram,toYou_couriers,توصيل,واحد طالب ٣ ماء من كودو المهم يرسل يقول كنسل,2025-11-07,2003023
telegram,freelancers_ksa,عمل_حر,ضريبة القيمة المضافة على الفريلانس كيف تشتغل,2025-11-07,2003031
telegram,freelancers_ksa,عمل_حر,كيف أحسن بروفايلي في مستقل وأحصل على عملاء,2025-11-07,2003049
twitter,mostaql_workers,عمل_حر,أكملت مشروع تصميم بـ ٨٠٠ ريال في مستقل,2025-11-07,2003108
twitter,careem_drivers_sa,نقل,اوبر زود على نسبة الالغاء وانا ما قدرت اوصل للعميل,2025-11-08,2002590
telegram,jeeny_ksa,نقل,العمل في المطارات أحسن من الشوارع الربح افضل,2025-11-08,2002592
twitter,jeeny_ksa,نقل,عميل تقييمه منخفض لا تاخذ مرة,2025-11-08,2002626
twitter,CreemUber,نقل,ذروة ب كاش مع نسبتهم تشوفه مبلغ كويس بس يجيك بمشوار واحد بطاقة,2025-11-08,2002654
telegram,careem_drivers_sa,نقل,ودي اشتغل ف بولت بجانب اوبر ممكن؟,2025-11-08,2002655
telegram,wasselni_drivers,نقل,جربت كابتن في جيني وجيت الرياض والشغل مثل الشرقية,2025-11-08,2002671
telegram,jeeny_ksa,نقل,العمل في المطارات أحسن من الشوارع الربح افضل,2025-11-08,2002744
twitter,kayan_ksa,نقل,بعدها على بولت خلال ٦ ساعات ٢٠٠ ريال خلال ١٦ ساعة ٧٠٠ ريال ثابتة,2025-11-08,2002752
telegram,toYou_couriers,توصيل,مرسول رقم واحد بالتعويض يقولك توصل موقع العميل كلمنا,2025-11-08,2002817
telegram,delivery_ksa,توصيل,توصيل في الأمطار خطر بدون مكافأة من التطبيق,2025-11-08,2002822
telegram,keeta_couriers,توصيل,مانبي نقطع رزق احد بس والله غبنه توقف عند المطاعم وتنتظر,2025-11-08,2002916
telegram,keeta_couriers,توصيل,المندوب المخالف يأكل حرام رزق شخص نظامي,2025-11-08,2002928
telegram,HungerStation_drivers,توصيل,مشوار ابو ٢٠ زمان في كيتا الحين ب٩,2025-11-08,2002941
twitter,thechefs_ksa,توصيل,والله اذا موترك ينفع في النقل الموجه افضل بمليون مرة,2025-11-08,2003000
telegram,jahez_couriers,توصيل,ذا شيفز تعاملهم مع المناديب أحسن من كيتا,2025-11-08,2003004
telegram,mostaql_workers,عمل_حر,upwork أو مستقل أيهما أفضل للسعوديين,2025-11-08,2003061
telegram,mostaql_workers,عمل_حر,دخلي من البرمجة هذا الشهر ٧٠٠٠ ريال,2025-11-08,2003087
twitter,mostaql_workers,عمل_حر,التسويق الرقمي من أكثر التخصصات طلباً,2025-11-08,2003112
telegram,kayan_ksa,نقل,ذروة ب كاش مع نسبتهم تشوفه مبلغ كويس بس يجيك بمشوار واحد بطاقة,2025-11-09,2002665
telegram,CreemUber,نقل,ودي اشتغل ف بولت بجانب اوبر ممكن؟,2025-11-09,2002714
telegram,wasselni_drivers,نقل,اقل شي ٤٥٠ واعلى شي ٥٥٠ خلال ١٢ ساعة على اوبر,2025-11-09,2002739
twitter,toYou_couriers,توصيل,جدة من ٥ ايام ما في طلبات او طلبين بالكثير ايش المشكلة في كيتا,2025-11-09,2002852
telegram,HungerStation_drivers,توصيل,جدة من ٥ ايام ما في طلبات او طلبين بالكثير ايش المشكلة في كيتا,2025-11-09,2002866
telegram,HungerStation_drivers,توصيل,ذا شيفز الطلبات كثيرة بس المنطقة محدودة حتى الآن,2025-11-09,2002871
twitter,keeta_couriers,توصيل,جاهز أحسن من مرسول في التوزيع والسعر,2025-11-09,2002884
telegram,thechefs_ksa,توصيل,سلام وصلت طلب وسلمته للعميل بيدي وبعد نص ساعة خصموا قيمة الطلب,2025-11-09,2002907
telegram,jahez_couriers,توصيل,ياشباب امس المغرب حولت مبلغ من كيتا ولحد الان ما وصلت,2025-11-09,2002913
twitter,toYou_couriers,توصيل,طلب وصل بارد لأن المطعم تأخر وراحت التقييم,2025-11-09,2002983
telegram,thechefs_ksa,توصيل,جاهز أحسن من مرسول في التوزيع والسعر,2025-11-09,2002998
telegram,freelancers_ksa,عمل_حر,منصة خمسات أفضل للمبتدئين في العمل الحر,2025-11-09,2003030
twitter,freelancers_ksa,عمل_حر,الزبون ما دفع بعد تسليم العمل كيف أتصرف,2025-11-09,2003106
twitter,bolt_drivers_ksa,نقل,كيان وصليني تطبيقات واعدة بس تحتاج وقت,2025-11-10,2002581
telegram,kayan_ksa,نقل,من حقك ترفض خدمته سيارتك وترفع بلاغ,2025-11-10,2002638
telegram,uber_ksa_drivers,نقل,كيان التطبيق جديد بس الطلبات وايد خير من اوبر,2025-11-10,2002758
telegram,kayan_ksa,نقل,اوبر مادري كيف يفكرون جاني مشوار والطرق كلها مقفله,2025-11-10,2002767
telegram,toYou_couriers,توصيل,ياخوان الطلبات وقفت عندي من ساعة م جاني ولا طلب,2025-11-10,2002828
twitter,thechefs_ksa,توصيل,المخالفين موصلين ٣٠٠ وشوي الشهر اللي فات انا بقوة وصلت ٢٩٠,2025-11-10,2002867
telegram,toYou_couriers,توصيل,مرسول فتح تسجيل جديد للموصلين هذا الأسبوع,2025-11-10,2002901
telegram,mrsool_delivery,توصيل,مشوار ابو ٢٠ زمان في كيتا الحين ب٩,2025-11-10,2002914
telegram,jahez_couriers,توصيل,كيتا يلعبون على المندوب عشان يخصمون مكافأة التوصيل في الوقت,2025-11-10,2002993
twitter,jahez_couriers,توصيل,مرسول رقم واحد بالتعويض يقولك توصل موقع العميل كلمنا,2025-11-10,2002996
twitter,mostaql_workers,عمل_حر,كيف أحسن بروفايلي في مستقل وأحصل على عملاء,2025-11-10,2003048
twitter,khamsat_ar,عمل_حر,الزبائن الخليجيين يدفعون أحسن من العرب,2025-11-10,2003054
telegram,freelancers_ksa,عمل_حر,نبي حماية للفريلانسر من الزبون اللي ما يدفع,2025-11-10,2003063
telegram,freelancers_ksa,عمل_حر,بدأت فريلانس من بيتي والدخل تحسن الحمد لله,2025-11-10,2003085
telegram,freelancers_ksa,عمل_حر,upwork أو مستقل أيهما أفضل للسعوديين,2025-11-10,2003088
telegram,mostaql_workers,عمل_حر,الفريلانس في السعودية بدأ ينمو بشكل كبير,2025-11-10,2003099
telegram,kayan_ksa,نقل,نسبة اوبر في مشوار المطار وصلت ٧٥٪ اخذ من الزبون ٥٩ ريال عطاني ١٢ فقط,2025-11-11,2002582
telegram,CreemUber,نقل,التامين على السيارة غالي علينا الشركات مو مهتمة,2025-11-11,2002594
telegram,kayan_ksa,نقل,السائقين الأجانب يزاحمون على الرحلات في كريم,2025-11-11,2002600
telegram,careem_drivers_sa,نقل,بعدها على بولت خلال ٦ ساعات ٢٠٠ ريال خلال ١٦ ساعة ٧٠٠ ريال ثابتة,2025-11-11,2002643
telegram,kayan_ksa,نقل,السائق هو الي يتعب ولابد تكون نسبة اوبر لها حد اعلى ٢٠ ريال,2025-11-11,2002728
telegram,bolt_drivers_ksa,نقل,من حقك ترفض خدمته سيارتك وترفع بلاغ,2025-11-11,2002770
twitter,CreemUber,نقل,والله زمان كان فيها خير اما الان مو المستفيد الا التطبيق,2025-11-11,2002772
telegram,careem_drivers_sa,نقل,ذروة ب كاش مع نسبتهم تشوفه مبلغ كويس بس يجيك بمشوار واحد بطاقة,2025-11-11,2002785
telegram,uber_ksa_drivers,نقل,نسبة اوبر في مشوار المطار وصلت ٧٥٪ اخذ من الزبون ٥٩ ريال عطاني ١٢ فقط,2025-11-11,2002798
telegram,jahez_couriers,توصيل,وصلت ٢٠٠ طلب هذا الشهر الحمد لله,2025-11-11,2002808
telegram,delivery_ksa,توصيل,جدة من ٥ ايام ما في طلبات او طلبين بالكثير ايش المشكلة في كيتا,2025-11-11,2002810
telegram,jahez_couriers,توصيل,مرسول فتح تسجيل جديد للموصلين هذا الأسبوع,2025-11-11,2002818
telegram,keeta_couriers,توصيل,والله اذا موترك ينفع في النقل الموجه افضل بمليون مرة,2025-11-11,2002819
telegram,mrsool_delivery,توصيل,مرسول شغال زي لوز ما عده كيتا,2025-11-11,2002835
telegram,toYou_couriers,توصيل,المندوب المخالف يأكل حرام رزق شخص نظامي,2025-11-11,2002839
telegram,delivery_ksa,توصيل,المندوب المخالف يأكل حرام رزق شخص نظامي,2025-11-11,2002881
telegram,toYou_couriers,توصيل,المخالفين موصلين ٣٠٠ وشوي الشهر اللي فات انا بقوة وصلت ٢٩٠,2025-11-11,2002909
telegram,jahez_couriers,توصيل,وصلت طلبات وطلعت ب١١٠ ريال لكن ليش ما اتضافت للسحب,2025-11-11,2002931
telegram,HungerStation_drivers,توصيل,سلام وصلت طلب وسلمته للعميل بيدي وبعد نص ساعة خصموا قيمة الطلب,2025-11-11,2003021
twitter,khamsat_ar,عمل_حر,دخلي من البرمجة هذا الشهر ٧٠٠٠ ريال,2025-11-11,2003028
telegram,khamsat_ar,عمل_حر,upwork أو مستقل أيهما أفضل للسعوديين,2025-11-11,2003037
telegram,khamsat_ar,عمل_حر,ضريبة القيمة المضافة على الفريلانس كيف تشتغل,2025-11-11,2003040
telegram,khamsat_ar,عمل_حر,منصة خمسات أفضل للمبتدئين في العمل الحر,2025-11-11,2003074
twitter,freelancers_ksa,عمل_حر,نبي حماية للفريلانسر من الزبون اللي ما يدفع,2025-11-11,2003109
twitter,khamsat_ar,عمل_حر,كيف أحسن بروفايلي في مستقل وأحصل على عملاء,2025-11-11,2003124
telegram,freelancers_ksa,عمل_حر,كيف أحسن بروفايلي في مستقل وأحصل على عملاء,2025-11-11,2003126
telegram,Captains_saudi,نقل,بولت انا مااوثق في اي زبون يقولي بحولك مابحولك,2025-11-12,2002585
telegram,careem_drivers_sa,نقل,جربت كابتن في جيني وجيت الرياض والشغل مثل الشرقية,2025-11-12,2002610
telegram,careem_drivers_sa,نقل,وصلت واحد المطار وكان مصري وحك الصدام من السيارة,2025-11-12,2002639
twitter,jeeny_ksa,نقل,والله زمان كان فيها خير اما الان مو المستفيد الا التطبيق,2025-11-12,2002685
telegram,CreemUber,نقل,اذا الوقت زاد ٨ دقايق وفوق ماافكهم غير مسويلي تعويض,2025-11-12,2002723
telegram,wasselni_drivers,نقل,التامين على السيارة غالي علينا الشركات مو مهتمة,2025-11-12,2002726
telegram,السائقين_السعوديين,نقل,متوسط دخلي اليوم ١٨٠ ريال بعد البنزين,2025-11-12,2002743
telegram,bolt_drivers_ksa,نقل,وصلت واحد المطار وكان مصري وحك الصدام من السيارة,2025-11-12,2002776
telegram,bolt_drivers_ksa,نقل,ذروة ب كاش مع نسبتهم تشوفه مبلغ كويس بس يجيك بمشوار واحد بطاقة,2025-11-12,2002797
telegram,toYou_couriers,توصيل,مو محل وموظفين اغبياء هم الغلطانين مو المندوب,2025-11-12,2002812
twitter,toYou_couriers,توصيل,يعطيكم العافيه يا شباب حولت مبلغ من كيتا ولحد الان ما وصلت,2025-11-12,2002829
twitter,thechefs_ksa,توصيل,طلب وصل بارد لأن المطعم تأخر وراحت التقييم,2025-11-12,2002851
telegram,delivery_ksa,توصيل,مرسول الطلبات فل بس عيبه اطلب اي شي روح بنفسك,2025-11-12,2002857
telegram,delivery_ksa,توصيل,ذا شيفز الطلبات كثيرة بس المنطقة محدودة حتى الآن,2025-11-12,2002880
telegram,jahez_couriers,توصيل,الطلبات الليلية تساوي ضعف النهارية في كيتا,2025-11-12,2002882
telegram,jahez_couriers,توصيل,كيتا يلعبون على المندوب عشان يخصمون مكافأة التوصيل في الوقت,2025-11-12,2002988
telegram,keeta_couriers,توصيل,المندوب المخالف يأكل حرام رزق شخص نظامي,2025-11-12,2003008
telegram,HungerStation_drivers,توصيل,امس السحور ٩ ريال و ١٠ ريال من كيتا ليش ولا حق التعب,2025-11-12,2003016
twitter,thechefs_ksa,توصيل,مشوار ابو ٢٠ زمان في كيتا الحين ب٩,2025-11-12,2003018
telegram,khamsat_ar,عمل_حر,مشروع ترجمة بكم تقدر تقدم,2025-11-12,2003036
telegram,mostaql_workers,عمل_حر,دخلي من البرمجة هذا الشهر ٧٠٠٠ ريال,2025-11-12,2003044
telegram,bolt_drivers_ksa,نقل,رفضت رحلة بعيدة وخسرت bonus الاسبوع,2025-11-13,2002598
twitter,careem_drivers_sa,نقل,جربت كابتن في جيني وجيت الرياض والشغل مثل الشرقية,2025-11-13,2002606
twitter,Captains_saudi,نقل,ما يستاهل لا تعب ولا وقت المشوار بعيد والربح ضعيف,2025-11-13,2002680
telegram,jeeny_ksa,نقل,جيني وصليني الاسعار خايسه جدا يعني الكيلو اقل من ريال,2025-11-13,2002696
twitter,wasselni_drivers,نقل,نسبة اوبر في مشوار المطار وصلت ٧٥٪ اخذ من الزبون ٥٩ ريال عطاني ١٢ فقط,2025-11-13,2002709
telegram,Captains_saudi,نقل,السائقين الأجانب يزاحمون على الرحلات في كريم,2025-11-13,2002719
telegram,wasselni_drivers,نقل,محتاج سيارة جديدة السيارة الحالية تعبت من كثر الشغل,2025-11-13,2002741
telegram,kayan_ksa,نقل,اقل شي ٤٥٠ واعلى شي ٥٥٠ خلال ١٢ ساعة على اوبر,2025-11-13,2002746
telegram,wasselni_drivers,نقل,اذا الوقت زاد ٨ دقايق وفوق ماافكهم غير مسويلي تعويض,2025-11-13,2002790
telegram,mrsool_delivery,توصيل,المخالفين موصلين ٣٠٠ وشوي الشهر اللي فات انا بقوة وصلت ٢٩٠,2025-11-13,2002864
twitter,mrsool_delivery,توصيل,الطلبات الليلية تساوي ضعف النهارية في كيتا,2025-11-13,2002960
twitter,careem_drivers_sa,نقل,بعدها على بولت خلال ٦ ساعات ٢٠٠ ريال خلال ١٦ ساعة ٧٠٠ ريال ثابتة,2025-11-14,2002660
telegram,Captains_saudi,نقل,بعدها على بولت خلال ٦ ساعات ٢٠٠ ريال خلال ١٦ ساعة ٧٠٠ ريال ثابتة,2025-11-14,2002698
telegram,careem_drivers_sa,نقل,التامين على السيارة غالي علينا الشركات مو مهتمة,2025-11-14,2002749
telegram,uber_ksa_drivers,نقل,السائقين الأجانب يزاحمون على الرحلات في كريم,2025-11-14,2002759
telegram,Captains_saudi,نقل,التامين على السيارة غالي علينا الشركات مو مهتمة,2025-11-14,2002784
telegram,jeeny_ksa,نقل,التامين على السيارة غالي علينا الشركات مو مهتمة,2025-11-14,2002801
telegram,thechefs_ksa,توصيل,مرسول شغال زي لوز ما عده كيتا,2025-11-14,2002813
telegram,HungerStation_drivers,توصيل,الطلبات في رمضان تجنن ٣ أضعاف العادي,2025-11-14,2002873
telegram,keeta_couriers,توصيل,مشوار ابو ٢٠ زمان في كيتا الحين ب٩,2025-11-14,2002922
telegram,toYou_couriers,توصيل,مرسول فتح تسجيل جديد للموصلين هذا الأسبوع,2025-11-14,2002977
telegram,HungerStation_drivers,توصيل,الطلبات الليلية تساوي ضعف النهارية في كيتا,2025-11-14,2002979
telegram,thechefs_ksa,توصيل,ياخوان الطلبات وقفت عندي من ساعة م جاني ولا طلب,2025-11-14,2002994
twitter,khamsat_ar,عمل_حر,التسويق الرقمي من أكثر التخصصات طلباً,2025-11-14,2003068
twitter,khamsat_ar,عمل_حر,الزبائن الخليجيين يدفعون أحسن من العرب,2025-11-14,2003078
twitter,mostaql_workers,عمل_حر,مشروع ترجمة بكم تقدر تقدم,2025-11-14,2003083
twitter,mostaql_workers,عمل_حر,التسويق الرقمي من أكثر التخصصات طلباً,2025-11-14,2003091
telegram,mostaql_workers,عمل_حر,أكملت مشروع تصميم بـ ٨٠٠ ريال في مستقل,2025-11-14,2003097
telegram,السائقين_السعوديين,نقل,ما يستاهل لا تعب ولا وقت المشوار بعيد والربح ضعيف,2025-11-15,2002599
twitter,السائقين_السعوديين,نقل,من حقك ترفض خدمته سيارتك وترفع بلاغ,2025-11-15,2002601
twitter,CreemUber,نقل,بولت انا مااوثق في اي زبون يقولي بحولك مابحولك,2025-11-15,2002620
telegram,bolt_drivers_ksa,نقل,كيان التطبيق جديد بس الطلبات وايد خير من اوبر,2025-11-15,2002640
telegram,CreemUber,نقل,السائقين الأجانب يزاحمون على الرحلات في كريم,2025-11-15,2002681
twitter,wasselni_drivers,نقل,الزحمة في الرياض قاتلة والأرباح نازلة,2025-11-15,2002697
telegram,kayan_ksa,نقل,اوبر زود على نسبة الالغاء وانا ما قدرت اوصل للعميل,2025-11-15,2002771
telegram,uber_ksa_drivers,نقل,التامين على السيارة غالي علينا الشركات مو مهتمة,2025-11-15,2002800
telegram,mrsool_delivery,توصيل,ذا شيفز تعاملهم مع المناديب أحسن من كيتا,2025-11-15,2002831
telegram,toYou_couriers,توصيل,توصيل في الأمطار خطر بدون مكافأة من التطبيق,2025-11-15,2002860
telegram,HungerStation_drivers,توصيل,واحد طالب ٣ ماء من كودو المهم يرسل يقول كنسل,2025-11-15,2002885
telegram,toYou_couriers,توصيل,كيتا الحين يقولك توصل الطلب وعشان تبلغ تأخير المطعم تنتظر,2025-11-15,2002908
telegram,mrsool_delivery,توصيل,خدمة العملاء في كيتا ما تفيد تقريباً,2025-11-15,2002961
twitter,mostaql_workers,عمل_حر,الزبون ما دفع بعد تسليم العمل كيف أتصرف,2025-11-15,2003034
telegram,khamsat_ar,عمل_حر,التسويق الرقمي من أكثر التخصصات طلباً,2025-11-15,2003043
twitter,mostaql_workers,عمل_حر,بدأت فريلانس من بيتي والدخل تحسن الحمد لله,2025-11-15,2003072
twitter,السائقين_السعوديين,نقل,ودي اشتغل ف بولت بجانب اوبر ممكن؟,2025-11-16,2002586
telegram,السائقين_السعوديين,نقل,السكوت ماراح ينفع خلونا نتحرك بشكل منظم,2025-11-16,2002588
twitter,careem_drivers_sa,نقل,الزحمة في الرياض قاتلة والأرباح نازلة,2025-11-16,2002616
telegram,Captains_saudi,نقل,ذروة ب كاش مع نسبتهم تشوفه مبلغ كويس بس يجيك بمشوار واحد بطاقة,2025-11-16,2002631
twitter,jeeny_ksa,نقل,العمل في المطارات أحسن من الشوارع الربح افضل,2025-11-16,2002690
telegram,wasselni_drivers,نقل,وصليني مافيه طلبات كافية في منطقتي,2025-11-16,2002721
telegram,kayan_ksa,نقل,الزحمة في الرياض قاتلة والأرباح نازلة,2025-11-16,2002804
telegram,thechefs_ksa,توصيل,ذا شيفز تعاملهم مع المناديب أحسن من كيتا,2025-11-16,2002806
telegram,HungerStation_drivers,توصيل,هنقرستيشن يقولك رجع الطلب سوبر ماركت هنقرستيشن,2025-11-16,2002807
telegram,mrsool_delivery,توصيل,ذا شيفز تعاملهم مع المناديب أحسن من كيتا,2025-11-16,2002809
telegram,HungerStation_drivers,توصيل,وصلت ٢٠٠ طلب هذا الشهر الحمد لله,2025-11-16,2002837
telegram,mrsool_delivery,توصيل,امس السحور ٩ ريال و ١٠ ريال من كيتا ليش ولا حق التعب,2025-11-16,2002896
telegram,jahez_couriers,توصيل,جدة من ٥ ايام ما في طلبات او طلبين بالكثير ايش المشكلة في كيتا,2025-11-16,2002924
telegram,jahez_couriers,توصيل,الاسعار اختلفت بعد كثرة المنافسين ودخول كيتا بالاخص,2025-11-16,2002935
twitter,delivery_ksa,توصيل,مشكلة الباكدج الكبير ما يناسب الدراجة,2025-11-16,2002946
telegram,mrsool_delivery,توصيل,ذا شيفز يدفع بشكل منتظم بخلاف كيتا,2025-11-16,2002948
telegram,delivery_ksa,توصيل,واحد طالب ٣ ماء من كودو المهم يرسل يقول كنسل,2025-11-16,2002958
telegram,khamsat_ar,عمل_حر,مشروع ترجمة بكم تقدر تقدم,2025-11-16,2003026
telegram,freelancers_ksa,عمل_حر,الفريلانس في السعودية بدأ ينمو بشكل كبير,2025-11-16,2003076
telegram,khamsat_ar,عمل_حر,دخلي من البرمجة هذا الشهر ٧٠٠٠ ريال,2025-11-16,2003094
telegram,freelancers_ksa,عمل_حر,دخلي من البرمجة هذا الشهر ٧٠٠٠ ريال,2025-11-16,2003123
telegram,mostaql_workers,عمل_حر,منصة خمسات أفضل للمبتدئين في العمل الحر,2025-11-16,2003133
twitter,kayan_ksa,نقل,أحسن أوقات الشغل الفطور والغداء والذروة المسائية,2025-11-17,2002621
twitter,bolt_drivers_ksa,نقل,أوبر أفضل من بولت في توزيع الرحلات عندي,2025-11-17,2002700
telegram,jeeny_ksa,نقل,السكوت ماراح ينفع خلونا نتحرك بشكل منظم,2025-11-17,2002731
twitter,bolt_drivers_ksa,نقل,اتمنى الجميع يركز نتحرك بشكل جماعي نرفع شكاوى لوزارة النقل,2025-11-17,2002792
telegram,toYou_couriers,توصيل,مشوار ابو ٢٠ زمان في كيتا الحين ب٩,2025-11-17,2002826
telegram,keeta_couriers,توصيل,المندوب المخالف يأكل حرام رزق شخص نظامي,2025-11-17,2002845
telegram,jahez_couriers,توصيل,ذا شيفز يدفع بشكل منتظم بخلاف كيتا,2025-11-17,2002849
telegram,mrsool_delivery,توصيل,ذا شيفز يدفع بشكل منتظم بخلاف كيتا,2025-11-17,2002886
telegram,mrsool_delivery,توصيل,والله اذا موترك ينفع في النقل الموجه افضل بمليون مرة,2025-11-17,2002949
telegram,jahez_couriers,توصيل,مو محل وموظفين اغبياء هم الغلطانين مو المندوب,2025-11-17,2002980
telegram,HungerStation_drivers,توصيل,المندوب المخالف يأكل حرام رزق شخص نظامي,2025-11-17,2003001
twitter,khamsat_ar,عمل_حر,منصة خمسات أفضل للمبتدئين في العمل الحر,2025-11-17,2003077
twitter,freelancers_ksa,عمل_حر,الزبائن الخليجيين يدفعون أحسن من العرب,2025-11-17,2003104
telegram,freelancers_ksa,عمل_حر,كيف أحسن بروفايلي في مستقل وأحصل على عملاء,2025-11-17,2003110
twitter,السائقين_السعوديين,نقل,وصليني مافيه طلبات كافية في منطقتي,2025-11-18,2002605
telegram,careem_drivers_sa,نقل,وصلت واحد المطار وكان مصري وحك الصدام من السيارة,2025-11-18,2002611
telegram,السائقين_السعوديين,نقل,التامين على السيارة غالي علينا الشركات مو مهتمة,2025-11-18,2002632
telegram,careem_drivers_sa,نقل,رفضت رحلة بعيدة وخسرت bonus الاسبوع,2025-11-18,2002661
twitter,careem_drivers_sa,نقل,من اشوف مشوار مو مناسب على طول ارفضه,2025-11-18,2002663
telegram,bolt_drivers_ksa,نقل,إلى متى يا اوبر نسبة عالية وفوق هذا تسعيرة زي وجهك,2025-11-18,2002699
telegram,jeeny_ksa,نقل,رفضت رحلة بعيدة وخسرت bonus الاسبوع,2025-11-18,2002702
telegram,Captains_saudi,نقل,بولت انا مااوثق في اي زبون يقولي بحولك مابحولك,2025-11-18,2002718
telegram,Captains_saudi,نقل,محتاج سيارة جديدة السيارة الحالية تعبت من كثر الشغل,2025-11-18,2002730
telegram,bolt_drivers_ksa,نقل,متوسط دخلي اليوم ١٨٠ ريال بعد البنزين,2025-11-18,2002745
twitter,careem_drivers_sa,نقل,بولت انا مااوثق في اي زبون يقولي بحولك مابحولك,2025-11-18,2002760
twitter,toYou_couriers,توصيل,مرسول شغال زي لوز ما عده كيتا,2025-11-18,2002823
telegram,HungerStation_drivers,توصيل,والله اذا موترك ينفع في النقل الموجه افضل بمليون مرة,2025-11-18,2002830
telegram,keeta_couriers,توصيل,يعطيكم العافيه يا شباب حولت مبلغ من كيتا ولحد الان ما وصلت,2025-11-18,2002833
telegram,toYou_couriers,توصيل,مانبي نقطع رزق احد بس والله غبنه توقف عند المطاعم وتنتظر,2025-11-18,2002834
telegram,toYou_couriers,توصيل,ذا شيفز الطلبات كثيرة بس المنطقة محدودة حتى الآن,2025-11-18,2002840
telegram,jahez_couriers,توصيل,جدة من ٥ ايام ما في طلبات او طلبين بالكثير ايش المشكلة في كيتا,2025-11-18,2002841
telegram,jahez_couriers,توصيل,كيتا يلعبون على المندوب عشان يخصمون مكافأة التوصيل في الوقت,2025-11-18,2002847
twitter,thechefs_ksa,توصيل,امس السحور ٩ ريال و ١٠ ريال من كيتا ليش ولا حق التعب,2025-11-18,2002861
telegram,toYou_couriers,توصيل,كيتا يلعبون على المندوب عشان يخصمون مكافأة التوصيل في الوقت,2025-11-18,2002892
twitter,HungerStation_drivers,توصيل,ذا شيفز الطلبات كثيرة بس المنطقة محدودة حتى الآن,2025-11-18,2002933
telegram,delivery_ksa,توصيل,مانبي نقطع رزق احد بس والله غبنه توقف عند المطاعم وتنتظر,2025-11-18,2002999
twitter,toYou_couriers,توصيل,وصلت ٢٠٠ طلب هذا الشهر الحمد لله,2025-11-18,2003007
telegram,freelancers_ksa,عمل_حر,منصة خمسات أفضل للمبتدئين في العمل الحر,2025-11-18,2003032
telegram,freelancers_ksa,عمل_حر,الزبون ما دفع بعد تسليم العمل كيف أتصرف,2025-11-18,2003101
telegram,mostaql_workers,عمل_حر,التسويق الرقمي من أكثر التخصصات طلباً,2025-11-18,2003117
telegram,freelancers_ksa,عمل_حر,نبي حماية للفريلانسر من الزبون اللي ما يدفع,2025-11-18,2003118
twitter,khamsat_ar,عمل_حر,كيف أحسن بروفايلي في مستقل وأحصل على عملاء,2025-11-18,2003128
telegram,kayan_ksa,نقل,اتمنى الجميع يركز نتحرك بشكل جماعي نرفع شكاوى لوزارة النقل,2025-11-19,2002625
twitter,wasselni_drivers,نقل,اوبر مادري كيف يفكرون جاني مشوار والطرق كلها مقفله,2025-11-19,2002636
telegram,السائقين_السعوديين,نقل,اتمنى الجميع يركز نتحرك بشكل جماعي نرفع شكاوى لوزارة النقل,2025-11-19,2002648
twitter,kayan_ksa,نقل,نسبة اوبر في مشوار المطار وصلت ٧٥٪ اخذ من الزبون ٥٩ ريال عطاني ١٢ فقط,2025-11-19,2002653
twitter,wasselni_drivers,نقل,والله زمان كان فيها خير اما الان مو المستفيد الا التطبيق,2025-11-19,2002658
twitter,السائقين_السعوديين,نقل,كم متوسط دخل الكابتن في الرياض شهريًا حاليًا,2025-11-19,2002662
telegram,kayan_ksa,نقل,السائقين الأجانب يزاحمون على الرحلات في كريم,2025-11-19,2002666
telegram,bolt_drivers_ksa,نقل,وصليني مافيه طلبات كافية في منطقتي,2025-11-19,2002725
twitter,uber_ksa_drivers,نقل,الزحمة في الرياض قاتلة والأرباح نازلة,2025-11-19,2002750
telegram,jeeny_ksa,نقل,العمل في المطارات أحسن من الشوارع الربح افضل,2025-11-19,2002751
telegram,jahez_couriers,توصيل,مرسول شغال زي لوز ما عده كيتا,2025-11-19,2002815
telegram,thechefs_ksa,توصيل,مرسول شغال زي لوز ما عده كيتا,2025-11-19,2002832
twitter,HungerStation_drivers,توصيل,هنجرستين وكيتا حاليًا جاهز ومرسول وذا شيفز بس اقل في الطلبات,2025-11-19,2002836
telegram,delivery_ksa,توصيل,مو محل وموظفين اغبياء هم الغلطانين مو المندوب,2025-11-19,2002848
telegram,jahez_couriers,توصيل,كيتا يلعبون على المندوب عشان يخصمون مكافأة التوصيل في الوقت,2025-11-19,2002890
telegram,HungerStation_drivers,توصيل,كيتا يلعبون على المندوب عشان يخصمون مكافأة التوصيل في الوقت,2025-11-19,2002893
telegram,HungerStation_drivers,توصيل,الطلبات الليلية تساوي ضعف النهارية في كيتا,2025-11-19,2002902
telegram,mrsool_delivery,توصيل,وصلت ٢٠٠ طلب هذا الشهر الحمد لله,2025-11-19,2002951
telegram,toYou_couriers,توصيل,الطلبات الليلية تساوي ضعف النهارية في كيتا,2025-11-19,2002962
telegram,toYou_couriers,توصيل,ياشباب امس المغرب حولت مبلغ من كيتا ولحد الان ما وصلت,2025-11-19,2002986
twitter,mostaql_workers,عمل_حر,أكملت مشروع تصميم بـ ٨٠٠ ريال في مستقل,2025-11-19,2003084
twitter,freelancers_ksa,عمل_حر,الزبائن الخليجيين يدفعون أحسن من العرب,2025-11-19,2003134
telegram,careem_drivers_sa,نقل,جيني وصليني الاسعار خايسه جدا يعني الكيلو اقل من ريال,2025-11-20,2002589
twitter,السائقين_السعوديين,نقل,إلى متى يا اوبر نسبة عالية وفوق هذا تسعيرة زي وجهك,2025-11-20,2002608
twitter,uber_ksa_drivers,نقل,جربت كابتن في جيني وجيت الرياض والشغل مثل الشرقية,2025-11-20,2002615
twitter,careem_drivers_sa,نقل,من حقك ترفض خدمته سيارتك وترفع بلاغ,2025-11-20,2002645
twitter,CreemUber,نقل,ذروة ب كاش مع نسبتهم تشوفه مبلغ كويس بس يجيك بمشوار واحد بطاقة,2025-11-20,2002675
telegram,CreemUber,نقل,بولت نسبة عالية خير ياطير اذا عوضنا,2025-11-20,2002753
twitter,jeeny_ksa,نقل,من حقك ترفض خدمته سيارتك وترفع بلاغ,2025-11-20,2002768
telegram,CreemUber,نقل,ودي اشتغل ف بولت بجانب اوبر ممكن؟,2025-11-20,2002786
telegram,kayan_ksa,نقل,اليوم الأوردرات كانت ممتازة والبخشيش زين الحمد لله,2025-11-20,2002794
telegram,mrsool_delivery,توصيل,هنجرستين وكيتا حاليًا جاهز ومرسول وذا شيفز بس اقل في الطلبات,2025-11-20,2002811
twitter,keeta_couriers,توصيل,وصلت طلبات وطلعت ب١١٠ ريال لكن ليش ما اتضافت للسحب,2025-11-20,2002824
telegram,delivery_ksa,توصيل,مرسول رقم واحد بالتعويض يقولك توصل موقع العميل كلمنا,2025-11-20,2002910
telegram,keeta_couriers,توصيل,ذا شيفز الطلبات كثيرة بس المنطقة محدودة حتى الآن,2025-11-20,2002942
twitter,toYou_couriers,توصيل,خدمة العملاء في كيتا ما تفيد تقريباً,2025-11-20,2002945
telegram,HungerStation_drivers,توصيل,هنجرستين وكيتا حاليًا جاهز ومرسول وذا شيفز بس اقل في الطلبات,2025-11-20,2002963
twitter,mrsool_delivery,توصيل,امس السحور ٩ ريال و ١٠ ريال من كيتا ليش ولا حق التعب,2025-11-20,2002969
twitter,mrsool_delivery,توصيل,سلام وصلت طلب وسلمته للعميل بيدي وبعد نص ساعة خصموا قيمة الطلب,2025-11-20,2002974
telegram,thechefs_ksa,توصيل,مانبي نقطع رزق احد بس والله غبنه توقف عند المطاعم وتنتظر,2025-11-20,2002995
telegram,mostaql_workers,عمل_حر,نبي حماية للفريلانسر من الزبون اللي ما يدفع,2025-11-20,2003125
twitter,CreemUber,نقل,جربت كابتن في جيني وجيت الرياض والشغل مثل الشرقية,2025-11-21,2002595
telegram,wasselni_drivers,نقل,بعدها على بولت خلال ٦ ساعات ٢٠٠ ريال خلال ١٦ ساعة ٧٠٠ ريال ثابتة,2025-11-21,2002596
telegram,bolt_drivers_ksa,نقل,من اشوف مشوار مو مناسب على طول ارفضه,2025-11-21,2002629
telegram,careem_drivers_sa,نقل,اوبر مادري كيف يفكرون جاني مشوار والطرق كلها مقفله,2025-11-21,2002656
telegram,uber_ksa_drivers,نقل,السائق هو الي يتعب ولابد تكون نسبة اوبر لها حد اعلى ٢٠ ريال,2025-11-21,2002667
twitter,kayan_ksa,نقل,رفضت رحلة بعيدة وخسرت bonus الاسبوع,2025-11-21,2002737
telegram,jeeny_ksa,نقل,عميل تقييمه منخفض لا تاخذ مرة,2025-11-21,2002791
telegram,delivery_ksa,توصيل,واحد طالب ٣ ماء من كودو المهم يرسل يقول كنسل,2025-11-21,2002814
telegram,keeta_couriers,توصيل,خدمة العملاء في كيتا ما تفيد تقريباً,2025-11-21,2002853
telegram,mrsool_delivery,توصيل,هنقرستيشن يقولك رجع الطلب سوبر ماركت هنقرستيشن,2025-11-21,2002865
twitter,delivery_ksa,توصيل,هنجرستين وكيتا حاليًا جاهز ومرسول وذا شيفز بس اقل في الطلبات,2025-11-21,2002887
twitter,thechefs_ksa,توصيل,وصلت طلبات وطلعت ب١١٠ ريال لكن ليش ما اتضافت للسحب,2025-11-21,2002894
telegram,thechefs_ksa,توصيل,ذا شيفز يدفع بشكل منتظم بخلاف كيتا,2025-11-21,2002944
telegram,thechefs_ksa,توصيل,واحد طالب ٣ ماء من كودو المهم يرسل يقول كنسل,2025-11-21,2002956
telegram,HungerStation_drivers,توصيل,يعطيكم العافيه يا شباب حولت مبلغ من كيتا ولحد الان ما وصلت,2025-11-21,2002985
telegram,toYou_couriers,توصيل,هنجرستين وكيتا حاليًا جاهز ومرسول وذا شيفز بس اقل في الطلبات,2025-11-21,2003005
telegram,HungerStation_drivers,توصيل,كيتا يلعبون على المندوب عشان يخصمون مكافأة التوصيل في الوقت,2025-11-21,2003014
twitter,freelancers_ksa,عمل_حر,مشروع ترجمة بكم تقدر تقدم,2025-11-21,2003111
telegram,bolt_drivers_ksa,نقل,جيني وصليني الاسعار خايسه جدا يعني الكيلو اقل من ريال,2025-11-22,2002593
telegram,kayan_ksa,نقل,جربت كابتن في جيني وجيت الرياض والشغل مثل الشرقية,2025-11-22,2002622
telegram,bolt_drivers_ksa,نقل,اوبر مادري كيف يفكرون جاني مشوار والطرق كلها مقفله,2025-11-22,2002668
telegram,uber_ksa_drivers,نقل,عميل تقييمه منخفض لا تاخذ مرة,2025-11-22,2002692
twitter,bolt_drivers_ksa,نقل,متوسط دخلي اليوم ١٨٠ ريال بعد البنزين,2025-11-22,2002711
telegram,CreemUber,نقل,جيني وصليني الاسعار خايسه جدا يعني الكيلو اقل من ريال,2025-11-22,2002761
telegram,jeeny_ksa,نقل,ودي اشتغل ف بولت بجانب اوبر ممكن؟,2025-11-22,2002796
twitter,HungerStation_drivers,توصيل,طلب وصل بارد لأن المطعم تأخر وراحت التقييم,2025-11-22,2002883
telegram,mrsool_delivery,توصيل,مو محل وموظفين اغبياء هم الغلطانين مو المندوب,2025-11-22,2002891
telegram,toYou_couriers,توصيل,هنقرستيشن يقولك رجع الطلب سوبر ماركت هنقرستيشن,2025-11-22,2002926
telegram,thechefs_ksa,توصيل,هنجرستين وكيتا حاليًا جاهز ومرسول وذا شيفز بس اقل في الطلبات,2025-11-22,2002930
telegram,jahez_couriers,توصيل,يعطيكم العافيه يا شباب حولت مبلغ من كيتا ولحد الان ما وصلت,2025-11-22,2002932
telegram,thechefs_ksa,توصيل,هنقرستيشن يقولك رجع الطلب سوبر ماركت هنقرستيشن,2025-11-22,2002934
telegram,keeta_couriers,توصيل,وصلت طلبات وطلعت ب١١٠ ريال لكن ليش ما اتضافت للسحب,2025-11-22,2002952
telegram,mostaql_workers,عمل_حر,الزبائن الخليجيين يدفعون أحسن من العرب,2025-11-22,2003055
telegram,khamsat_ar,عمل_حر,ضريبة القيمة المضافة على الفريلانس كيف تشتغل,2025-11-22,2003081
telegram,kayan_ksa,نقل,وصلت ٥٠ رحلة هذا الأسبوع الحمد لله رب العالمين,2025-11-23,2002604
telegram,kayan_ksa,نقل,العمل في المطارات أحسن من الشوارع الربح افضل,2025-11-23,2002635
twitter,careem_drivers_sa,نقل,العمل في المطارات أحسن من الشوارع الربح افضل,2025-11-23,2002664
telegram,uber_ksa_drivers,نقل,الزحمة في الرياض قاتلة والأرباح نازلة,2025-11-23,2002669
twitter,wasselni_drivers,نقل,كم متوسط دخل الكابتن في الرياض شهريًا حاليًا,2025-11-23,2002677
telegram,uber_ksa_drivers,نقل,من حقك ترفض خدمته سيارتك وترفع بلاغ,2025-11-23,2002679
telegram,CreemUber,نقل,نسبة اوبر في مشوار المطار وصلت ٧٥٪ اخذ من الزبون ٥٩ ريال عطاني ١٢ فقط,2025-11-23,2002706
twitter,uber_ksa_drivers,نقل,ودي اشتغل ف بولت بجانب اوبر ممكن؟,2025-11-23,2002763
twitter,jeeny_ksa,نقل,الزحمة في الرياض قاتلة والأرباح نازلة,2025-11-23,2002799
telegram,toYou_couriers,توصيل,امس السحور ٩ ريال و ١٠ ريال من كيتا ليش ولا حق التعب,2025-11-23,2002821
telegram,jahez_couriers,توصيل,ذا شيفز الطلبات كثيرة بس المنطقة محدودة حتى الآن,2025-11-23,2002827
twitter,thechefs_ksa,توصيل,سلام وصلت طلب وسلمته للعميل بيدي وبعد نص ساعة خصموا قيمة الطلب,2025-11-23,2002895
telegram,keeta_couriers,توصيل,الطلبات الليلية تساوي ضعف النهارية في كيتا,2025-11-23,2002905
twitter,keeta_couriers,توصيل,والله كيتا صار يضحك علينا الطلبات وصلت الى ٦ ريال,2025-11-23,2002912
telegram,delivery_ksa,توصيل,سلام وصلت طلب وسلمته للعميل بيدي وبعد نص ساعة خصموا قيمة الطلب,2025-11-23,2002921
telegram,freelancers_ksa,عمل_حر,منصة خمسات أفضل للمبتدئين في العمل الحر,2025-11-23,2003065
twitter,mostaql_workers,عمل_حر,الزبائن الخليجيين يدفعون أحسن من العرب,2025-11-23,2003121
telegram,السائقين_السعوديين,نقل,التامين على السيارة غالي علينا الشركات مو مهتمة,2025-11-24,2002583
telegram,Captains_saudi,نقل,عميل تقييمه منخفض لا تاخذ مرة,2025-11-24,2002591
telegram,wasselni_drivers,نقل,والله زمان كان فيها خير اما الان مو المستفيد الا التطبيق,2025-11-24,2002676
telegram,jeeny_ksa,نقل,إلى متى يا اوبر نسبة عالية وفوق هذا تسعيرة زي وجهك,2025-11-24,2002701
telegram,jeeny_ksa,نقل,جيني بدأ ينافس لكن ما زال الطلبات أقل,2025-11-24,2002795
telegram,delivery_ksa,توصيل,الحين ١٤ طلب في كيتا وما طلعت ٢٠ ريال,2025-11-24,2002855
twitter,keeta_couriers,توصيل,مشكلة الباكدج الكبير ما يناسب الدراجة,2025-11-24,2002870
telegram,keeta_couriers,توصيل,والله اذا موترك ينفع في النقل الموجه افضل بمليون مرة,2025-11-24,2002875
telegram,jahez_couriers,توصيل,مرسول فتح تسجيل جديد للموصلين هذا الأسبوع,2025-11-24,2002968
twitter,freelancers_ksa,عمل_حر,ضريبة القيمة المضافة على الفريلانس كيف تشتغل,2025-11-24,2003027
twitter,mostaql_workers,عمل_حر,upwork أو مستقل أيهما أفضل للسعوديين,2025-11-24,2003069
twitter,freelancers_ksa,عمل_حر,upwork أو مستقل أيهما أفضل للسعوديين,2025-11-24,2003096
twitter,mostaql_workers,عمل_حر,دخلي من البرمجة هذا الشهر ٧٠٠٠ ريال,2025-11-24,2003100
twitter,freelancers_ksa,عمل_حر,ضريبة القيمة المضافة على الفريلانس كيف تشتغل,2025-11-24,2003137
telegram,Captains_saudi,نقل,اليوم الأوردرات كانت ممتازة والبخشيش زين الحمد لله,2025-11-25,2002584
telegram,kayan_ksa,نقل,اوبر زود على نسبة الالغاء وانا ما قدرت اوصل للعميل,2025-11-25,2002642
telegram,Captains_saudi,نقل,الذروة في كريم حمراء والطلبات ورا بعض بالمدينة,2025-11-25,2002647
telegram,Captains_saudi,نقل,الذروة في كريم حمراء والطلبات ورا بعض بالمدينة,2025-11-25,2002649
telegram,CreemUber,نقل,كيان وصليني تطبيقات واعدة بس تحتاج وقت,2025-11-25,2002672
telegram,jeeny_ksa,نقل,نسبة اوبر في مشوار المطار وصلت ٧٥٪ اخذ من الزبون ٥٩ ريال عطاني ١٢ فقط,2025-11-25,2002724
telegram,CreemUber,نقل,كم متوسط دخل الكابتن في الرياض شهريًا حاليًا,2025-11-25,2002734
telegram,jeeny_ksa,نقل,إلى متى يا اوبر نسبة عالية وفوق هذا تسعيرة زي وجهك,2025-11-25,2002793
telegram,HungerStation_drivers,توصيل,مشكلة الباكدج الكبير ما يناسب الدراجة,2025-11-25,2002842
telegram,toYou_couriers,توصيل,سلام وصلت طلب وسلمته للعميل بيدي وبعد نص ساعة خصموا قيمة الطلب,2025-11-25,2002854
telegram,keeta_couriers,توصيل,سلام وصلت طلب وسلمته للعميل بيدي وبعد نص ساعة خصموا قيمة الطلب,2025-11-25,2002897
telegram,mrsool_delivery,توصيل,الدراجة تعطلت اليوم وخسرت شغل,2025-11-25,2002917
telegram,toYou_couriers,توصيل,مرسول رقم واحد بالتعويض يقولك توصل موقع العميل كلمنا,2025-11-25,2002937
telegram,mrsool_delivery,توصيل,جاهز أحسن من مرسول في التوزيع والسعر,2025-11-25,2002943
telegram,thechefs_ksa,توصيل,كنت اشتغل مرسول زمان اطلع ٢٠٠ في اليوم على ٨ طلبات,2025-11-25,2002953
telegram,jahez_couriers,توصيل,الطلبات الليلية تساوي ضعف النهارية في كيتا,2025-11-25,2002978
telegram,delivery_ksa,توصيل,الطلبات الليلية تساوي ضعف النهارية في كيتا,2025-11-25,2003009
telegram,delivery_ksa,توصيل,هنجرستين وكيتا حاليًا جاهز ومرسول وذا شيفز بس اقل في الطلبات,2025-11-25,2003013
telegram,mostaql_workers,عمل_حر,ضريبة القيمة المضافة على الفريلانس كيف تشتغل,2025-11-25,2003046
telegram,khamsat_ar,عمل_حر,بدأت فريلانس من بيتي والدخل تحسن الحمد لله,2025-11-25,2003067
twitter,khamsat_ar,عمل_حر,أكملت مشروع تصميم بـ ٨٠٠ ريال في مستقل,2025-11-25,2003093
twitter,mostaql_workers,عمل_حر,التسويق الرقمي من أكثر التخصصات طلباً,2025-11-25,2003095
twitter,freelancers_ksa,عمل_حر,أكملت مشروع تصميم بـ ٨٠٠ ريال في مستقل,2025-11-25,2003113
telegram,السائقين_السعوديين,نقل,كيان التطبيق جديد بس الطلبات وايد خير من اوبر,2025-11-26,2002609
telegram,careem_drivers_sa,نقل,عميل تقييمه منخفض لا تاخذ مرة,2025-11-26,2002617
telegram,CreemUber,نقل,ما يستاهل لا تعب ولا وقت المشوار بعيد والربح ضعيف,2025-11-26,2002754
telegram,jeeny_ksa,نقل,جيني وصليني الاسعار خايسه جدا يعني الكيلو اقل من ريال,2025-11-26,2002775
telegram,uber_ksa_drivers,نقل,الذروة في كريم حمراء والطلبات ورا بعض بالمدينة,2025-11-26,2002782
telegram,delivery_ksa,توصيل,مرسول فتح تسجيل جديد للموصلين هذا الأسبوع,2025-11-26,2002816
telegram,mrsool_delivery,توصيل,مو محل وموظفين اغبياء هم الغلطانين مو المندوب,2025-11-26,2002878
telegram,delivery_ksa,توصيل,كيتا الحين يقولك توصل الطلب وعشان تبلغ تأخير المطعم تنتظر,2025-11-26,2002927
telegram,thechefs_ksa,توصيل,ذا شيفز تعاملهم مع المناديب أحسن من كيتا,2025-11-26,2002940
telegram,jahez_couriers,توصيل,كيتا الحين يقولك توصل الطلب وعشان تبلغ تأخير المطعم تنتظر,2025-11-26,2002966
telegram,delivery_ksa,توصيل,مرسول رقم واحد بالتعويض يقولك توصل موقع العميل كلمنا,2025-11-26,2002971
telegram,HungerStation_drivers,توصيل,سلام وصلت طلب وسلمته للعميل بيدي وبعد نص ساعة خصموا قيمة الطلب,2025-11-26,2002997
telegram,mrsool_delivery,توصيل,مو محل وموظفين اغبياء هم الغلطانين مو المندوب,2025-11-26,2003024
telegram,khamsat_ar,عمل_حر,ضريبة القيمة المضافة على الفريلانس كيف تشتغل,2025-11-26,2003050
telegram,mostaql_workers,عمل_حر,نبي حماية للفريلانسر من الزبون اللي ما يدفع,2025-11-26,2003079
telegram,freelancers_ksa,عمل_حر,التسويق الرقمي من أكثر التخصصات طلباً,2025-11-26,2003105
telegram,khamsat_ar,عمل_حر,نبي حماية للفريلانسر من الزبون اللي ما يدفع,2025-11-26,2003127
twitter,freelancers_ksa,عمل_حر,منصة خمسات أفضل للمبتدئين في العمل الحر,2025-11-26,2003136
telegram,jeeny_ksa,نقل,نبي نظام تأمين صحي للسائقين مثل الموظفين,2025-11-27,2002607
twitter,bolt_drivers_ksa,نقل,جيني وصليني الاسعار خايسه جدا يعني الكيلو اقل من ريال,2025-11-27,2002618
telegram,wasselni_drivers,نقل,بعدها على بولت خلال ٦ ساعات ٢٠٠ ريال خلال ١٦ ساعة ٧٠٠ ريال ثابتة,2025-11-27,2002644
telegram,jeeny_ksa,نقل,إلى متى يا اوبر نسبة عالية وفوق هذا تسعيرة زي وجهك,2025-11-27,2002693
twitter,careem_drivers_sa,نقل,ذروة ب كاش مع نسبتهم تشوفه مبلغ كويس بس يجيك بمشوار واحد بطاقة,2025-11-27,2002713
telegram,uber_ksa_drivers,نقل,جربت كابتن في جيني وجيت الرياض والشغل مثل الشرقية,2025-11-27,2002729
twitter,thechefs_ksa,توصيل,الحين ١٤ طلب في كيتا وما طلعت ٢٠ ريال,2025-11-27,2002856
telegram,HungerStation_drivers,توصيل,الاسعار اختلفت بعد كثرة المنافسين ودخول كيتا بالاخص,2025-11-27,2002888
telegram,HungerStation_drivers,توصيل,المخالفين موصلين ٣٠٠ وشوي الشهر اللي فات انا بقوة وصلت ٢٩٠,2025-11-27,2002898
twitter,toYou_couriers,توصيل,والله كيتا صار يضحك علينا الطلبات وصلت الى ٦ ريال,2025-11-27,2002936
twitter,toYou_couriers,توصيل,مرسول فتح تسجيل جديد للموصلين هذا الأسبوع,2025-11-27,2002939
twitter,khamsat_ar,عمل_حر,نبي حماية للفريلانسر من الزبون اللي ما يدفع,2025-11-27,2003038
twitter,freelancers_ksa,عمل_حر,الفريلانس في السعودية بدأ ينمو بشكل كبير,2025-11-27,2003042
telegram,khamsat_ar,عمل_حر,دخلي من البرمجة هذا الشهر ٧٠٠٠ ريال,2025-11-27,2003059
telegram,mostaql_workers,عمل_حر,upwork أو مستقل أيهما أفضل للسعوديين,2025-11-27,2003080
telegram,khamsat_ar,عمل_حر,كيف أحسن بروفايلي في مستقل وأحصل على عملاء,2025-11-27,2003086
telegram,khamsat_ar,عمل_حر,نبي حماية للفريلانسر من الزبون اللي ما يدفع,2025-11-27,2003092
telegram,mostaql_workers,عمل_حر,دخلي من البرمجة هذا الشهر ٧٠٠٠ ريال,2025-11-27,2003119
twitter,wasselni_drivers,نقل,محتاج سيارة جديدة السيارة الحالية تعبت من كثر الشغل,2025-11-28,2002627
telegram,kayan_ksa,نقل,السكوت ماراح ينفع خلونا نتحرك بشكل منظم,2025-11-28,2002646
telegram,السائقين_السعوديين,نقل,السائقين الأجانب يزاحمون على الرحلات في كريم,2025-11-28,2002657
telegram,CreemUber,نقل,متوسط دخلي اليوم ١٨٠ ريال بعد البنزين,2025-11-28,2002704
telegram,CreemUber,نقل,كم متوسط دخل الكابتن في الرياض شهريًا حاليًا,2025-11-28,2002720
twitter,careem_drivers_sa,نقل,جربت كابتن في جيني وجيت الرياض والشغل مثل الشرقية,2025-11-28,2002755
telegram,jeeny_ksa,نقل,كيان وصليني تطبيقات واعدة بس تحتاج وقت,2025-11-28,2002780
telegram,wasselni_drivers,نقل,وصليني مافيه طلبات كافية في منطقتي,2025-11-28,2002802
twitter,toYou_couriers,توصيل,مرسول شغال زي لوز ما عده كيتا,2025-11-28,2002859
telegram,HungerStation_drivers,توصيل,كيتا الحين يقولك توصل الطلب وعشان تبلغ تأخير المطعم تنتظر,2025-11-28,2002876
telegram,keeta_couriers,توصيل,الطلبات الليلية تساوي ضعف النهارية في كيتا,2025-11-28,2002877
telegram,HungerStation_drivers,توصيل,مشوار ابو ٢٠ زمان في كيتا الحين ب٩,2025-11-28,2002904
telegram,keeta_couriers,توصيل,جدة من ٥ ايام ما في طلبات او طلبين بالكثير ايش المشكلة في كيتا,2025-11-28,2002918
telegram,mrsool_delivery,توصيل,امس السحور ٩ ريال و ١٠ ريال من كيتا ليش ولا حق التعب,2025-11-28,2002950
telegram,mrsool_delivery,توصيل,هنجرستين وكيتا حاليًا جاهز ومرسول وذا شيفز بس اقل في الطلبات,2025-11-28,2002965
telegram,thechefs_ksa,توصيل,ياخوان الطلبات وقفت عندي من ساعة م جاني ولا طلب,2025-11-28,2002976
telegram,thechefs_ksa,توصيل,وصلت طلبات وطلعت ب١١٠ ريال لكن ليش ما اتضافت للسحب,2025-11-28,2002989
telegram,thechefs_ksa,توصيل,كيتا يلعبون على المندوب عشان يخصمون مكافأة التوصيل في الوقت,2025-11-28,2002990
telegram,mrsool_delivery,توصيل,جاهز أحسن من مرسول في التوزيع والسعر,2025-11-28,2003003
telegram,freelancers_ksa,عمل_حر,الفريلانس في السعودية بدأ ينمو بشكل كبير,2025-11-28,2003033
telegram,khamsat_ar,عمل_حر,أكملت مشروع تصميم بـ ٨٠٠ ريال في مستقل,2025-11-28,2003051
telegram,mostaql_workers,عمل_حر,منصة خمسات أفضل للمبتدئين في العمل الحر,2025-11-28,2003064
telegram,mostaql_workers,عمل_حر,منصة خمسات أفضل للمبتدئين في العمل الحر,2025-11-28,2003102
twitter,khamsat_ar,عمل_حر,التسويق الرقمي من أكثر التخصصات طلباً,2025-11-28,2003116
twitter,mostaql_workers,عمل_حر,الزبون ما دفع بعد تسليم العمل كيف أتصرف,2025-11-28,2003122
twitter,khamsat_ar,عمل_حر,دخلي من البرمجة هذا الشهر ٧٠٠٠ ريال,2025-11-28,2003129
telegram,kayan_ksa,نقل,متوسط دخلي اليوم ١٨٠ ريال بعد البنزين,2025-11-29,2002580
telegram,bolt_drivers_ksa,نقل,اليوم الأوردرات كانت ممتازة والبخشيش زين الحمد لله,2025-11-29,2002613
telegram,uber_ksa_drivers,نقل,متوسط دخلي اليوم ١٨٠ ريال بعد البنزين,2025-11-29,2002619
telegram,jeeny_ksa,نقل,من حقك ترفض خدمته سيارتك وترفع بلاغ,2025-11-29,2002659
twitter,bolt_drivers_ksa,نقل,اتمنى الجميع يركز نتحرك بشكل جماعي نرفع شكاوى لوزارة النقل,2025-11-29,2002688
twitter,jeeny_ksa,نقل,وصليني مافيه طلبات كافية في منطقتي,2025-11-29,2002708
telegram,CreemUber,نقل,محتاج سيارة جديدة السيارة الحالية تعبت من كثر الشغل,2025-11-29,2002712
telegram,uber_ksa_drivers,نقل,التامين على السيارة غالي علينا الشركات مو مهتمة,2025-11-29,2002738
telegram,wasselni_drivers,نقل,العمل في المطارات أحسن من الشوارع الربح افضل,2025-11-29,2002742
twitter,wasselni_drivers,نقل,إلى متى يا اوبر نسبة عالية وفوق هذا تسعيرة زي وجهك,2025-11-29,2002747
telegram,uber_ksa_drivers,نقل,اتمنى الجميع يركز نتحرك بشكل جماعي نرفع شكاوى لوزارة النقل,2025-11-29,2002757
telegram,CreemUber,نقل,أوبر أفضل من بولت في توزيع الرحلات عندي,2025-11-29,2002762
twitter,jeeny_ksa,نقل,ما يستاهل لا تعب ولا وقت المشوار بعيد والربح ضعيف,2025-11-29,2002764
telegram,Captains_saudi,نقل,عميل تقييمه منخفض لا تاخذ مرة,2025-11-29,2002778
telegram,HungerStation_drivers,توصيل,ياخوان الطلبات وقفت عندي من ساعة م جاني ولا طلب,2025-11-29,2002869
twitter,mrsool_delivery,توصيل,كنت اشتغل مرسول زمان اطلع ٢٠٠ في اليوم على ٨ طلبات,2025-11-29,2002874
telegram,delivery_ksa,توصيل,سلام وصلت طلب وسلمته للعميل بيدي وبعد نص ساعة خصموا قيمة الطلب,2025-11-29,2002889
telegram,mrsool_delivery,توصيل,مرسول فتح تسجيل جديد للموصلين هذا الأسبوع,2025-11-29,2002967
telegram,delivery_ksa,توصيل,امس السحور ٩ ريال و ١٠ ريال من كيتا ليش ولا حق التعب,2025-11-29,2002984
telegram,keeta_couriers,توصيل,جاهز أحسن من مرسول في التوزيع والسعر,2025-11-29,2003015
telegram,mostaql_workers,عمل_حر,دخلي من البرمجة هذا الشهر ٧٠٠٠ ريال,2025-11-29,2003039
twitter,khamsat_ar,عمل_حر,الفريلانس في السعودية بدأ ينمو بشكل كبير,2025-11-29,2003082
telegram,khamsat_ar,عمل_حر,الفريلانس في السعودية بدأ ينمو بشكل كبير,2025-11-29,2003089
telegram,kayan_ksa,نقل,بولت انا مااوثق في اي زبون يقولي بحولك مابحولك,2025-11-30,2002691
twitter,Captains_saudi,نقل,نبي نظام تأمين صحي للسائقين مثل الموظفين,2025-11-30,2002694
telegram,bolt_drivers_ksa,نقل,اليوم الأوردرات كانت ممتازة والبخشيش زين الحمد لله,2025-11-30,2002707
telegram,wasselni_drivers,نقل,ودي اشتغل ف بولت بجانب اوبر ممكن؟,2025-11-30,2002735
telegram,bolt_drivers_ksa,نقل,من اشوف مشوار مو مناسب على طول ارفضه,2025-11-30,2002736
twitter,careem_drivers_sa,نقل,بعدها على بولت خلال ٦ ساعات ٢٠٠ ريال خلال ١٦ ساعة ٧٠٠ ريال ثابتة,2025-11-30,2002766
telegram,Captains_saudi,نقل,اليوم الأوردرات كانت ممتازة والبخشيش زين الحمد لله,2025-11-30,2002783
telegram,HungerStation_drivers,توصيل,وصلت طلبات وطلعت ب١١٠ ريال لكن ليش ما اتضافت للسحب,2025-11-30,2002825
telegram,toYou_couriers,توصيل,والله اذا موترك ينفع في النقل الموجه افضل بمليون مرة,2025-11-30,2002911
telegram,delivery_ksa,توصيل,هنجرستين وكيتا حاليًا جاهز ومرسول وذا شيفز بس اقل في الطلبات,2025-11-30,2002947
telegram,jahez_couriers,توصيل,والله اذا موترك ينفع في النقل الموجه افضل بمليون مرة,2025-11-30,2002987
telegram,freelancers_ksa,عمل_حر,الزبائن الخليجيين يدفعون أحسن من العرب,2025-11-30,2003115
telegram,CreemUber,نقل,اوبر مادري كيف يفكرون جاني مشوار والطرق كلها مقفله,2025-12-01,2002113
telegram,uber_ksa_drivers,نقل,نبي نظام تأمين صحي للسائقين مثل الموظفين,2025-12-01,2002127
telegram,السائقين_السعوديين,نقل,متوسط دخلي اليوم ١٨٠ ريال بعد البنزين,2025-12-01,2002164
telegram,careem_drivers_sa,نقل,متوسط دخلي اليوم ١٨٠ ريال بعد البنزين,2025-12-01,2002217
twitter,السائقين_السعوديين,نقل,نسبة اوبر في مشوار المطار وصلت ٧٥٪ اخذ من الزبون ٥٩ ريال عطاني ١٢ فقط,2025-12-01,2002236
telegram,السائقين_السعوديين,نقل,التامين على السيارة غالي علينا الشركات مو مهتمة,2025-12-01,2002259
twitter,السائقين_السعوديين,نقل,رفضت رحلة بعيدة وخسرت bonus الاسبوع,2025-12-01,2002274
telegram,careem_drivers_sa,نقل,وصليني مافيه طلبات كافية في منطقتي,2025-12-01,2002286
telegram,jahez_couriers,توصيل,سلام وصلت طلب وسلمته للعميل بيدي وبعد نص ساعة خصموا قيمة الطلب,2025-12-01,2002311
telegram,keeta_couriers,توصيل,رحت محل اكل هندي وجبت طلب وشوربة واقعة جاني خصم ٥٠ ريال,2025-12-01,2002356
telegram,jahez_couriers,توصيل,مو محل وموظفين اغبياء هم الغلطانين مو المندوب,2025-12-01,2002411
telegram,thechefs_ksa,توصيل,وصلت ٢٠٠ طلب هذا الشهر الحمد لله,2025-12-01,2002475
telegram,delivery_ksa,توصيل,امس وصلت طلب والعميل تأخر وراح عليي مكافأة موعد الوصول,2025-12-01,2002491
telegram,mrsool_delivery,توصيل,المخالفين موصلين ٣٠٠ وشوي الشهر اللي فات انا بقوة وصلت ٢٩٠,2025-12-01,2002496
telegram,freelancers_ksa,عمل_حر,كيف أحسن بروفايلي في مستقل وأحصل على عملاء,2025-12-01,2002557
telegram,freelancers_ksa,عمل_حر,التسويق الرقمي من أكثر التخصصات طلباً,2025-12-01,2002561
telegram,Captains_saudi,نقل,ودي اشتغل ف بولت بجانب اوبر ممكن؟,2025-12-02,2002175
twitter,careem_drivers_sa,نقل,إلى متى يا اوبر نسبة عالية وفوق هذا تسعيرة زي وجهك,2025-12-02,2002204
telegram,kayan_ksa,نقل,وصلت واحد المطار وكان مصري وحك الصدام من السيارة,2025-12-02,2002211
telegram,careem_drivers_sa,نقل,من اشوف مشوار مو مناسب على طول ارفضه,2025-12-02,2002287
telegram,thechefs_ksa,توصيل,وصلت ٢٠٠ طلب هذا الشهر الحمد لله,2025-12-02,2002330
telegram,jahez_couriers,توصيل,توصيل في الأمطار خطر بدون مكافأة من التطبيق,2025-12-02,2002389
telegram,toYou_couriers,توصيل,وصلت ٢٠٠ طلب هذا الشهر الحمد لله,2025-12-02,2002416
telegram,khamsat_ar,عمل_حر,بدأت فريلانس من بيتي والدخل تحسن الحمد لله,2025-12-02,2002507
telegram,kayan_ksa,نقل,جيني بدأ ينافس لكن ما زال الطلبات أقل,2025-12-03,2002168
twitter,السائقين_السعوديين,نقل,اقل شي ٤٥٠ واعلى شي ٥٥٠ خلال ١٢ ساعة على اوبر,2025-12-03,2002189
telegram,Captains_saudi,نقل,السائقين الأجانب يزاحمون على الرحلات في كريم,2025-12-03,2002195
telegram,CreemUber,نقل,بعدها على بولت خلال ٦ ساعات ٢٠٠ ريال خلال ١٦ ساعة ٧٠٠ ريال ثابتة,2025-12-03,2002205
twitter,السائقين_السعوديين,نقل,أحسن أوقات الشغل الفطور والغداء والذروة المسائية,2025-12-03,2002212
telegram,CreemUber,نقل,بعدها على بولت خلال ٦ ساعات ٢٠٠ ريال خلال ١٦ ساعة ٧٠٠ ريال ثابتة,2025-12-03,2002239
telegram,delivery_ksa,توصيل,وصلت طلبات وطلعت ب١١٠ ريال لكن ليش ما اتضافت للسحب,2025-12-03,2002302
telegram,toYou_couriers,توصيل,مرسول رقم واحد بالتعويض يقولك توصل موقع العميل كلمنا,2025-12-03,2002310
telegram,keeta_couriers,توصيل,والله اذا موترك ينفع في النقل الموجه افضل بمليون مرة,2025-12-03,2002372
telegram,jahez_couriers,توصيل,خدمة العملاء في كيتا ما تفيد تقريباً,2025-12-03,2002373
telegram,toYou_couriers,توصيل,مرسول الطلبات فل بس عيبه اطلب اي شي روح بنفسك,2025-12-03,2002388
telegram,khamsat_ar,عمل_حر,نبي حماية للفريلانسر من الزبون اللي ما يدفع,2025-12-03,2002550
telegram,mostaql_workers,عمل_حر,أكملت مشروع تصميم بـ ٨٠٠ ريال في مستقل,2025-12-03,2002574
telegram,CreemUber,نقل,متوسط دخلي اليوم ١٨٠ ريال بعد البنزين,2025-12-04,2002149
telegram,wasselni_drivers,نقل,إلى متى يا اوبر نسبة عالية وفوق هذا تسعيرة زي وجهك,2025-12-04,2002154
telegram,uber_ksa_drivers,نقل,عميل تقييمه منخفض لا تاخذ مرة,2025-12-04,2002157
twitter,kayan_ksa,نقل,بعدها على بولت خلال ٦ ساعات ٢٠٠ ريال خلال ١٦ ساعة ٧٠٠ ريال ثابتة,2025-12-04,2002172
telegram,السائقين_السعوديين,نقل,الذروة في كريم حمراء والطلبات ورا بعض بالمدينة,2025-12-04,2002177
telegram,kayan_ksa,نقل,أوبر أفضل من بولت في توزيع الرحلات عندي,2025-12-04,2002234
telegram,jahez_couriers,توصيل,كنت اشتغل مرسول زمان اطلع ٢٠٠ في اليوم على ٨ طلبات,2025-12-04,2002306
telegram,HungerStation_drivers,توصيل,رحت محل اكل هندي وجبت طلب وشوربة واقعة جاني خصم ٥٠ ريال,2025-12-04,2002339
telegram,delivery_ksa,توصيل,مرسول رقم واحد بالتعويض يقولك توصل موقع العميل كلمنا,2025-12-04,2002477
telegram,mostaql_workers,عمل_حر,التسويق الرقمي من أكثر التخصصات طلباً,2025-12-04,2002517
telegram,freelancers_ksa,عمل_حر,كيف أحسن بروفايلي في مستقل وأحصل على عملاء,2025-12-04,2002551
telegram,khamsat_ar,عمل_حر,مشروع ترجمة بكم تقدر تقدم,2025-12-04,2002565
telegram,السائقين_السعوديين,نقل,العمل في المطارات أحسن من الشوارع الربح افضل,2025-12-05,2002146
telegram,careem_drivers_sa,نقل,متوسط دخلي اليوم ١٨٠ ريال بعد البنزين,2025-12-05,2002153
twitter,jeeny_ksa,نقل,أوبر أفضل من بولت في توزيع الرحلات عندي,2025-12-05,2002170
telegram,kayan_ksa,نقل,التامين على السيارة غالي علينا الشركات مو مهتمة,2025-12-05,2002265
twitter,Captains_saudi,نقل,ودي اشتغل ف بولت بجانب اوبر ممكن؟,2025-12-05,2002277
telegram,HungerStation_drivers,توصيل,هنقرستيشن يقولك رجع الطلب سوبر ماركت هنقرستيشن,2025-12-05,2002309
telegram,delivery_ksa,توصيل,مو محل وموظفين اغبياء هم الغلطانين مو المندوب,2025-12-05,2002334
telegram,toYou_couriers,توصيل,الدراجة تعطلت اليوم وخسرت شغل,2025-12-05,2002390
telegram,thechefs_ksa,توصيل,مرسول شغال زي لوز ما عده كيتا,2025-12-05,2002408
telegram,HungerStation_drivers,توصيل,الطلبات الليلية تساوي ضعف النهارية في كيتا,2025-12-05,2002419
telegram,mrsool_delivery,توصيل,رحت محل اكل هندي وجبت طلب وشوربة واقعة جاني خصم ٥٠ ريال,2025-12-05,2002432
telegram,delivery_ksa,توصيل,مشوار ابو ٢٠ زمان في كيتا الحين ب٩,2025-12-05,2002453
telegram,keeta_couriers,توصيل,كيتا يلعبون على المندوب عشان يخصمون مكافأة التوصيل في الوقت,2025-12-05,2002490
telegram,khamsat_ar,عمل_حر,ضريبة القيمة المضافة على الفريلانس كيف تشتغل,2025-12-05,2002538
twitter,khamsat_ar,عمل_حر,مشروع ترجمة بكم تقدر تقدم,2025-12-05,2002542
telegram,freelancers_ksa,عمل_حر,الزبون ما دفع بعد تسليم العمل كيف أتصرف,2025-12-05,2002560
telegram,freelancers_ksa,عمل_حر,التسويق الرقمي من أكثر التخصصات طلباً,2025-12-05,2002576
twitter,freelancers_ksa,عمل_حر,كيف أحسن بروفايلي في مستقل وأحصل على عملاء,2025-12-05,2002577
telegram,bolt_drivers_ksa,نقل,ما يستاهل لا تعب ولا وقت المشوار بعيد والربح ضعيف,2025-12-06,2002115
telegram,kayan_ksa,نقل,كم متوسط دخل الكابتن في الرياض شهريًا حاليًا,2025-12-06,2002158
telegram,careem_drivers_sa,نقل,جيني وصليني الاسعار خايسه جدا يعني الكيلو اقل من ريال,2025-12-06,2002224
twitter,jahez_couriers,توصيل,كنت اشتغل مرسول زمان اطلع ٢٠٠ في اليوم على ٨ طلبات,2025-12-06,2002303
telegram,HungerStation_drivers,توصيل,ذا شيفز الطلبات كثيرة بس المنطقة محدودة حتى الآن,2025-12-06,2002321
telegram,toYou_couriers,توصيل,جدة من ٥ ايام ما في طلبات او طلبين بالكثير ايش المشكلة في كيتا,2025-12-06,2002329
telegram,mrsool_delivery,توصيل,الاسعار اختلفت بعد كثرة المنافسين ودخول كيتا بالاخص,2025-12-06,2002336
twitter,HungerStation_drivers,توصيل,الحين ١٤ طلب في كيتا وما طلعت ٢٠ ريال,2025-12-06,2002337
telegram,jahez_couriers,توصيل,وصلت طلبات وطلعت ب١١٠ ريال لكن ليش ما اتضافت للسحب,2025-12-06,2002381
telegram,HungerStation_drivers,توصيل,مانبي نقطع رزق احد بس والله غبنه توقف عند المطاعم وتنتظر,2025-12-06,2002392
telegram,Captains_saudi,نقل,وصلت ٥٠ رحلة هذا الأسبوع الحمد لله رب العالمين,2025-12-07,2002125
telegram,careem_drivers_sa,نقل,الذروة في كريم حمراء والطلبات ورا بعض بالمدينة,2025-12-07,2002178
twitter,السائقين_السعوديين,نقل,من اشوف مشوار مو مناسب على طول ارفضه,2025-12-07,2002183
telegram,CreemUber,نقل,عميل تقييمه منخفض لا تاخذ مرة,2025-12-07,2002193
telegram,السائقين_السعوديين,نقل,أوبر أفضل من بولت في توزيع الرحلات عندي,2025-12-07,2002243
telegram,kayan_ksa,نقل,نبي نظام تأمين صحي للسائقين مثل الموظفين,2025-12-07,2002276
telegram,jahez_couriers,توصيل,ياخوان الطلبات وقفت عندي من ساعة م جاني ولا طلب,2025-12-07,2002347
telegram,jahez_couriers,توصيل,واحد طالب ٣ ماء من كودو المهم يرسل يقول كنسل,2025-12-07,2002400
telegram,jahez_couriers,توصيل,امس السحور ٩ ريال و ١٠ ريال من كيتا ليش ولا حق التعب,2025-12-07,2002403
telegram,keeta_couriers,توصيل,مانبي نقطع رزق احد بس والله غبنه توقف عند المطاعم وتنتظر,2025-12-07,2002414
telegram,thechefs_ksa,توصيل,ذا شيفز تعاملهم مع المناديب أحسن من كيتا,2025-12-07,2002457
telegram,mostaql_workers,عمل_حر,دخلي من البرمجة هذا الشهر ٧٠٠٠ ريال,2025-12-07,2002510
telegram,mostaql_workers,عمل_حر,الفريلانس في السعودية بدأ ينمو بشكل كبير,2025-12-07,2002563
telegram,freelancers_ksa,عمل_حر,الفريلانس في السعودية بدأ ينمو بشكل كبير,2025-12-07,2002566
twitter,mostaql_workers,عمل_حر,بدأت فريلانس من بيتي والدخل تحسن الحمد لله,2025-12-07,2002570
telegram,wasselni_drivers,نقل,بولت نسبة عالية خير ياطير اذا عوضنا,2025-12-08,2002135
telegram,السائقين_السعوديين,نقل,والله زمان كان فيها خير اما الان مو المستفيد الا التطبيق,2025-12-08,2002203
twitter,Captains_saudi,نقل,اوبر مادري كيف يفكرون جاني مشوار والطرق كلها مقفله,2025-12-08,2002214
telegram,wasselni_drivers,نقل,نسبة اوبر في مشوار المطار وصلت ٧٥٪ اخذ من الزبون ٥٩ ريال عطاني ١٢ فقط,2025-12-08,2002226
twitter,CreemUber,نقل,أحسن أوقات الشغل الفطور والغداء والذروة المسائية,2025-12-08,2002233
twitter,careem_drivers_sa,نقل,ودي اشتغل ف بولت بجانب اوبر ممكن؟,2025-12-08,2002250
telegram,uber_ksa_drivers,نقل,جيني بدأ ينافس لكن ما زال الطلبات أقل,2025-12-08,2002254
telegram,السائقين_السعوديين,نقل,نبي نظام تأمين صحي للسائقين مثل الموظفين,2025-12-08,2002267
telegram,keeta_couriers,توصيل,توصيل في الأمطار خطر بدون مكافأة من التطبيق,2025-12-08,2002351
telegram,HungerStation_drivers,توصيل,مرسول فتح تسجيل جديد للموصلين هذا الأسبوع,2025-12-08,2002445
telegram,thechefs_ksa,توصيل,جدة من ٥ ايام ما في طلبات او طلبين بالكثير ايش المشكلة في كيتا,2025-12-08,2002497
twitter,khamsat_ar,عمل_حر,upwork أو مستقل أيهما أفضل للسعوديين,2025-12-08,2002503
twitter,bolt_drivers_ksa,نقل,ما يستاهل لا تعب ولا وقت المشوار بعيد والربح ضعيف,2025-12-09,2002117
telegram,uber_ksa_drivers,نقل,محتاج سيارة جديدة السيارة الحالية تعبت من كثر الشغل,2025-12-09,2002119
telegram,bolt_drivers_ksa,نقل,اوبر زود على نسبة الالغاء وانا ما قدرت اوصل للعميل,2025-12-09,2002138
telegram,jeeny_ksa,نقل,أحسن أوقات الشغل الفطور والغداء والذروة المسائية,2025-12-09,2002208
telegram,kayan_ksa,نقل,جيني وصليني الاسعار خايسه جدا يعني الكيلو اقل من ريال,2025-12-09,2002232
telegram,Captains_saudi,نقل,محتاج سيارة جديدة السيارة الحالية تعبت من كثر الشغل,2025-12-09,2002255
telegram,careem_drivers_sa,نقل,ما يستاهل لا تعب ولا وقت المشوار بعيد والربح ضعيف,2025-12-09,2002297
telegram,keeta_couriers,توصيل,المندوب المخالف يأكل حرام رزق شخص نظامي,2025-12-09,2002308
telegram,delivery_ksa,توصيل,امس السحور ٩ ريال و ١٠ ريال من كيتا ليش ولا حق التعب,2025-12-09,2002316
twitter,delivery_ksa,توصيل,الحين ١٤ طلب في كيتا وما طلعت ٢٠ ريال,2025-12-09,2002341
telegram,thechefs_ksa,توصيل,وصلت ٢٠٠ طلب هذا الشهر الحمد لله,2025-12-09,2002344
telegram,toYou_couriers,توصيل,كيتا الحين يقولك توصل الطلب وعشان تبلغ تأخير المطعم تنتظر,2025-12-09,2002361
telegram,delivery_ksa,توصيل,ياخوان الطلبات وقفت عندي من ساعة م جاني ولا طلب,2025-12-09,2002375
twitter,mrsool_delivery,توصيل,ياشباب امس المغرب حولت مبلغ من كيتا ولحد الان ما وصلت,2025-12-09,2002382
telegram,mrsool_delivery,توصيل,وصلت ٢٠٠ طلب هذا الشهر الحمد لله,2025-12-09,2002383
telegram,thechefs_ksa,توصيل,جاهز أحسن من مرسول في التوزيع والسعر,2025-12-09,2002425
telegram,toYou_couriers,توصيل,مرسول شغال زي لوز ما عده كيتا,2025-12-09,2002429
twitter,mrsool_delivery,توصيل,سلام وصلت طلب وسلمته للعميل بيدي وبعد نص ساعة خصموا قيمة الطلب,2025-12-09,2002444
twitter,HungerStation_drivers,توصيل,الطلبات الليلية تساوي ضعف النهارية في كيتا,2025-12-09,2002450
telegram,delivery_ksa,توصيل,المندوب المخالف يأكل حرام رزق شخص نظامي,2025-12-09,2002492
telegram,mostaql_workers,عمل_حر,التسويق الرقمي من أكثر التخصصات طلباً,2025-12-09,2002514
telegram,khamsat_ar,عمل_حر,مشروع ترجمة بكم تقدر تقدم,2025-12-09,2002530
telegram,mostaql_workers,عمل_حر,نبي حماية للفريلانسر من الزبون اللي ما يدفع,2025-12-09,2002531
twitter,freelancers_ksa,عمل_حر,بدأت فريلانس من بيتي والدخل تحسن الحمد لله,2025-12-09,2002537
telegram,mostaql_workers,عمل_حر,نبي حماية للفريلانسر من الزبون اللي ما يدفع,2025-12-09,2002571
telegram,CreemUber,نقل,متوسط دخلي اليوم ١٨٠ ريال بعد البنزين,2025-12-10,2002129
telegram,bolt_drivers_ksa,نقل,اليوم الأوردرات كانت ممتازة والبخشيش زين الحمد لله,2025-12-10,2002130
telegram,uber_ksa_drivers,نقل,التامين على السيارة غالي علينا الشركات مو مهتمة,2025-12-10,2002139
twitter,kayan_ksa,نقل,السكوت ماراح ينفع خلونا نتحرك بشكل منظم,2025-12-10,2002159
telegram,uber_ksa_drivers,نقل,نسبة اوبر في مشوار المطار وصلت ٧٥٪ اخذ من الزبون ٥٩ ريال عطاني ١٢ فقط,2025-12-10,2002213
twitter,uber_ksa_drivers,نقل,ودي اشتغل ف بولت بجانب اوبر ممكن؟,2025-12-10,2002228
telegram,Captains_saudi,نقل,جيني بدأ ينافس لكن ما زال الطلبات أقل,2025-12-10,2002242
telegram,kayan_ksa,نقل,أحسن أوقات الشغل الفطور والغداء والذروة المسائية,2025-12-10,2002271
twitter,السائقين_السعوديين,نقل,متوسط دخلي اليوم ١٨٠ ريال بعد البنزين,2025-12-10,2002285
telegram,jahez_couriers,توصيل,كيتا الحين يقولك توصل الطلب وعشان تبلغ تأخير المطعم تنتظر,2025-12-10,2002307
telegram,keeta_couriers,توصيل,والله اذا موترك ينفع في النقل الموجه افضل بمليون مرة,2025-12-10,2002332
twitter,thechefs_ksa,توصيل,وصلت طلبات وطلعت ب١١٠ ريال لكن ليش ما اتضافت للسحب,2025-12-10,2002379
telegram,keeta_couriers,توصيل,كيتا الحين يقولك توصل الطلب وعشان تبلغ تأخير المطعم تنتظر,2025-12-10,2002430
twitter,jahez_couriers,توصيل,والله كيتا صار يضحك علينا الطلبات وصلت الى ٦ ريال,2025-12-10,2002439
twitter,delivery_ksa,توصيل,الاسعار اختلفت بعد كثرة المنافسين ودخول كيتا بالاخص,2025-12-10,2002446
telegram,toYou_couriers,توصيل,مرسول رقم واحد بالتعويض يقولك توصل موقع العميل كلمنا,2025-12-10,2002452
telegram,mrsool_delivery,توصيل,كنت اشتغل مرسول زمان اطلع ٢٠٠ في اليوم على ٨ طلبات,2025-12-10,2002487
telegram,mrsool_delivery,توصيل,توصيل في الأمطار خطر بدون مكافأة من التطبيق,2025-12-10,2002488
telegram,khamsat_ar,عمل_حر,الفريلانس في السعودية بدأ ينمو بشكل كبير,2025-12-10,2002515
telegram,khamsat_ar,عمل_حر,upwork أو مستقل أيهما أفضل للسعوديين,2025-12-10,2002519
twitter,mostaql_workers,عمل_حر,الزبون ما دفع بعد تسليم العمل كيف أتصرف,2025-12-10,2002521
twitter,السائقين_السعوديين,نقل,ذروة ب كاش مع نسبتهم تشوفه مبلغ كويس بس يجيك بمشوار واحد بطاقة,2025-12-11,2002182
telegram,bolt_drivers_ksa,نقل,من حقك ترفض خدمته سيارتك وترفع بلاغ,2025-12-11,2002235
telegram,bolt_drivers_ksa,نقل,بولت نسبة عالية خير ياطير اذا عوضنا,2025-12-11,2002266
telegram,careem_drivers_sa,نقل,وصلت ٥٠ رحلة هذا الأسبوع الحمد لله رب العالمين,2025-12-11,2002269
telegram,السائقين_السعوديين,نقل,السائق هو الي يتعب ولابد تكون نسبة اوبر لها حد اعلى ٢٠ ريال,2025-12-11,2002280
twitter,HungerStation_drivers,توصيل,مشكلة الباكدج الكبير ما يناسب الدراجة,2025-12-11,2002320
telegram,thechefs_ksa,توصيل,ياخوان الطلبات وقفت عندي من ساعة م جاني ولا طلب,2025-12-11,2002327
telegram,thechefs_ksa,توصيل,ياشباب امس المغرب حولت مبلغ من كيتا ولحد الان ما وصلت,2025-12-11,2002349
telegram,thechefs_ksa,توصيل,وصلت طلبات وطلعت ب١١٠ ريال لكن ليش ما اتضافت للسحب,2025-12-11,2002368
twitter,jahez_couriers,توصيل,جاهز أحسن من مرسول في التوزيع والسعر,2025-12-11,2002448
twitter,jahez_couriers,توصيل,الطلبات في رمضان تجنن ٣ أضعاف العادي,2025-12-11,2002471
telegram,toYou_couriers,توصيل,مرسول الطلبات فل بس عيبه اطلب اي شي روح بنفسك,2025-12-11,2002485
telegram,khamsat_ar,عمل_حر,بدأت فريلانس من بيتي والدخل تحسن الحمد لله,2025-12-11,2002516
telegram,freelancers_ksa,عمل_حر,منصة خمسات أفضل للمبتدئين في العمل الحر,2025-12-11,2002523
twitter,mostaql_workers,عمل_حر,دخلي من البرمجة هذا الشهر ٧٠٠٠ ريال,2025-12-11,2002527
telegram,freelancers_ksa,عمل_حر,نبي حماية للفريلانسر من الزبون اللي ما يدفع,2025-12-11,2002534
telegram,khamsat_ar,عمل_حر,مشروع ترجمة بكم تقدر تقدم,2025-12-11,2002545
telegram,mostaql_workers,عمل_حر,upwork أو مستقل أيهما أفضل للسعوديين,2025-12-11,2002549
twitter,السائقين_السعوديين,نقل,جربت كابتن في جيني وجيت الرياض والشغل مثل الشرقية,2025-12-12,2002132
twitter,kayan_ksa,نقل,اوبر مادري كيف يفكرون جاني مشوار والطرق كلها مقفله,2025-12-12,2002142
telegram,Captains_saudi,نقل,وصليني مافيه طلبات كافية في منطقتي,2025-12-12,2002165
twitter,Captains_saudi,نقل,ودي اشتغل ف بولت بجانب اوبر ممكن؟,2025-12-12,2002184
telegram,bolt_drivers_ksa,نقل,جيني وصليني الاسعار خايسه جدا يعني الكيلو اقل من ريال,2025-12-12,2002206
twitter,delivery_ksa,توصيل,ذا شيفز يدفع بشكل منتظم بخلاف كيتا,2025-12-12,2002342
telegram,HungerStation_drivers,توصيل,طلب وصل بارد لأن المطعم تأخر وراحت التقييم,2025-12-12,2002352
twitter,jahez_couriers,توصيل,ياشباب امس المغرب حولت مبلغ من كيتا ولحد الان ما وصلت,2025-12-12,2002358
telegram,mrsool_delivery,توصيل,سلام وصلت طلب وسلمته للعميل بيدي وبعد نص ساعة خصموا قيمة الطلب,2025-12-12,2002359
telegram,jahez_couriers,توصيل,واحد طالب ٣ ماء من كودو المهم يرسل يقول كنسل,2025-12-12,2002386
telegram,delivery_ksa,توصيل,المندوب المخالف يأكل حرام رزق شخص نظامي,2025-12-12,2002412
twitter,delivery_ksa,توصيل,يعطيكم العافيه يا شباب حولت مبلغ من كيتا ولحد الان ما وصلت,2025-12-12,2002423
telegram,toYou_couriers,توصيل,والله اذا موترك ينفع في النقل الموجه افضل بمليون مرة,2025-12-12,2002440
twitter,mrsool_delivery,توصيل,مرسول شغال زي لوز ما عده كيتا,2025-12-12,2002459
telegram,keeta_couriers,توصيل,وصلت طلبات وطلعت ب١١٠ ريال لكن ليش ما اتضافت للسحب,2025-12-12,2002470
twitter,khamsat_ar,عمل_حر,نبي حماية للفريلانسر من الزبون اللي ما يدفع,2025-12-12,2002548
twitter,freelancers_ksa,عمل_حر,upwork أو مستقل أيهما أفضل للسعوديين,2025-12-12,2002562
twitter,uber_ksa_drivers,نقل,اتمنى الجميع يركز نتحرك بشكل جماعي نرفع شكاوى لوزارة النقل,2025-12-13,2002188
telegram,Captains_saudi,نقل,أوبر أفضل من بولت في توزيع الرحلات عندي,2025-12-13,2002190
telegram,bolt_drivers_ksa,نقل,نسبة اوبر في مشوار المطار وصلت ٧٥٪ اخذ من الزبون ٥٩ ريال عطاني ١٢ فقط,2025-12-13,2002218
telegram,Captains_saudi,نقل,أحسن أوقات الشغل الفطور والغداء والذروة المسائية,2025-12-13,2002245
telegram,toYou_couriers,توصيل,مشكلة الباكدج الكبير ما يناسب الدراجة,2025-12-13,2002315
telegram,mrsool_delivery,توصيل,ذا شيفز يدفع بشكل منتظم بخلاف كيتا,2025-12-13,2002317
telegram,thechefs_ksa,توصيل,الطلبات في رمضان تجنن ٣ أضعاف العادي,2025-12-13,2002322
telegram,keeta_couriers,توصيل,مشوار ابو ٢٠ زمان في كيتا الحين ب٩,2025-12-13,2002385
telegram,keeta_couriers,توصيل,الدراجة تعطلت اليوم وخسرت شغل,2025-12-13,2002410
telegram,toYou_couriers,توصيل,المخالفين موصلين ٣٠٠ وشوي الشهر اللي فات انا بقوة وصلت ٢٩٠,2025-12-13,2002456
twitter,thechefs_ksa,توصيل,جاهز أحسن من مرسول في التوزيع والسعر,2025-12-13,2002463
twitter,freelancers_ksa,عمل_حر,كيف أحسن بروفايلي في مستقل وأحصل على عملاء,2025-12-13,2002532
twitter,mostaql_workers,عمل_حر,أكملت مشروع تصميم بـ ٨٠٠ ريال في مستقل,2025-12-13,2002556
telegram,bolt_drivers_ksa,نقل,جيني وصليني الاسعار خايسه جدا يعني الكيلو اقل من ريال,2025-12-14,2002131
twitter,uber_ksa_drivers,نقل,الذروة في كريم حمراء والطلبات ورا بعض بالمدينة,2025-12-14,2002137
telegram,kayan_ksa,نقل,بولت انا مااوثق في اي زبون يقولي بحولك مابحولك,2025-12-14,2002161
telegram,Captains_saudi,نقل,جيني وصليني الاسعار خايسه جدا يعني الكيلو اقل من ريال,2025-12-14,2002185
twitter,CreemUber,نقل,جيني وصليني الاسعار خايسه جدا يعني الكيلو اقل من ريال,2025-12-14,2002192
telegram,CreemUber,نقل,بولت نسبة عالية خير ياطير اذا عوضنا,2025-12-14,2002221
telegram,careem_drivers_sa,نقل,وصليني مافيه طلبات كافية في منطقتي,2025-12-14,2002256
telegram,السائقين_السعوديين,نقل,متوسط دخلي اليوم ١٨٠ ريال بعد البنزين,2025-12-14,2002294
telegram,thechefs_ksa,توصيل,جدة من ٥ ايام ما في طلبات او طلبين بالكثير ايش المشكلة في كيتا,2025-12-14,2002350
twitter,HungerStation_drivers,توصيل,الحين ١٤ طلب في كيتا وما طلعت ٢٠ ريال,2025-12-14,2002374
telegram,thechefs_ksa,توصيل,توصيل في الأمطار خطر بدون مكافأة من التطبيق,2025-12-14,2002415
telegram,thechefs_ksa,توصيل,ياشباب امس المغرب حولت مبلغ من كيتا ولحد الان ما وصلت,2025-12-14,2002421
telegram,thechefs_ksa,توصيل,الطلبات الليلية تساوي ضعف النهارية في كيتا,2025-12-14,2002426
telegram,HungerStation_drivers,توصيل,ذا شيفز يدفع بشكل منتظم بخلاف كيتا,2025-12-14,2002428
twitter,mrsool_delivery,توصيل,ياخوان الطلبات وقفت عندي من ساعة م جاني ولا طلب,2025-12-14,2002437
telegram,jahez_couriers,توصيل,والله اذا موترك ينفع في النقل الموجه افضل بمليون مرة,2025-12-14,2002443
telegram,mrsool_delivery,توصيل,مشكلة الباكدج الكبير ما يناسب الدراجة,2025-12-14,2002454
telegram,jahez_couriers,توصيل,هنجرستين وكيتا حاليًا جاهز ومرسول وذا شيفز بس اقل في الطلبات,2025-12-14,2002465
telegram,mostaql_workers,عمل_حر,أكملت مشروع تصميم بـ ٨٠٠ ريال في مستقل,2025-12-14,2002528
telegram,mostaql_workers,عمل_حر,دخلي من البرمجة هذا الشهر ٧٠٠٠ ريال,2025-12-14,2002572
twitter,bolt_drivers_ksa,نقل,ذروة ب كاش مع نسبتهم تشوفه مبلغ كويس بس يجيك بمشوار واحد بطاقة,2025-12-15,2002116
twitter,bolt_drivers_ksa,نقل,عميل تقييمه منخفض لا تاخذ مرة,2025-12-15,2002209
telegram,السائقين_السعوديين,نقل,من حقك ترفض خدمته سيارتك وترفع بلاغ,2025-12-15,2002223
telegram,jeeny_ksa,نقل,كم متوسط دخل الكابتن في الرياض شهريًا حاليًا,2025-12-15,2002229
telegram,uber_ksa_drivers,نقل,العمل في المطارات أحسن من الشوارع الربح افضل,2025-12-15,2002291
twitter,delivery_ksa,توصيل,توصيل في الأمطار خطر بدون مكافأة من التطبيق,2025-12-15,2002314
twitter,HungerStation_drivers,توصيل,الدراجة تعطلت اليوم وخسرت شغل,2025-12-15,2002384
telegram,keeta_couriers,توصيل,مشوار ابو ٢٠ زمان في كيتا الحين ب٩,2025-12-15,2002394
telegram,mrsool_delivery,توصيل,مرسول الطلبات فل بس عيبه اطلب اي شي روح بنفسك,2025-12-15,2002427
twitter,thechefs_ksa,توصيل,وصلت ٢٠٠ طلب هذا الشهر الحمد لله,2025-12-15,2002433
telegram,jahez_couriers,توصيل,مانبي نقطع رزق احد بس والله غبنه توقف عند المطاعم وتنتظر,2025-12-15,2002472
twitter,thechefs_ksa,توصيل,واحد طالب ٣ ماء من كودو المهم يرسل يقول كنسل,2025-12-15,2002473
telegram,thechefs_ksa,توصيل,المندوب المخالف يأكل حرام رزق شخص نظامي,2025-12-15,2002478
telegram,thechefs_ksa,توصيل,مرسول الطلبات فل بس عيبه اطلب اي شي روح بنفسك,2025-12-15,2002484
twitter,mostaql_workers,عمل_حر,نبي حماية للفريلانسر من الزبون اللي ما يدفع,2025-12-15,2002508
telegram,CreemUber,نقل,ما يستاهل لا تعب ولا وقت المشوار بعيد والربح ضعيف,2025-12-16,2002191
twitter,CreemUber,نقل,من اشوف مشوار مو مناسب على طول ارفضه,2025-12-16,2002194
telegram,Captains_saudi,نقل,نسبة اوبر في مشوار المطار وصلت ٧٥٪ اخذ من الزبون ٥٩ ريال عطاني ١٢ فقط,2025-12-16,2002196
telegram,kayan_ksa,نقل,اقل شي ٤٥٠ واعلى شي ٥٥٠ خلال ١٢ ساعة على اوبر,2025-12-16,2002197
telegram,wasselni_drivers,نقل,اقل شي ٤٥٠ واعلى شي ٥٥٠ خلال ١٢ ساعة على اوبر,2025-12-16,2002215
telegram,bolt_drivers_ksa,نقل,الذروة في كريم حمراء والطلبات ورا بعض بالمدينة,2025-12-16,2002248
twitter,careem_drivers_sa,نقل,اتمنى الجميع يركز نتحرك بشكل جماعي نرفع شكاوى لوزارة النقل,2025-12-16,2002288
telegram,bolt_drivers_ksa,نقل,محتاج سيارة جديدة السيارة الحالية تعبت من كثر الشغل,2025-12-16,2002290
telegram,toYou_couriers,توصيل,امس وصلت طلب والعميل تأخر وراح عليي مكافأة موعد الوصول,2025-12-16,2002331
twitter,thechefs_ksa,توصيل,ذا شيفز يدفع بشكل منتظم بخلاف كيتا,2025-12-16,2002364
telegram,toYou_couriers,توصيل,يعطيكم العافيه يا شباب حولت مبلغ من كيتا ولحد الان ما وصلت,2025-12-16,2002406
telegram,mrsool_delivery,توصيل,ذا شيفز يدفع بشكل منتظم بخلاف كيتا,2025-12-16,2002476
twitter,keeta_couriers,توصيل,ذا شيفز الطلبات كثيرة بس المنطقة محدودة حتى الآن,2025-12-16,2002493
telegram,mostaql_workers,عمل_حر,upwork أو مستقل أيهما أفضل للسعوديين,2025-12-16,2002518
telegram,freelancers_ksa,عمل_حر,دخلي من البرمجة هذا الشهر ٧٠٠٠ ريال,2025-12-16,2002526
twitter,uber_ksa_drivers,نقل,أحسن أوقات الشغل الفطور والغداء والذروة المسائية,2025-12-17,2002150
telegram,السائقين_السعوديين,نقل,بولت نسبة عالية خير ياطير اذا عوضنا,2025-12-17,2002210
telegram,jeeny_ksa,نقل,محتاج سيارة جديدة السيارة الحالية تعبت من كثر الشغل,2025-12-17,2002238
telegram,careem_drivers_sa,نقل,ودي اشتغل ف بولت بجانب اوبر ممكن؟,2025-12-17,2002252
telegram,Captains_saudi,نقل,من اشوف مشوار مو مناسب على طول ارفضه,2025-12-17,2002270
telegram,keeta_couriers,توصيل,ذا شيفز تعاملهم مع المناديب أحسن من كيتا,2025-12-17,2002333
telegram,mrsool_delivery,توصيل,هنجرستين وكيتا حاليًا جاهز ومرسول وذا شيفز بس اقل في الطلبات,2025-12-17,2002335
telegram,thechefs_ksa,توصيل,والله كيتا صار يضحك علينا الطلبات وصلت الى ٦ ريال,2025-12-17,2002371
twitter,keeta_couriers,توصيل,وصلت ٢٠٠ طلب هذا الشهر الحمد لله,2025-12-17,2002399
telegram,thechefs_ksa,توصيل,ذا شيفز يدفع بشكل منتظم بخلاف كيتا,2025-12-17,2002422
telegram,keeta_couriers,توصيل,الحين ١٤ طلب في كيتا وما طلعت ٢٠ ريال,2025-12-17,2002436
telegram,toYou_couriers,توصيل,الطلبات الليلية تساوي ضعف النهارية في كيتا,2025-12-17,2002461
telegram,freelancers_ksa,عمل_حر,منصة خمسات أفضل للمبتدئين في العمل الحر,2025-12-17,2002533
twitter,mostaql_workers,عمل_حر,أكملت مشروع تصميم بـ ٨٠٠ ريال في مستقل,2025-12-17,2002555
twitter,uber_ksa_drivers,نقل,وصلت ٥٠ رحلة هذا الأسبوع الحمد لله رب العالمين,2025-12-18,2002200
telegram,jeeny_ksa,نقل,من حقك ترفض خدمته سيارتك وترفع بلاغ,2025-12-18,2002219
twitter,bolt_drivers_ksa,نقل,رفضت رحلة بعيدة وخسرت bonus الاسبوع,2025-12-18,2002222
telegram,delivery_ksa,توصيل,سلام وصلت طلب وسلمته للعميل بيدي وبعد نص ساعة خصموا قيمة الطلب,2025-12-18,2002431
telegram,delivery_ksa,توصيل,مو محل وموظفين اغبياء هم الغلطانين مو المندوب,2025-12-18,2002451
twitter,jahez_couriers,توصيل,جاهز أحسن من مرسول في التوزيع والسعر,2025-12-18,2002469
telegram,khamsat_ar,عمل_حر,التسويق الرقمي من أكثر التخصصات طلباً,2025-12-18,2002502
twitter,freelancers_ksa,عمل_حر,الفريلانس في السعودية بدأ ينمو بشكل كبير,2025-12-18,2002520
telegram,khamsat_ar,عمل_حر,نبي حماية للفريلانسر من الزبون اللي ما يدفع,2025-12-18,2002540
twitter,السائقين_السعوديين,نقل,اذا الوقت زاد ٨ دقايق وفوق ماافكهم غير مسويلي تعويض,2025-12-19,2002114
telegram,Captains_saudi,نقل,الذروة في كريم حمراء والطلبات ورا بعض بالمدينة,2025-12-19,2002121
telegram,kayan_ksa,نقل,من اشوف مشوار مو مناسب على طول ارفضه,2025-12-19,2002134
telegram,kayan_ksa,نقل,نسبة اوبر في مشوار المطار وصلت ٧٥٪ اخذ من الزبون ٥٩ ريال عطاني ١٢ فقط,2025-12-19,2002162
telegram,CreemUber,نقل,جيني وصليني الاسعار خايسه جدا يعني الكيلو اقل من ريال,2025-12-19,2002180
telegram,wasselni_drivers,نقل,رفضت رحلة بعيدة وخسرت bonus الاسبوع,2025-12-19,2002246
telegram,jeeny_ksa,نقل,التامين على السيارة غالي علينا الشركات مو مهتمة,2025-12-19,2002268
telegram,thechefs_ksa,توصيل,الدراجة تعطلت اليوم وخسرت شغل,2025-12-19,2002345
telegram,HungerStation_drivers,توصيل,مانبي نقطع رزق احد بس والله غبنه توقف عند المطاعم وتنتظر,2025-12-19,2002376
telegram,HungerStation_drivers,توصيل,ذا شيفز الطلبات كثيرة بس المنطقة محدودة حتى الآن,2025-12-19,2002434
telegram,jahez_couriers,توصيل,وصلت ٢٠٠ طلب هذا الشهر الحمد لله,2025-12-19,2002486
telegram,toYou_couriers,توصيل,الطلبات الليلية تساوي ضعف النهارية في كيتا,2025-12-19,2002494
twitter,freelancers_ksa,عمل_حر,مشروع ترجمة بكم تقدر تقدم,2025-12-19,2002511
twitter,CreemUber,نقل,الزحمة في الرياض قاتلة والأرباح نازلة,2025-12-20,2002145
telegram,jeeny_ksa,نقل,إلى متى يا اوبر نسبة عالية وفوق هذا تسعيرة زي وجهك,2025-12-20,2002148
telegram,uber_ksa_drivers,نقل,أحسن أوقات الشغل الفطور والغداء والذروة المسائية,2025-12-20,2002171
telegram,bolt_drivers_ksa,نقل,من حقك ترفض خدمته سيارتك وترفع بلاغ,2025-12-20,2002187
telegram,Captains_saudi,نقل,السائق هو الي يتعب ولابد تكون نسبة اوبر لها حد اعلى ٢٠ ريال,2025-12-20,2002207
telegram,CreemUber,نقل,بولت انا مااوثق في اي زبون يقولي بحولك مابحولك,2025-12-20,2002227
telegram,kayan_ksa,نقل,بولت انا مااوثق في اي زبون يقولي بحولك مابحولك,2025-12-20,2002237
twitter,jeeny_ksa,نقل,كم متوسط دخل الكابتن في الرياض شهريًا حاليًا,2025-12-20,2002240
telegram,jeeny_ksa,نقل,ودي اشتغل ف بولت بجانب اوبر ممكن؟,2025-12-20,2002262
telegram,keeta_couriers,توصيل,مرسول رقم واحد بالتعويض يقولك توصل موقع العميل كلمنا,2025-12-20,2002300
telegram,jahez_couriers,توصيل,مشكلة الباكدج الكبير ما يناسب الدراجة,2025-12-20,2002325
telegram,delivery_ksa,توصيل,توصيل في الأمطار خطر بدون مكافأة من التطبيق,2025-12-20,2002346
telegram,HungerStation_drivers,توصيل,كيتا يلعبون على المندوب عشان يخصمون مكافأة التوصيل في الوقت,2025-12-20,2002396
twitter,HungerStation_drivers,توصيل,يعطيكم العافيه يا شباب حولت مبلغ من كيتا ولحد الان ما وصلت,2025-12-20,2002435
telegram,mrsool_delivery,توصيل,امس وصلت طلب والعميل تأخر وراح عليي مكافأة موعد الوصول,2025-12-20,2002442
telegram,keeta_couriers,توصيل,الاسعار اختلفت بعد كثرة المنافسين ودخول كيتا بالاخص,2025-12-20,2002466
telegram,freelancers_ksa,عمل_حر,مشروع ترجمة بكم تقدر تقدم,2025-12-20,2002505
twitter,mostaql_workers,عمل_حر,upwork أو مستقل أيهما أفضل للسعوديين,2025-12-20,2002524
twitter,freelancers_ksa,عمل_حر,دخلي من البرمجة هذا الشهر ٧٠٠٠ ريال,2025-12-20,2002525
telegram,khamsat_ar,عمل_حر,الزبائن الخليجيين يدفعون أحسن من العرب,2025-12-20,2002536
telegram,jeeny_ksa,نقل,العمل في المطارات أحسن من الشوارع الربح افضل,2025-12-21,2002166
telegram,Captains_saudi,نقل,وصلت واحد المطار وكان مصري وحك الصدام من السيارة,2025-12-21,2002230
telegram,careem_drivers_sa,نقل,والله زمان كان فيها خير اما الان مو المستفيد الا التطبيق,2025-12-21,2002298
telegram,HungerStation_drivers,توصيل,وصلت طلبات وطلعت ب١١٠ ريال لكن ليش ما اتضافت للسحب,2025-12-21,2002340
telegram,HungerStation_drivers,توصيل,المخالفين موصلين ٣٠٠ وشوي الشهر اللي فات انا بقوة وصلت ٢٩٠,2025-12-21,2002343
telegram,keeta_couriers,توصيل,مرسول شغال زي لوز ما عده كيتا,2025-12-21,2002369
twitter,jahez_couriers,توصيل,مرسول شغال زي لوز ما عده كيتا,2025-12-21,2002418
telegram,HungerStation_drivers,توصيل,الحين ١٤ طلب في كيتا وما طلعت ٢٠ ريال,2025-12-21,2002420
telegram,delivery_ksa,توصيل,امس وصلت طلب والعميل تأخر وراح عليي مكافأة موعد الوصول,2025-12-21,2002447
telegram,delivery_ksa,توصيل,الاسعار اختلفت بعد كثرة المنافسين ودخول كيتا بالاخص,2025-12-21,2002464
telegram,HungerStation_drivers,توصيل,ذا شيفز الطلبات كثيرة بس المنطقة محدودة حتى الآن,2025-12-21,2002480
telegram,toYou_couriers,توصيل,يعطيكم العافيه يا شباب حولت مبلغ من كيتا ولحد الان ما وصلت,2025-12-21,2002495
telegram,khamsat_ar,عمل_حر,أكملت مشروع تصميم بـ ٨٠٠ ريال في مستقل,2025-12-21,2002498
telegram,freelancers_ksa,عمل_حر,بدأت فريلانس من بيتي والدخل تحسن الحمد لله,2025-12-21,2002509
twitter,mostaql_workers,عمل_حر,بدأت فريلانس من بيتي والدخل تحسن الحمد لله,2025-12-21,2002554
telegram,kayan_ksa,نقل,أوبر أفضل من بولت في توزيع الرحلات عندي,2025-12-22,2002112
telegram,Captains_saudi,نقل,العمل في المطارات أحسن من الشوارع الربح افضل,2025-12-22,2002160
twitter,السائقين_السعوديين,نقل,من حقك ترفض خدمته سيارتك وترفع بلاغ,2025-12-22,2002169
telegram,السائقين_السعوديين,نقل,كيان التطبيق جديد بس الطلبات وايد خير من اوبر,2025-12-22,2002273
telegram,uber_ksa_drivers,نقل,ذروة ب كاش مع نسبتهم تشوفه مبلغ كويس بس يجيك بمشوار واحد بطاقة,2025-12-22,2002284
telegram,jeeny_ksa,نقل,رفضت رحلة بعيدة وخسرت bonus الاسبوع,2025-12-22,2002289
twitter,wasselni_drivers,نقل,الزحمة في الرياض قاتلة والأرباح نازلة,2025-12-22,2002296
telegram,mrsool_delivery,توصيل,مانبي نقطع رزق احد بس والله غبنه توقف عند المطاعم وتنتظر,2025-12-22,2002355
telegram,delivery_ksa,توصيل,يعطيكم العافيه يا شباب حولت مبلغ من كيتا ولحد الان ما وصلت,2025-12-22,2002468
telegram,khamsat_ar,عمل_حر,منصة خمسات أفضل للمبتدئين في العمل الحر,2025-12-22,2002522
twitter,freelancers_ksa,عمل_حر,دخلي من البرمجة هذا الشهر ٧٠٠٠ ريال,2025-12-22,2002535
twitter,khamsat_ar,عمل_حر,أكملت مشروع تصميم بـ ٨٠٠ ريال في مستقل,2025-12-22,2002541
telegram,khamsat_ar,عمل_حر,منصة خمسات أفضل للمبتدئين في العمل الحر,2025-12-22,2002553
telegram,khamsat_ar,عمل_حر,الفريلانس في السعودية بدأ ينمو بشكل كبير,2025-12-22,2002558
telegram,jeeny_ksa,نقل,العمل في المطارات أحسن من الشوارع الربح افضل,2025-12-23,2002141
telegram,bolt_drivers_ksa,نقل,الزحمة في الرياض قاتلة والأرباح نازلة,2025-12-23,2002167
telegram,Captains_saudi,نقل,كيان وصليني تطبيقات واعدة بس تحتاج وقت,2025-12-23,2002201
telegram,CreemUber,نقل,جربت كابتن في جيني وجيت الرياض والشغل مثل الشرقية,2025-12-23,2002244
telegram,CreemUber,نقل,وصلت ٥٠ رحلة هذا الأسبوع الحمد لله رب العالمين,2025-12-23,2002258
twitter,jeeny_ksa,نقل,أوبر أفضل من بولت في توزيع الرحلات عندي,2025-12-23,2002261
twitter,wasselni_drivers,نقل,بولت نسبة عالية خير ياطير اذا عوضنا,2025-12-23,2002281
telegram,HungerStation_drivers,توصيل,المندوب المخالف يأكل حرام رزق شخص نظامي,2025-12-23,2002318
telegram,toYou_couriers,توصيل,واحد طالب ٣ ماء من كودو المهم يرسل يقول كنسل,2025-12-23,2002338
telegram,toYou_couriers,توصيل,مرسول الطلبات فل بس عيبه اطلب اي شي روح بنفسك,2025-12-23,2002354
telegram,delivery_ksa,توصيل,مرسول رقم واحد بالتعويض يقولك توصل موقع العميل كلمنا,2025-12-23,2002362
twitter,HungerStation_drivers,توصيل,الاسعار اختلفت بعد كثرة المنافسين ودخول كيتا بالاخص,2025-12-23,2002366
twitter,thechefs_ksa,توصيل,والله اذا موترك ينفع في النقل الموجه افضل بمليون مرة,2025-12-23,2002387
telegram,thechefs_ksa,توصيل,هنجرستين وكيتا حاليًا جاهز ومرسول وذا شيفز بس اقل في الطلبات,2025-12-23,2002489
telegram,careem_drivers_sa,نقل,اوبر زود على نسبة الالغاء وانا ما قدرت اوصل للعميل,2025-12-24,2002179
telegram,CreemUber,نقل,جيني بدأ ينافس لكن ما زال الطلبات أقل,2025-12-24,2002247
telegram,jeeny_ksa,نقل,السائقين الأجانب يزاحمون على الرحلات في كريم,2025-12-24,2002251
twitter,careem_drivers_sa,نقل,السائق هو الي يتعب ولابد تكون نسبة اوبر لها حد اعلى ٢٠ ريال,2025-12-24,2002279
telegram,HungerStation_drivers,توصيل,وصلت ٢٠٠ طلب هذا الشهر الحمد لله,2025-12-24,2002305
telegram,delivery_ksa,توصيل,الحين ١٤ طلب في كيتا وما طلعت ٢٠ ريال,2025-12-24,2002312
telegram,keeta_couriers,توصيل,الطلبات في رمضان تجنن ٣ أضعاف العادي,2025-12-24,2002324
telegram,jahez_couriers,توصيل,يعطيكم العافيه يا شباب حولت مبلغ من كيتا ولحد الان ما وصلت,2025-12-24,2002357
telegram,HungerStation_drivers,توصيل,ذا شيفز تعاملهم مع المناديب أحسن من كيتا,2025-12-24,2002377
telegram,toYou_couriers,توصيل,كنت اشتغل مرسول زمان اطلع ٢٠٠ في اليوم على ٨ طلبات,2025-12-24,2002380
telegram,keeta_couriers,توصيل,مو محل وموظفين اغبياء هم الغلطانين مو المندوب,2025-12-24,2002395
telegram,keeta_couriers,توصيل,كيتا الحين يقولك توصل الطلب وعشان تبلغ تأخير المطعم تنتظر,2025-12-24,2002441
telegram,delivery_ksa,توصيل,هنجرستين وكيتا حاليًا جاهز ومرسول وذا شيفز بس اقل في الطلبات,2025-12-24,2002455
telegram,jahez_couriers,توصيل,امس السحور ٩ ريال و ١٠ ريال من كيتا ليش ولا حق التعب,2025-12-24,2002482
telegram,khamsat_ar,عمل_حر,الزبون ما دفع بعد تسليم العمل كيف أتصرف,2025-12-24,2002500
telegram,mostaql_workers,عمل_حر,مشروع ترجمة بكم تقدر تقدم,2025-12-24,2002543
twitter,careem_drivers_sa,نقل,بولت نسبة عالية خير ياطير اذا عوضنا,2025-12-25,2002173
twitter,uber_ksa_drivers,نقل,بعدها على بولت خلال ٦ ساعات ٢٠٠ ريال خلال ١٦ ساعة ٧٠٠ ريال ثابتة,2025-12-25,2002176
telegram,wasselni_drivers,نقل,اوبر مادري كيف يفكرون جاني مشوار والطرق كلها مقفله,2025-12-25,2002199
telegram,السائقين_السعوديين,نقل,اوبر زود على نسبة الالغاء وانا ما قدرت اوصل للعميل,2025-12-25,2002264
twitter,kayan_ksa,نقل,جيني بدأ ينافس لكن ما زال الطلبات أقل,2025-12-25,2002293
telegram,HungerStation_drivers,توصيل,الحين ١٤ طلب في كيتا وما طلعت ٢٠ ريال,2025-12-25,2002319
telegram,toYou_couriers,توصيل,الحين ١٤ طلب في كيتا وما طلعت ٢٠ ريال,2025-12-25,2002323
telegram,toYou_couriers,توصيل,مشوار ابو ٢٠ زمان في كيتا الحين ب٩,2025-12-25,2002397
telegram,HungerStation_drivers,توصيل,ذا شيفز تعاملهم مع المناديب أحسن من كيتا,2025-12-25,2002398
twitter,delivery_ksa,توصيل,الاسعار اختلفت بعد كثرة المنافسين ودخول كيتا بالاخص,2025-12-25,2002458
telegram,keeta_couriers,توصيل,مرسول شغال زي لوز ما عده كيتا,2025-12-25,2002460
twitter,jahez_couriers,توصيل,مانبي نقطع رزق احد بس والله غبنه توقف عند المطاعم وتنتظر,2025-12-25,2002462
telegram,mostaql_workers,عمل_حر,كيف أحسن بروفايلي في مستقل وأحصل على عملاء,2025-12-25,2002513
telegram,khamsat_ar,عمل_حر,كيف أحسن بروفايلي في مستقل وأحصل على عملاء,2025-12-25,2002559
telegram,freelancers_ksa,عمل_حر,التسويق الرقمي من أكثر التخصصات طلباً,2025-12-25,2002567
twitter,bolt_drivers_ksa,نقل,بولت انا مااوثق في اي زبون يقولي بحولك مابحولك,2025-12-26,2002126
telegram,السائقين_السعوديين,نقل,ودي اشتغل ف بولت بجانب اوبر ممكن؟,2025-12-26,2002140
telegram,Captains_saudi,نقل,اليوم الأوردرات كانت ممتازة والبخشيش زين الحمد لله,2025-12-26,2002152
telegram,careem_drivers_sa,نقل,إلى متى يا اوبر نسبة عالية وفوق هذا تسعيرة زي وجهك,2025-12-26,2002186
telegram,CreemUber,نقل,اوبر مادري كيف يفكرون جاني مشوار والطرق كلها مقفله,2025-12-26,2002198
twitter,jeeny_ksa,نقل,كيان وصليني تطبيقات واعدة بس تحتاج وقت,2025-12-26,2002220
twitter,uber_ksa_drivers,نقل,رفضت رحلة بعيدة وخسرت bonus الاسبوع,2025-12-26,2002253
twitter,CreemUber,نقل,السكوت ماراح ينفع خلونا نتحرك بشكل منظم,2025-12-26,2002275
telegram,mrsool_delivery,توصيل,مشكلة الباكدج الكبير ما يناسب الدراجة,2025-12-26,2002301
telegram,jahez_couriers,توصيل,مشكلة الباكدج الكبير ما يناسب الدراجة,2025-12-26,2002304
telegram,mrsool_delivery,توصيل,والله اذا موترك ينفع في النقل الموجه افضل بمليون مرة,2025-12-26,2002313
telegram,keeta_couriers,توصيل,امس السحور ٩ ريال و ١٠ ريال من كيتا ليش ولا حق التعب,2025-12-26,2002326
telegram,keeta_couriers,توصيل,ذا شيفز الطلبات كثيرة بس المنطقة محدودة حتى الآن,2025-12-26,2002365
telegram,HungerStation_drivers,توصيل,امس السحور ٩ ريال و ١٠ ريال من كيتا ليش ولا حق التعب,2025-12-26,2002378
telegram,thechefs_ksa,توصيل,ذا شيفز الطلبات كثيرة بس المنطقة محدودة حتى الآن,2025-12-26,2002401
telegram,HungerStation_drivers,توصيل,ذا شيفز الطلبات كثيرة بس المنطقة محدودة حتى الآن,2025-12-26,2002402
telegram,keeta_couriers,توصيل,هنقرستيشن يقولك رجع الطلب سوبر ماركت هنقرستيشن,2025-12-26,2002483
twitter,freelancers_ksa,عمل_حر,التسويق الرقمي من أكثر التخصصات طلباً,2025-12-26,2002547
twitter,mostaql_workers,عمل_حر,كيف أحسن بروفايلي في مستقل وأحصل على عملاء,2025-12-26,2002578
telegram,Captains_saudi,نقل,ما يستاهل لا تعب ولا وقت المشوار بعيد والربح ضعيف,2025-12-27,2002147
twitter,kayan_ksa,نقل,كيان وصليني تطبيقات واعدة بس تحتاج وقت,2025-12-27,2002156
telegram,wasselni_drivers,نقل,ذروة ب كاش مع نسبتهم تشوفه مبلغ كويس بس يجيك بمشوار واحد بطاقة,2025-12-27,2002216
telegram,careem_drivers_sa,نقل,السكوت ماراح ينفع خلونا نتحرك بشكل منظم,2025-12-27,2002249
twitter,thechefs_ksa,توصيل,والله اذا موترك ينفع في النقل الموجه افضل بمليون مرة,2025-12-27,2002353
telegram,keeta_couriers,توصيل,والله كيتا صار يضحك علينا الطلبات وصلت الى ٦ ريال,2025-12-27,2002367
telegram,HungerStation_drivers,توصيل,يعطيكم العافيه يا شباب حولت مبلغ من كيتا ولحد الان ما وصلت,2025-12-27,2002407
telegram,keeta_couriers,توصيل,سلام وصلت طلب وسلمته للعميل بيدي وبعد نص ساعة خصموا قيمة الطلب,2025-12-27,2002417
telegram,delivery_ksa,توصيل,مرسول الطلبات فل بس عيبه اطلب اي شي روح بنفسك,2025-12-27,2002438
telegram,toYou_couriers,توصيل,خدمة العملاء في كيتا ما تفيد تقريباً,2025-12-27,2002479
twitter,khamsat_ar,عمل_حر,الفريلانس في السعودية بدأ ينمو بشكل كبير,2025-12-27,2002499
twitter,khamsat_ar,عمل_حر,دخلي من البرمجة هذا الشهر ٧٠٠٠ ريال,2025-12-27,2002506
telegram,khamsat_ar,عمل_حر,الفريلانس في السعودية بدأ ينمو بشكل كبير,2025-12-27,2002539
twitter,freelancers_ksa,عمل_حر,مشروع ترجمة بكم تقدر تقدم,2025-12-27,2002573
telegram,CreemUber,نقل,عميل تقييمه منخفض لا تاخذ مرة,2025-12-28,2002120
twitter,keeta_couriers,توصيل,جاهز أحسن من مرسول في التوزيع والسعر,2025-12-28,2002363
telegram,jahez_couriers,توصيل,مشكلة الباكدج الكبير ما يناسب الدراجة,2025-12-28,2002404
telegram,mrsool_delivery,توصيل,سلام وصلت طلب وسلمته للعميل بيدي وبعد نص ساعة خصموا قيمة الطلب,2025-12-28,2002405
telegram,keeta_couriers,توصيل,الدراجة تعطلت اليوم وخسرت شغل,2025-12-28,2002424
telegram,jahez_couriers,توصيل,يعطيكم العافيه يا شباب حولت مبلغ من كيتا ولحد الان ما وصلت,2025-12-28,2002449
telegram,keeta_couriers,توصيل,هنقرستيشن يقولك رجع الطلب سوبر ماركت هنقرستيشن,2025-12-28,2002474
telegram,thechefs_ksa,توصيل,جدة من ٥ ايام ما في طلبات او طلبين بالكثير ايش المشكلة في كيتا,2025-12-28,2002481
twitter,freelancers_ksa,عمل_حر,أكملت مشروع تصميم بـ ٨٠٠ ريال في مستقل,2025-12-28,2002504
twitter,kayan_ksa,نقل,بولت انا مااوثق في اي زبون يقولي بحولك مابحولك,2025-12-29,2002118
telegram,bolt_drivers_ksa,نقل,من اشوف مشوار مو مناسب على طول ارفضه,2025-12-29,2002123
telegram,bolt_drivers_ksa,نقل,اقل شي ٤٥٠ واعلى شي ٥٥٠ خلال ١٢ ساعة على اوبر,2025-12-29,2002124
telegram,uber_ksa_drivers,نقل,والله زمان كان فيها خير اما الان مو المستفيد الا التطبيق,2025-12-29,2002136
telegram,bolt_drivers_ksa,نقل,اليوم الأوردرات كانت ممتازة والبخشيش زين الحمد لله,2025-12-29,2002151
twitter,wasselni_drivers,نقل,السائق هو الي يتعب ولابد تكون نسبة اوبر لها حد اعلى ٢٠ ريال,2025-12-29,2002174
telegram,السائقين_السعوديين,نقل,السائق هو الي يتعب ولابد تكون نسبة اوبر لها حد اعلى ٢٠ ريال,2025-12-29,2002181
telegram,CreemUber,نقل,عميل تقييمه منخفض لا تاخذ مرة,2025-12-29,2002202
twitter,kayan_ksa,نقل,وصليني مافيه طلبات كافية في منطقتي,2025-12-29,2002231
telegram,bolt_drivers_ksa,نقل,السائقين الأجانب يزاحمون على الرحلات في كريم,2025-12-29,2002257
telegram,السائقين_السعوديين,نقل,عميل تقييمه منخفض لا تاخذ مرة,2025-12-29,2002260
telegram,Captains_saudi,نقل,أحسن أوقات الشغل الفطور والغداء والذروة المسائية,2025-12-29,2002272
telegram,uber_ksa_drivers,نقل,وصلت واحد المطار وكان مصري وحك الصدام من السيارة,2025-12-29,2002278
telegram,jeeny_ksa,نقل,من حقك ترفض خدمته سيارتك وترفع بلاغ,2025-12-29,2002295
telegram,HungerStation_drivers,توصيل,مرسول فتح تسجيل جديد للموصلين هذا الأسبوع,2025-12-29,2002299
twitter,keeta_couriers,توصيل,مو محل وموظفين اغبياء هم الغلطانين مو المندوب,2025-12-29,2002370
telegram,mrsool_delivery,توصيل,امس وصلت طلب والعميل تأخر وراح عليي مكافأة موعد الوصول,2025-12-29,2002391
telegram,toYou_couriers,توصيل,طلب وصل بارد لأن المطعم تأخر وراحت التقييم,2025-12-29,2002409
telegram,khamsat_ar,عمل_حر,كيف أحسن بروفايلي في مستقل وأحصل على عملاء,2025-12-29,2002512
telegram,mostaql_workers,عمل_حر,الزبائن الخليجيين يدفعون أحسن من العرب,2025-12-29,2002544
telegram,bolt_drivers_ksa,نقل,رفضت رحلة بعيدة وخسرت bonus الاسبوع,2025-12-30,2002122
telegram,uber_ksa_drivers,نقل,كيان وصليني تطبيقات واعدة بس تحتاج وقت,2025-12-30,2002143
telegram,jeeny_ksa,نقل,جيني وصليني الاسعار خايسه جدا يعني الكيلو اقل من ريال,2025-12-30,2002144
telegram,uber_ksa_drivers,نقل,عميل تقييمه منخفض لا تاخذ مرة,2025-12-30,2002155
telegram,kayan_ksa,نقل,وصلت واحد المطار وكان مصري وحك الصدام من السيارة,2025-12-30,2002163
telegram,bolt_drivers_ksa,نقل,اوبر زود على نسبة الالغاء وانا ما قدرت اوصل للعميل,2025-12-30,2002225
telegram,wasselni_drivers,نقل,اتمنى الجميع يركز نتحرك بشكل جماعي نرفع شكاوى لوزارة النقل,2025-12-30,2002263
telegram,السائقين_السعوديين,نقل,نسبة اوبر في مشوار المطار وصلت ٧٥٪ اخذ من الزبون ٥٩ ريال عطاني ١٢ فقط,2025-12-30,2002282
telegram,jahez_couriers,توصيل,امس وصلت طلب والعميل تأخر وراح عليي مكافأة موعد الوصول,2025-12-30,2002328
telegram,toYou_couriers,توصيل,امس وصلت طلب والعميل تأخر وراح عليي مكافأة موعد الوصول,2025-12-30,2002348
telegram,HungerStation_drivers,توصيل,طلب وصل بارد لأن المطعم تأخر وراحت التقييم,2025-12-30,2002360
telegram,jahez_couriers,توصيل,مرسول رقم واحد بالتعويض يقولك توصل موقع العميل كلمنا,2025-12-30,2002393
telegram,jahez_couriers,توصيل,كيتا الحين يقولك توصل الطلب وعشان تبلغ تأخير المطعم تنتظر,2025-12-30,2002413
twitter,mostaql_workers,عمل_حر,ضريبة القيمة المضافة على الفريلانس كيف تشتغل,2025-12-30,2002546
twitter,freelancers_ksa,عمل_حر,نبي حماية للفريلانسر من الزبون اللي ما يدفع,2025-12-30,2002552
telegram,freelancers_ksa,عمل_حر,بدأت فريلانس من بيتي والدخل تحسن الحمد لله,2025-12-30,2002564
telegram,freelancers_ksa,عمل_حر,الزبون ما دفع بعد تسليم العمل كيف أتصرف,2025-12-30,2002568
telegram,bolt_drivers_ksa,نقل,ذروة ب كاش مع نسبتهم تشوفه مبلغ كويس بس يجيك بمشوار واحد بطاقة,2025-12-31,2002128
telegram,careem_drivers_sa,نقل,وصلت ٥٠ رحلة هذا الأسبوع الحمد لله رب العالمين,2025-12-31,2002133
telegram,jeeny_ksa,نقل,نسبة اوبر في مشوار المطار وصلت ٧٥٪ اخذ من الزبون ٥٩ ريال عطاني ١٢ فقط,2025-12-31,2002241
telegram,wasselni_drivers,نقل,أحسن أوقات الشغل الفطور والغداء والذروة المسائية,2025-12-31,2002283
telegram,wasselni_drivers,نقل,جيني وصليني الاسعار خايسه جدا يعني الكيلو اقل من ريال,2025-12-31,2002292
telegram,delivery_ksa,توصيل,توصيل في الأمطار خطر بدون مكافأة من التطبيق,2025-12-31,2002467
telegram,khamsat_ar,عمل_حر,مشروع ترجمة بكم تقدر تقدم,2025-12-31,2002501
twitter,mostaql_workers,عمل_حر,نبي حماية للفريلانسر من الزبون اللي ما يدفع,2025-12-31,2002529
telegram,mostaql_workers,عمل_حر,ضريبة القيمة المضافة على الفريلانس كيف تشتغل,2025-12-31,2002569
twitter,mostaql_workers,عمل_حر,أكملت مشروع تصميم بـ ٨٠٠ ريال في مستقل,2025-12-31,2002575
twitter,wasselni_drivers,نقل,الزحمة في الرياض قاتلة والأرباح نازلة,2026-01-01,2001657
telegram,careem_drivers_sa,نقل,وصلت ٥٠ رحلة هذا الأسبوع الحمد لله رب العالمين,2026-01-01,2001713
twitter,bolt_drivers_ksa,نقل,جيني بدأ ينافس لكن ما زال الطلبات أقل,2026-01-01,2001728
telegram,kayan_ksa,نقل,الزحمة في الرياض قاتلة والأرباح نازلة,2026-01-01,2001732
telegram,keeta_couriers,توصيل,امس السحور ٩ ريال و ١٠ ريال من كيتا ليش ولا حق التعب,2026-01-01,2001761
telegram,thechefs_ksa,توصيل,مرسول شغال زي لوز ما عده كيتا,2026-01-01,2001764
telegram,toYou_couriers,توصيل,رحت محل اكل هندي وجبت طلب وشوربة واقعة جاني خصم ٥٠ ريال,2026-01-01,2001792
telegram,delivery_ksa,توصيل,خدمة العملاء في كيتا ما تفيد تقريباً,2026-01-01,2001859
telegram,HungerStation_drivers,توصيل,وصلت طلبات وطلعت ب١١٠ ريال لكن ليش ما اتضافت للسحب,2026-01-01,2001864
telegram,thechefs_ksa,توصيل,الدراجة تعطلت اليوم وخسرت شغل,2026-01-01,2001910
telegram,thechefs_ksa,توصيل,كيتا الحين يقولك توصل الطلب وعشان تبلغ تأخير المطعم تنتظر,2026-01-01,2001972
telegram,jahez_couriers,توصيل,الطلبات في رمضان تجنن ٣ أضعاف العادي,2026-01-01,2001989
twitter,toYou_couriers,توصيل,مرسول شغال زي لوز ما عده كيتا,2026-01-01,2002006
telegram,mrsool_delivery,توصيل,والله اذا موترك ينفع في النقل الموجه افضل بمليون مرة,2026-01-01,2002024
twitter,delivery_ksa,توصيل,طلب وصل بارد لأن المطعم تأخر وراحت التقييم,2026-01-01,2002027
telegram,khamsat_ar,عمل_حر,مشروع ترجمة بكم تقدر تقدم,2026-01-01,2002035
telegram,mostaql_workers,عمل_حر,الزبون ما دفع بعد تسليم العمل كيف أتصرف,2026-01-01,2002050
telegram,freelancers_ksa,عمل_حر,بدأت فريلانس من بيتي والدخل تحسن الحمد لله,2026-01-01,2002072
telegram,freelancers_ksa,عمل_حر,الزبون ما دفع بعد تسليم العمل كيف أتصرف,2026-01-01,2002081
twitter,khamsat_ar,عمل_حر,بدأت فريلانس من بيتي والدخل تحسن الحمد لله,2026-01-01,2002108
telegram,kayan_ksa,نقل,من اشوف مشوار مو مناسب على طول ارفضه,2026-01-02,2001680
telegram,CreemUber,نقل,بولت نسبة عالية خير ياطير اذا عوضنا,2026-01-02,2001755
telegram,HungerStation_drivers,توصيل,مشكلة الباكدج الكبير ما يناسب الدراجة,2026-01-02,2001815
telegram,mrsool_delivery,توصيل,رحت محل اكل هندي وجبت طلب وشوربة واقعة جاني خصم ٥٠ ريال,2026-01-02,2001857
telegram,HungerStation_drivers,توصيل,والله اذا موترك ينفع في النقل الموجه افضل بمليون مرة,2026-01-02,2001880
twitter,HungerStation_drivers,توصيل,رحت محل اكل هندي وجبت طلب وشوربة واقعة جاني خصم ٥٠ ريال,2026-01-02,2001968
telegram,freelancers_ksa,عمل_حر,upwork أو مستقل أيهما أفضل للسعوديين,2026-01-02,2002040
telegram,mostaql_workers,عمل_حر,منصة خمسات أفضل للمبتدئين في العمل الحر,2026-01-02,2002070
telegram,freelancers_ksa,عمل_حر,نبي حماية للفريلانسر من الزبون اللي ما يدفع,2026-01-02,2002074
telegram,khamsat_ar,عمل_حر,كيف أحسن بروفايلي في مستقل وأحصل على عملاء,2026-01-02,2002082
telegram,bolt_drivers_ksa,نقل,ودي اشتغل ف بولت بجانب اوبر ممكن؟,2026-01-03,2001630
telegram,uber_ksa_drivers,نقل,ودي اشتغل ف بولت بجانب اوبر ممكن؟,2026-01-03,2001695
telegram,kayan_ksa,نقل,بولت نسبة عالية خير ياطير اذا عوضنا,2026-01-03,2001707
twitter,kayan_ksa,نقل,التامين على السيارة غالي علينا الشركات مو مهتمة,2026-01-03,2001711
twitter,CreemUber,نقل,جربت كابتن في جيني وجيت الرياض والشغل مثل الشرقية,2026-01-03,2001721
twitter,keeta_couriers,توصيل,يعطيكم العافيه يا شباب حولت مبلغ من كيتا ولحد الان ما وصلت,2026-01-03,2001776
telegram,jahez_couriers,توصيل,المندوب المخالف يأكل حرام رزق شخص نظامي,2026-01-03,2001810
telegram,HungerStation_drivers,توصيل,كيتا الحين يقولك توصل الطلب وعشان تبلغ تأخير المطعم تنتظر,2026-01-03,2001931
twitter,jahez_couriers,توصيل,مانبي نقطع رزق احد بس والله غبنه توقف عند المطاعم وتنتظر,2026-01-03,2001952
telegram,thechefs_ksa,توصيل,توصيل في الأمطار خطر بدون مكافأة من التطبيق,2026-01-03,2001967
telegram,HungerStation_drivers,توصيل,مانبي نقطع رزق احد بس والله غبنه توقف عند المطاعم وتنتظر,2026-01-03,2001982
telegram,keeta_couriers,توصيل,كيتا الحين يقولك توصل الطلب وعشان تبلغ تأخير المطعم تنتظر,2026-01-03,2001987
telegram,mrsool_delivery,توصيل,ياشباب امس المغرب حولت مبلغ من كيتا ولحد الان ما وصلت,2026-01-03,2001999
telegram,freelancers_ksa,عمل_حر,ضريبة القيمة المضافة على الفريلانس كيف تشتغل,2026-01-03,2002076
twitter,kayan_ksa,نقل,أحسن أوقات الشغل الفطور والغداء والذروة المسائية,2026-01-04,2001626
telegram,jeeny_ksa,نقل,الذروة في كريم حمراء والطلبات ورا بعض بالمدينة,2026-01-04,2001654
telegram,bolt_drivers_ksa,نقل,اوبر زود على نسبة الالغاء وانا ما قدرت اوصل للعميل,2026-01-04,2001669
telegram,wasselni_drivers,نقل,كيان التطبيق جديد بس الطلبات وايد خير من اوبر,2026-01-04,2001694
telegram,mrsool_delivery,توصيل,يعطيكم العافيه يا شباب حولت مبلغ من كيتا ولحد الان ما وصلت,2026-01-04,2001772
telegram,HungerStation_drivers,توصيل,جدة من ٥ ايام ما في طلبات او طلبين بالكثير ايش المشكلة في كيتا,2026-01-04,2001801
telegram,mrsool_delivery,توصيل,مشكلة الباكدج الكبير ما يناسب الدراجة,2026-01-04,2001834
telegram,delivery_ksa,توصيل,جدة من ٥ ايام ما في طلبات او طلبين بالكثير ايش المشكلة في كيتا,2026-01-04,2001853
telegram,toYou_couriers,توصيل,رحت محل اكل هندي وجبت طلب وشوربة واقعة جاني خصم ٥٠ ريال,2026-01-04,2001858
telegram,thechefs_ksa,توصيل,هنجرستين وكيتا حاليًا جاهز ومرسول وذا شيفز بس اقل في الطلبات,2026-01-04,2001885
twitter,thechefs_ksa,توصيل,وصلت طلبات وطلعت ب١١٠ ريال لكن ليش ما اتضافت للسحب,2026-01-04,2001889
telegram,keeta_couriers,توصيل,مرسول الطلبات فل بس عيبه اطلب اي شي روح بنفسك,2026-01-04,2001911
telegram,thechefs_ksa,توصيل,امس وصلت طلب والعميل تأخر وراح عليي مكافأة موعد الوصول,2026-01-04,2001919
telegram,HungerStation_drivers,توصيل,مرسول شغال زي لوز ما عده كيتا,2026-01-04,2001938
telegram,toYou_couriers,توصيل,مشوار ابو ٢٠ زمان في كيتا الحين ب٩,2026-01-04,2001992
telegram,delivery_ksa,توصيل,امس وصلت طلب والعميل تأخر وراح عليي مكافأة موعد الوصول,2026-01-04,2002007
twitter,toYou_couriers,توصيل,ذا شيفز يدفع بشكل منتظم بخلاف كيتا,2026-01-04,2002009
telegram,delivery_ksa,توصيل,سلام وصلت طلب وسلمته للعميل بيدي وبعد نص ساعة خصموا قيمة الطلب,2026-01-04,2002019
twitter,mrsool_delivery,توصيل,جاهز أحسن من مرسول في التوزيع والسعر,2026-01-04,2002022
telegram,khamsat_ar,عمل_حر,كيف أحسن بروفايلي في مستقل وأحصل على عملاء,2026-01-04,2002032
twitter,freelancers_ksa,عمل_حر,الزبون ما دفع بعد تسليم العمل كيف أتصرف,2026-01-04,2002042
twitter,khamsat_ar,عمل_حر,الزبون ما دفع بعد تسليم العمل كيف أتصرف,2026-01-04,2002067
twitter,careem_drivers_sa,نقل,رفضت رحلة بعيدة وخسرت bonus الاسبوع,2026-01-05,2001638
telegram,careem_drivers_sa,نقل,نبي نظام تأمين صحي للسائقين مثل الموظفين,2026-01-05,2001678
twitter,thechefs_ksa,توصيل,كيتا يلعبون على المندوب عشان يخصمون مكافأة التوصيل في الوقت,2026-01-05,2001789
telegram,thechefs_ksa,توصيل,والله كيتا صار يضحك علينا الطلبات وصلت الى ٦ ريال,2026-01-05,2001795
telegram,jahez_couriers,توصيل,المخالفين موصلين ٣٠٠ وشوي الشهر اللي فات انا بقوة وصلت ٢٩٠,2026-01-05,2001797
telegram,mrsool_delivery,توصيل,مرسول الطلبات فل بس عيبه اطلب اي شي روح بنفسك,2026-01-05,2001823
telegram,HungerStation_drivers,توصيل,يعطيكم العافيه يا شباب حولت مبلغ من كيتا ولحد الان ما وصلت,2026-01-05,2001831
telegram,keeta_couriers,توصيل,مو محل وموظفين اغبياء هم الغلطانين مو المندوب,2026-01-05,2001839
telegram,jahez_couriers,توصيل,ذا شيفز الطلبات كثيرة بس المنطقة محدودة حتى الآن,2026-01-05,2001869
telegram,mrsool_delivery,توصيل,ذا شيفز الطلبات كثيرة بس المنطقة محدودة حتى الآن,2026-01-05,2001914
telegram,toYou_couriers,توصيل,هنقرستيشن يقولك رجع الطلب سوبر ماركت هنقرستيشن,2026-01-05,2001937
telegram,toYou_couriers,توصيل,مشوار ابو ٢٠ زمان في كيتا الحين ب٩,2026-01-05,2001939
twitter,toYou_couriers,توصيل,الاسعار اختلفت بعد كثرة المنافسين ودخول كيتا بالاخص,2026-01-05,2001941
telegram,khamsat_ar,عمل_حر,أكملت مشروع تصميم بـ ٨٠٠ ريال في مستقل,2026-01-05,2002064
telegram,freelancers_ksa,عمل_حر,بدأت فريلانس من بيتي والدخل تحسن الحمد لله,2026-01-05,2002099
telegram,kayan_ksa,نقل,اوبر مادري كيف يفكرون جاني مشوار والطرق كلها مقفله,2026-01-06,2001670
twitter,bolt_drivers_ksa,نقل,متوسط دخلي اليوم ١٨٠ ريال بعد البنزين,2026-01-06,2001671
telegram,kayan_ksa,نقل,السائق هو الي يتعب ولابد تكون نسبة اوبر لها حد اعلى ٢٠ ريال,2026-01-06,2001674
telegram,CreemUber,نقل,السائق هو الي يتعب ولابد تكون نسبة اوبر لها حد اعلى ٢٠ ريال,2026-01-06,2001688
telegram,wasselni_drivers,نقل,متوسط دخلي اليوم ١٨٠ ريال بعد البنزين,2026-01-06,2001705
telegram,wasselni_drivers,نقل,نبي نظام تأمين صحي للسائقين مثل الموظفين,2026-01-06,2001747
telegram,السائقين_السعوديين,نقل,بولت انا مااوثق في اي زبون يقولي بحولك مابحولك,2026-01-06,2001749
telegram,delivery_ksa,توصيل,امس السحور ٩ ريال و ١٠ ريال من كيتا ليش ولا حق التعب,2026-01-06,2001770
telegram,thechefs_ksa,توصيل,ذا شيفز يدفع بشكل منتظم بخلاف كيتا,2026-01-06,2001836
telegram,delivery_ksa,توصيل,كنت اشتغل مرسول زمان اطلع ٢٠٠ في اليوم على ٨ طلبات,2026-01-06,2001841
telegram,delivery_ksa,توصيل,الطلبات الليلية تساوي ضعف النهارية في كيتا,2026-01-06,2001845
twitter,mrsool_delivery,توصيل,جدة من ٥ ايام ما في طلبات او طلبين بالكثير ايش المشكلة في كيتا,2026-01-06,2001866
telegram,mrsool_delivery,توصيل,جدة من ٥ ايام ما في طلبات او طلبين بالكثير ايش المشكلة في كيتا,2026-01-06,2001884
twitter,mrsool_delivery,توصيل,كيتا الحين يقولك توصل الطلب وعشان تبلغ تأخير المطعم تنتظر,2026-01-06,2001896
telegram,delivery_ksa,توصيل,ذا شيفز تعاملهم مع المناديب أحسن من كيتا,2026-01-06,2002002
telegram,mostaql_workers,عمل_حر,الفريلانس في السعودية بدأ ينمو بشكل كبير,2026-01-06,2002031
telegram,freelancers_ksa,عمل_حر,ضريبة القيمة المضافة على الفريلانس كيف تشتغل,2026-01-06,2002034
telegram,mostaql_workers,عمل_حر,دخلي من البرمجة هذا الشهر ٧٠٠٠ ريال,2026-01-06,2002060
telegram,mostaql_workers,عمل_حر,الزبائن الخليجيين يدفعون أحسن من العرب,2026-01-06,2002063
telegram,freelancers_ksa,عمل_حر,منصة خمسات أفضل للمبتدئين في العمل الحر,2026-01-06,2002095
twitter,mostaql_workers,عمل_حر,الزبائن الخليجيين يدفعون أحسن من العرب,2026-01-06,2002097
twitter,jeeny_ksa,نقل,التامين على السيارة غالي علينا الشركات مو مهتمة,2026-01-07,2001628
twitter,jeeny_ksa,نقل,اليوم الأوردرات كانت ممتازة والبخشيش زين الحمد لله,2026-01-07,2001629
twitter,CreemUber,نقل,اوبر مادري كيف يفكرون جاني مشوار والطرق كلها مقفله,2026-01-07,2001631
telegram,bolt_drivers_ksa,نقل,وصليني مافيه طلبات كافية في منطقتي,2026-01-07,2001632
telegram,jeeny_ksa,نقل,جيني وصليني الاسعار خايسه جدا يعني الكيلو اقل من ريال,2026-01-07,2001662
telegram,careem_drivers_sa,نقل,كم متوسط دخل الكابتن في الرياض شهريًا حاليًا,2026-01-07,2001668
telegram,careem_drivers_sa,نقل,اليوم الأوردرات كانت ممتازة والبخشيش زين الحمد لله,2026-01-07,2001677
telegram,CreemUber,نقل,ما يستاهل لا تعب ولا وقت المشوار بعيد والربح ضعيف,2026-01-07,2001700
telegram,السائقين_السعوديين,نقل,وصلت واحد المطار وكان مصري وحك الصدام من السيارة,2026-01-07,2001756
telegram,HungerStation_drivers,توصيل,مو محل وموظفين اغبياء هم الغلطانين مو المندوب,2026-01-07,2001798
telegram,delivery_ksa,توصيل,الحين ١٤ طلب في كيتا وما طلعت ٢٠ ريال,2026-01-07,2001878
twitter,HungerStation_drivers,توصيل,مشوار ابو ٢٠ زمان في كيتا الحين ب٩,2026-01-07,2001883
telegram,delivery_ksa,توصيل,مرسول فتح تسجيل جديد للموصلين هذا الأسبوع,2026-01-07,2001890
telegram,mrsool_delivery,توصيل,مرسول رقم واحد بالتعويض يقولك توصل موقع العميل كلمنا,2026-01-07,2001916
telegram,toYou_couriers,توصيل,المندوب المخالف يأكل حرام رزق شخص نظامي,2026-01-07,2001918
telegram,toYou_couriers,توصيل,ذا شيفز تعاملهم مع المناديب أحسن من كيتا,2026-01-07,2001924
telegram,HungerStation_drivers,توصيل,ذا شيفز الطلبات كثيرة بس المنطقة محدودة حتى الآن,2026-01-07,2001948
twitter,jahez_couriers,توصيل,والله اذا موترك ينفع في النقل الموجه افضل بمليون مرة,2026-01-07,2001966
telegram,delivery_ksa,توصيل,الطلبات الليلية تساوي ضعف النهارية في كيتا,2026-01-07,2001993
telegram,toYou_couriers,توصيل,كيتا الحين يقولك توصل الطلب وعشان تبلغ تأخير المطعم تنتظر,2026-01-07,2001994
twitter,khamsat_ar,عمل_حر,بدأت فريلانس من بيتي والدخل تحسن الحمد لله,2026-01-07,2002045
twitter,mostaql_workers,عمل_حر,الزبون ما دفع بعد تسليم العمل كيف أتصرف,2026-01-07,2002055
telegram,freelancers_ksa,عمل_حر,الزبائن الخليجيين يدفعون أحسن من العرب,2026-01-07,2002090
telegram,mostaql_workers,عمل_حر,نبي حماية للفريلانسر من الزبون اللي ما يدفع,2026-01-07,2002091
telegram,mostaql_workers,عمل_حر,التسويق الرقمي من أكثر التخصصات طلباً,2026-01-07,2002101
twitter,mostaql_workers,عمل_حر,مشروع ترجمة بكم تقدر تقدم,2026-01-07,2002107
telegram,kayan_ksa,نقل,العمل في المطارات أحسن من الشوارع الربح افضل,2026-01-08,2001660
telegram,CreemUber,نقل,السكوت ماراح ينفع خلونا نتحرك بشكل منظم,2026-01-08,2001672
telegram,kayan_ksa,نقل,التامين على السيارة غالي علينا الشركات مو مهتمة,2026-01-08,2001682
telegram,السائقين_السعوديين,نقل,اتمنى الجميع يركز نتحرك بشكل جماعي نرفع شكاوى لوزارة النقل,2026-01-08,2001684
twitter,careem_drivers_sa,نقل,أحسن أوقات الشغل الفطور والغداء والذروة المسائية,2026-01-08,2001719
telegram,bolt_drivers_ksa,نقل,كيان التطبيق جديد بس الطلبات وايد خير من اوبر,2026-01-08,2001723
twitter,keeta_couriers,توصيل,ياخوان الطلبات وقفت عندي من ساعة م جاني ولا طلب,2026-01-08,2001771
telegram,HungerStation_drivers,توصيل,واحد طالب ٣ ماء من كودو المهم يرسل يقول كنسل,2026-01-08,2001778
telegram,mrsool_delivery,توصيل,طلب وصل بارد لأن المطعم تأخر وراحت التقييم,2026-01-08,2001803
twitter,toYou_couriers,توصيل,والله اذا موترك ينفع في النقل الموجه افضل بمليون مرة,2026-01-08,2001807
twitter,mrsool_delivery,توصيل,ذا شيفز يدفع بشكل منتظم بخلاف كيتا,2026-01-08,2001818
telegram,thechefs_ksa,توصيل,المخالفين موصلين ٣٠٠ وشوي الشهر اللي فات انا بقوة وصلت ٢٩٠,2026-01-08,2001821
telegram,keeta_couriers,توصيل,مشكلة الباكدج الكبير ما يناسب الدراجة,2026-01-08,2001829
telegram,HungerStation_drivers,توصيل,مانبي نقطع رزق احد بس والله غبنه توقف عند المطاعم وتنتظر,2026-01-08,2001832
telegram,thechefs_ksa,توصيل,المندوب المخالف يأكل حرام رزق شخص نظامي,2026-01-08,2001913
telegram,khamsat_ar,عمل_حر,الفريلانس في السعودية بدأ ينمو بشكل كبير,2026-01-08,2002038
telegram,freelancers_ksa,عمل_حر,الزبائن الخليجيين يدفعون أحسن من العرب,2026-01-08,2002087
telegram,freelancers_ksa,عمل_حر,كيف أحسن بروفايلي في مستقل وأحصل على عملاء,2026-01-08,2002103
twitter,bolt_drivers_ksa,نقل,ودي اشتغل ف بولت بجانب اوبر ممكن؟,2026-01-09,2001648
twitter,السائقين_السعوديين,نقل,محتاج سيارة جديدة السيارة الحالية تعبت من كثر الشغل,2026-01-09,2001717
telegram,careem_drivers_sa,نقل,جيني بدأ ينافس لكن ما زال الطلبات أقل,2026-01-09,2001739
telegram,HungerStation_drivers,توصيل,خدمة العملاء في كيتا ما تفيد تقريباً,2026-01-09,2001816
telegram,mrsool_delivery,توصيل,يعطيكم العافيه يا شباب حولت مبلغ من كيتا ولحد الان ما وصلت,2026-01-09,2001835
telegram,keeta_couriers,توصيل,هنجرستين وكيتا حاليًا جاهز ومرسول وذا شيفز بس اقل في الطلبات,2026-01-09,2001838
twitter,thechefs_ksa,توصيل,كيتا يلعبون على المندوب عشان يخصمون مكافأة التوصيل في الوقت,2026-01-09,2001842
telegram,HungerStation_drivers,توصيل,مرسول فتح تسجيل جديد للموصلين هذا الأسبوع,2026-01-09,2001877
telegram,jahez_couriers,توصيل,المخالفين موصلين ٣٠٠ وشوي الشهر اللي فات انا بقوة وصلت ٢٩٠,2026-01-09,2001905
telegram,thechefs_ksa,توصيل,امس وصلت طلب والعميل تأخر وراح عليي مكافأة موعد الوصول,2026-01-09,2001922
telegram,jahez_couriers,توصيل,المخالفين موصلين ٣٠٠ وشوي الشهر اللي فات انا بقوة وصلت ٢٩٠,2026-01-09,2001959
telegram,mostaql_workers,عمل_حر,الفريلانس في السعودية بدأ ينمو بشكل كبير,2026-01-09,2002098
twitter,khamsat_ar,عمل_حر,ضريبة القيمة المضافة على الفريلانس كيف تشتغل,2026-01-09,2002100
telegram,freelancers_ksa,عمل_حر,كيف أحسن بروفايلي في مستقل وأحصل على عملاء,2026-01-09,2002104
telegram,CreemUber,نقل,عميل تقييمه منخفض لا تاخذ مرة,2026-01-10,2001715
telegram,kayan_ksa,نقل,اوبر زود على نسبة الالغاء وانا ما قدرت اوصل للعميل,2026-01-10,2001725
telegram,kayan_ksa,نقل,السائق هو الي يتعب ولابد تكون نسبة اوبر لها حد اعلى ٢٠ ريال,2026-01-10,2001730
twitter,Captains_saudi,نقل,بولت نسبة عالية خير ياطير اذا عوضنا,2026-01-10,2001744
telegram,jeeny_ksa,نقل,اوبر مادري كيف يفكرون جاني مشوار والطرق كلها مقفله,2026-01-10,2001753
telegram,toYou_couriers,توصيل,مشوار ابو ٢٠ زمان في كيتا الحين ب٩,2026-01-10,2001781
telegram,thechefs_ksa,توصيل,واحد طالب ٣ ماء من كودو المهم يرسل يقول كنسل,2026-01-10,2001788
telegram,keeta_couriers,توصيل,امس وصلت طلب والعميل تأخر وراح عليي مكافأة موعد الوصول,2026-01-10,2001817
twitter,toYou_couriers,توصيل,مرسول شغال زي لوز ما عده كيتا,2026-01-10,2001843
telegram,HungerStation_drivers,توصيل,الطلبات في رمضان تجنن ٣ أضعاف العادي,2026-01-10,2001854
telegram,mrsool_delivery,توصيل,كيتا الحين يقولك توصل الطلب وعشان تبلغ تأخير المطعم تنتظر,2026-01-10,2001865
telegram,delivery_ksa,توصيل,ذا شيفز الطلبات كثيرة بس المنطقة محدودة حتى الآن,2026-01-10,2001872
telegram,jahez_couriers,توصيل,كيتا الحين يقولك توصل الطلب وعشان تبلغ تأخير المطعم تنتظر,2026-01-10,2001903
twitter,keeta_couriers,توصيل,طلب وصل بارد لأن المطعم تأخر وراحت التقييم,2026-01-10,2001917
telegram,delivery_ksa,توصيل,والله اذا موترك ينفع في النقل الموجه افضل بمليون مرة,2026-01-10,2001925
twitter,jahez_couriers,توصيل,امس وصلت طلب والعميل تأخر وراح عليي مكافأة موعد الوصول,2026-01-10,2001927
twitter,HungerStation_drivers,توصيل,طلب وصل بارد لأن المطعم تأخر وراحت التقييم,2026-01-10,2001955
telegram,keeta_couriers,توصيل,ياخوان الطلبات وقفت عندي من ساعة م جاني ولا طلب,2026-01-10,2001973
twitter,HungerStation_drivers,توصيل,الطلبات الليلية تساوي ضعف النهارية في كيتا,2026-01-10,2002012
telegram,khamsat_ar,عمل_حر,التسويق الرقمي من أكثر التخصصات طلباً,2026-01-10,2002073
telegram,khamsat_ar,عمل_حر,الزبون ما دفع بعد تسليم العمل كيف أتصرف,2026-01-10,2002077
telegram,CreemUber,نقل,وصليني مافيه طلبات كافية في منطقتي,2026-01-11,2001633
twitter,uber_ksa_drivers,نقل,اذا الوقت زاد ٨ دقايق وفوق ماافكهم غير مسويلي تعويض,2026-01-11,2001641
telegram,jeeny_ksa,نقل,ذروة ب كاش مع نسبتهم تشوفه مبلغ كويس بس يجيك بمشوار واحد بطاقة,2026-01-11,2001650
telegram,careem_drivers_sa,نقل,من حقك ترفض خدمته سيارتك وترفع بلاغ,2026-01-11,2001651
twitter,wasselni_drivers,نقل,محتاج سيارة جديدة السيارة الحالية تعبت من كثر الشغل,2026-01-11,2001661
twitter,uber_ksa_drivers,نقل,جربت كابتن في جيني وجيت الرياض والشغل مثل الشرقية,2026-01-11,2001666
telegram,kayan_ksa,نقل,والله زمان كان فيها خير اما الان مو المستفيد الا التطبيق,2026-01-11,2001679
telegram,Captains_saudi,نقل,اوبر زود على نسبة الالغاء وانا ما قدرت اوصل للعميل,2026-01-11,2001691
twitter,jeeny_ksa,نقل,كم متوسط دخل الكابتن في الرياض شهريًا حاليًا,2026-01-11,2001710
telegram,careem_drivers_sa,نقل,اليوم الأوردرات كانت ممتازة والبخشيش زين الحمد لله,2026-01-11,2001731
telegram,thechefs_ksa,توصيل,هنجرستين وكيتا حاليًا جاهز ومرسول وذا شيفز بس اقل في الطلبات,2026-01-11,2001782
twitter,delivery_ksa,توصيل,يعطيكم العافيه يا شباب حولت مبلغ من كيتا ولحد الان ما وصلت,2026-01-11,2001868
telegram,thechefs_ksa,توصيل,الدراجة تعطلت اليوم وخسرت شغل,2026-01-11,2001886
twitter,jahez_couriers,توصيل,ذا شيفز يدفع بشكل منتظم بخلاف كيتا,2026-01-11,2001891
twitter,mrsool_delivery,توصيل,هنجرستين وكيتا حاليًا جاهز ومرسول وذا شيفز بس اقل في الطلبات,2026-01-11,2001907
twitter,toYou_couriers,توصيل,كيتا الحين يقولك توصل الطلب وعشان تبلغ تأخير المطعم تنتظر,2026-01-11,2001977
twitter,freelancers_ksa,عمل_حر,التسويق الرقمي من أكثر التخصصات طلباً,2026-01-11,2002028
telegram,jeeny_ksa,نقل,نبي نظام تأمين صحي للسائقين مثل الموظفين,2026-01-12,2001644
telegram,السائقين_السعوديين,نقل,متوسط دخلي اليوم ١٨٠ ريال بعد البنزين,2026-01-12,2001696
twitter,careem_drivers_sa,نقل,السكوت ماراح ينفع خلونا نتحرك بشكل منظم,2026-01-12,2001758
telegram,toYou_couriers,توصيل,خدمة العملاء في كيتا ما تفيد تقريباً,2026-01-12,2001762
twitter,delivery_ksa,توصيل,امس وصلت طلب والعميل تأخر وراح عليي مكافأة موعد الوصول,2026-01-12,2001780
telegram,toYou_couriers,توصيل,خدمة العملاء في كيتا ما تفيد تقريباً,2026-01-12,2001806
telegram,jahez_couriers,توصيل,مو محل وموظفين اغبياء هم الغلطانين مو المندوب,2026-01-12,2001852
telegram,mrsool_delivery,توصيل,سلام وصلت طلب وسلمته للعميل بيدي وبعد نص ساعة خصموا قيمة الطلب,2026-01-12,2001862
telegram,HungerStation_drivers,توصيل,واحد طالب ٣ ماء من كودو المهم يرسل يقول كنسل,2026-01-12,2001870
telegram,jahez_couriers,توصيل,مرسول شغال زي لوز ما عده كيتا,2026-01-12,2001881
twitter,HungerStation_drivers,توصيل,رحت محل اكل هندي وجبت طلب وشوربة واقعة جاني خصم ٥٠ ريال,2026-01-12,2001945
telegram,jahez_couriers,توصيل,كنت اشتغل مرسول زمان اطلع ٢٠٠ في اليوم على ٨ طلبات,2026-01-12,2001946
telegram,delivery_ksa,توصيل,هنجرستين وكيتا حاليًا جاهز ومرسول وذا شيفز بس اقل في الطلبات,2026-01-12,2001985
telegram,thechefs_ksa,توصيل,جاهز أحسن من مرسول في التوزيع والسعر,2026-01-12,2001991
telegram,khamsat_ar,عمل_حر,نبي حماية للفريلانسر من الزبون اللي ما يدفع,2026-01-12,2002053
telegram,careem_drivers_sa,نقل,نسبة اوبر في مشوار المطار وصلت ٧٥٪ اخذ من الزبون ٥٩ ريال عطاني ١٢ فقط,2026-01-13,2001639
twitter,uber_ksa_drivers,نقل,السكوت ماراح ينفع خلونا نتحرك بشكل منظم,2026-01-13,2001647
telegram,careem_drivers_sa,نقل,اقل شي ٤٥٠ واعلى شي ٥٥٠ خلال ١٢ ساعة على اوبر,2026-01-13,2001675
telegram,CreemUber,نقل,إلى متى يا اوبر نسبة عالية وفوق هذا تسعيرة زي وجهك,2026-01-13,2001698
telegram,wasselni_drivers,نقل,من حقك ترفض خدمته سيارتك وترفع بلاغ,2026-01-13,2001735
telegram,jahez_couriers,توصيل,والله كيتا صار يضحك علينا الطلبات وصلت الى ٦ ريال,2026-01-13,2001800
telegram,HungerStation_drivers,توصيل,مرسول الطلبات فل بس عيبه اطلب اي شي روح بنفسك,2026-01-13,2001824
twitter,keeta_couriers,توصيل,امس وصلت طلب والعميل تأخر وراح عليي مكافأة موعد الوصول,2026-01-13,2001848
twitter,keeta_couriers,توصيل,خدمة العملاء في كيتا ما تفيد تقريباً,2026-01-13,2001855
telegram,keeta_couriers,توصيل,طلب وصل بارد لأن المطعم تأخر وراحت التقييم,2026-01-13,2001888
telegram,delivery_ksa,توصيل,كيتا يلعبون على المندوب عشان يخصمون مكافأة التوصيل في الوقت,2026-01-13,2001943
twitter,mrsool_delivery,توصيل,والله كيتا صار يضحك علينا الطلبات وصلت الى ٦ ريال,2026-01-13,2001949
telegram,thechefs_ksa,توصيل,مشكلة الباكدج الكبير ما يناسب الدراجة,2026-01-13,2001960
telegram,toYou_couriers,توصيل,ياخوان الطلبات وقفت عندي من ساعة م جاني ولا طلب,2026-01-13,2001990
telegram,toYou_couriers,توصيل,كنت اشتغل مرسول زمان اطلع ٢٠٠ في اليوم على ٨ طلبات,2026-01-13,2002016
telegram,freelancers_ksa,عمل_حر,نبي حماية للفريلانسر من الزبون اللي ما يدفع,2026-01-13,2002029
twitter,mostaql_workers,عمل_حر,نبي حماية للفريلانسر من الزبون اللي ما يدفع,2026-01-13,2002062
telegram,bolt_drivers_ksa,نقل,أوبر أفضل من بولت في توزيع الرحلات عندي,2026-01-14,2001676
telegram,jeeny_ksa,نقل,السائق هو الي يتعب ولابد تكون نسبة اوبر لها حد اعلى ٢٠ ريال,2026-01-14,2001686
telegram,uber_ksa_drivers,نقل,كم متوسط دخل الكابتن في الرياض شهريًا حاليًا,2026-01-14,2001727
telegram,uber_ksa_drivers,نقل,السكوت ماراح ينفع خلونا نتحرك بشكل منظم,2026-01-14,2001748
twitter,thechefs_ksa,توصيل,مرسول شغال زي لوز ما عده كيتا,2026-01-14,2001763
telegram,mrsool_delivery,توصيل,والله اذا موترك ينفع في النقل الموجه افضل بمليون مرة,2026-01-14,2001830
telegram,keeta_couriers,توصيل,هنجرستين وكيتا حاليًا جاهز ومرسول وذا شيفز بس اقل في الطلبات,2026-01-14,2001867
telegram,toYou_couriers,توصيل,كنت اشتغل مرسول زمان اطلع ٢٠٠ في اليوم على ٨ طلبات,2026-01-14,2001871
telegram,HungerStation_drivers,توصيل,امس وصلت طلب والعميل تأخر وراح عليي مكافأة موعد الوصول,2026-01-14,2001908
telegram,keeta_couriers,توصيل,امس وصلت طلب والعميل تأخر وراح عليي مكافأة موعد الوصول,2026-01-14,2001954
telegram,thechefs_ksa,توصيل,ذا شيفز الطلبات كثيرة بس المنطقة محدودة حتى الآن,2026-01-14,2001971
telegram,jahez_couriers,توصيل,جاهز أحسن من مرسول في التوزيع والسعر,2026-01-14,2002014
telegram,delivery_ksa,توصيل,مشوار ابو ٢٠ زمان في كيتا الحين ب٩,2026-01-14,2002015
telegram,keeta_couriers,توصيل,المندوب المخالف يأكل حرام رزق شخص نظامي,2026-01-14,2002023
telegram,mostaql_workers,عمل_حر,ضريبة القيمة المضافة على الفريلانس كيف تشتغل,2026-01-14,2002075
telegram,mostaql_workers,عمل_حر,التسويق الرقمي من أكثر التخصصات طلباً,2026-01-14,2002080
telegram,uber_ksa_drivers,نقل,نبي نظام تأمين صحي للسائقين مثل الموظفين,2026-01-15,2001636
telegram,السائقين_السعوديين,نقل,بولت نسبة عالية خير ياطير اذا عوضنا,2026-01-15,2001697
twitter,jeeny_ksa,نقل,نسبة اوبر في مشوار المطار وصلت ٧٥٪ اخذ من الزبون ٥٩ ريال عطاني ١٢ فقط,2026-01-15,2001706
telegram,CreemUber,نقل,وصليني مافيه طلبات كافية في منطقتي,2026-01-15,2001750
telegram,delivery_ksa,توصيل,رحت محل اكل هندي وجبت طلب وشوربة واقعة جاني خصم ٥٠ ريال,2026-01-15,2001819
telegram,mrsool_delivery,توصيل,مشوار ابو ٢٠ زمان في كيتا الحين ب٩,2026-01-15,2001863
telegram,toYou_couriers,توصيل,المندوب المخالف يأكل حرام رزق شخص نظامي,2026-01-15,2001899
telegram,toYou_couriers,توصيل,امس السحور ٩ ريال و ١٠ ريال من كيتا ليش ولا حق التعب,2026-01-15,2001947
telegram,mrsool_delivery,توصيل,مو محل وموظفين اغبياء هم الغلطانين مو المندوب,2026-01-15,2001986
telegram,toYou_couriers,توصيل,الدراجة تعطلت اليوم وخسرت شغل,2026-01-15,2002008
twitter,khamsat_ar,عمل_حر,ضريبة القيمة المضافة على الفريلانس كيف تشتغل,2026-01-15,2002084
telegram,freelancers_ksa,عمل_حر,بدأت فريلانس من بيتي والدخل تحسن الحمد لله,2026-01-15,2002096
telegram,CreemUber,نقل,بولت انا مااوثق في اي زبون يقولي بحولك مابحولك,2026-01-16,2001734
telegram,CreemUber,نقل,جربت كابتن في جيني وجيت الرياض والشغل مثل الشرقية,2026-01-16,2001738
twitter,delivery_ksa,توصيل,جاهز أحسن من مرسول في التوزيع والسعر,2026-01-16,2001769
telegram,jahez_couriers,توصيل,كيتا الحين يقولك توصل الطلب وعشان تبلغ تأخير المطعم تنتظر,2026-01-16,2001785
telegram,keeta_couriers,توصيل,جدة من ٥ ايام ما في طلبات او طلبين بالكثير ايش المشكلة في كيتا,2026-01-16,2001812
twitter,delivery_ksa,توصيل,جدة من ٥ ايام ما في طلبات او طلبين بالكثير ايش المشكلة في كيتا,2026-01-16,2001847
twitter,thechefs_ksa,توصيل,مرسول رقم واحد بالتعويض يقولك توصل موقع العميل كلمنا,2026-01-16,2001895
telegram,HungerStation_drivers,توصيل,ذا شيفز تعاملهم مع المناديب أحسن من كيتا,2026-01-16,2001898
telegram,mrsool_delivery,توصيل,رحت محل اكل هندي وجبت طلب وشوربة واقعة جاني خصم ٥٠ ريال,2026-01-16,2001930
telegram,keeta_couriers,توصيل,واحد طالب ٣ ماء من كودو المهم يرسل يقول كنسل,2026-01-16,2001940
telegram,mrsool_delivery,توصيل,توصيل في الأمطار خطر بدون مكافأة من التطبيق,2026-01-16,2001953
telegram,mrsool_delivery,توصيل,ذا شيفز تعاملهم مع المناديب أحسن من كيتا,2026-01-16,2001981
twitter,mostaql_workers,عمل_حر,الزبون ما دفع بعد تسليم العمل كيف أتصرف,2026-01-16,2002043
telegram,khamsat_ar,عمل_حر,الزبون ما دفع بعد تسليم العمل كيف أتصرف,2026-01-16,2002044
telegram,freelancers_ksa,عمل_حر,التسويق الرقمي من أكثر التخصصات طلباً,2026-01-16,2002048
twitter,mostaql_workers,عمل_حر,منصة خمسات أفضل للمبتدئين في العمل الحر,2026-01-16,2002054
telegram,khamsat_ar,عمل_حر,دخلي من البرمجة هذا الشهر ٧٠٠٠ ريال,2026-01-16,2002057
telegram,khamsat_ar,عمل_حر,بدأت فريلانس من بيتي والدخل تحسن الحمد لله,2026-01-16,2002086
telegram,السائقين_السعوديين,نقل,كيان وصليني تطبيقات واعدة بس تحتاج وقت,2026-01-17,2001649
twitter,wasselni_drivers,نقل,الزحمة في الرياض قاتلة والأرباح نازلة,2026-01-17,2001673
telegram,CreemUber,نقل,أحسن أوقات الشغل الفطور والغداء والذروة المسائية,2026-01-17,2001712
telegram,toYou_couriers,توصيل,امس وصلت طلب والعميل تأخر وراح عليي مكافأة موعد الوصول,2026-01-17,2001783
telegram,jahez_couriers,توصيل,المندوب المخالف يأكل حرام رزق شخص نظامي,2026-01-17,2001802
telegram,thechefs_ksa,توصيل,الطلبات الليلية تساوي ضعف النهارية في كيتا,2026-01-17,2001833
telegram,jahez_couriers,توصيل,الدراجة تعطلت اليوم وخسرت شغل,2026-01-17,2001887
telegram,thechefs_ksa,توصيل,كيتا يلعبون على المندوب عشان يخصمون مكافأة التوصيل في الوقت,2026-01-17,2001902
telegram,mostaql_workers,عمل_حر,ضريبة القيمة المضافة على الفريلانس كيف تشتغل,2026-01-17,2002094
telegram,careem_drivers_sa,نقل,بولت نسبة عالية خير ياطير اذا عوضنا,2026-01-18,2001653
twitter,uber_ksa_drivers,نقل,كم متوسط دخل الكابتن في الرياض شهريًا حاليًا,2026-01-18,2001692
telegram,السائقين_السعوديين,نقل,الزحمة في الرياض قاتلة والأرباح نازلة,2026-01-18,2001703
telegram,wasselni_drivers,نقل,العمل في المطارات أحسن من الشوارع الربح افضل,2026-01-18,2001729
telegram,mrsool_delivery,توصيل,كيتا يلعبون على المندوب عشان يخصمون مكافأة التوصيل في الوقت,2026-01-18,2001784
telegram,delivery_ksa,توصيل,هنجرستين وكيتا حاليًا جاهز ومرسول وذا شيفز بس اقل في الطلبات,2026-01-18,2001837
telegram,mrsool_delivery,توصيل,هنجرستين وكيتا حاليًا جاهز ومرسول وذا شيفز بس اقل في الطلبات,2026-01-18,2001904
telegram,delivery_ksa,توصيل,مو محل وموظفين اغبياء هم الغلطانين مو المندوب,2026-01-18,2001906
telegram,delivery_ksa,توصيل,كيتا يلعبون على المندوب عشان يخصمون مكافأة التوصيل في الوقت,2026-01-18,2001942
telegram,thechefs_ksa,توصيل,الحين ١٤ طلب في كيتا وما طلعت ٢٠ ريال,2026-01-18,2001965
telegram,jahez_couriers,توصيل,مرسول شغال زي لوز ما عده كيتا,2026-01-18,2001995
telegram,freelancers_ksa,عمل_حر,مشروع ترجمة بكم تقدر تقدم,2026-01-18,2002036
twitter,khamsat_ar,عمل_حر,الفريلانس في السعودية بدأ ينمو بشكل كبير,2026-01-18,2002066
twitter,khamsat_ar,عمل_حر,الفريلانس في السعودية بدأ ينمو بشكل كبير,2026-01-18,2002088
telegram,jeeny_ksa,نقل,كيان التطبيق جديد بس الطلبات وايد خير من اوبر,2026-01-19,2001625
twitter,CreemUber,نقل,ذروة ب كاش مع نسبتهم تشوفه مبلغ كويس بس يجيك بمشوار واحد بطاقة,2026-01-19,2001663
telegram,Captains_saudi,نقل,اوبر زود على نسبة الالغاء وانا ما قدرت اوصل للعميل,2026-01-19,2001740
telegram,Captains_saudi,نقل,اليوم الأوردرات كانت ممتازة والبخشيش زين الحمد لله,2026-01-19,2001754
telegram,jahez_couriers,توصيل,الاسعار اختلفت بعد كثرة المنافسين ودخول كيتا بالاخص,2026-01-19,2001827
twitter,delivery_ksa,توصيل,جاهز أحسن من مرسول في التوزيع والسعر,2026-01-19,2001901
telegram,HungerStation_drivers,توصيل,مو محل وموظفين اغبياء هم الغلطانين مو المندوب,2026-01-19,2001996
telegram,khamsat_ar,عمل_حر,الزبون ما دفع بعد تسليم العمل كيف أتصرف,2026-01-19,2002041
telegram,mostaql_workers,عمل_حر,الزبائن الخليجيين يدفعون أحسن من العرب,2026-01-19,2002047
telegram,freelancers_ksa,عمل_حر,مشروع ترجمة بكم تقدر تقدم,2026-01-19,2002056
twitter,freelancers_ksa,عمل_حر,بدأت فريلانس من بيتي والدخل تحسن الحمد لله,2026-01-19,2002059
twitter,mostaql_workers,عمل_حر,الزبائن الخليجيين يدفعون أحسن من العرب,2026-01-19,2002068
telegram,kayan_ksa,نقل,اليوم الأوردرات كانت ممتازة والبخشيش زين الحمد لله,2026-01-20,2001720
twitter,HungerStation_drivers,توصيل,والله اذا موترك ينفع في النقل الموجه افضل بمليون مرة,2026-01-20,2001786
telegram,keeta_couriers,توصيل,كيتا الحين يقولك توصل الطلب وعشان تبلغ تأخير المطعم تنتظر,2026-01-20,2001820
telegram,delivery_ksa,توصيل,المخالفين موصلين ٣٠٠ وشوي الشهر اللي فات انا بقوة وصلت ٢٩٠,2026-01-20,2001900
telegram,thechefs_ksa,توصيل,امس وصلت طلب والعميل تأخر وراح عليي مكافأة موعد الوصول,2026-01-20,2001920
telegram,delivery_ksa,توصيل,مانبي نقطع رزق احد بس والله غبنه توقف عند المطاعم وتنتظر,2026-01-20,2001932
telegram,toYou_couriers,توصيل,مرسول شغال زي لوز ما عده كيتا,2026-01-20,2001961
telegram,mrsool_delivery,توصيل,ذا شيفز تعاملهم مع المناديب أحسن من كيتا,2026-01-20,2001964
telegram,toYou_couriers,توصيل,سلام وصلت طلب وسلمته للعميل بيدي وبعد نص ساعة خصموا قيمة الطلب,2026-01-20,2001979
telegram,jahez_couriers,توصيل,مشكلة الباكدج الكبير ما يناسب الدراجة,2026-01-20,2001988
twitter,khamsat_ar,عمل_حر,الزبائن الخليجيين يدفعون أحسن من العرب,2026-01-20,2002061
telegram,freelancers_ksa,عمل_حر,دخلي من البرمجة هذا الشهر ٧٠٠٠ ريال,2026-01-20,2002071
telegram,freelancers_ksa,عمل_حر,upwork أو مستقل أيهما أفضل للسعوديين,2026-01-20,2002102
telegram,careem_drivers_sa,نقل,اقل شي ٤٥٠ واعلى شي ٥٥٠ خلال ١٢ ساعة على اوبر,2026-01-21,2001635
twitter,kayan_ksa,نقل,عميل تقييمه منخفض لا تاخذ مرة,2026-01-21,2001646
telegram,السائقين_السعوديين,نقل,اذا الوقت زاد ٨ دقايق وفوق ماافكهم غير مسويلي تعويض,2026-01-21,2001652
telegram,jeeny_ksa,نقل,الزحمة في الرياض قاتلة والأرباح نازلة,2026-01-21,2001689
telegram,jeeny_ksa,نقل,ما يستاهل لا تعب ولا وقت المشوار بعيد والربح ضعيف,2026-01-21,2001718
telegram,Captains_saudi,نقل,نبي نظام تأمين صحي للسائقين مثل الموظفين,2026-01-21,2001741
telegram,uber_ksa_drivers,نقل,وصلت واحد المطار وكان مصري وحك الصدام من السيارة,2026-01-21,2001745
twitter,uber_ksa_drivers,نقل,اوبر زود على نسبة الالغاء وانا ما قدرت اوصل للعميل,2026-01-21,2001752
twitter,toYou_couriers,توصيل,كيتا يلعبون على المندوب عشان يخصمون مكافأة التوصيل في الوقت,2026-01-21,2001777
telegram,HungerStation_drivers,توصيل,مرسول شغال زي لوز ما عده كيتا,2026-01-21,2001809
telegram,jahez_couriers,توصيل,مو محل وموظفين اغبياء هم الغلطانين مو المندوب,2026-01-21,2001826
telegram,toYou_couriers,توصيل,كيتا الحين يقولك توصل الطلب وعشان تبلغ تأخير المطعم تنتظر,2026-01-21,2001876
twitter,HungerStation_drivers,توصيل,ذا شيفز يدفع بشكل منتظم بخلاف كيتا,2026-01-21,2001926
twitter,toYou_couriers,توصيل,جدة من ٥ ايام ما في طلبات او طلبين بالكثير ايش المشكلة في كيتا,2026-01-21,2001929
telegram,HungerStation_drivers,توصيل,مو محل وموظفين اغبياء هم الغلطانين مو المندوب,2026-01-21,2001962
telegram,HungerStation_drivers,توصيل,مو محل وموظفين اغبياء هم الغلطانين مو المندوب,2026-01-21,2001963
telegram,thechefs_ksa,توصيل,هنجرستين وكيتا حاليًا جاهز ومرسول وذا شيفز بس اقل في الطلبات,2026-01-21,2001976
twitter,toYou_couriers,توصيل,كيتا الحين يقولك توصل الطلب وعشان تبلغ تأخير المطعم تنتظر,2026-01-21,2001984
telegram,mrsool_delivery,توصيل,ذا شيفز يدفع بشكل منتظم بخلاف كيتا,2026-01-21,2002013
twitter,keeta_couriers,توصيل,كنت اشتغل مرسول زمان اطلع ٢٠٠ في اليوم على ٨ طلبات,2026-01-21,2002020
telegram,freelancers_ksa,عمل_حر,كيف أحسن بروفايلي في مستقل وأحصل على عملاء,2026-01-21,2002085
twitter,jeeny_ksa,نقل,أوبر أفضل من بولت في توزيع الرحلات عندي,2026-01-22,2001624
telegram,bolt_drivers_ksa,نقل,الذروة في كريم حمراء والطلبات ورا بعض بالمدينة,2026-01-22,2001655
twitter,السائقين_السعوديين,نقل,اقل شي ٤٥٠ واعلى شي ٥٥٠ خلال ١٢ ساعة على اوبر,2026-01-22,2001665
telegram,careem_drivers_sa,نقل,ذروة ب كاش مع نسبتهم تشوفه مبلغ كويس بس يجيك بمشوار واحد بطاقة,2026-01-22,2001685
telegram,jeeny_ksa,نقل,ما يستاهل لا تعب ولا وقت المشوار بعيد والربح ضعيف,2026-01-22,2001759
telegram,keeta_couriers,توصيل,مرسول فتح تسجيل جديد للموصلين هذا الأسبوع,2026-01-22,2001765
telegram,toYou_couriers,توصيل,ياخوان الطلبات وقفت عندي من ساعة م جاني ولا طلب,2026-01-22,2001774
telegram,jahez_couriers,توصيل,هنقرستيشن يقولك رجع الطلب سوبر ماركت هنقرستيشن,2026-01-22,2001825
telegram,jahez_couriers,توصيل,وصلت ٢٠٠ طلب هذا الشهر الحمد لله,2026-01-22,2001850
telegram,mrsool_delivery,توصيل,مرسول فتح تسجيل جديد للموصلين هذا الأسبوع,2026-01-22,2001933
telegram,thechefs_ksa,توصيل,مرسول الطلبات فل بس عيبه اطلب اي شي روح بنفسك,2026-01-22,2001957
telegram,mrsool_delivery,توصيل,مرسول رقم واحد بالتعويض يقولك توصل موقع العميل كلمنا,2026-01-22,2002011
twitter,HungerStation_drivers,توصيل,امس وصلت طلب والعميل تأخر وراح عليي مكافأة موعد الوصول,2026-01-22,2002026
telegram,mostaql_workers,عمل_حر,منصة خمسات أفضل للمبتدئين في العمل الحر,2026-01-22,2002110
telegram,wasselni_drivers,نقل,أوبر أفضل من بولت في توزيع الرحلات عندي,2026-01-23,2001645
twitter,السائقين_السعوديين,نقل,من حقك ترفض خدمته سيارتك وترفع بلاغ,2026-01-23,2001656
telegram,uber_ksa_drivers,نقل,محتاج سيارة جديدة السيارة الحالية تعبت من كثر الشغل,2026-01-23,2001681
twitter,uber_ksa_drivers,نقل,من حقك ترفض خدمته سيارتك وترفع بلاغ,2026-01-23,2001708
twitter,careem_drivers_sa,نقل,عميل تقييمه منخفض لا تاخذ مرة,2026-01-23,2001737
telegram,wasselni_drivers,نقل,أوبر أفضل من بولت في توزيع الرحلات عندي,2026-01-23,2001743
twitter,jahez_couriers,توصيل,الطلبات الليلية تساوي ضعف النهارية في كيتا,2026-01-23,2001790
twitter,toYou_couriers,توصيل,سلام وصلت طلب وسلمته للعميل بيدي وبعد نص ساعة خصموا قيمة الطلب,2026-01-23,2001794
telegram,toYou_couriers,توصيل,توصيل في الأمطار خطر بدون مكافأة من التطبيق,2026-01-23,2001808
telegram,mrsool_delivery,توصيل,جدة من ٥ ايام ما في طلبات او طلبين بالكثير ايش المشكلة في كيتا,2026-01-23,2001814
telegram,keeta_couriers,توصيل,جاهز أحسن من مرسول في التوزيع والسعر,2026-01-23,2001840
telegram,jahez_couriers,توصيل,وصلت ٢٠٠ طلب هذا الشهر الحمد لله,2026-01-23,2001849
telegram,toYou_couriers,توصيل,سلام وصلت طلب وسلمته للعميل بيدي وبعد نص ساعة خصموا قيمة الطلب,2026-01-23,2001874
telegram,thechefs_ksa,توصيل,الدراجة تعطلت اليوم وخسرت شغل,2026-01-23,2001875
telegram,toYou_couriers,توصيل,توصيل في الأمطار خطر بدون مكافأة من التطبيق,2026-01-23,2001879
telegram,thechefs_ksa,توصيل,مرسول رقم واحد بالتعويض يقولك توصل موقع العميل كلمنا,2026-01-23,2001944
telegram,thechefs_ksa,توصيل,طلب وصل بارد لأن المطعم تأخر وراحت التقييم,2026-01-23,2001950
twitter,mrsool_delivery,توصيل,ياشباب امس المغرب حولت مبلغ من كيتا ولحد الان ما وصلت,2026-01-23,2001983
twitter,HungerStation_drivers,توصيل,ياخوان الطلبات وقفت عندي من ساعة م جاني ولا طلب,2026-01-23,2002017
telegram,freelancers_ksa,عمل_حر,الزبون ما دفع بعد تسليم العمل كيف أتصرف,2026-01-23,2002052
telegram,mostaql_workers,عمل_حر,الفريلانس في السعودية بدأ ينمو بشكل كبير,2026-01-23,2002065
telegram,freelancers_ksa,عمل_حر,upwork أو مستقل أيهما أفضل للسعوديين,2026-01-23,2002089
telegram,freelancers_ksa,عمل_حر,مشروع ترجمة بكم تقدر تقدم,2026-01-23,2002105
telegram,jeeny_ksa,نقل,بعدها على بولت خلال ٦ ساعات ٢٠٠ ريال خلال ١٦ ساعة ٧٠٠ ريال ثابتة,2026-01-24,2001702
telegram,careem_drivers_sa,نقل,اقل شي ٤٥٠ واعلى شي ٥٥٠ خلال ١٢ ساعة على اوبر,2026-01-24,2001724
telegram,bolt_drivers_ksa,نقل,اليوم الأوردرات كانت ممتازة والبخشيش زين الحمد لله,2026-01-24,2001746
telegram,jahez_couriers,توصيل,وصلت ٢٠٠ طلب هذا الشهر الحمد لله,2026-01-24,2001767
telegram,HungerStation_drivers,توصيل,الطلبات في رمضان تجنن ٣ أضعاف العادي,2026-01-24,2001779
telegram,thechefs_ksa,توصيل,ذا شيفز تعاملهم مع المناديب أحسن من كيتا,2026-01-24,2001791
telegram,thechefs_ksa,توصيل,ذا شيفز الطلبات كثيرة بس المنطقة محدودة حتى الآن,2026-01-24,2001799
telegram,HungerStation_drivers,توصيل,مرسول الطلبات فل بس عيبه اطلب اي شي روح بنفسك,2026-01-24,2001873
telegram,delivery_ksa,توصيل,مرسول الطلبات فل بس عيبه اطلب اي شي روح بنفسك,2026-01-24,2001892
telegram,HungerStation_drivers,توصيل,واحد طالب ٣ ماء من كودو المهم يرسل يقول كنسل,2026-01-24,2001970
telegram,keeta_couriers,توصيل,مرسول شغال زي لوز ما عده كيتا,2026-01-24,2002005
twitter,mostaql_workers,عمل_حر,منصة خمسات أفضل للمبتدئين في العمل الحر,2026-01-24,2002037
telegram,mostaql_workers,عمل_حر,upwork أو مستقل أيهما أفضل للسعوديين,2026-01-24,2002039
telegram,freelancers_ksa,عمل_حر,التسويق الرقمي من أكثر التخصصات طلباً,2026-01-24,2002049
twitter,freelancers_ksa,عمل_حر,الزبائن الخليجيين يدفعون أحسن من العرب,2026-01-24,2002109
twitter,bolt_drivers_ksa,نقل,جربت كابتن في جيني وجيت الرياض والشغل مثل الشرقية,2026-01-25,2001640
twitter,wasselni_drivers,نقل,ودي اشتغل ف بولت بجانب اوبر ممكن؟,2026-01-25,2001687
twitter,jeeny_ksa,نقل,عميل تقييمه منخفض لا تاخذ مرة,2026-01-25,2001699
telegram,jeeny_ksa,نقل,ذروة ب كاش مع نسبتهم تشوفه مبلغ كويس بس يجيك بمشوار واحد بطاقة,2026-01-25,2001714
telegram,kayan_ksa,نقل,السكوت ماراح ينفع خلونا نتحرك بشكل منظم,2026-01-25,2001736
telegram,toYou_couriers,توصيل,جدة من ٥ ايام ما في طلبات او طلبين بالكثير ايش المشكلة في كيتا,2026-01-25,2001773
telegram,mrsool_delivery,توصيل,كنت اشتغل مرسول زمان اطلع ٢٠٠ في اليوم على ٨ طلبات,2026-01-25,2001793
telegram,mrsool_delivery,توصيل,ياشباب امس المغرب حولت مبلغ من كيتا ولحد الان ما وصلت,2026-01-25,2001805
twitter,jahez_couriers,توصيل,طلب وصل بارد لأن المطعم تأخر وراحت التقييم,2026-01-25,2001813
telegram,mrsool_delivery,توصيل,الحين ١٤ طلب في كيتا وما طلعت ٢٠ ريال,2026-01-25,2001861
telegram,jahez_couriers,توصيل,ياخوان الطلبات وقفت عندي من ساعة م جاني ولا طلب,2026-01-25,2001921
telegram,thechefs_ksa,توصيل,مشوار ابو ٢٠ زمان في كيتا الحين ب٩,2026-01-25,2001956
telegram,mrsool_delivery,توصيل,المندوب المخالف يأكل حرام رزق شخص نظامي,2026-01-25,2001969
telegram,keeta_couriers,توصيل,طلب وصل بارد لأن المطعم تأخر وراحت التقييم,2026-01-25,2001975
telegram,jahez_couriers,توصيل,وصلت طلبات وطلعت ب١١٠ ريال لكن ليش ما اتضافت للسحب,2026-01-25,2002010
telegram,Captains_saudi,نقل,بولت انا مااوثق في اي زبون يقولي بحولك مابحولك,2026-01-26,2001637
telegram,wasselni_drivers,نقل,اذا الوقت زاد ٨ دقايق وفوق ماافكهم غير مسويلي تعويض,2026-01-26,2001643
telegram,wasselni_drivers,نقل,وصلت ٥٠ رحلة هذا الأسبوع الحمد لله رب العالمين,2026-01-26,2001664
twitter,wasselni_drivers,نقل,ودي اشتغل ف بولت بجانب اوبر ممكن؟,2026-01-26,2001751
twitter,wasselni_drivers,نقل,جيني وصليني الاسعار خايسه جدا يعني الكيلو اقل من ريال,2026-01-26,2001760
twitter,toYou_couriers,توصيل,سلام وصلت طلب وسلمته للعميل بيدي وبعد نص ساعة خصموا قيمة الطلب,2026-01-26,2001766
telegram,delivery_ksa,توصيل,طلب وصل بارد لأن المطعم تأخر وراحت التقييم,2026-01-26,2001775
telegram,keeta_couriers,توصيل,هنجرستين وكيتا حاليًا جاهز ومرسول وذا شيفز بس اقل في الطلبات,2026-01-26,2001846
twitter,delivery_ksa,توصيل,ياخوان الطلبات وقفت عندي من ساعة م جاني ولا طلب,2026-01-26,2001980
telegram,jahez_couriers,توصيل,مرسول رقم واحد بالتعويض يقولك توصل موقع العميل كلمنا,2026-01-26,2001997
telegram,delivery_ksa,توصيل,الاسعار اختلفت بعد كثرة المنافسين ودخول كيتا بالاخص,2026-01-26,2002018
twitter,mostaql_workers,عمل_حر,التسويق الرقمي من أكثر التخصصات طلباً,2026-01-26,2002033
telegram,freelancers_ksa,عمل_حر,upwork أو مستقل أيهما أفضل للسعوديين,2026-01-26,2002046
twitter,freelancers_ksa,عمل_حر,كيف أحسن بروفايلي في مستقل وأحصل على عملاء,2026-01-26,2002083
telegram,uber_ksa_drivers,نقل,التامين على السيارة غالي علينا الشركات مو مهتمة,2026-01-27,2001634
telegram,السائقين_السعوديين,نقل,جربت كابتن في جيني وجيت الرياض والشغل مثل الشرقية,2026-01-27,2001658
telegram,CreemUber,نقل,جيني بدأ ينافس لكن ما زال الطلبات أقل,2026-01-27,2001693
telegram,Captains_saudi,نقل,كيان التطبيق جديد بس الطلبات وايد خير من اوبر,2026-01-27,2001701
telegram,delivery_ksa,توصيل,وصلت ٢٠٠ طلب هذا الشهر الحمد لله,2026-01-27,2001811
telegram,HungerStation_drivers,توصيل,طلب وصل بارد لأن المطعم تأخر وراحت التقييم,2026-01-27,2001828
telegram,delivery_ksa,توصيل,الطلبات الليلية تساوي ضعف النهارية في كيتا,2026-01-27,2001856
twitter,jahez_couriers,توصيل,مرسول الطلبات فل بس عيبه اطلب اي شي روح بنفسك,2026-01-27,2001909
telegram,toYou_couriers,توصيل,مو محل وموظفين اغبياء هم الغلطانين مو المندوب,2026-01-27,2001934
twitter,mrsool_delivery,توصيل,الحين ١٤ طلب في كيتا وما طلعت ٢٠ ريال,2026-01-27,2002001
twitter,jahez_couriers,توصيل,هنقرستيشن يقولك رجع الطلب سوبر ماركت هنقرستيشن,2026-01-27,2002004
twitter,mostaql_workers,عمل_حر,الفريلانس في السعودية بدأ ينمو بشكل كبير,2026-01-27,2002058
telegram,mostaql_workers,عمل_حر,بدأت فريلانس من بيتي والدخل تحسن الحمد لله,2026-01-27,2002069
telegram,freelancers_ksa,عمل_حر,أكملت مشروع تصميم بـ ٨٠٠ ريال في مستقل,2026-01-27,2002078
twitter,khamsat_ar,عمل_حر,مشروع ترجمة بكم تقدر تقدم,2026-01-27,2002079
telegram,freelancers_ksa,عمل_حر,نبي حماية للفريلانسر من الزبون اللي ما يدفع,2026-01-27,2002106
telegram,careem_drivers_sa,نقل,كم متوسط دخل الكابتن في الرياض شهريًا حاليًا,2026-01-28,2001659
telegram,Captains_saudi,نقل,جيني وصليني الاسعار خايسه جدا يعني الكيلو اقل من ريال,2026-01-28,2001690
telegram,jahez_couriers,توصيل,الطلبات الليلية تساوي ضعف النهارية في كيتا,2026-01-28,2001787
telegram,jahez_couriers,توصيل,الطلبات في رمضان تجنن ٣ أضعاف العادي,2026-01-28,2001796
telegram,jahez_couriers,توصيل,ياخوان الطلبات وقفت عندي من ساعة م جاني ولا طلب,2026-01-28,2001844
telegram,thechefs_ksa,توصيل,ياشباب امس المغرب حولت مبلغ من كيتا ولحد الان ما وصلت,2026-01-28,2001912
telegram,jahez_couriers,توصيل,مرسول شغال زي لوز ما عده كيتا,2026-01-28,2001936
telegram,HungerStation_drivers,توصيل,امس السحور ٩ ريال و ١٠ ريال من كيتا ليش ولا حق التعب,2026-01-28,2001951
telegram,mrsool_delivery,توصيل,مانبي نقطع رزق احد بس والله غبنه توقف عند المطاعم وتنتظر,2026-01-28,2002000
telegram,delivery_ksa,توصيل,يعطيكم العافيه يا شباب حولت مبلغ من كيتا ولحد الان ما وصلت,2026-01-28,2002021
telegram,HungerStation_drivers,توصيل,هنجرستين وكيتا حاليًا جاهز ومرسول وذا شيفز بس اقل في الطلبات,2026-01-29,2001768
telegram,jahez_couriers,توصيل,خدمة العملاء في كيتا ما تفيد تقريباً,2026-01-29,2001851
twitter,HungerStation_drivers,توصيل,ذا شيفز الطلبات كثيرة بس المنطقة محدودة حتى الآن,2026-01-29,2001860
telegram,keeta_couriers,توصيل,مرسول شغال زي لوز ما عده كيتا,2026-01-29,2001882
twitter,delivery_ksa,توصيل,رحت محل اكل هندي وجبت طلب وشوربة واقعة جاني خصم ٥٠ ريال,2026-01-29,2001893
telegram,toYou_couriers,توصيل,هنقرستيشن يقولك رجع الطلب سوبر ماركت هنقرستيشن,2026-01-29,2001894
telegram,jahez_couriers,توصيل,مانبي نقطع رزق احد بس والله غبنه توقف عند المطاعم وتنتظر,2026-01-29,2001915
telegram,jahez_couriers,توصيل,مرسول فتح تسجيل جديد للموصلين هذا الأسبوع,2026-01-29,2001978
twitter,thechefs_ksa,توصيل,الاسعار اختلفت بعد كثرة المنافسين ودخول كيتا بالاخص,2026-01-29,2002025
telegram,freelancers_ksa,عمل_حر,مشروع ترجمة بكم تقدر تقدم,2026-01-29,2002051
telegram,kayan_ksa,نقل,كيان وصليني تطبيقات واعدة بس تحتاج وقت,2026-01-30,2001627
telegram,wasselni_drivers,نقل,نسبة اوبر في مشوار المطار وصلت ٧٥٪ اخذ من الزبون ٥٩ ريال عطاني ١٢ فقط,2026-01-30,2001683
telegram,jeeny_ksa,نقل,جيني وصليني الاسعار خايسه جدا يعني الكيلو اقل من ريال,2026-01-30,2001716
twitter,jeeny_ksa,نقل,التامين على السيارة غالي علينا الشركات مو مهتمة,2026-01-30,2001733
telegram,wasselni_drivers,نقل,من حقك ترفض خدمته سيارتك وترفع بلاغ,2026-01-30,2001742
telegram,wasselni_drivers,نقل,ما يستاهل لا تعب ولا وقت المشوار بعيد والربح ضعيف,2026-01-30,2001757
telegram,jahez_couriers,توصيل,رحت محل اكل هندي وجبت طلب وشوربة واقعة جاني خصم ٥٠ ريال,2026-01-30,2001928
telegram,HungerStation_drivers,توصيل,امس وصلت طلب والعميل تأخر وراح عليي مكافأة موعد الوصول,2026-01-30,2001935
telegram,toYou_couriers,توصيل,ذا شيفز تعاملهم مع المناديب أحسن من كيتا,2026-01-30,2001958
twitter,mostaql_workers,عمل_حر,مشروع ترجمة بكم تقدر تقدم,2026-01-30,2002030
telegram,mostaql_workers,عمل_حر,كيف أحسن بروفايلي في مستقل وأحصل على عملاء,2026-01-30,2002093
telegram,Captains_saudi,نقل,كم متوسط دخل الكابتن في الرياض شهريًا حاليًا,2026-01-31,2001642
telegram,wasselni_drivers,نقل,التامين على السيارة غالي علينا الشركات مو مهتمة,2026-01-31,2001667
telegram,jeeny_ksa,نقل,بعدها على بولت خلال ٦ ساعات ٢٠٠ ريال خلال ١٦ ساعة ٧٠٠ ريال ثابتة,2026-01-31,2001704
twitter,wasselni_drivers,نقل,جيني وصليني الاسعار خايسه جدا يعني الكيلو اقل من ريال,2026-01-31,2001709
telegram,السائقين_السعوديين,نقل,متوسط دخلي اليوم ١٨٠ ريال بعد البنزين,2026-01-31,2001722
telegram,kayan_ksa,نقل,ودي اشتغل ف بولت بجانب اوبر ممكن؟,2026-01-31,2001726
telegram,keeta_couriers,توصيل,ياخوان الطلبات وقفت عندي من ساعة م جاني ولا طلب,2026-01-31,2001804
telegram,mrsool_delivery,توصيل,والله اذا موترك ينفع في النقل الموجه افضل بمليون مرة,2026-01-31,2001822
twitter,jahez_couriers,توصيل,المندوب المخالف يأكل حرام رزق شخص نظامي,2026-01-31,2001897
telegram,mrsool_delivery,توصيل,ياخوان الطلبات وقفت عندي من ساعة م جاني ولا طلب,2026-01-31,2001923
telegram,keeta_couriers,توصيل,ذا شيفز الطلبات كثيرة بس المنطقة محدودة حتى الآن,2026-01-31,2001974
telegram,keeta_couriers,توصيل,مانبي نقطع رزق احد بس والله غبنه توقف عند المطاعم وتنتظر,2026-01-31,2001998
twitter,delivery_ksa,توصيل,يعطيكم العافيه يا شباب حولت مبلغ من كيتا ولحد الان ما وصلت,2026-01-31,2002003
twitter,khamsat_ar,عمل_حر,الزبون ما دفع بعد تسليم العمل كيف أتصرف,2026-01-31,2002092
telegram,freelancers_ksa,عمل_حر,منصة خمسات أفضل للمبتدئين في العمل الحر,2026-01-31,2002111
telegram,Captains_saudi,نقل,متوسط دخلي اليوم ١٨٠ ريال بعد البنزين,2026-02-01,2001103
telegram,Captains_saudi,نقل,ما يستاهل لا تعب ولا وقت المشوار بعيد والربح ضعيف,2026-02-01,2001123
telegram,bolt_drivers_ksa,نقل,محتاج سيارة جديدة السيارة الحالية تعبت من كثر الشغل,2026-02-01,2001227
twitter,careem_drivers_sa,نقل,بعدها على بولت خلال ٦ ساعات ٢٠٠ ريال خلال ١٦ ساعة ٧٠٠ ريال ثابتة,2026-02-01,2001249
telegram,kayan_ksa,نقل,اذا الوقت زاد ٨ دقايق وفوق ماافكهم غير مسويلي تعويض,2026-02-01,2001251
telegram,Captains_saudi,نقل,اذا الوقت زاد ٨ دقايق وفوق ماافكهم غير مسويلي تعويض,2026-02-01,2001289
telegram,kayan_ksa,نقل,بولت انا مااوثق في اي زبون يقولي بحولك مابحولك,2026-02-01,2001301
telegram,Captains_saudi,نقل,جيني بدأ ينافس لكن ما زال الطلبات أقل,2026-02-01,2001303
telegram,kayan_ksa,نقل,محتاج سيارة جديدة السيارة الحالية تعبت من كثر الشغل,2026-02-01,2001312
twitter,delivery_ksa,توصيل,توصيل في الأمطار خطر بدون مكافأة من التطبيق,2026-02-01,2001329
telegram,HungerStation_drivers,توصيل,مشوار ابو ٢٠ زمان في كيتا الحين ب٩,2026-02-01,2001359
telegram,toYou_couriers,توصيل,مشكلة الباكدج الكبير ما يناسب الدراجة,2026-02-01,2001383
telegram,delivery_ksa,توصيل,كيتا يلعبون على المندوب عشان يخصمون مكافأة التوصيل في الوقت,2026-02-01,2001416
telegram,HungerStation_drivers,توصيل,امس السحور ٩ ريال و ١٠ ريال من كيتا ليش ولا حق التعب,2026-02-01,2001445
telegram,keeta_couriers,توصيل,ياشباب امس المغرب حولت مبلغ من كيتا ولحد الان ما وصلت,2026-02-01,2001480
telegram,mrsool_delivery,توصيل,ياشباب امس المغرب حولت مبلغ من كيتا ولحد الان ما وصلت,2026-02-01,2001489
telegram,freelancers_ksa,عمل_حر,دخلي من البرمجة هذا الشهر ٧٠٠٠ ريال,2026-02-01,2001554
telegram,freelancers_ksa,عمل_حر,الزبون ما دفع بعد تسليم العمل كيف أتصرف,2026-02-01,2001558
twitter,freelancers_ksa,عمل_حر,كيف أحسن بروفايلي في مستقل وأحصل على عملاء,2026-02-01,2001580
twitter,mostaql_workers,عمل_حر,الفريلانس في السعودية بدأ ينمو بشكل كبير,2026-02-01,2001587
twitter,khamsat_ar,عمل_حر,كيف أحسن بروفايلي في مستقل وأحصل على عملاء,2026-02-01,2001613
telegram,kayan_ksa,نقل,اوبر مادري كيف يفكرون جاني مشوار والطرق كلها مقفله,2026-02-02,2001202
telegram,السائقين_السعوديين,نقل,ما يستاهل لا تعب ولا وقت المشوار بعيد والربح ضعيف,2026-02-02,2001208
telegram,kayan_ksa,نقل,كيان وصليني تطبيقات واعدة بس تحتاج وقت,2026-02-02,2001217
telegram,uber_ksa_drivers,نقل,إلى متى يا اوبر نسبة عالية وفوق هذا تسعيرة زي وجهك,2026-02-02,2001218
telegram,Captains_saudi,نقل,ودي اشتغل ف بولت بجانب اوبر ممكن؟,2026-02-02,2001252
telegram,السائقين_السعوديين,نقل,نبي نظام تأمين صحي للسائقين مثل الموظفين,2026-02-02,2001265
telegram,CreemUber,نقل,الزحمة في الرياض قاتلة والأرباح نازلة,2026-02-02,2001286
telegram,keeta_couriers,توصيل,الدراجة تعطلت اليوم وخسرت شغل,2026-02-02,2001358
telegram,delivery_ksa,توصيل,الاسعار اختلفت بعد كثرة المنافسين ودخول كيتا بالاخص,2026-02-02,2001363
telegram,mrsool_delivery,توصيل,هنقرستيشن يقولك رجع الطلب سوبر ماركت هنقرستيشن,2026-02-02,2001387
telegram,jahez_couriers,توصيل,ياخوان الطلبات وقفت عندي من ساعة م جاني ولا طلب,2026-02-02,2001418
telegram,toYou_couriers,توصيل,واحد طالب ٣ ماء من كودو المهم يرسل يقول كنسل,2026-02-02,2001432
telegram,keeta_couriers,توصيل,الطلبات في رمضان تجنن ٣ أضعاف العادي,2026-02-02,2001450
twitter,mrsool_delivery,توصيل,ذا شيفز تعاملهم مع المناديب أحسن من كيتا,2026-02-02,2001496
telegram,keeta_couriers,توصيل,ذا شيفز الطلبات كثيرة بس المنطقة محدودة حتى الآن,2026-02-02,2001514
telegram,keeta_couriers,توصيل,هنجرستين وكيتا حاليًا جاهز ومرسول وذا شيفز بس اقل في الطلبات,2026-02-02,2001521
telegram,toYou_couriers,توصيل,هنقرستيشن يقولك رجع الطلب سوبر ماركت هنقرستيشن,2026-02-02,2001533
telegram,freelancers_ksa,عمل_حر,بدأت فريلانس من بيتي والدخل تحسن الحمد لله,2026-02-02,2001563
twitter,khamsat_ar,عمل_حر,دخلي من البرمجة هذا الشهر ٧٠٠٠ ريال,2026-02-02,2001571
telegram,mostaql_workers,عمل_حر,أكملت مشروع تصميم بـ ٨٠٠ ريال في مستقل,2026-02-02,2001600
telegram,bolt_drivers_ksa,نقل,ما يستاهل لا تعب ولا وقت المشوار بعيد والربح ضعيف,2026-02-03,2001096
twitter,السائقين_السعوديين,نقل,جربت كابتن في جيني وجيت الرياض والشغل مثل الشرقية,2026-02-03,2001119
telegram,wasselni_drivers,نقل,وصلت ٥٠ رحلة هذا الأسبوع الحمد لله رب العالمين,2026-02-03,2001143
telegram,kayan_ksa,نقل,وصلت ٥٠ رحلة هذا الأسبوع الحمد لله رب العالمين,2026-02-03,2001159
twitter,careem_drivers_sa,نقل,وصليني مافيه طلبات كافية في منطقتي,2026-02-03,2001209
telegram,careem_drivers_sa,نقل,السائق هو الي يتعب ولابد تكون نسبة اوبر لها حد اعلى ٢٠ ريال,2026-02-03,2001220
telegram,wasselni_drivers,نقل,اليوم الأوردرات كانت ممتازة والبخشيش زين الحمد لله,2026-02-03,2001231
twitter,kayan_ksa,نقل,من اشوف مشوار مو مناسب على طول ارفضه,2026-02-03,2001316
telegram,HungerStation_drivers,توصيل,وصلت طلبات وطلعت ب١١٠ ريال لكن ليش ما اتضافت للسحب,2026-02-03,2001321
telegram,toYou_couriers,توصيل,طلب وصل بارد لأن المطعم تأخر وراحت التقييم,2026-02-03,2001334
telegram,delivery_ksa,توصيل,المندوب المخالف يأكل حرام رزق شخص نظامي,2026-02-03,2001340
telegram,jahez_couriers,توصيل,ذا شيفز تعاملهم مع المناديب أحسن من كيتا,2026-02-03,2001402
telegram,thechefs_ksa,توصيل,ذا شيفز تعاملهم مع المناديب أحسن من كيتا,2026-02-03,2001417
twitter,keeta_couriers,توصيل,المندوب المخالف يأكل حرام رزق شخص نظامي,2026-02-03,2001426
telegram,thechefs_ksa,توصيل,المندوب المخالف يأكل حرام رزق شخص نظامي,2026-02-03,2001453
telegram,thechefs_ksa,توصيل,المندوب المخالف يأكل حرام رزق شخص نظامي,2026-02-03,2001454
telegram,toYou_couriers,توصيل,الاسعار اختلفت بعد كثرة المنافسين ودخول كيتا بالاخص,2026-02-03,2001465
telegram,thechefs_ksa,توصيل,مرسول رقم واحد بالتعويض يقولك توصل موقع العميل كلمنا,2026-02-03,2001476
twitter,jahez_couriers,توصيل,مشوار ابو ٢٠ زمان في كيتا الحين ب٩,2026-02-03,2001513
telegram,khamsat_ar,عمل_حر,أكملت مشروع تصميم بـ ٨٠٠ ريال في مستقل,2026-02-03,2001556
twitter,freelancers_ksa,عمل_حر,كيف أحسن بروفايلي في مستقل وأحصل على عملاء,2026-02-03,2001560
telegram,khamsat_ar,عمل_حر,الفريلانس في السعودية بدأ ينمو بشكل كبير,2026-02-03,2001588
telegram,khamsat_ar,عمل_حر,منصة خمسات أفضل للمبتدئين في العمل الحر,2026-02-03,2001616
telegram,bolt_drivers_ksa,نقل,جربت كابتن في جيني وجيت الرياض والشغل مثل الشرقية,2026-02-04,2001128
twitter,jeeny_ksa,نقل,السائقين الأجانب يزاحمون على الرحلات في كريم,2026-02-04,2001140
telegram,السائقين_السعوديين,نقل,وصلت واحد المطار وكان مصري وحك الصدام من السيارة,2026-02-04,2001165
telegram,kayan_ksa,نقل,الذروة في كريم حمراء والطلبات ورا بعض بالمدينة,2026-02-04,2001211
telegram,jeeny_ksa,نقل,متوسط دخلي اليوم ١٨٠ ريال بعد البنزين,2026-02-04,2001222
telegram,uber_ksa_drivers,نقل,اوبر مادري كيف يفكرون جاني مشوار والطرق كلها مقفله,2026-02-04,2001237
telegram,jeeny_ksa,نقل,السكوت ماراح ينفع خلونا نتحرك بشكل منظم,2026-02-04,2001261
telegram,kayan_ksa,نقل,جربت كابتن في جيني وجيت الرياض والشغل مثل الشرقية,2026-02-04,2001269
twitter,uber_ksa_drivers,نقل,العمل في المطارات أحسن من الشوارع الربح افضل,2026-02-04,2001282
telegram,HungerStation_drivers,توصيل,توصيل في الأمطار خطر بدون مكافأة من التطبيق,2026-02-04,2001322
telegram,keeta_couriers,توصيل,امس وصلت طلب والعميل تأخر وراح عليي مكافأة موعد الوصول,2026-02-04,2001323
telegram,mrsool_delivery,توصيل,الدراجة تعطلت اليوم وخسرت شغل,2026-02-04,2001341
telegram,thechefs_ksa,توصيل,وصلت ٢٠٠ طلب هذا الشهر الحمد لله,2026-02-04,2001371
telegram,thechefs_ksa,توصيل,وصلت ٢٠٠ طلب هذا الشهر الحمد لله,2026-02-04,2001390
telegram,thechefs_ksa,توصيل,والله اذا موترك ينفع في النقل الموجه افضل بمليون مرة,2026-02-04,2001421
telegram,mrsool_delivery,توصيل,ياخوان الطلبات وقفت عندي من ساعة م جاني ولا طلب,2026-02-04,2001442
telegram,mrsool_delivery,توصيل,رحت محل اكل هندي وجبت طلب وشوربة واقعة جاني خصم ٥٠ ريال,2026-02-04,2001466
telegram,toYou_couriers,توصيل,الطلبات الليلية تساوي ضعف النهارية في كيتا,2026-02-04,2001483
telegram,jahez_couriers,توصيل,مشكلة الباكدج الكبير ما يناسب الدراجة,2026-02-04,2001495
twitter,HungerStation_drivers,توصيل,ياخوان الطلبات وقفت عندي من ساعة م جاني ولا طلب,2026-02-04,2001532
telegram,keeta_couriers,توصيل,ذا شيفز تعاملهم مع المناديب أحسن من كيتا,2026-02-04,2001538
telegram,jahez_couriers,توصيل,جدة من ٥ ايام ما في طلبات او طلبين بالكثير ايش المشكلة في كيتا,2026-02-04,2001540
telegram,khamsat_ar,عمل_حر,التسويق الرقمي من أكثر التخصصات طلباً,2026-02-04,2001552
telegram,mostaql_workers,عمل_حر,نبي حماية للفريلانسر من الزبون اللي ما يدفع,2026-02-04,2001559
telegram,freelancers_ksa,عمل_حر,التسويق الرقمي من أكثر التخصصات طلباً,2026-02-04,2001591
twitter,mostaql_workers,عمل_حر,الزبائن الخليجيين يدفعون أحسن من العرب,2026-02-04,2001608
twitter,mostaql_workers,عمل_حر,التسويق الرقمي من أكثر التخصصات طلباً,2026-02-04,2001614
twitter,jeeny_ksa,نقل,العمل في المطارات أحسن من الشوارع الربح افضل,2026-02-05,2001110
telegram,wasselni_drivers,نقل,رفضت رحلة بعيدة وخسرت bonus الاسبوع,2026-02-05,2001114
telegram,uber_ksa_drivers,نقل,اليوم الأوردرات كانت ممتازة والبخشيش زين الحمد لله,2026-02-05,2001158
twitter,kayan_ksa,نقل,جيني بدأ ينافس لكن ما زال الطلبات أقل,2026-02-05,2001160
telegram,careem_drivers_sa,نقل,ذروة ب كاش مع نسبتهم تشوفه مبلغ كويس بس يجيك بمشوار واحد بطاقة,2026-02-05,2001212
telegram,السائقين_السعوديين,نقل,كيان التطبيق جديد بس الطلبات وايد خير من اوبر,2026-02-05,2001224
telegram,careem_drivers_sa,نقل,وصليني مافيه طلبات كافية في منطقتي,2026-02-05,2001229
telegram,uber_ksa_drivers,نقل,ما يستاهل لا تعب ولا وقت المشوار بعيد والربح ضعيف,2026-02-05,2001245
telegram,Captains_saudi,نقل,اوبر مادري كيف يفكرون جاني مشوار والطرق كلها مقفله,2026-02-05,2001254
telegram,CreemUber,نقل,اتمنى الجميع يركز نتحرك بشكل جماعي نرفع شكاوى لوزارة النقل,2026-02-05,2001271
twitter,السائقين_السعوديين,نقل,اقل شي ٤٥٠ واعلى شي ٥٥٠ خلال ١٢ ساعة على اوبر,2026-02-05,2001281
telegram,careem_drivers_sa,نقل,اقل شي ٤٥٠ واعلى شي ٥٥٠ خلال ١٢ ساعة على اوبر,2026-02-05,2001295
telegram,mrsool_delivery,توصيل,هنجرستين وكيتا حاليًا جاهز ومرسول وذا شيفز بس اقل في الطلبات,2026-02-05,2001319
telegram,delivery_ksa,توصيل,كيتا الحين يقولك توصل الطلب وعشان تبلغ تأخير المطعم تنتظر,2026-02-05,2001333
telegram,toYou_couriers,توصيل,الطلبات الليلية تساوي ضعف النهارية في كيتا,2026-02-05,2001344
telegram,mrsool_delivery,توصيل,مشوار ابو ٢٠ زمان في كيتا الحين ب٩,2026-02-05,2001379
twitter,keeta_couriers,توصيل,مشكلة الباكدج الكبير ما يناسب الدراجة,2026-02-05,2001385
telegram,mrsool_delivery,توصيل,ذا شيفز تعاملهم مع المناديب أحسن من كيتا,2026-02-05,2001439
twitter,mrsool_delivery,توصيل,مرسول شغال زي لوز ما عده كيتا,2026-02-05,2001451
twitter,delivery_ksa,توصيل,وصلت طلبات وطلعت ب١١٠ ريال لكن ليش ما اتضافت للسحب,2026-02-05,2001457
telegram,bolt_drivers_ksa,نقل,والله زمان كان فيها خير اما الان مو المستفيد الا التطبيق,2026-02-06,2001171
telegram,kayan_ksa,نقل,السكوت ماراح ينفع خلونا نتحرك بشكل منظم,2026-02-06,2001176
telegram,السائقين_السعوديين,نقل,أحسن أوقات الشغل الفطور والغداء والذروة المسائية,2026-02-06,2001182
twitter,wasselni_drivers,نقل,التامين على السيارة غالي علينا الشركات مو مهتمة,2026-02-06,2001197
telegram,jeeny_ksa,نقل,اتمنى الجميع يركز نتحرك بشكل جماعي نرفع شكاوى لوزارة النقل,2026-02-06,2001235
telegram,careem_drivers_sa,نقل,جيني وصليني الاسعار خايسه جدا يعني الكيلو اقل من ريال,2026-02-06,2001262
telegram,uber_ksa_drivers,نقل,الذروة في كريم حمراء والطلبات ورا بعض بالمدينة,2026-02-06,2001298
telegram,CreemUber,نقل,اقل شي ٤٥٠ واعلى شي ٥٥٠ خلال ١٢ ساعة على اوبر,2026-02-06,2001299
telegram,uber_ksa_drivers,نقل,من اشوف مشوار مو مناسب على طول ارفضه,2026-02-06,2001306
telegram,jeeny_ksa,نقل,إلى متى يا اوبر نسبة عالية وفوق هذا تسعيرة زي وجهك,2026-02-06,2001307
telegram,Captains_saudi,نقل,أحسن أوقات الشغل الفطور والغداء والذروة المسائية,2026-02-06,2001318
twitter,jahez_couriers,توصيل,الطلبات الليلية تساوي ضعف النهارية في كيتا,2026-02-06,2001367
telegram,thechefs_ksa,توصيل,مانبي نقطع رزق احد بس والله غبنه توقف عند المطاعم وتنتظر,2026-02-06,2001375
twitter,toYou_couriers,توصيل,مرسول رقم واحد بالتعويض يقولك توصل موقع العميل كلمنا,2026-02-06,2001386
twitter,delivery_ksa,توصيل,كيتا يلعبون على المندوب عشان يخصمون مكافأة التوصيل في الوقت,2026-02-06,2001415
telegram,HungerStation_drivers,توصيل,الاسعار اختلفت بعد كثرة المنافسين ودخول كيتا بالاخص,2026-02-06,2001468
telegram,thechefs_ksa,توصيل,هنقرستيشن يقولك رجع الطلب سوبر ماركت هنقرستيشن,2026-02-06,2001497
twitter,freelancers_ksa,عمل_حر,دخلي من البرمجة هذا الشهر ٧٠٠٠ ريال,2026-02-06,2001593
twitter,freelancers_ksa,عمل_حر,أكملت مشروع تصميم بـ ٨٠٠ ريال في مستقل,2026-02-06,2001603
telegram,السائقين_السعوديين,نقل,اقل شي ٤٥٠ واعلى شي ٥٥٠ خلال ١٢ ساعة على اوبر,2026-02-07,2001120
telegram,السائقين_السعوديين,نقل,بولت انا مااوثق في اي زبون يقولي بحولك مابحولك,2026-02-07,2001122
telegram,kayan_ksa,نقل,بولت انا مااوثق في اي زبون يقولي بحولك مابحولك,2026-02-07,2001126
telegram,kayan_ksa,نقل,نسبة اوبر في مشوار المطار وصلت ٧٥٪ اخذ من الزبون ٥٩ ريال عطاني ١٢ فقط,2026-02-07,2001236
telegram,CreemUber,نقل,وصلت واحد المطار وكان مصري وحك الصدام من السيارة,2026-02-07,2001244
twitter,السائقين_السعوديين,نقل,ما يستاهل لا تعب ولا وقت المشوار بعيد والربح ضعيف,2026-02-07,2001272
telegram,thechefs_ksa,توصيل,جدة من ٥ ايام ما في طلبات او طلبين بالكثير ايش المشكلة في كيتا,2026-02-07,2001320
telegram,jahez_couriers,توصيل,والله اذا موترك ينفع في النقل الموجه افضل بمليون مرة,2026-02-07,2001325
telegram,mrsool_delivery,توصيل,ذا شيفز يدفع بشكل منتظم بخلاف كيتا,2026-02-07,2001349
telegram,delivery_ksa,توصيل,المندوب المخالف يأكل حرام رزق شخص نظامي,2026-02-07,2001369
twitter,keeta_couriers,توصيل,خدمة العملاء في كيتا ما تفيد تقريباً,2026-02-07,2001443
twitter,mrsool_delivery,توصيل,سلام وصلت طلب وسلمته للعميل بيدي وبعد نص ساعة خصموا قيمة الطلب,2026-02-07,2001471
telegram,toYou_couriers,توصيل,مشوار ابو ٢٠ زمان في كيتا الحين ب٩,2026-02-07,2001479
telegram,freelancers_ksa,عمل_حر,مشروع ترجمة بكم تقدر تقدم,2026-02-07,2001574
twitter,khamsat_ar,عمل_حر,كيف أحسن بروفايلي في مستقل وأحصل على عملاء,2026-02-07,2001592
twitter,bolt_drivers_ksa,نقل,السكوت ماراح ينفع خلونا نتحرك بشكل منظم,2026-02-08,2001136
telegram,careem_drivers_sa,نقل,والله زمان كان فيها خير اما الان مو المستفيد الا التطبيق,2026-02-08,2001180
telegram,uber_ksa_drivers,نقل,والله زمان كان فيها خير اما الان مو المستفيد الا التطبيق,2026-02-08,2001246
twitter,CreemUber,نقل,جربت كابتن في جيني وجيت الرياض والشغل مثل الشرقية,2026-02-08,2001276
telegram,kayan_ksa,نقل,من حقك ترفض خدمته سيارتك وترفع بلاغ,2026-02-08,2001279
twitter,السائقين_السعوديين,نقل,رفضت رحلة بعيدة وخسرت bonus الاسبوع,2026-02-08,2001314
telegram,delivery_ksa,توصيل,امس وصلت طلب والعميل تأخر وراح عليي مكافأة موعد الوصول,2026-02-08,2001327
telegram,keeta_couriers,توصيل,والله كيتا صار يضحك علينا الطلبات وصلت الى ٦ ريال,2026-02-08,2001345
telegram,keeta_couriers,توصيل,هنقرستيشن يقولك رجع الطلب سوبر ماركت هنقرستيشن,2026-02-08,2001361
telegram,delivery_ksa,توصيل,جاهز أحسن من مرسول في التوزيع والسعر,2026-02-08,2001425
telegram,delivery_ksa,توصيل,مرسول شغال زي لوز ما عده كيتا,2026-02-08,2001486
twitter,mrsool_delivery,توصيل,طلب وصل بارد لأن المطعم تأخر وراحت التقييم,2026-02-08,2001490
telegram,khamsat_ar,عمل_حر,بدأت فريلانس من بيتي والدخل تحسن الحمد لله,2026-02-08,2001549
twitter,khamsat_ar,عمل_حر,بدأت فريلانس من بيتي والدخل تحسن الحمد لله,2026-02-08,2001570
telegram,mostaql_workers,عمل_حر,مشروع ترجمة بكم تقدر تقدم,2026-02-08,2001589
twitter,freelancers_ksa,عمل_حر,الفريلانس في السعودية بدأ ينمو بشكل كبير,2026-02-08,2001602
telegram,السائقين_السعوديين,نقل,بعدها على بولت خلال ٦ ساعات ٢٠٠ ريال خلال ١٦ ساعة ٧٠٠ ريال ثابتة,2026-02-09,2001106
telegram,السائقين_السعوديين,نقل,اذا الوقت زاد ٨ دقايق وفوق ماافكهم غير مسويلي تعويض,2026-02-09,2001127
telegram,CreemUber,نقل,اتمنى الجميع يركز نتحرك بشكل جماعي نرفع شكاوى لوزارة النقل,2026-02-09,2001172
telegram,Captains_saudi,نقل,جيني بدأ ينافس لكن ما زال الطلبات أقل,2026-02-09,2001175
telegram,wasselni_drivers,نقل,العمل في المطارات أحسن من الشوارع الربح افضل,2026-02-09,2001187
twitter,jeeny_ksa,نقل,من حقك ترفض خدمته سيارتك وترفع بلاغ,2026-02-09,2001196
twitter,CreemUber,نقل,اذا الوقت زاد ٨ دقايق وفوق ماافكهم غير مسويلي تعويض,2026-02-09,2001204
twitter,kayan_ksa,نقل,ذروة ب كاش مع نسبتهم تشوفه مبلغ كويس بس يجيك بمشوار واحد بطاقة,2026-02-09,2001234
telegram,mrsool_delivery,توصيل,يعطيكم العافيه يا شباب حولت مبلغ من كيتا ولحد الان ما وصلت,2026-02-09,2001364
twitter,thechefs_ksa,توصيل,مشوار ابو ٢٠ زمان في كيتا الحين ب٩,2026-02-09,2001377
telegram,HungerStation_drivers,توصيل,مرسول شغال زي لوز ما عده كيتا,2026-02-09,2001391
telegram,toYou_couriers,توصيل,مو محل وموظفين اغبياء هم الغلطانين مو المندوب,2026-02-09,2001396
telegram,keeta_couriers,توصيل,مو محل وموظفين اغبياء هم الغلطانين مو المندوب,2026-02-09,2001399
telegram,mrsool_delivery,توصيل,امس السحور ٩ ريال و ١٠ ريال من كيتا ليش ولا حق التعب,2026-02-09,2001428
twitter,toYou_couriers,توصيل,والله اذا موترك ينفع في النقل الموجه افضل بمليون مرة,2026-02-09,2001434
telegram,HungerStation_drivers,توصيل,جاهز أحسن من مرسول في التوزيع والسعر,2026-02-09,2001467
telegram,thechefs_ksa,توصيل,جدة من ٥ ايام ما في طلبات او طلبين بالكثير ايش المشكلة في كيتا,2026-02-09,2001526
telegram,wasselni_drivers,نقل,بعدها على بولت خلال ٦ ساعات ٢٠٠ ريال خلال ١٦ ساعة ٧٠٠ ريال ثابتة,2026-02-10,2001147
telegram,uber_ksa_drivers,نقل,أوبر أفضل من بولت في توزيع الرحلات عندي,2026-02-10,2001219
twitter,uber_ksa_drivers,نقل,من حقك ترفض خدمته سيارتك وترفع بلاغ,2026-02-10,2001275
twitter,uber_ksa_drivers,نقل,كيان التطبيق جديد بس الطلبات وايد خير من اوبر,2026-02-10,2001278
twitter,السائقين_السعوديين,نقل,الذروة في كريم حمراء والطلبات ورا بعض بالمدينة,2026-02-10,2001308
twitter,السائقين_السعوديين,نقل,ما يستاهل لا تعب ولا وقت المشوار بعيد والربح ضعيف,2026-02-10,2001317
telegram,HungerStation_drivers,توصيل,توصيل في الأمطار خطر بدون مكافأة من التطبيق,2026-02-10,2001336
telegram,thechefs_ksa,توصيل,المخالفين موصلين ٣٠٠ وشوي الشهر اللي فات انا بقوة وصلت ٢٩٠,2026-02-10,2001422
telegram,mrsool_delivery,توصيل,الطلبات الليلية تساوي ضعف النهارية في كيتا,2026-02-10,2001455
telegram,mrsool_delivery,توصيل,امس وصلت طلب والعميل تأخر وراح عليي مكافأة موعد الوصول,2026-02-10,2001482
telegram,keeta_couriers,توصيل,الاسعار اختلفت بعد كثرة المنافسين ودخول كيتا بالاخص,2026-02-10,2001508
telegram,delivery_ksa,توصيل,الحين ١٤ طلب في كيتا وما طلعت ٢٠ ريال,2026-02-10,2001516
telegram,HungerStation_drivers,توصيل,مرسول رقم واحد بالتعويض يقولك توصل موقع العميل كلمنا,2026-02-10,2001523
telegram,HungerStation_drivers,توصيل,جدة من ٥ ايام ما في طلبات او طلبين بالكثير ايش المشكلة في كيتا,2026-02-10,2001543
telegram,mostaql_workers,عمل_حر,بدأت فريلانس من بيتي والدخل تحسن الحمد لله,2026-02-10,2001545
telegram,khamsat_ar,عمل_حر,أكملت مشروع تصميم بـ ٨٠٠ ريال في مستقل,2026-02-10,2001610
twitter,mostaql_workers,عمل_حر,دخلي من البرمجة هذا الشهر ٧٠٠٠ ريال,2026-02-10,2001619
twitter,wasselni_drivers,نقل,السائقين الأجانب يزاحمون على الرحلات في كريم,2026-02-11,2001095
telegram,CreemUber,نقل,اليوم الأوردرات كانت ممتازة والبخشيش زين الحمد لله,2026-02-11,2001189
twitter,bolt_drivers_ksa,نقل,وصليني مافيه طلبات كافية في منطقتي,2026-02-11,2001198
telegram,jeeny_ksa,نقل,إلى متى يا اوبر نسبة عالية وفوق هذا تسعيرة زي وجهك,2026-02-11,2001260
telegram,careem_drivers_sa,نقل,أحسن أوقات الشغل الفطور والغداء والذروة المسائية,2026-02-11,2001263
telegram,wasselni_drivers,نقل,وصلت واحد المطار وكان مصري وحك الصدام من السيارة,2026-02-11,2001264
telegram,السائقين_السعوديين,نقل,ما يستاهل لا تعب ولا وقت المشوار بعيد والربح ضعيف,2026-02-11,2001283
twitter,bolt_drivers_ksa,نقل,وصلت واحد المطار وكان مصري وحك الصدام من السيارة,2026-02-11,2001310
telegram,uber_ksa_drivers,نقل,اذا الوقت زاد ٨ دقايق وفوق ماافكهم غير مسويلي تعويض,2026-02-11,2001313
telegram,thechefs_ksa,توصيل,كيتا الحين يقولك توصل الطلب وعشان تبلغ تأخير المطعم تنتظر,2026-02-11,2001350
telegram,keeta_couriers,توصيل,امس السحور ٩ ريال و ١٠ ريال من كيتا ليش ولا حق التعب,2026-02-11,2001392
telegram,jahez_couriers,توصيل,مشكلة الباكدج الكبير ما يناسب الدراجة,2026-02-11,2001437
telegram,delivery_ksa,توصيل,كيتا يلعبون على المندوب عشان يخصمون مكافأة التوصيل في الوقت,2026-02-11,2001498
twitter,toYou_couriers,توصيل,الاسعار اختلفت بعد كثرة المنافسين ودخول كيتا بالاخص,2026-02-11,2001506
twitter,mrsool_delivery,توصيل,جاهز أحسن من مرسول في التوزيع والسعر,2026-02-11,2001531
twitter,mostaql_workers,عمل_حر,ضريبة القيمة المضافة على الفريلانس كيف تشتغل,2026-02-11,2001548
telegram,mostaql_workers,عمل_حر,الزبون ما دفع بعد تسليم العمل كيف أتصرف,2026-02-11,2001561
telegram,mostaql_workers,عمل_حر,الزبون ما دفع بعد تسليم العمل كيف أتصرف,2026-02-11,2001562
telegram,freelancers_ksa,عمل_حر,ضريبة القيمة المضافة على الفريلانس كيف تشتغل,2026-02-11,2001565
telegram,khamsat_ar,عمل_حر,مشروع ترجمة بكم تقدر تقدم,2026-02-11,2001615
telegram,السائقين_السعوديين,نقل,اوبر زود على نسبة الالغاء وانا ما قدرت اوصل للعميل,2026-02-12,2001133
telegram,CreemUber,نقل,اوبر مادري كيف يفكرون جاني مشوار والطرق كلها مقفله,2026-02-12,2001191
telegram,kayan_ksa,نقل,متوسط دخلي اليوم ١٨٠ ريال بعد البنزين,2026-02-12,2001233
telegram,jeeny_ksa,نقل,وصلت واحد المطار وكان مصري وحك الصدام من السيارة,2026-02-12,2001243
telegram,uber_ksa_drivers,نقل,رفضت رحلة بعيدة وخسرت bonus الاسبوع,2026-02-12,2001277
telegram,jeeny_ksa,نقل,من اشوف مشوار مو مناسب على طول ارفضه,2026-02-12,2001280
telegram,HungerStation_drivers,توصيل,مانبي نقطع رزق احد بس والله غبنه توقف عند المطاعم وتنتظر,2026-02-12,2001330
telegram,keeta_couriers,توصيل,امس السحور ٩ ريال و ١٠ ريال من كيتا ليش ولا حق التعب,2026-02-12,2001360
twitter,keeta_couriers,توصيل,مرسول شغال زي لوز ما عده كيتا,2026-02-12,2001407
telegram,keeta_couriers,توصيل,وصلت ٢٠٠ طلب هذا الشهر الحمد لله,2026-02-12,2001419
telegram,thechefs_ksa,توصيل,وصلت ٢٠٠ طلب هذا الشهر الحمد لله,2026-02-12,2001509
telegram,delivery_ksa,توصيل,المندوب المخالف يأكل حرام رزق شخص نظامي,2026-02-12,2001534
telegram,toYou_couriers,توصيل,مرسول رقم واحد بالتعويض يقولك توصل موقع العميل كلمنا,2026-02-12,2001541
telegram,jeeny_ksa,نقل,العمل في المطارات أحسن من الشوارع الربح افضل,2026-02-13,2001137
telegram,CreemUber,نقل,والله زمان كان فيها خير اما الان مو المستفيد الا التطبيق,2026-02-13,2001162
telegram,uber_ksa_drivers,نقل,نبي نظام تأمين صحي للسائقين مثل الموظفين,2026-02-13,2001183
telegram,kayan_ksa,نقل,رفضت رحلة بعيدة وخسرت bonus الاسبوع,2026-02-13,2001213
twitter,Captains_saudi,نقل,اليوم الأوردرات كانت ممتازة والبخشيش زين الحمد لله,2026-02-13,2001226
telegram,kayan_ksa,نقل,إلى متى يا اوبر نسبة عالية وفوق هذا تسعيرة زي وجهك,2026-02-13,2001241
telegram,السائقين_السعوديين,نقل,إلى متى يا اوبر نسبة عالية وفوق هذا تسعيرة زي وجهك,2026-02-13,2001290
telegram,bolt_drivers_ksa,نقل,ودي اشتغل ف بولت بجانب اوبر ممكن؟,2026-02-13,2001292
telegram,HungerStation_drivers,توصيل,ذا شيفز الطلبات كثيرة بس المنطقة محدودة حتى الآن,2026-02-13,2001338
twitter,keeta_couriers,توصيل,ذا شيفز تعاملهم مع المناديب أحسن من كيتا,2026-02-13,2001339
twitter,mrsool_delivery,توصيل,الحين ١٤ طلب في كيتا وما طلعت ٢٠ ريال,2026-02-13,2001401
telegram,jahez_couriers,توصيل,مشكلة الباكدج الكبير ما يناسب الدراجة,2026-02-13,2001431
twitter,freelancers_ksa,عمل_حر,الزبون ما دفع بعد تسليم العمل كيف أتصرف,2026-02-13,2001585
twitter,freelancers_ksa,عمل_حر,مشروع ترجمة بكم تقدر تقدم,2026-02-13,2001601
telegram,kayan_ksa,نقل,كيان وصليني تطبيقات واعدة بس تحتاج وقت,2026-02-14,2001132
telegram,kayan_ksa,نقل,التامين على السيارة غالي علينا الشركات مو مهتمة,2026-02-14,2001142
telegram,السائقين_السعوديين,نقل,ودي اشتغل ف بولت بجانب اوبر ممكن؟,2026-02-14,2001161
telegram,uber_ksa_drivers,نقل,التامين على السيارة غالي علينا الشركات مو مهتمة,2026-02-14,2001242
twitter,uber_ksa_drivers,نقل,والله زمان كان فيها خير اما الان مو المستفيد الا التطبيق,2026-02-14,2001250
telegram,jeeny_ksa,نقل,ذروة ب كاش مع نسبتهم تشوفه مبلغ كويس بس يجيك بمشوار واحد بطاقة,2026-02-14,2001273
telegram,HungerStation_drivers,توصيل,وصلت ٢٠٠ طلب هذا الشهر الحمد لله,2026-02-14,2001332
telegram,mrsool_delivery,توصيل,يعطيكم العافيه يا شباب حولت مبلغ من كيتا ولحد الان ما وصلت,2026-02-14,2001351
telegram,keeta_couriers,توصيل,مشكلة الباكدج الكبير ما يناسب الدراجة,2026-02-14,2001374
twitter,keeta_couriers,توصيل,المخالفين موصلين ٣٠٠ وشوي الشهر اللي فات انا بقوة وصلت ٢٩٠,2026-02-14,2001380
telegram,jahez_couriers,توصيل,والله اذا موترك ينفع في النقل الموجه افضل بمليون مرة,2026-02-14,2001384
telegram,HungerStation_drivers,توصيل,المندوب المخالف يأكل حرام رزق شخص نظامي,2026-02-14,2001388
telegram,mrsool_delivery,توصيل,ياشباب امس المغرب حولت مبلغ من كيتا ولحد الان ما وصلت,2026-02-14,2001393
telegram,delivery_ksa,توصيل,مو محل وموظفين اغبياء هم الغلطانين مو المندوب,2026-02-14,2001394
telegram,keeta_couriers,توصيل,الطلبات الليلية تساوي ضعف النهارية في كيتا,2026-02-14,2001420
telegram,mrsool_delivery,توصيل,مرسول الطلبات فل بس عيبه اطلب اي شي روح بنفسك,2026-02-14,2001424
twitter,delivery_ksa,توصيل,مانبي نقطع رزق احد بس والله غبنه توقف عند المطاعم وتنتظر,2026-02-14,2001459
telegram,mrsool_delivery,توصيل,جاهز أحسن من مرسول في التوزيع والسعر,2026-02-14,2001460
telegram,HungerStation_drivers,توصيل,ذا شيفز تعاملهم مع المناديب أحسن من كيتا,2026-02-14,2001472
telegram,mrsool_delivery,توصيل,توصيل في الأمطار خطر بدون مكافأة من التطبيق,2026-02-14,2001492
twitter,toYou_couriers,توصيل,الاسعار اختلفت بعد كثرة المنافسين ودخول كيتا بالاخص,2026-02-14,2001510
twitter,freelancers_ksa,عمل_حر,نبي حماية للفريلانسر من الزبون اللي ما يدفع,2026-02-14,2001623
twitter,Captains_saudi,نقل,اقل شي ٤٥٠ واعلى شي ٥٥٠ خلال ١٢ ساعة على اوبر,2026-02-15,2001094
telegram,bolt_drivers_ksa,نقل,اوبر مادري كيف يفكرون جاني مشوار والطرق كلها مقفله,2026-02-15,2001124
telegram,kayan_ksa,نقل,كم متوسط دخل الكابتن في الرياض شهريًا حاليًا,2026-02-15,2001135
twitter,Captains_saudi,نقل,عميل تقييمه منخفض لا تاخذ مرة,2026-02-15,2001166
telegram,wasselni_drivers,نقل,وصليني مافيه طلبات كافية في منطقتي,2026-02-15,2001199
telegram,Captains_saudi,نقل,كيان وصليني تطبيقات واعدة بس تحتاج وقت,2026-02-15,2001225
telegram,uber_ksa_drivers,نقل,السكوت ماراح ينفع خلونا نتحرك بشكل منظم,2026-02-15,2001256
telegram,Captains_saudi,نقل,الذروة في كريم حمراء والطلبات ورا بعض بالمدينة,2026-02-15,2001267
twitter,bolt_drivers_ksa,نقل,السائق هو الي يتعب ولابد تكون نسبة اوبر لها حد اعلى ٢٠ ريال,2026-02-15,2001268
telegram,keeta_couriers,توصيل,الحين ١٤ طلب في كيتا وما طلعت ٢٠ ريال,2026-02-15,2001352
twitter,keeta_couriers,توصيل,الاسعار اختلفت بعد كثرة المنافسين ودخول كيتا بالاخص,2026-02-15,2001403
telegram,keeta_couriers,توصيل,مانبي نقطع رزق احد بس والله غبنه توقف عند المطاعم وتنتظر,2026-02-15,2001408
telegram,toYou_couriers,توصيل,ذا شيفز الطلبات كثيرة بس المنطقة محدودة حتى الآن,2026-02-15,2001433
telegram,toYou_couriers,توصيل,الطلبات الليلية تساوي ضعف النهارية في كيتا,2026-02-15,2001441
telegram,HungerStation_drivers,توصيل,واحد طالب ٣ ماء من كودو المهم يرسل يقول كنسل,2026-02-15,2001449
telegram,mrsool_delivery,توصيل,مرسول رقم واحد بالتعويض يقولك توصل موقع العميل كلمنا,2026-02-15,2001511
telegram,delivery_ksa,توصيل,هنقرستيشن يقولك رجع الطلب سوبر ماركت هنقرستيشن,2026-02-15,2001512
telegram,mrsool_delivery,توصيل,امس السحور ٩ ريال و ١٠ ريال من كيتا ليش ولا حق التعب,2026-02-15,2001527
telegram,freelancers_ksa,عمل_حر,مشروع ترجمة بكم تقدر تقدم,2026-02-15,2001586
twitter,freelancers_ksa,عمل_حر,منصة خمسات أفضل للمبتدئين في العمل الحر,2026-02-15,2001618
telegram,bolt_drivers_ksa,نقل,متوسط دخلي اليوم ١٨٠ ريال بعد البنزين,2026-02-16,2001117
telegram,CreemUber,نقل,اوبر زود على نسبة الالغاء وانا ما قدرت اوصل للعميل,2026-02-16,2001131
telegram,kayan_ksa,نقل,العمل في المطارات أحسن من الشوارع الربح افضل,2026-02-16,2001138
telegram,uber_ksa_drivers,نقل,أوبر أفضل من بولت في توزيع الرحلات عندي,2026-02-16,2001148
telegram,jeeny_ksa,نقل,محتاج سيارة جديدة السيارة الحالية تعبت من كثر الشغل,2026-02-16,2001157
telegram,bolt_drivers_ksa,نقل,محتاج سيارة جديدة السيارة الحالية تعبت من كثر الشغل,2026-02-16,2001163
twitter,Captains_saudi,نقل,رفضت رحلة بعيدة وخسرت bonus الاسبوع,2026-02-16,2001167
telegram,CreemUber,نقل,التامين على السيارة غالي علينا الشركات مو مهتمة,2026-02-16,2001203
twitter,kayan_ksa,نقل,أوبر أفضل من بولت في توزيع الرحلات عندي,2026-02-16,2001238
twitter,wasselni_drivers,نقل,متوسط دخلي اليوم ١٨٠ ريال بعد البنزين,2026-02-16,2001253
telegram,CreemUber,نقل,العمل في المطارات أحسن من الشوارع الربح افضل,2026-02-16,2001255
twitter,Captains_saudi,نقل,أوبر أفضل من بولت في توزيع الرحلات عندي,2026-02-16,2001296
twitter,delivery_ksa,توصيل,والله اذا موترك ينفع في النقل الموجه افضل بمليون مرة,2026-02-16,2001343
telegram,keeta_couriers,توصيل,مشكلة الباكدج الكبير ما يناسب الدراجة,2026-02-16,2001354
telegram,keeta_couriers,توصيل,الحين ١٤ طلب في كيتا وما طلعت ٢٠ ريال,2026-02-16,2001372
twitter,keeta_couriers,توصيل,مشوار ابو ٢٠ زمان في كيتا الحين ب٩,2026-02-16,2001405
telegram,keeta_couriers,توصيل,الدراجة تعطلت اليوم وخسرت شغل,2026-02-16,2001413
twitter,thechefs_ksa,توصيل,طلب وصل بارد لأن المطعم تأخر وراحت التقييم,2026-02-16,2001429
telegram,delivery_ksa,توصيل,طلب وصل بارد لأن المطعم تأخر وراحت التقييم,2026-02-16,2001458
telegram,jahez_couriers,توصيل,وصلت طلبات وطلعت ب١١٠ ريال لكن ليش ما اتضافت للسحب,2026-02-16,2001481
telegram,delivery_ksa,توصيل,الطلبات الليلية تساوي ضعف النهارية في كيتا,2026-02-16,2001485
telegram,keeta_couriers,توصيل,مشوار ابو ٢٠ زمان في كيتا الحين ب٩,2026-02-16,2001488
telegram,thechefs_ksa,توصيل,كيتا الحين يقولك توصل الطلب وعشان تبلغ تأخير المطعم تنتظر,2026-02-16,2001499
twitter,delivery_ksa,توصيل,وصلت ٢٠٠ طلب هذا الشهر الحمد لله,2026-02-16,2001537
telegram,freelancers_ksa,عمل_حر,ضريبة القيمة المضافة على الفريلانس كيف تشتغل,2026-02-16,2001557
twitter,mostaql_workers,عمل_حر,التسويق الرقمي من أكثر التخصصات طلباً,2026-02-16,2001581
telegram,khamsat_ar,عمل_حر,الفريلانس في السعودية بدأ ينمو بشكل كبير,2026-02-16,2001599
telegram,khamsat_ar,عمل_حر,الزبائن الخليجيين يدفعون أحسن من العرب,2026-02-16,2001604
telegram,CreemUber,نقل,بولت نسبة عالية خير ياطير اذا عوضنا,2026-02-17,2001097
telegram,CreemUber,نقل,الذروة في كريم حمراء والطلبات ورا بعض بالمدينة,2026-02-17,2001118
twitter,CreemUber,نقل,السكوت ماراح ينفع خلونا نتحرك بشكل منظم,2026-02-17,2001153
telegram,uber_ksa_drivers,نقل,كيان وصليني تطبيقات واعدة بس تحتاج وقت,2026-02-17,2001174
twitter,jahez_couriers,توصيل,ذا شيفز يدفع بشكل منتظم بخلاف كيتا,2026-02-17,2001328
telegram,toYou_couriers,توصيل,مرسول فتح تسجيل جديد للموصلين هذا الأسبوع,2026-02-17,2001356
telegram,mrsool_delivery,توصيل,وصلت طلبات وطلعت ب١١٠ ريال لكن ليش ما اتضافت للسحب,2026-02-17,2001373
twitter,thechefs_ksa,توصيل,هنجرستين وكيتا حاليًا جاهز ومرسول وذا شيفز بس اقل في الطلبات,2026-02-17,2001411
telegram,toYou_couriers,توصيل,المخالفين موصلين ٣٠٠ وشوي الشهر اللي فات انا بقوة وصلت ٢٩٠,2026-02-17,2001518
telegram,delivery_ksa,توصيل,مشكلة الباكدج الكبير ما يناسب الدراجة,2026-02-17,2001522
twitter,mostaql_workers,عمل_حر,أكملت مشروع تصميم بـ ٨٠٠ ريال في مستقل,2026-02-17,2001564
telegram,careem_drivers_sa,نقل,اتمنى الجميع يركز نتحرك بشكل جماعي نرفع شكاوى لوزارة النقل,2026-02-18,2001105
telegram,careem_drivers_sa,نقل,متوسط دخلي اليوم ١٨٠ ريال بعد البنزين,2026-02-18,2001150
telegram,jeeny_ksa,نقل,بولت انا مااوثق في اي زبون يقولي بحولك مابحولك,2026-02-18,2001154
twitter,kayan_ksa,نقل,السكوت ماراح ينفع خلونا نتحرك بشكل منظم,2026-02-18,2001164
telegram,bolt_drivers_ksa,نقل,ما يستاهل لا تعب ولا وقت المشوار بعيد والربح ضعيف,2026-02-18,2001186
twitter,kayan_ksa,نقل,بولت انا مااوثق في اي زبون يقولي بحولك مابحولك,2026-02-18,2001206
telegram,bolt_drivers_ksa,نقل,التامين على السيارة غالي علينا الشركات مو مهتمة,2026-02-18,2001210
twitter,Captains_saudi,نقل,كيان وصليني تطبيقات واعدة بس تحتاج وقت,2026-02-18,2001232
telegram,السائقين_السعوديين,نقل,ذروة ب كاش مع نسبتهم تشوفه مبلغ كويس بس يجيك بمشوار واحد بطاقة,2026-02-18,2001247
twitter,Captains_saudi,نقل,كيان وصليني تطبيقات واعدة بس تحتاج وقت,2026-02-18,2001259
telegram,toYou_couriers,توصيل,جدة من ٥ ايام ما في طلبات او طلبين بالكثير ايش المشكلة في كيتا,2026-02-18,2001487
telegram,keeta_couriers,توصيل,رحت محل اكل هندي وجبت طلب وشوربة واقعة جاني خصم ٥٠ ريال,2026-02-18,2001519
telegram,toYou_couriers,توصيل,جدة من ٥ ايام ما في طلبات او طلبين بالكثير ايش المشكلة في كيتا,2026-02-18,2001539
telegram,mostaql_workers,عمل_حر,كيف أحسن بروفايلي في مستقل وأحصل على عملاء,2026-02-18,2001544
telegram,khamsat_ar,عمل_حر,الزبون ما دفع بعد تسليم العمل كيف أتصرف,2026-02-18,2001575
telegram,freelancers_ksa,عمل_حر,كيف أحسن بروفايلي في مستقل وأحصل على عملاء,2026-02-18,2001611
telegram,Captains_saudi,نقل,كم متوسط دخل الكابتن في الرياض شهريًا حاليًا,2026-02-19,2001098
telegram,CreemUber,نقل,متوسط دخلي اليوم ١٨٠ ريال بعد البنزين,2026-02-19,2001112
twitter,jeeny_ksa,نقل,السائق هو الي يتعب ولابد تكون نسبة اوبر لها حد اعلى ٢٠ ريال,2026-02-19,2001113
twitter,jeeny_ksa,نقل,الذروة في كريم حمراء والطلبات ورا بعض بالمدينة,2026-02-19,2001125
telegram,uber_ksa_drivers,نقل,السائق هو الي يتعب ولابد تكون نسبة اوبر لها حد اعلى ٢٠ ريال,2026-02-19,2001144
telegram,bolt_drivers_ksa,نقل,الزحمة في الرياض قاتلة والأرباح نازلة,2026-02-19,2001207
telegram,jeeny_ksa,نقل,أحسن أوقات الشغل الفطور والغداء والذروة المسائية,2026-02-19,2001239
twitter,kayan_ksa,نقل,العمل في المطارات أحسن من الشوارع الربح افضل,2026-02-19,2001274
twitter,thechefs_ksa,توصيل,مرسول فتح تسجيل جديد للموصلين هذا الأسبوع,2026-02-19,2001326
twitter,toYou_couriers,توصيل,رحت محل اكل هندي وجبت طلب وشوربة واقعة جاني خصم ٥٠ ريال,2026-02-19,2001342
telegram,toYou_couriers,توصيل,سلام وصلت طلب وسلمته للعميل بيدي وبعد نص ساعة خصموا قيمة الطلب,2026-02-19,2001365
twitter,keeta_couriers,توصيل,جاهز أحسن من مرسول في التوزيع والسعر,2026-02-19,2001376
telegram,mrsool_delivery,توصيل,جاهز أحسن من مرسول في التوزيع والسعر,2026-02-19,2001378
twitter,thechefs_ksa,توصيل,وصلت ٢٠٠ طلب هذا الشهر الحمد لله,2026-02-19,2001515
twitter,khamsat_ar,عمل_حر,upwork أو مستقل أيهما أفضل للسعوديين,2026-02-19,2001551
telegram,mostaql_workers,عمل_حر,التسويق الرقمي من أكثر التخصصات طلباً,2026-02-19,2001553
twitter,khamsat_ar,عمل_حر,الفريلانس في السعودية بدأ ينمو بشكل كبير,2026-02-19,2001568
telegram,mostaql_workers,عمل_حر,الفريلانس في السعودية بدأ ينمو بشكل كبير,2026-02-19,2001594
telegram,mostaql_workers,عمل_حر,دخلي من البرمجة هذا الشهر ٧٠٠٠ ريال,2026-02-19,2001620
telegram,jeeny_ksa,نقل,جيني وصليني الاسعار خايسه جدا يعني الكيلو اقل من ريال,2026-02-20,2001100
telegram,kayan_ksa,نقل,ذروة ب كاش مع نسبتهم تشوفه مبلغ كويس بس يجيك بمشوار واحد بطاقة,2026-02-20,2001101
telegram,jeeny_ksa,نقل,ما يستاهل لا تعب ولا وقت المشوار بعيد والربح ضعيف,2026-02-20,2001108
telegram,uber_ksa_drivers,نقل,اوبر مادري كيف يفكرون جاني مشوار والطرق كلها مقفله,2026-02-20,2001130
telegram,kayan_ksa,نقل,وصليني مافيه طلبات كافية في منطقتي,2026-02-20,2001146
twitter,wasselni_drivers,نقل,التامين على السيارة غالي علينا الشركات مو مهتمة,2026-02-20,2001179
telegram,careem_drivers_sa,نقل,جيني بدأ ينافس لكن ما زال الطلبات أقل,2026-02-20,2001192
telegram,bolt_drivers_ksa,نقل,بولت نسبة عالية خير ياطير اذا عوضنا,2026-02-20,2001201
telegram,kayan_ksa,نقل,كيان وصليني تطبيقات واعدة بس تحتاج وقت,2026-02-20,2001230
telegram,jeeny_ksa,نقل,إلى متى يا اوبر نسبة عالية وفوق هذا تسعيرة زي وجهك,2026-02-20,2001287
telegram,bolt_drivers_ksa,نقل,الذروة في كريم حمراء والطلبات ورا بعض بالمدينة,2026-02-20,2001288
telegram,delivery_ksa,توصيل,سلام وصلت طلب وسلمته للعميل بيدي وبعد نص ساعة خصموا قيمة الطلب,2026-02-20,2001347
telegram,keeta_couriers,توصيل,وصلت طلبات وطلعت ب١١٠ ريال لكن ليش ما اتضافت للسحب,2026-02-20,2001423
twitter,thechefs_ksa,توصيل,مانبي نقطع رزق احد بس والله غبنه توقف عند المطاعم وتنتظر,2026-02-20,2001470
telegram,toYou_couriers,توصيل,جاهز أحسن من مرسول في التوزيع والسعر,2026-02-20,2001501
telegram,mostaql_workers,عمل_حر,upwork أو مستقل أيهما أفضل للسعوديين,2026-02-20,2001573
telegram,khamsat_ar,عمل_حر,الزبائن الخليجيين يدفعون أحسن من العرب,2026-02-20,2001577
telegram,mostaql_workers,عمل_حر,كيف أحسن بروفايلي في مستقل وأحصل على عملاء,2026-02-20,2001607
twitter,khamsat_ar,عمل_حر,كيف أحسن بروفايلي في مستقل وأحصل على عملاء,2026-02-20,2001621
telegram,wasselni_drivers,نقل,أوبر أفضل من بولت في توزيع الرحلات عندي,2026-02-21,2001141
telegram,uber_ksa_drivers,نقل,التامين على السيارة غالي علينا الشركات مو مهتمة,2026-02-21,2001193
telegram,wasselni_drivers,نقل,متوسط دخلي اليوم ١٨٠ ريال بعد البنزين,2026-02-21,2001200
telegram,Captains_saudi,نقل,التامين على السيارة غالي علينا الشركات مو مهتمة,2026-02-21,2001257
twitter,uber_ksa_drivers,نقل,والله زمان كان فيها خير اما الان مو المستفيد الا التطبيق,2026-02-21,2001284
telegram,kayan_ksa,نقل,عميل تقييمه منخفض لا تاخذ مرة,2026-02-21,2001302
telegram,thechefs_ksa,توصيل,ذا شيفز يدفع بشكل منتظم بخلاف كيتا,2026-02-21,2001368
telegram,toYou_couriers,توصيل,وصلت طلبات وطلعت ب١١٠ ريال لكن ليش ما اتضافت للسحب,2026-02-21,2001409
telegram,jahez_couriers,توصيل,امس السحور ٩ ريال و ١٠ ريال من كيتا ليش ولا حق التعب,2026-02-21,2001410
telegram,toYou_couriers,توصيل,ياخوان الطلبات وقفت عندي من ساعة م جاني ولا طلب,2026-02-21,2001462
telegram,keeta_couriers,توصيل,طلب وصل بارد لأن المطعم تأخر وراحت التقييم,2026-02-21,2001473
telegram,thechefs_ksa,توصيل,ذا شيفز يدفع بشكل منتظم بخلاف كيتا,2026-02-21,2001478
twitter,freelancers_ksa,عمل_حر,مشروع ترجمة بكم تقدر تقدم,2026-02-21,2001547
telegram,khamsat_ar,عمل_حر,كيف أحسن بروفايلي في مستقل وأحصل على عملاء,2026-02-21,2001566
telegram,mostaql_workers,عمل_حر,دخلي من البرمجة هذا الشهر ٧٠٠٠ ريال,2026-02-21,2001572
twitter,mostaql_workers,عمل_حر,الفريلانس في السعودية بدأ ينمو بشكل كبير,2026-02-21,2001578
telegram,khamsat_ar,عمل_حر,بدأت فريلانس من بيتي والدخل تحسن الحمد لله,2026-02-21,2001583
telegram,khamsat_ar,عمل_حر,كيف أحسن بروفايلي في مستقل وأحصل على عملاء,2026-02-21,2001617
telegram,السائقين_السعوديين,نقل,وصليني مافيه طلبات كافية في منطقتي,2026-02-22,2001093
twitter,uber_ksa_drivers,نقل,كم متوسط دخل الكابتن في الرياض شهريًا حاليًا,2026-02-22,2001109
telegram,bolt_drivers_ksa,نقل,وصلت ٥٠ رحلة هذا الأسبوع الحمد لله رب العالمين,2026-02-22,2001151
telegram,CreemUber,نقل,بولت نسبة عالية خير ياطير اذا عوضنا,2026-02-22,2001185
telegram,uber_ksa_drivers,نقل,بولت انا مااوثق في اي زبون يقولي بحولك مابحولك,2026-02-22,2001194
telegram,careem_drivers_sa,نقل,السائق هو الي يتعب ولابد تكون نسبة اوبر لها حد اعلى ٢٠ ريال,2026-02-22,2001216
telegram,wasselni_drivers,نقل,السكوت ماراح ينفع خلونا نتحرك بشكل منظم,2026-02-22,2001291
telegram,jeeny_ksa,نقل,جربت كابتن في جيني وجيت الرياض والشغل مثل الشرقية,2026-02-22,2001311
twitter,toYou_couriers,توصيل,سلام وصلت طلب وسلمته للعميل بيدي وبعد نص ساعة خصموا قيمة الطلب,2026-02-22,2001337
telegram,thechefs_ksa,توصيل,ذا شيفز تعاملهم مع المناديب أحسن من كيتا,2026-02-22,2001355
telegram,HungerStation_drivers,توصيل,الدراجة تعطلت اليوم وخسرت شغل,2026-02-22,2001357
telegram,jahez_couriers,توصيل,وصلت طلبات وطلعت ب١١٠ ريال لكن ليش ما اتضافت للسحب,2026-02-22,2001382
telegram,keeta_couriers,توصيل,طلب وصل بارد لأن المطعم تأخر وراحت التقييم,2026-02-22,2001427
telegram,delivery_ksa,توصيل,سلام وصلت طلب وسلمته للعميل بيدي وبعد نص ساعة خصموا قيمة الطلب,2026-02-22,2001447
telegram,toYou_couriers,توصيل,وصلت ٢٠٠ طلب هذا الشهر الحمد لله,2026-02-22,2001461
telegram,delivery_ksa,توصيل,الطلبات الليلية تساوي ضعف النهارية في كيتا,2026-02-22,2001494
telegram,jahez_couriers,توصيل,سلام وصلت طلب وسلمته للعميل بيدي وبعد نص ساعة خصموا قيمة الطلب,2026-02-22,2001530
telegram,freelancers_ksa,عمل_حر,دخلي من البرمجة هذا الشهر ٧٠٠٠ ريال,2026-02-22,2001567
telegram,khamsat_ar,عمل_حر,الزبائن الخليجيين يدفعون أحسن من العرب,2026-02-22,2001579
telegram,khamsat_ar,عمل_حر,الزبائن الخليجيين يدفعون أحسن من العرب,2026-02-22,2001584
telegram,mostaql_workers,عمل_حر,upwork أو مستقل أيهما أفضل للسعوديين,2026-02-22,2001596
twitter,mostaql_workers,عمل_حر,ضريبة القيمة المضافة على الفريلانس كيف تشتغل,2026-02-22,2001597
telegram,khamsat_ar,عمل_حر,أكملت مشروع تصميم بـ ٨٠٠ ريال في مستقل,2026-02-22,2001622
telegram,wasselni_drivers,نقل,اوبر زود على نسبة الالغاء وانا ما قدرت اوصل للعميل,2026-02-23,2001116
telegram,Captains_saudi,نقل,اقل شي ٤٥٠ واعلى شي ٥٥٠ خلال ١٢ ساعة على اوبر,2026-02-23,2001129
twitter,CreemUber,نقل,كيان وصليني تطبيقات واعدة بس تحتاج وقت,2026-02-23,2001152
telegram,careem_drivers_sa,نقل,وصليني مافيه طلبات كافية في منطقتي,2026-02-23,2001156
telegram,Captains_saudi,نقل,العمل في المطارات أحسن من الشوارع الربح افضل,2026-02-23,2001195
telegram,wasselni_drivers,نقل,السائق هو الي يتعب ولابد تكون نسبة اوبر لها حد اعلى ٢٠ ريال,2026-02-23,2001205
telegram,uber_ksa_drivers,نقل,متوسط دخلي اليوم ١٨٠ ريال بعد البنزين,2026-02-23,2001228
telegram,bolt_drivers_ksa,نقل,كيان وصليني تطبيقات واعدة بس تحتاج وقت,2026-02-23,2001258
telegram,CreemUber,نقل,من حقك ترفض خدمته سيارتك وترفع بلاغ,2026-02-23,2001305
twitter,wasselni_drivers,نقل,العمل في المطارات أحسن من الشوارع الربح افضل,2026-02-23,2001315
telegram,keeta_couriers,توصيل,يعطيكم العافيه يا شباب حولت مبلغ من كيتا ولحد الان ما وصلت,2026-02-23,2001353
telegram,thechefs_ksa,توصيل,واحد طالب ٣ ماء من كودو المهم يرسل يقول كنسل,2026-02-23,2001366
telegram,toYou_couriers,توصيل,امس السحور ٩ ريال و ١٠ ريال من كيتا ليش ولا حق التعب,2026-02-23,2001395
telegram,delivery_ksa,توصيل,مرسول فتح تسجيل جديد للموصلين هذا الأسبوع,2026-02-23,2001430
twitter,toYou_couriers,توصيل,كيتا الحين يقولك توصل الطلب وعشان تبلغ تأخير المطعم تنتظر,2026-02-23,2001440
telegram,thechefs_ksa,توصيل,ياشباب امس المغرب حولت مبلغ من كيتا ولحد الان ما وصلت,2026-02-23,2001469
telegram,thechefs_ksa,توصيل,الحين ١٤ طلب في كيتا وما طلعت ٢٠ ريال,2026-02-23,2001475
telegram,toYou_couriers,توصيل,ذا شيفز الطلبات كثيرة بس المنطقة محدودة حتى الآن,2026-02-23,2001477
telegram,freelancers_ksa,عمل_حر,نبي حماية للفريلانسر من الزبون اللي ما يدفع,2026-02-23,2001582
telegram,khamsat_ar,عمل_حر,ضريبة القيمة المضافة على الفريلانس كيف تشتغل,2026-02-23,2001590
twitter,bolt_drivers_ksa,نقل,وصلت ٥٠ رحلة هذا الأسبوع الحمد لله رب العالمين,2026-02-24,2001099
twitter,Captains_saudi,نقل,أوبر أفضل من بولت في توزيع الرحلات عندي,2026-02-24,2001145
twitter,bolt_drivers_ksa,نقل,اتمنى الجميع يركز نتحرك بشكل جماعي نرفع شكاوى لوزارة النقل,2026-02-24,2001170
telegram,Captains_saudi,نقل,إلى متى يا اوبر نسبة عالية وفوق هذا تسعيرة زي وجهك,2026-02-24,2001181
telegram,Captains_saudi,نقل,كم متوسط دخل الكابتن في الرياض شهريًا حاليًا,2026-02-24,2001285
telegram,bolt_drivers_ksa,نقل,كم متوسط دخل الكابتن في الرياض شهريًا حاليًا,2026-02-24,2001304
telegram,delivery_ksa,توصيل,الاسعار اختلفت بعد كثرة المنافسين ودخول كيتا بالاخص,2026-02-24,2001335
telegram,mrsool_delivery,توصيل,مرسول فتح تسجيل جديد للموصلين هذا الأسبوع,2026-02-24,2001435
twitter,delivery_ksa,توصيل,مو محل وموظفين اغبياء هم الغلطانين مو المندوب,2026-02-24,2001474
telegram,mrsool_delivery,توصيل,كيتا الحين يقولك توصل الطلب وعشان تبلغ تأخير المطعم تنتظر,2026-02-24,2001484
telegram,thechefs_ksa,توصيل,والله اذا موترك ينفع في النقل الموجه افضل بمليون مرة,2026-02-24,2001517
telegram,HungerStation_drivers,توصيل,مو محل وموظفين اغبياء هم الغلطانين مو المندوب,2026-02-24,2001525
telegram,delivery_ksa,توصيل,هنجرستين وكيتا حاليًا جاهز ومرسول وذا شيفز بس اقل في الطلبات,2026-02-24,2001536
twitter,khamsat_ar,عمل_حر,أكملت مشروع تصميم بـ ٨٠٠ ريال في مستقل,2026-02-24,2001550
telegram,wasselni_drivers,نقل,والله زمان كان فيها خير اما الان مو المستفيد الا التطبيق,2026-02-25,2001107
twitter,السائقين_السعوديين,نقل,جيني وصليني الاسعار خايسه جدا يعني الكيلو اقل من ريال,2026-02-25,2001121
telegram,kayan_ksa,نقل,بولت نسبة عالية خير ياطير اذا عوضنا,2026-02-25,2001134
twitter,uber_ksa_drivers,نقل,ودي اشتغل ف بولت بجانب اوبر ممكن؟,2026-02-25,2001149
telegram,kayan_ksa,نقل,والله زمان كان فيها خير اما الان مو المستفيد الا التطبيق,2026-02-25,2001169
telegram,careem_drivers_sa,نقل,نبي نظام تأمين صحي للسائقين مثل الموظفين,2026-02-25,2001188
telegram,Captains_saudi,نقل,وصلت واحد المطار وكان مصري وحك الصدام من السيارة,2026-02-25,2001223
telegram,wasselni_drivers,نقل,الذروة في كريم حمراء والطلبات ورا بعض بالمدينة,2026-02-25,2001240
telegram,bolt_drivers_ksa,نقل,محتاج سيارة جديدة السيارة الحالية تعبت من كثر الشغل,2026-02-25,2001297
telegram,uber_ksa_drivers,نقل,رفضت رحلة بعيدة وخسرت bonus الاسبوع,2026-02-25,2001309
twitter,jahez_couriers,توصيل,الدراجة تعطلت اليوم وخسرت شغل,2026-02-25,2001324
telegram,toYou_couriers,توصيل,جاهز أحسن من مرسول في التوزيع والسعر,2026-02-25,2001348
twitter,HungerStation_drivers,توصيل,كنت اشتغل مرسول زمان اطلع ٢٠٠ في اليوم على ٨ طلبات,2026-02-25,2001446
twitter,thechefs_ksa,توصيل,خدمة العملاء في كيتا ما تفيد تقريباً,2026-02-25,2001500
twitter,jahez_couriers,توصيل,مو محل وموظفين اغبياء هم الغلطانين مو المندوب,2026-02-25,2001505
twitter,toYou_couriers,توصيل,واحد طالب ٣ ماء من كودو المهم يرسل يقول كنسل,2026-02-25,2001507
telegram,khamsat_ar,عمل_حر,كيف أحسن بروفايلي في مستقل وأحصل على عملاء,2026-02-25,2001612
telegram,bolt_drivers_ksa,نقل,الذروة في كريم حمراء والطلبات ورا بعض بالمدينة,2026-02-26,2001102
telegram,jeeny_ksa,نقل,من اشوف مشوار مو مناسب على طول ارفضه,2026-02-26,2001104
telegram,السائقين_السعوديين,نقل,اقل شي ٤٥٠ واعلى شي ٥٥٠ خلال ١٢ ساعة على اوبر,2026-02-26,2001111
telegram,jeeny_ksa,نقل,رفضت رحلة بعيدة وخسرت bonus الاسبوع,2026-02-26,2001168
telegram,Captains_saudi,نقل,جيني وصليني الاسعار خايسه جدا يعني الكيلو اقل من ريال,2026-02-26,2001173
telegram,kayan_ksa,نقل,وصليني مافيه طلبات كافية في منطقتي,2026-02-26,2001177
telegram,Captains_saudi,نقل,جربت كابتن في جيني وجيت الرياض والشغل مثل الشرقية,2026-02-26,2001178
telegram,السائقين_السعوديين,نقل,العمل في المطارات أحسن من الشوارع الربح افضل,2026-02-26,2001215
twitter,wasselni_drivers,نقل,بعدها على بولت خلال ٦ ساعات ٢٠٠ ريال خلال ١٦ ساعة ٧٠٠ ريال ثابتة,2026-02-26,2001221
twitter,wasselni_drivers,نقل,محتاج سيارة جديدة السيارة الحالية تعبت من كثر الشغل,2026-02-26,2001294
twitter,keeta_couriers,توصيل,الدراجة تعطلت اليوم وخسرت شغل,2026-02-26,2001370
twitter,thechefs_ksa,توصيل,ياشباب امس المغرب حولت مبلغ من كيتا ولحد الان ما وصلت,2026-02-26,2001400
telegram,thechefs_ksa,توصيل,الطلبات الليلية تساوي ضعف النهارية في كيتا,2026-02-26,2001404
telegram,delivery_ksa,توصيل,يعطيكم العافيه يا شباب حولت مبلغ من كيتا ولحد الان ما وصلت,2026-02-26,2001452
twitter,keeta_couriers,توصيل,طلب وصل بارد لأن المطعم تأخر وراحت التقييم,2026-02-26,2001456
twitter,keeta_couriers,توصيل,الحين ١٤ طلب في كيتا وما طلعت ٢٠ ريال,2026-02-26,2001463
telegram,mrsool_delivery,توصيل,ياخوان الطلبات وقفت عندي من ساعة م جاني ولا طلب,2026-02-26,2001493
telegram,mrsool_delivery,توصيل,ياخوان الطلبات وقفت عندي من ساعة م جاني ولا طلب,2026-02-26,2001520
telegram,thechefs_ksa,توصيل,الحين ١٤ طلب في كيتا وما طلعت ٢٠ ريال,2026-02-26,2001524
telegram,keeta_couriers,توصيل,ذا شيفز يدفع بشكل منتظم بخلاف كيتا,2026-02-26,2001528
telegram,HungerStation_drivers,توصيل,الحين ١٤ طلب في كيتا وما طلعت ٢٠ ريال,2026-02-26,2001542
twitter,khamsat_ar,عمل_حر,بدأت فريلانس من بيتي والدخل تحسن الحمد لله,2026-02-26,2001555
telegram,freelancers_ksa,عمل_حر,نبي حماية للفريلانسر من الزبون اللي ما يدفع,2026-02-26,2001569
telegram,Captains_saudi,نقل,اقل شي ٤٥٠ واعلى شي ٥٥٠ خلال ١٢ ساعة على اوبر,2026-02-27,2001115
telegram,Captains_saudi,نقل,ودي اشتغل ف بولت بجانب اوبر ممكن؟,2026-02-27,2001190
telegram,CreemUber,نقل,ما يستاهل لا تعب ولا وقت المشوار بعيد والربح ضعيف,2026-02-27,2001214
telegram,السائقين_السعوديين,نقل,اتمنى الجميع يركز نتحرك بشكل جماعي نرفع شكاوى لوزارة النقل,2026-02-27,2001266
telegram,kayan_ksa,نقل,أحسن أوقات الشغل الفطور والغداء والذروة المسائية,2026-02-27,2001300
telegram,delivery_ksa,توصيل,كيتا يلعبون على المندوب عشان يخصمون مكافأة التوصيل في الوقت,2026-02-27,2001331
telegram,jahez_couriers,توصيل,يعطيكم العافيه يا شباب حولت مبلغ من كيتا ولحد الان ما وصلت,2026-02-27,2001346
telegram,delivery_ksa,توصيل,خدمة العملاء في كيتا ما تفيد تقريباً,2026-02-27,2001389
twitter,delivery_ksa,توصيل,كيتا الحين يقولك توصل الطلب وعشان تبلغ تأخير المطعم تنتظر,2026-02-27,2001397
twitter,keeta_couriers,توصيل,امس السحور ٩ ريال و ١٠ ريال من كيتا ليش ولا حق التعب,2026-02-27,2001398
telegram,delivery_ksa,توصيل,هنقرستيشن يقولك رجع الطلب سوبر ماركت هنقرستيشن,2026-02-27,2001406
telegram,toYou_couriers,توصيل,مو محل وموظفين اغبياء هم الغلطانين مو المندوب,2026-02-27,2001414
telegram,toYou_couriers,توصيل,ذا شيفز تعاملهم مع المناديب أحسن من كيتا,2026-02-27,2001436
telegram,jahez_couriers,توصيل,الدراجة تعطلت اليوم وخسرت شغل,2026-02-27,2001444
telegram,thechefs_ksa,توصيل,توصيل في الأمطار خطر بدون مكافأة من التطبيق,2026-02-27,2001448
telegram,HungerStation_drivers,توصيل,مشكلة الباكدج الكبير ما يناسب الدراجة,2026-02-27,2001464
telegram,delivery_ksa,توصيل,سلام وصلت طلب وسلمته للعميل بيدي وبعد نص ساعة خصموا قيمة الطلب,2026-02-27,2001502
telegram,keeta_couriers,توصيل,جدة من ٥ ايام ما في طلبات او طلبين بالكثير ايش المشكلة في كيتا,2026-02-27,2001503
telegram,freelancers_ksa,عمل_حر,التسويق الرقمي من أكثر التخصصات طلباً,2026-02-27,2001546
twitter,mostaql_workers,عمل_حر,الفريلانس في السعودية بدأ ينمو بشكل كبير,2026-02-27,2001576
telegram,mostaql_workers,عمل_حر,أكملت مشروع تصميم بـ ٨٠٠ ريال في مستقل,2026-02-27,2001605
telegram,freelancers_ksa,عمل_حر,نبي حماية للفريلانسر من الزبون اللي ما يدفع,2026-02-27,2001606
telegram,uber_ksa_drivers,نقل,اذا الوقت زاد ٨ دقايق وفوق ماافكهم غير مسويلي تعويض,2026-02-28,2001139
telegram,wasselni_drivers,نقل,بعدها على بولت خلال ٦ ساعات ٢٠٠ ريال خلال ١٦ ساعة ٧٠٠ ريال ثابتة,2026-02-28,2001155
twitter,kayan_ksa,نقل,التامين على السيارة غالي علينا الشركات مو مهتمة,2026-02-28,2001184
telegram,kayan_ksa,نقل,وصلت واحد المطار وكان مصري وحك الصدام من السيارة,2026-02-28,2001248
telegram,wasselni_drivers,نقل,رفضت رحلة بعيدة وخسرت bonus الاسبوع,2026-02-28,2001270
telegram,kayan_ksa,نقل,محتاج سيارة جديدة السيارة الحالية تعبت من كثر الشغل,2026-02-28,2001293
telegram,delivery_ksa,توصيل,مرسول شغال زي لوز ما عده كيتا,2026-02-28,2001362
telegram,jahez_couriers,توصيل,مرسول الطلبات فل بس عيبه اطلب اي شي روح بنفسك,2026-02-28,2001381
telegram,mrsool_delivery,توصيل,ياشباب امس المغرب حولت مبلغ من كيتا ولحد الان ما وصلت,2026-02-28,2001412
telegram,HungerStation_drivers,توصيل,وصلت طلبات وطلعت ب١١٠ ريال لكن ليش ما اتضافت للسحب,2026-02-28,2001438
telegram,mrsool_delivery,توصيل,يعطيكم العافيه يا شباب حولت مبلغ من كيتا ولحد الان ما وصلت,2026-02-28,2001491
telegram,mrsool_delivery,توصيل,ياشباب امس المغرب حولت مبلغ من كيتا ولحد الان ما وصلت,2026-02-28,2001504
telegram,keeta_couriers,توصيل,الطلبات في رمضان تجنن ٣ أضعاف العادي,2026-02-28,2001529
telegram,toYou_couriers,توصيل,الطلبات الليلية تساوي ضعف النهارية في كيتا,2026-02-28,2001535
twitter,khamsat_ar,عمل_حر,دخلي من البرمجة هذا الشهر ٧٠٠٠ ريال,2026-02-28,2001595
telegram,khamsat_ar,عمل_حر,بدأت فريلانس من بيتي والدخل تحسن الحمد لله,2026-02-28,2001598
telegram,mostaql_workers,عمل_حر,أكملت مشروع تصميم بـ ٨٠٠ ريال في مستقل,2026-02-28,2001609
telegram,CreemUber,نقل,نبي نظام تأمين صحي للسائقين مثل الموظفين,2026-03-01,2000462
twitter,kayan_ksa,نقل,أحسن أوقات الشغل الفطور والغداء والذروة المسائية,2026-03-01,2000479
twitter,السائقين_السعوديين,نقل,عميل تقييمه منخفض لا تاخذ مرة,2026-03-01,2000487
twitter,bolt_drivers_ksa,نقل,بولت نسبة عالية خير ياطير اذا عوضنا,2026-03-01,2000598
twitter,uber_ksa_drivers,نقل,الذروة في كريم حمراء والطلبات ورا بعض بالمدينة,2026-03-01,2000613
twitter,uber_ksa_drivers,نقل,والله زمان كان فيها خير اما الان مو المستفيد الا التطبيق,2026-03-01,2000631
twitter,Captains_saudi,نقل,نبي نظام تأمين صحي للسائقين مثل الموظفين,2026-03-01,2000636
telegram,delivery_ksa,توصيل,الطلبات الليلية تساوي ضعف النهارية في كيتا,2026-03-01,2000739
telegram,thechefs_ksa,توصيل,كنت اشتغل مرسول زمان اطلع ٢٠٠ في اليوم على ٨ طلبات,2026-03-01,2000768
telegram,keeta_couriers,توصيل,مشوار ابو ٢٠ زمان في كيتا الحين ب٩,2026-03-01,2000836
twitter,delivery_ksa,توصيل,ذا شيفز تعاملهم مع المناديب أحسن من كيتا,2026-03-01,2000846
telegram,jahez_couriers,توصيل,هنجرستين وكيتا حاليًا جاهز ومرسول وذا شيفز بس اقل في الطلبات,2026-03-01,2000861
telegram,mrsool_delivery,توصيل,الاسعار اختلفت بعد كثرة المنافسين ودخول كيتا بالاخص,2026-03-01,2000880
twitter,thechefs_ksa,توصيل,توصيل في الأمطار خطر بدون مكافأة من التطبيق,2026-03-01,2000914
telegram,mrsool_delivery,توصيل,مو محل وموظفين اغبياء هم الغلطانين مو المندوب,2026-03-01,2000920
telegram,mostaql_workers,عمل_حر,نبي حماية للفريلانسر من الزبون اللي ما يدفع,2026-03-01,2000974
telegram,mostaql_workers,عمل_حر,الفريلانس في السعودية بدأ ينمو بشكل كبير,2026-03-01,2001008
twitter,freelancers_ksa,عمل_حر,ضريبة القيمة المضافة على الفريلانس كيف تشتغل,2026-03-01,2001041
telegram,mostaql_workers,عمل_حر,بدأت فريلانس من بيتي والدخل تحسن الحمد لله,2026-03-01,2001086
telegram,CreemUber,نقل,من حقك ترفض خدمته سيارتك وترفع بلاغ,2026-03-02,2000453
twitter,CreemUber,نقل,اليوم الأوردرات كانت ممتازة والبخشيش زين الحمد لله,2026-03-02,2000459
twitter,السائقين_السعوديين,نقل,والله زمان كان فيها خير اما الان مو المستفيد الا التطبيق,2026-03-02,2000472
telegram,السائقين_السعوديين,نقل,جيني بدأ ينافس لكن ما زال الطلبات أقل,2026-03-02,2000503
telegram,careem_drivers_sa,نقل,التامين على السيارة غالي علينا الشركات مو مهتمة,2026-03-02,2000527
twitter,uber_ksa_drivers,نقل,نسبة اوبر في مشوار المطار وصلت ٧٥٪ اخذ من الزبون ٥٩ ريال عطاني ١٢ فقط,2026-03-02,2000588
telegram,Captains_saudi,نقل,عميل تقييمه منخفض لا تاخذ مرة,2026-03-02,2000609
telegram,wasselni_drivers,نقل,الزحمة في الرياض قاتلة والأرباح نازلة,2026-03-02,2000617
twitter,careem_drivers_sa,نقل,والله زمان كان فيها خير اما الان مو المستفيد الا التطبيق,2026-03-02,2000643
telegram,السائقين_السعوديين,نقل,كم متوسط دخل الكابتن في الرياض شهريًا حاليًا,2026-03-02,2000665
telegram,delivery_ksa,توصيل,هنقرستيشن يقولك رجع الطلب سوبر ماركت هنقرستيشن,2026-03-02,2000711
telegram,HungerStation_drivers,توصيل,مرسول شغال زي لوز ما عده كيتا,2026-03-02,2000720
telegram,HungerStation_drivers,توصيل,مشكلة الباكدج الكبير ما يناسب الدراجة,2026-03-02,2000731
telegram,HungerStation_drivers,توصيل,ياشباب امس المغرب حولت مبلغ من كيتا ولحد الان ما وصلت,2026-03-02,2000773
telegram,thechefs_ksa,توصيل,مرسول فتح تسجيل جديد للموصلين هذا الأسبوع,2026-03-02,2000800
telegram,delivery_ksa,توصيل,ياخوان الطلبات وقفت عندي من ساعة م جاني ولا طلب,2026-03-02,2000826
telegram,mrsool_delivery,توصيل,مو محل وموظفين اغبياء هم الغلطانين مو المندوب,2026-03-02,2000849
telegram,HungerStation_drivers,توصيل,سلام وصلت طلب وسلمته للعميل بيدي وبعد نص ساعة خصموا قيمة الطلب,2026-03-02,2000943
telegram,mostaql_workers,عمل_حر,منصة خمسات أفضل للمبتدئين في العمل الحر,2026-03-02,2000966
twitter,freelancers_ksa,عمل_حر,منصة خمسات أفضل للمبتدئين في العمل الحر,2026-03-02,2000978
twitter,khamsat_ar,عمل_حر,كيف أحسن بروفايلي في مستقل وأحصل على عملاء,2026-03-02,2001021
telegram,mostaql_workers,عمل_حر,منصة خمسات أفضل للمبتدئين في العمل الحر,2026-03-02,2001031
telegram,khamsat_ar,عمل_حر,كيف أحسن بروفايلي في مستقل وأحصل على عملاء,2026-03-02,2001038
telegram,jeeny_ksa,نقل,والله زمان كان فيها خير اما الان مو المستفيد الا التطبيق,2026-03-03,2000469
telegram,CreemUber,نقل,الزحمة في الرياض قاتلة والأرباح نازلة,2026-03-03,2000554
telegram,jeeny_ksa,نقل,اقل شي ٤٥٠ واعلى شي ٥٥٠ خلال ١٢ ساعة على اوبر,2026-03-03,2000559
telegram,uber_ksa_drivers,نقل,ودي اشتغل ف بولت بجانب اوبر ممكن؟,2026-03-03,2000561
telegram,bolt_drivers_ksa,نقل,اوبر زود على نسبة الالغاء وانا ما قدرت اوصل للعميل,2026-03-03,2000575
telegram,kayan_ksa,نقل,الذروة في كريم حمراء والطلبات ورا بعض بالمدينة,2026-03-03,2000658
telegram,wasselni_drivers,نقل,السكوت ماراح ينفع خلونا نتحرك بشكل منظم,2026-03-03,2000661
telegram,bolt_drivers_ksa,نقل,نبي نظام تأمين صحي للسائقين مثل الموظفين,2026-03-03,2000671
telegram,thechefs_ksa,توصيل,وصلت ٢٠٠ طلب هذا الشهر الحمد لله,2026-03-03,2000753
telegram,jahez_couriers,توصيل,وصلت ٢٠٠ طلب هذا الشهر الحمد لله,2026-03-03,2000802
telegram,delivery_ksa,توصيل,المندوب المخالف يأكل حرام رزق شخص نظامي,2026-03-03,2000803
telegram,mrsool_delivery,توصيل,واحد طالب ٣ ماء من كودو المهم يرسل يقول كنسل,2026-03-03,2000804
telegram,thechefs_ksa,توصيل,هنقرستيشن يقولك رجع الطلب سوبر ماركت هنقرستيشن,2026-03-03,2000819
telegram,delivery_ksa,توصيل,كيتا الحين يقولك توصل الطلب وعشان تبلغ تأخير المطعم تنتظر,2026-03-03,2000890
telegram,freelancers_ksa,عمل_حر,الفريلانس في السعودية بدأ ينمو بشكل كبير,2026-03-03,2000990
twitter,khamsat_ar,عمل_حر,الزبون ما دفع بعد تسليم العمل كيف أتصرف,2026-03-03,2000997
telegram,mostaql_workers,عمل_حر,الفريلانس في السعودية بدأ ينمو بشكل كبير,2026-03-03,2001028
twitter,freelancers_ksa,عمل_حر,التسويق الرقمي من أكثر التخصصات طلباً,2026-03-03,2001080
telegram,careem_drivers_sa,نقل,كيان وصليني تطبيقات واعدة بس تحتاج وقت,2026-03-04,2000464
telegram,السائقين_السعوديين,نقل,وصليني مافيه طلبات كافية في منطقتي,2026-03-04,2000497
telegram,bolt_drivers_ksa,نقل,ما يستاهل لا تعب ولا وقت المشوار بعيد والربح ضعيف,2026-03-04,2000510
telegram,uber_ksa_drivers,نقل,اقل شي ٤٥٠ واعلى شي ٥٥٠ خلال ١٢ ساعة على اوبر,2026-03-04,2000521
telegram,CreemUber,نقل,وصلت ٥٠ رحلة هذا الأسبوع الحمد لله رب العالمين,2026-03-04,2000551
twitter,Captains_saudi,نقل,أوبر أفضل من بولت في توزيع الرحلات عندي,2026-03-04,2000602
telegram,jeeny_ksa,نقل,محتاج سيارة جديدة السيارة الحالية تعبت من كثر الشغل,2026-03-04,2000606
telegram,bolt_drivers_ksa,نقل,العمل في المطارات أحسن من الشوارع الربح افضل,2026-03-04,2000607
telegram,uber_ksa_drivers,نقل,وصلت ٥٠ رحلة هذا الأسبوع الحمد لله رب العالمين,2026-03-04,2000638
telegram,Captains_saudi,نقل,عميل تقييمه منخفض لا تاخذ مرة,2026-03-04,2000644
telegram,Captains_saudi,نقل,كم متوسط دخل الكابتن في الرياض شهريًا حاليًا,2026-03-04,2000659
telegram,Captains_saudi,نقل,بولت نسبة عالية خير ياطير اذا عوضنا,2026-03-04,2000673
twitter,thechefs_ksa,توصيل,مو محل وموظفين اغبياء هم الغلطانين مو المندوب,2026-03-04,2000697
telegram,HungerStation_drivers,توصيل,المندوب المخالف يأكل حرام رزق شخص نظامي,2026-03-04,2000762
telegram,mrsool_delivery,توصيل,هنجرستين وكيتا حاليًا جاهز ومرسول وذا شيفز بس اقل في الطلبات,2026-03-04,2000798
telegram,mrsool_delivery,توصيل,مرسول الطلبات فل بس عيبه اطلب اي شي روح بنفسك,2026-03-04,2000852
telegram,HungerStation_drivers,توصيل,ذا شيفز يدفع بشكل منتظم بخلاف كيتا,2026-03-04,2000871
telegram,jahez_couriers,توصيل,ياخوان الطلبات وقفت عندي من ساعة م جاني ولا طلب,2026-03-04,2000877
twitter,toYou_couriers,توصيل,مرسول فتح تسجيل جديد للموصلين هذا الأسبوع,2026-03-04,2000913
telegram,mostaql_workers,عمل_حر,أكملت مشروع تصميم بـ ٨٠٠ ريال في مستقل,2026-03-04,2000972
telegram,khamsat_ar,عمل_حر,ضريبة القيمة المضافة على الفريلانس كيف تشتغل,2026-03-04,2000991
telegram,freelancers_ksa,عمل_حر,التسويق الرقمي من أكثر التخصصات طلباً,2026-03-04,2000998
telegram,mostaql_workers,عمل_حر,الزبائن الخليجيين يدفعون أحسن من العرب,2026-03-04,2001011
twitter,CreemUber,نقل,اقل شي ٤٥٠ واعلى شي ٥٥٠ خلال ١٢ ساعة على اوبر,2026-03-05,2000429
telegram,jeeny_ksa,نقل,والله زمان كان فيها خير اما الان مو المستفيد الا التطبيق,2026-03-05,2000435
telegram,wasselni_drivers,نقل,ما يستاهل لا تعب ولا وقت المشوار بعيد والربح ضعيف,2026-03-05,2000492
telegram,uber_ksa_drivers,نقل,وصلت ٥٠ رحلة هذا الأسبوع الحمد لله رب العالمين,2026-03-05,2000500
twitter,uber_ksa_drivers,نقل,جربت كابتن في جيني وجيت الرياض والشغل مثل الشرقية,2026-03-05,2000560
telegram,jeeny_ksa,نقل,وصلت واحد المطار وكان مصري وحك الصدام من السيارة,2026-03-05,2000680
telegram,keeta_couriers,توصيل,سلام وصلت طلب وسلمته للعميل بيدي وبعد نص ساعة خصموا قيمة الطلب,2026-03-05,2000740
telegram,HungerStation_drivers,توصيل,مرسول الطلبات فل بس عيبه اطلب اي شي روح بنفسك,2026-03-05,2000770
twitter,toYou_couriers,توصيل,ذا شيفز تعاملهم مع المناديب أحسن من كيتا,2026-03-05,2000835
telegram,mrsool_delivery,توصيل,خدمة العملاء في كيتا ما تفيد تقريباً,2026-03-05,2000845
telegram,thechefs_ksa,توصيل,جدة من ٥ ايام ما في طلبات او طلبين بالكثير ايش المشكلة في كيتا,2026-03-05,2000858
telegram,keeta_couriers,توصيل,ياخوان الطلبات وقفت عندي من ساعة م جاني ولا طلب,2026-03-05,2000941
telegram,thechefs_ksa,توصيل,هنجرستين وكيتا حاليًا جاهز ومرسول وذا شيفز بس اقل في الطلبات,2026-03-05,2000952
telegram,freelancers_ksa,عمل_حر,التسويق الرقمي من أكثر التخصصات طلباً,2026-03-05,2001023
telegram,khamsat_ar,عمل_حر,كيف أحسن بروفايلي في مستقل وأحصل على عملاء,2026-03-05,2001049
telegram,khamsat_ar,عمل_حر,نبي حماية للفريلانسر من الزبون اللي ما يدفع,2026-03-05,2001052
telegram,freelancers_ksa,عمل_حر,دخلي من البرمجة هذا الشهر ٧٠٠٠ ريال,2026-03-05,2001063
telegram,careem_drivers_sa,نقل,ودي اشتغل ف بولت بجانب اوبر ممكن؟,2026-03-06,2000516
telegram,bolt_drivers_ksa,نقل,ذروة ب كاش مع نسبتهم تشوفه مبلغ كويس بس يجيك بمشوار واحد بطاقة,2026-03-06,2000519
telegram,kayan_ksa,نقل,كيان وصليني تطبيقات واعدة بس تحتاج وقت,2026-03-06,2000526
twitter,Captains_saudi,نقل,أحسن أوقات الشغل الفطور والغداء والذروة المسائية,2026-03-06,2000586
twitter,wasselni_drivers,نقل,والله زمان كان فيها خير اما الان مو المستفيد الا التطبيق,2026-03-06,2000642
telegram,bolt_drivers_ksa,نقل,أحسن أوقات الشغل الفطور والغداء والذروة المسائية,2026-03-06,2000662
telegram,wasselni_drivers,نقل,نسبة اوبر في مشوار المطار وصلت ٧٥٪ اخذ من الزبون ٥٩ ريال عطاني ١٢ فقط,2026-03-06,2000676
telegram,keeta_couriers,توصيل,طلب وصل بارد لأن المطعم تأخر وراحت التقييم,2026-03-06,2000777
telegram,toYou_couriers,توصيل,ذا شيفز الطلبات كثيرة بس المنطقة محدودة حتى الآن,2026-03-06,2000799
twitter,thechefs_ksa,توصيل,هنجرستين وكيتا حاليًا جاهز ومرسول وذا شيفز بس اقل في الطلبات,2026-03-06,2000839
telegram,thechefs_ksa,توصيل,الدراجة تعطلت اليوم وخسرت شغل,2026-03-06,2000866
telegram,mrsool_delivery,توصيل,المندوب المخالف يأكل حرام رزق شخص نظامي,2026-03-06,2000896
telegram,keeta_couriers,توصيل,ياشباب امس المغرب حولت مبلغ من كيتا ولحد الان ما وصلت,2026-03-06,2000962
twitter,khamsat_ar,عمل_حر,التسويق الرقمي من أكثر التخصصات طلباً,2026-03-06,2000971
telegram,mostaql_workers,عمل_حر,التسويق الرقمي من أكثر التخصصات طلباً,2026-03-06,2000984
twitter,khamsat_ar,عمل_حر,الفريلانس في السعودية بدأ ينمو بشكل كبير,2026-03-06,2000986
telegram,CreemUber,نقل,عميل تقييمه منخفض لا تاخذ مرة,2026-03-07,2000433
telegram,CreemUber,نقل,متوسط دخلي اليوم ١٨٠ ريال بعد البنزين,2026-03-07,2000447
telegram,careem_drivers_sa,نقل,ذروة ب كاش مع نسبتهم تشوفه مبلغ كويس بس يجيك بمشوار واحد بطاقة,2026-03-07,2000455
telegram,kayan_ksa,نقل,ذروة ب كاش مع نسبتهم تشوفه مبلغ كويس بس يجيك بمشوار واحد بطاقة,2026-03-07,2000461
twitter,kayan_ksa,نقل,وصلت واحد المطار وكان مصري وحك الصدام من السيارة,2026-03-07,2000471
telegram,bolt_drivers_ksa,نقل,بعدها على بولت خلال ٦ ساعات ٢٠٠ ريال خلال ١٦ ساعة ٧٠٠ ريال ثابتة,2026-03-07,2000548
telegram,bolt_drivers_ksa,نقل,كيان التطبيق جديد بس الطلبات وايد خير من اوبر,2026-03-07,2000552
telegram,wasselni_drivers,نقل,اتمنى الجميع يركز نتحرك بشكل جماعي نرفع شكاوى لوزارة النقل,2026-03-07,2000567
telegram,CreemUber,نقل,جربت كابتن في جيني وجيت الرياض والشغل مثل الشرقية,2026-03-07,2000599
twitter,careem_drivers_sa,نقل,نسبة اوبر في مشوار المطار وصلت ٧٥٪ اخذ من الزبون ٥٩ ريال عطاني ١٢ فقط,2026-03-07,2000685
twitter,toYou_couriers,توصيل,ذا شيفز الطلبات كثيرة بس المنطقة محدودة حتى الآن,2026-03-07,2000714
telegram,delivery_ksa,توصيل,وصلت طلبات وطلعت ب١١٠ ريال لكن ليش ما اتضافت للسحب,2026-03-07,2000736
telegram,toYou_couriers,توصيل,سلام وصلت طلب وسلمته للعميل بيدي وبعد نص ساعة خصموا قيمة الطلب,2026-03-07,2000790
twitter,mrsool_delivery,توصيل,هنجرستين وكيتا حاليًا جاهز ومرسول وذا شيفز بس اقل في الطلبات,2026-03-07,2000832
telegram,delivery_ksa,توصيل,مرسول فتح تسجيل جديد للموصلين هذا الأسبوع,2026-03-07,2000887
telegram,thechefs_ksa,توصيل,المندوب المخالف يأكل حرام رزق شخص نظامي,2026-03-07,2000923
twitter,HungerStation_drivers,توصيل,ياشباب امس المغرب حولت مبلغ من كيتا ولحد الان ما وصلت,2026-03-07,2000930
telegram,jahez_couriers,توصيل,كنت اشتغل مرسول زمان اطلع ٢٠٠ في اليوم على ٨ طلبات,2026-03-07,2000933
telegram,toYou_couriers,توصيل,مشكلة الباكدج الكبير ما يناسب الدراجة,2026-03-07,2000942
twitter,freelancers_ksa,عمل_حر,الزبون ما دفع بعد تسليم العمل كيف أتصرف,2026-03-07,2000967
twitter,khamsat_ar,عمل_حر,دخلي من البرمجة هذا الشهر ٧٠٠٠ ريال,2026-03-07,2001009
twitter,khamsat_ar,عمل_حر,منصة خمسات أفضل للمبتدئين في العمل الحر,2026-03-07,2001053
twitter,mostaql_workers,عمل_حر,كيف أحسن بروفايلي في مستقل وأحصل على عملاء,2026-03-07,2001065
telegram,Captains_saudi,نقل,نسبة اوبر في مشوار المطار وصلت ٧٥٪ اخذ من الزبون ٥٩ ريال عطاني ١٢ فقط,2026-03-08,2000431
telegram,uber_ksa_drivers,نقل,اذا الوقت زاد ٨ دقايق وفوق ماافكهم غير مسويلي تعويض,2026-03-08,2000523
telegram,jeeny_ksa,نقل,بولت انا مااوثق في اي زبون يقولي بحولك مابحولك,2026-03-08,2000557
twitter,Captains_saudi,نقل,العمل في المطارات أحسن من الشوارع الربح افضل,2026-03-08,2000592
twitter,careem_drivers_sa,نقل,رفضت رحلة بعيدة وخسرت bonus الاسبوع,2026-03-08,2000595
twitter,CreemUber,نقل,ما يستاهل لا تعب ولا وقت المشوار بعيد والربح ضعيف,2026-03-08,2000597
telegram,jeeny_ksa,نقل,أوبر أفضل من بولت في توزيع الرحلات عندي,2026-03-08,2000630
telegram,careem_drivers_sa,نقل,جيني وصليني الاسعار خايسه جدا يعني الكيلو اقل من ريال,2026-03-08,2000634
telegram,thechefs_ksa,توصيل,توصيل في الأمطار خطر بدون مكافأة من التطبيق,2026-03-08,2000688
twitter,keeta_couriers,توصيل,والله اذا موترك ينفع في النقل الموجه افضل بمليون مرة,2026-03-08,2000694
twitter,toYou_couriers,توصيل,واحد طالب ٣ ماء من كودو المهم يرسل يقول كنسل,2026-03-08,2000709
telegram,HungerStation_drivers,توصيل,يعطيكم العافيه يا شباب حولت مبلغ من كيتا ولحد الان ما وصلت,2026-03-08,2000722
telegram,HungerStation_drivers,توصيل,الدراجة تعطلت اليوم وخسرت شغل,2026-03-08,2000727
telegram,jahez_couriers,توصيل,الطلبات في رمضان تجنن ٣ أضعاف العادي,2026-03-08,2000829
telegram,thechefs_ksa,توصيل,مو محل وموظفين اغبياء هم الغلطانين مو المندوب,2026-03-08,2000850
telegram,jahez_couriers,توصيل,وصلت ٢٠٠ طلب هذا الشهر الحمد لله,2026-03-08,2000869
telegram,toYou_couriers,توصيل,رحت محل اكل هندي وجبت طلب وشوربة واقعة جاني خصم ٥٠ ريال,2026-03-08,2000875
telegram,jahez_couriers,توصيل,وصلت طلبات وطلعت ب١١٠ ريال لكن ليش ما اتضافت للسحب,2026-03-08,2000911
telegram,thechefs_ksa,توصيل,مشوار ابو ٢٠ زمان في كيتا الحين ب٩,2026-03-08,2000917
telegram,mrsool_delivery,توصيل,طلب وصل بارد لأن المطعم تأخر وراحت التقييم,2026-03-08,2000938
telegram,jahez_couriers,توصيل,هنجرستين وكيتا حاليًا جاهز ومرسول وذا شيفز بس اقل في الطلبات,2026-03-08,2000945
telegram,toYou_couriers,توصيل,مرسول الطلبات فل بس عيبه اطلب اي شي روح بنفسك,2026-03-08,2000951
telegram,delivery_ksa,توصيل,مرسول فتح تسجيل جديد للموصلين هذا الأسبوع,2026-03-08,2000957
telegram,khamsat_ar,عمل_حر,بدأت فريلانس من بيتي والدخل تحسن الحمد لله,2026-03-08,2000975
twitter,freelancers_ksa,عمل_حر,upwork أو مستقل أيهما أفضل للسعوديين,2026-03-08,2001018
telegram,khamsat_ar,عمل_حر,كيف أحسن بروفايلي في مستقل وأحصل على عملاء,2026-03-08,2001027
twitter,mostaql_workers,عمل_حر,الزبون ما دفع بعد تسليم العمل كيف أتصرف,2026-03-08,2001060
telegram,Captains_saudi,نقل,الذروة في كريم حمراء والطلبات ورا بعض بالمدينة,2026-03-09,2000445
telegram,Captains_saudi,نقل,كم متوسط دخل الكابتن في الرياض شهريًا حاليًا,2026-03-09,2000451
twitter,uber_ksa_drivers,نقل,التامين على السيارة غالي علينا الشركات مو مهتمة,2026-03-09,2000482
telegram,wasselni_drivers,نقل,اذا الوقت زاد ٨ دقايق وفوق ماافكهم غير مسويلي تعويض,2026-03-09,2000573
telegram,Captains_saudi,نقل,ذروة ب كاش مع نسبتهم تشوفه مبلغ كويس بس يجيك بمشوار واحد بطاقة,2026-03-09,2000584
twitter,jeeny_ksa,نقل,بعدها على بولت خلال ٦ ساعات ٢٠٠ ريال خلال ١٦ ساعة ٧٠٠ ريال ثابتة,2026-03-09,2000604
telegram,bolt_drivers_ksa,نقل,جيني بدأ ينافس لكن ما زال الطلبات أقل,2026-03-09,2000608
telegram,wasselni_drivers,نقل,ودي اشتغل ف بولت بجانب اوبر ممكن؟,2026-03-09,2000647
telegram,wasselni_drivers,نقل,كيان التطبيق جديد بس الطلبات وايد خير من اوبر,2026-03-09,2000651
telegram,Captains_saudi,نقل,أحسن أوقات الشغل الفطور والغداء والذروة المسائية,2026-03-09,2000679
telegram,jahez_couriers,توصيل,ذا شيفز الطلبات كثيرة بس المنطقة محدودة حتى الآن,2026-03-09,2000700
telegram,thechefs_ksa,توصيل,ذا شيفز تعاملهم مع المناديب أحسن من كيتا,2026-03-09,2000717
telegram,keeta_couriers,توصيل,امس وصلت طلب والعميل تأخر وراح عليي مكافأة موعد الوصول,2026-03-09,2000732
twitter,thechefs_ksa,توصيل,الاسعار اختلفت بعد كثرة المنافسين ودخول كيتا بالاخص,2026-03-09,2000747
telegram,mrsool_delivery,توصيل,توصيل في الأمطار خطر بدون مكافأة من التطبيق,2026-03-09,2000837
twitter,delivery_ksa,توصيل,الطلبات في رمضان تجنن ٣ أضعاف العادي,2026-03-09,2000863
telegram,thechefs_ksa,توصيل,امس السحور ٩ ريال و ١٠ ريال من كيتا ليش ولا حق التعب,2026-03-09,2000903
telegram,delivery_ksa,توصيل,كيتا يلعبون على المندوب عشان يخصمون مكافأة التوصيل في الوقت,2026-03-09,2000924
telegram,toYou_couriers,توصيل,الحين ١٤ طلب في كيتا وما طلعت ٢٠ ريال,2026-03-09,2000944
twitter,freelancers_ksa,عمل_حر,ضريبة القيمة المضافة على الفريلانس كيف تشتغل,2026-03-09,2001039
telegram,freelancers_ksa,عمل_حر,أكملت مشروع تصميم بـ ٨٠٠ ريال في مستقل,2026-03-09,2001058
telegram,wasselni_drivers,نقل,رفضت رحلة بعيدة وخسرت bonus الاسبوع,2026-03-10,2000475
telegram,wasselni_drivers,نقل,وصلت واحد المطار وكان مصري وحك الصدام من السيارة,2026-03-10,2000489
telegram,uber_ksa_drivers,نقل,العمل في المطارات أحسن من الشوارع الربح افضل,2026-03-10,2000530
telegram,Captains_saudi,نقل,جيني وصليني الاسعار خايسه جدا يعني الكيلو اقل من ريال,2026-03-10,2000540
twitter,wasselni_drivers,نقل,الزحمة في الرياض قاتلة والأرباح نازلة,2026-03-10,2000574
telegram,uber_ksa_drivers,نقل,رفضت رحلة بعيدة وخسرت bonus الاسبوع,2026-03-10,2000576
telegram,careem_drivers_sa,نقل,جيني بدأ ينافس لكن ما زال الطلبات أقل,2026-03-10,2000633
telegram,delivery_ksa,توصيل,المخالفين موصلين ٣٠٠ وشوي الشهر اللي فات انا بقوة وصلت ٢٩٠,2026-03-10,2000690
telegram,keeta_couriers,توصيل,كيتا الحين يقولك توصل الطلب وعشان تبلغ تأخير المطعم تنتظر,2026-03-10,2000703
telegram,keeta_couriers,توصيل,مشكلة الباكدج الكبير ما يناسب الدراجة,2026-03-10,2000707
telegram,mrsool_delivery,توصيل,مرسول فتح تسجيل جديد للموصلين هذا الأسبوع,2026-03-10,2000733
twitter,keeta_couriers,توصيل,مشكلة الباكدج الكبير ما يناسب الدراجة,2026-03-10,2000781
telegram,jahez_couriers,توصيل,خدمة العملاء في كيتا ما تفيد تقريباً,2026-03-10,2000797
twitter,thechefs_ksa,توصيل,مو محل وموظفين اغبياء هم الغلطانين مو المندوب,2026-03-10,2000824
twitter,mrsool_delivery,توصيل,المخالفين موصلين ٣٠٠ وشوي الشهر اللي فات انا بقوة وصلت ٢٩٠,2026-03-10,2000827
telegram,jahez_couriers,توصيل,امس وصلت طلب والعميل تأخر وراح عليي مكافأة موعد الوصول,2026-03-10,2000878
telegram,delivery_ksa,توصيل,كيتا يلعبون على المندوب عشان يخصمون مكافأة التوصيل في الوقت,2026-03-10,2000894
telegram,delivery_ksa,توصيل,كيتا يلعبون على المندوب عشان يخصمون مكافأة التوصيل في الوقت,2026-03-10,2000954
telegram,mrsool_delivery,توصيل,مرسول فتح تسجيل جديد للموصلين هذا الأسبوع,2026-03-10,2000960
twitter,freelancers_ksa,عمل_حر,بدأت فريلانس من بيتي والدخل تحسن الحمد لله,2026-03-10,2001074
telegram,wasselni_drivers,نقل,وصليني مافيه طلبات كافية في منطقتي,2026-03-11,2000440
telegram,jeeny_ksa,نقل,اقل شي ٤٥٠ واعلى شي ٥٥٠ خلال ١٢ ساعة على اوبر,2026-03-11,2000450
telegram,Captains_saudi,نقل,اذا الوقت زاد ٨ دقايق وفوق ماافكهم غير مسويلي تعويض,2026-03-11,2000476
twitter,wasselni_drivers,نقل,بعدها على بولت خلال ٦ ساعات ٢٠٠ ريال خلال ١٦ ساعة ٧٠٠ ريال ثابتة,2026-03-11,2000478
telegram,bolt_drivers_ksa,نقل,ودي اشتغل ف بولت بجانب اوبر ممكن؟,2026-03-11,2000483
telegram,jeeny_ksa,نقل,وصليني مافيه طلبات كافية في منطقتي,2026-03-11,2000494
telegram,wasselni_drivers,نقل,وصليني مافيه طلبات كافية في منطقتي,2026-03-11,2000515
twitter,Captains_saudi,نقل,اقل شي ٤٥٠ واعلى شي ٥٥٠ خلال ١٢ ساعة على اوبر,2026-03-11,2000577
telegram,bolt_drivers_ksa,نقل,السائق هو الي يتعب ولابد تكون نسبة اوبر لها حد اعلى ٢٠ ريال,2026-03-11,2000590
twitter,jeeny_ksa,نقل,إلى متى يا اوبر نسبة عالية وفوق هذا تسعيرة زي وجهك,2026-03-11,2000635
telegram,toYou_couriers,توصيل,واحد طالب ٣ ماء من كودو المهم يرسل يقول كنسل,2026-03-11,2000715
twitter,mrsool_delivery,توصيل,ياخوان الطلبات وقفت عندي من ساعة م جاني ولا طلب,2026-03-11,2000745
telegram,jahez_couriers,توصيل,مشكلة الباكدج الكبير ما يناسب الدراجة,2026-03-11,2000759
telegram,thechefs_ksa,توصيل,ذا شيفز يدفع بشكل منتظم بخلاف كيتا,2026-03-11,2000811
telegram,mrsool_delivery,توصيل,الدراجة تعطلت اليوم وخسرت شغل,2026-03-11,2000834
telegram,mrsool_delivery,توصيل,جاهز أحسن من مرسول في التوزيع والسعر,2026-03-11,2000964
twitter,mostaql_workers,عمل_حر,الفريلانس في السعودية بدأ ينمو بشكل كبير,2026-03-11,2000987
telegram,khamsat_ar,عمل_حر,upwork أو مستقل أيهما أفضل للسعوديين,2026-03-11,2000989
twitter,mostaql_workers,عمل_حر,مشروع ترجمة بكم تقدر تقدم,2026-03-11,2001004
telegram,mostaql_workers,عمل_حر,نبي حماية للفريلانسر من الزبون اللي ما يدفع,2026-03-11,2001005
telegram,khamsat_ar,عمل_حر,مشروع ترجمة بكم تقدر تقدم,2026-03-11,2001014
telegram,freelancers_ksa,عمل_حر,نبي حماية للفريلانسر من الزبون اللي ما يدفع,2026-03-11,2001017
telegram,mostaql_workers,عمل_حر,منصة خمسات أفضل للمبتدئين في العمل الحر,2026-03-11,2001029
telegram,mostaql_workers,عمل_حر,أكملت مشروع تصميم بـ ٨٠٠ ريال في مستقل,2026-03-11,2001034
telegram,khamsat_ar,عمل_حر,التسويق الرقمي من أكثر التخصصات طلباً,2026-03-11,2001035
telegram,mostaql_workers,عمل_حر,upwork أو مستقل أيهما أفضل للسعوديين,2026-03-11,2001045
twitter,freelancers_ksa,عمل_حر,منصة خمسات أفضل للمبتدئين في العمل الحر,2026-03-11,2001055
twitter,mostaql_workers,عمل_حر,ضريبة القيمة المضافة على الفريلانس كيف تشتغل,2026-03-11,2001056
telegram,khamsat_ar,عمل_حر,التسويق الرقمي من أكثر التخصصات طلباً,2026-03-11,2001068
telegram,careem_drivers_sa,نقل,اقل شي ٤٥٠ واعلى شي ٥٥٠ خلال ١٢ ساعة على اوبر,2026-03-12,2000466
telegram,wasselni_drivers,نقل,اوبر زود على نسبة الالغاء وانا ما قدرت اوصل للعميل,2026-03-12,2000480
telegram,uber_ksa_drivers,نقل,وصلت ٥٠ رحلة هذا الأسبوع الحمد لله رب العالمين,2026-03-12,2000484
telegram,jeeny_ksa,نقل,التامين على السيارة غالي علينا الشركات مو مهتمة,2026-03-12,2000486
telegram,السائقين_السعوديين,نقل,جربت كابتن في جيني وجيت الرياض والشغل مثل الشرقية,2026-03-12,2000508
telegram,wasselni_drivers,نقل,اوبر زود على نسبة الالغاء وانا ما قدرت اوصل للعميل,2026-03-12,2000509
telegram,jeeny_ksa,نقل,اتمنى الجميع يركز نتحرك بشكل جماعي نرفع شكاوى لوزارة النقل,2026-03-12,2000539
telegram,wasselni_drivers,نقل,كيان وصليني تطبيقات واعدة بس تحتاج وقت,2026-03-12,2000562
twitter,Captains_saudi,نقل,عميل تقييمه منخفض لا تاخذ مرة,2026-03-12,2000627
telegram,Captains_saudi,نقل,ما يستاهل لا تعب ولا وقت المشوار بعيد والربح ضعيف,2026-03-12,2000645
twitter,careem_drivers_sa,نقل,كيان التطبيق جديد بس الطلبات وايد خير من اوبر,2026-03-12,2000649
telegram,HungerStation_drivers,توصيل,توصيل في الأمطار خطر بدون مكافأة من التطبيق,2026-03-12,2000710
telegram,delivery_ksa,توصيل,الطلبات الليلية تساوي ضعف النهارية في كيتا,2026-03-12,2000737
telegram,HungerStation_drivers,توصيل,سلام وصلت طلب وسلمته للعميل بيدي وبعد نص ساعة خصموا قيمة الطلب,2026-03-12,2000743
telegram,toYou_couriers,توصيل,جاهز أحسن من مرسول في التوزيع والسعر,2026-03-12,2000746
telegram,toYou_couriers,توصيل,مشكلة الباكدج الكبير ما يناسب الدراجة,2026-03-12,2000805
telegram,keeta_couriers,توصيل,الحين ١٤ طلب في كيتا وما طلعت ٢٠ ريال,2026-03-12,2000820
telegram,keeta_couriers,توصيل,كنت اشتغل مرسول زمان اطلع ٢٠٠ في اليوم على ٨ طلبات,2026-03-12,2000844
telegram,mrsool_delivery,توصيل,مرسول الطلبات فل بس عيبه اطلب اي شي روح بنفسك,2026-03-12,2000881
telegram,mrsool_delivery,توصيل,الطلبات في رمضان تجنن ٣ أضعاف العادي,2026-03-12,2000884
telegram,thechefs_ksa,توصيل,جدة من ٥ ايام ما في طلبات او طلبين بالكثير ايش المشكلة في كيتا,2026-03-12,2000885
telegram,delivery_ksa,توصيل,وصلت طلبات وطلعت ب١١٠ ريال لكن ليش ما اتضافت للسحب,2026-03-12,2000899
twitter,delivery_ksa,توصيل,والله اذا موترك ينفع في النقل الموجه افضل بمليون مرة,2026-03-12,2000915
telegram,keeta_couriers,توصيل,طلب وصل بارد لأن المطعم تأخر وراحت التقييم,2026-03-12,2000932
telegram,keeta_couriers,توصيل,ياشباب امس المغرب حولت مبلغ من كيتا ولحد الان ما وصلت,2026-03-12,2000934
telegram,toYou_couriers,توصيل,توصيل في الأمطار خطر بدون مكافأة من التطبيق,2026-03-12,2000953
twitter,mostaql_workers,عمل_حر,مشروع ترجمة بكم تقدر تقدم,2026-03-12,2000985
telegram,freelancers_ksa,عمل_حر,upwork أو مستقل أيهما أفضل للسعوديين,2026-03-12,2000993
telegram,mostaql_workers,عمل_حر,نبي حماية للفريلانسر من الزبون اللي ما يدفع,2026-03-12,2000995
telegram,freelancers_ksa,عمل_حر,بدأت فريلانس من بيتي والدخل تحسن الحمد لله,2026-03-12,2001030
telegram,khamsat_ar,عمل_حر,دخلي من البرمجة هذا الشهر ٧٠٠٠ ريال,2026-03-12,2001046
telegram,CreemUber,نقل,كيان التطبيق جديد بس الطلبات وايد خير من اوبر,2026-03-13,2000468
twitter,wasselni_drivers,نقل,رفضت رحلة بعيدة وخسرت bonus الاسبوع,2026-03-13,2000502
telegram,wasselni_drivers,نقل,وصليني مافيه طلبات كافية في منطقتي,2026-03-13,2000524
twitter,Captains_saudi,نقل,الزحمة في الرياض قاتلة والأرباح نازلة,2026-03-13,2000544
telegram,Captains_saudi,نقل,نبي نظام تأمين صحي للسائقين مثل الموظفين,2026-03-13,2000569
telegram,careem_drivers_sa,نقل,اوبر مادري كيف يفكرون جاني مشوار والطرق كلها مقفله,2026-03-13,2000625
telegram,CreemUber,نقل,كم متوسط دخل الكابتن في الرياض شهريًا حاليًا,2026-03-13,2000677
telegram,CreemUber,نقل,وصليني مافيه طلبات كافية في منطقتي,2026-03-13,2000684
telegram,HungerStation_drivers,توصيل,الطلبات الليلية تساوي ضعف النهارية في كيتا,2026-03-13,2000702
telegram,delivery_ksa,توصيل,والله كيتا صار يضحك علينا الطلبات وصلت الى ٦ ريال,2026-03-13,2000729
telegram,keeta_couriers,توصيل,كنت اشتغل مرسول زمان اطلع ٢٠٠ في اليوم على ٨ طلبات,2026-03-13,2000792
telegram,delivery_ksa,توصيل,مو محل وموظفين اغبياء هم الغلطانين مو المندوب,2026-03-13,2000809
telegram,keeta_couriers,توصيل,مرسول فتح تسجيل جديد للموصلين هذا الأسبوع,2026-03-13,2000818
twitter,HungerStation_drivers,توصيل,مرسول شغال زي لوز ما عده كيتا,2026-03-13,2000851
telegram,keeta_couriers,توصيل,هنقرستيشن يقولك رجع الطلب سوبر ماركت هنقرستيشن,2026-03-13,2000897
telegram,delivery_ksa,توصيل,مانبي نقطع رزق احد بس والله غبنه توقف عند المطاعم وتنتظر,2026-03-13,2000908
telegram,toYou_couriers,توصيل,يعطيكم العافيه يا شباب حولت مبلغ من كيتا ولحد الان ما وصلت,2026-03-13,2000956
telegram,khamsat_ar,عمل_حر,منصة خمسات أفضل للمبتدئين في العمل الحر,2026-03-13,2001024
twitter,mostaql_workers,عمل_حر,مشروع ترجمة بكم تقدر تقدم,2026-03-13,2001067
twitter,mostaql_workers,عمل_حر,كيف أحسن بروفايلي في مستقل وأحصل على عملاء,2026-03-13,2001082
telegram,uber_ksa_drivers,نقل,اليوم الأوردرات كانت ممتازة والبخشيش زين الحمد لله,2026-03-14,2000460
telegram,bolt_drivers_ksa,نقل,عميل تقييمه منخفض لا تاخذ مرة,2026-03-14,2000490
telegram,careem_drivers_sa,نقل,اقل شي ٤٥٠ واعلى شي ٥٥٠ خلال ١٢ ساعة على اوبر,2026-03-14,2000534
twitter,careem_drivers_sa,نقل,رفضت رحلة بعيدة وخسرت bonus الاسبوع,2026-03-14,2000622
twitter,السائقين_السعوديين,نقل,من حقك ترفض خدمته سيارتك وترفع بلاغ,2026-03-14,2000655
telegram,mrsool_delivery,توصيل,المخالفين موصلين ٣٠٠ وشوي الشهر اللي فات انا بقوة وصلت ٢٩٠,2026-03-14,2000695
telegram,toYou_couriers,توصيل,رحت محل اكل هندي وجبت طلب وشوربة واقعة جاني خصم ٥٠ ريال,2026-03-14,2000725
telegram,HungerStation_drivers,توصيل,طلب وصل بارد لأن المطعم تأخر وراحت التقييم,2026-03-14,2000763
telegram,mrsool_delivery,توصيل,مرسول رقم واحد بالتعويض يقولك توصل موقع العميل كلمنا,2026-03-14,2000817
telegram,jahez_couriers,توصيل,مانبي نقطع رزق احد بس والله غبنه توقف عند المطاعم وتنتظر,2026-03-14,2000828
twitter,mostaql_workers,عمل_حر,التسويق الرقمي من أكثر التخصصات طلباً,2026-03-14,2001051
telegram,khamsat_ar,عمل_حر,منصة خمسات أفضل للمبتدئين في العمل الحر,2026-03-14,2001054
telegram,khamsat_ar,عمل_حر,مشروع ترجمة بكم تقدر تقدم,2026-03-14,2001077
telegram,wasselni_drivers,نقل,أحسن أوقات الشغل الفطور والغداء والذروة المسائية,2026-03-15,2000430
telegram,uber_ksa_drivers,نقل,رفضت رحلة بعيدة وخسرت bonus الاسبوع,2026-03-15,2000457
telegram,CreemUber,نقل,اوبر زود على نسبة الالغاء وانا ما قدرت اوصل للعميل,2026-03-15,2000485
twitter,uber_ksa_drivers,نقل,اقل شي ٤٥٠ واعلى شي ٥٥٠ خلال ١٢ ساعة على اوبر,2026-03-15,2000493
telegram,wasselni_drivers,نقل,ذروة ب كاش مع نسبتهم تشوفه مبلغ كويس بس يجيك بمشوار واحد بطاقة,2026-03-15,2000499
telegram,kayan_ksa,نقل,بولت نسبة عالية خير ياطير اذا عوضنا,2026-03-15,2000511
telegram,bolt_drivers_ksa,نقل,نسبة اوبر في مشوار المطار وصلت ٧٥٪ اخذ من الزبون ٥٩ ريال عطاني ١٢ فقط,2026-03-15,2000512
telegram,uber_ksa_drivers,نقل,السكوت ماراح ينفع خلونا نتحرك بشكل منظم,2026-03-15,2000585
telegram,bolt_drivers_ksa,نقل,كيان وصليني تطبيقات واعدة بس تحتاج وقت,2026-03-15,2000594
twitter,uber_ksa_drivers,نقل,أوبر أفضل من بولت في توزيع الرحلات عندي,2026-03-15,2000605
telegram,Captains_saudi,نقل,من اشوف مشوار مو مناسب على طول ارفضه,2026-03-15,2000646
telegram,CreemUber,نقل,بعدها على بولت خلال ٦ ساعات ٢٠٠ ريال خلال ١٦ ساعة ٧٠٠ ريال ثابتة,2026-03-15,2000650
twitter,السائقين_السعوديين,نقل,محتاج سيارة جديدة السيارة الحالية تعبت من كثر الشغل,2026-03-15,2000672
telegram,mrsool_delivery,توصيل,مو محل وموظفين اغبياء هم الغلطانين مو المندوب,2026-03-15,2000686
twitter,toYou_couriers,توصيل,الدراجة تعطلت اليوم وخسرت شغل,2026-03-15,2000696
telegram,HungerStation_drivers,توصيل,كنت اشتغل مرسول زمان اطلع ٢٠٠ في اليوم على ٨ طلبات,2026-03-15,2000742
telegram,HungerStation_drivers,توصيل,الاسعار اختلفت بعد كثرة المنافسين ودخول كيتا بالاخص,2026-03-15,2000772
telegram,toYou_couriers,توصيل,امس وصلت طلب والعميل تأخر وراح عليي مكافأة موعد الوصول,2026-03-15,2000774
telegram,keeta_couriers,توصيل,خدمة العملاء في كيتا ما تفيد تقريباً,2026-03-15,2000780
telegram,delivery_ksa,توصيل,امس السحور ٩ ريال و ١٠ ريال من كيتا ليش ولا حق التعب,2026-03-15,2000807
telegram,HungerStation_drivers,توصيل,مانبي نقطع رزق احد بس والله غبنه توقف عند المطاعم وتنتظر,2026-03-15,2000815
telegram,delivery_ksa,توصيل,سلام وصلت طلب وسلمته للعميل بيدي وبعد نص ساعة خصموا قيمة الطلب,2026-03-15,2000838
telegram,mrsool_delivery,توصيل,المخالفين موصلين ٣٠٠ وشوي الشهر اللي فات انا بقوة وصلت ٢٩٠,2026-03-15,2000857
telegram,jahez_couriers,توصيل,الاسعار اختلفت بعد كثرة المنافسين ودخول كيتا بالاخص,2026-03-15,2000900
telegram,mrsool_delivery,توصيل,امس وصلت طلب والعميل تأخر وراح عليي مكافأة موعد الوصول,2026-03-15,2000919
telegram,delivery_ksa,توصيل,طلب وصل بارد لأن المطعم تأخر وراحت التقييم,2026-03-15,2000948
twitter,toYou_couriers,توصيل,وصلت ٢٠٠ طلب هذا الشهر الحمد لله,2026-03-15,2000949
twitter,freelancers_ksa,عمل_حر,التسويق الرقمي من أكثر التخصصات طلباً,2026-03-15,2001070
twitter,wasselni_drivers,نقل,نبي نظام تأمين صحي للسائقين مثل الموظفين,2026-03-16,2000439
telegram,CreemUber,نقل,نبي نظام تأمين صحي للسائقين مثل الموظفين,2026-03-16,2000458
twitter,uber_ksa_drivers,نقل,السائقين الأجانب يزاحمون على الرحلات في كريم,2026-03-16,2000525
telegram,jeeny_ksa,نقل,متوسط دخلي اليوم ١٨٠ ريال بعد البنزين,2026-03-16,2000618
telegram,thechefs_ksa,توصيل,امس وصلت طلب والعميل تأخر وراح عليي مكافأة موعد الوصول,2026-03-16,2000693
telegram,thechefs_ksa,توصيل,والله اذا موترك ينفع في النقل الموجه افضل بمليون مرة,2026-03-16,2000699
telegram,keeta_couriers,توصيل,يعطيكم العافيه يا شباب حولت مبلغ من كيتا ولحد الان ما وصلت,2026-03-16,2000712
telegram,delivery_ksa,توصيل,مشوار ابو ٢٠ زمان في كيتا الحين ب٩,2026-03-16,2000718
twitter,toYou_couriers,توصيل,كيتا الحين يقولك توصل الطلب وعشان تبلغ تأخير المطعم تنتظر,2026-03-16,2000752
telegram,jahez_couriers,توصيل,مشكلة الباكدج الكبير ما يناسب الدراجة,2026-03-16,2000756
twitter,jahez_couriers,توصيل,الدراجة تعطلت اليوم وخسرت شغل,2026-03-16,2000776
telegram,delivery_ksa,توصيل,هنجرستين وكيتا حاليًا جاهز ومرسول وذا شيفز بس اقل في الطلبات,2026-03-16,2000856
twitter,mrsool_delivery,توصيل,مانبي نقطع رزق احد بس والله غبنه توقف عند المطاعم وتنتظر,2026-03-16,2000909
twitter,mrsool_delivery,توصيل,المندوب المخالف يأكل حرام رزق شخص نظامي,2026-03-16,2000916
telegram,toYou_couriers,توصيل,مانبي نقطع رزق احد بس والله غبنه توقف عند المطاعم وتنتظر,2026-03-16,2000918
telegram,toYou_couriers,توصيل,مشوار ابو ٢٠ زمان في كيتا الحين ب٩,2026-03-16,2000922
telegram,jahez_couriers,توصيل,وصلت ٢٠٠ طلب هذا الشهر الحمد لله,2026-03-16,2000927
telegram,delivery_ksa,توصيل,مرسول رقم واحد بالتعويض يقولك توصل موقع العميل كلمنا,2026-03-16,2000961
telegram,khamsat_ar,عمل_حر,أكملت مشروع تصميم بـ ٨٠٠ ريال في مستقل,2026-03-16,2000977
twitter,mostaql_workers,عمل_حر,نبي حماية للفريلانسر من الزبون اللي ما يدفع,2026-03-16,2000979
telegram,khamsat_ar,عمل_حر,أكملت مشروع تصميم بـ ٨٠٠ ريال في مستقل,2026-03-16,2000994
telegram,freelancers_ksa,عمل_حر,ضريبة القيمة المضافة على الفريلانس كيف تشتغل,2026-03-16,2001066
telegram,jeeny_ksa,نقل,اوبر زود على نسبة الالغاء وانا ما قدرت اوصل للعميل,2026-03-17,2000443
telegram,wasselni_drivers,نقل,اوبر زود على نسبة الالغاء وانا ما قدرت اوصل للعميل,2026-03-17,2000465
telegram,careem_drivers_sa,نقل,ودي اشتغل ف بولت بجانب اوبر ممكن؟,2026-03-17,2000507
telegram,wasselni_drivers,نقل,أوبر أفضل من بولت في توزيع الرحلات عندي,2026-03-17,2000520
twitter,jeeny_ksa,نقل,العمل في المطارات أحسن من الشوارع الربح افضل,2026-03-17,2000545
twitter,uber_ksa_drivers,نقل,بولت انا مااوثق في اي زبون يقولي بحولك مابحولك,2026-03-17,2000667
twitter,keeta_couriers,توصيل,امس وصلت طلب والعميل تأخر وراح عليي مكافأة موعد الوصول,2026-03-17,2000692
telegram,thechefs_ksa,توصيل,طلب وصل بارد لأن المطعم تأخر وراحت التقييم,2026-03-17,2000701
twitter,delivery_ksa,توصيل,مانبي نقطع رزق احد بس والله غبنه توقف عند المطاعم وتنتظر,2026-03-17,2000706
twitter,jahez_couriers,توصيل,هنجرستين وكيتا حاليًا جاهز ومرسول وذا شيفز بس اقل في الطلبات,2026-03-17,2000713
telegram,HungerStation_drivers,توصيل,الحين ١٤ طلب في كيتا وما طلعت ٢٠ ريال,2026-03-17,2000723
telegram,thechefs_ksa,توصيل,كيتا الحين يقولك توصل الطلب وعشان تبلغ تأخير المطعم تنتظر,2026-03-17,2000728
telegram,toYou_couriers,توصيل,امس السحور ٩ ريال و ١٠ ريال من كيتا ليش ولا حق التعب,2026-03-17,2000755
twitter,thechefs_ksa,توصيل,الدراجة تعطلت اليوم وخسرت شغل,2026-03-17,2000775
telegram,mrsool_delivery,توصيل,وصلت طلبات وطلعت ب١١٠ ريال لكن ليش ما اتضافت للسحب,2026-03-17,2000810
telegram,jahez_couriers,توصيل,طلب وصل بارد لأن المطعم تأخر وراحت التقييم,2026-03-17,2000872
telegram,delivery_ksa,توصيل,مشوار ابو ٢٠ زمان في كيتا الحين ب٩,2026-03-17,2000874
telegram,mrsool_delivery,توصيل,جدة من ٥ ايام ما في طلبات او طلبين بالكثير ايش المشكلة في كيتا,2026-03-17,2000901
telegram,mrsool_delivery,توصيل,مرسول شغال زي لوز ما عده كيتا,2026-03-17,2000946
telegram,khamsat_ar,عمل_حر,دخلي من البرمجة هذا الشهر ٧٠٠٠ ريال,2026-03-17,2000988
telegram,mostaql_workers,عمل_حر,منصة خمسات أفضل للمبتدئين في العمل الحر,2026-03-17,2001022
twitter,mostaql_workers,عمل_حر,كيف أحسن بروفايلي في مستقل وأحصل على عملاء,2026-03-17,2001042
telegram,bolt_drivers_ksa,نقل,جربت كابتن في جيني وجيت الرياض والشغل مثل الشرقية,2026-03-18,2000454
telegram,kayan_ksa,نقل,ذروة ب كاش مع نسبتهم تشوفه مبلغ كويس بس يجيك بمشوار واحد بطاقة,2026-03-18,2000456
telegram,wasselni_drivers,نقل,أحسن أوقات الشغل الفطور والغداء والذروة المسائية,2026-03-18,2000589
twitter,السائقين_السعوديين,نقل,بعدها على بولت خلال ٦ ساعات ٢٠٠ ريال خلال ١٦ ساعة ٧٠٠ ريال ثابتة,2026-03-18,2000624
telegram,CreemUber,نقل,وصلت ٥٠ رحلة هذا الأسبوع الحمد لله رب العالمين,2026-03-18,2000657
telegram,keeta_couriers,توصيل,سلام وصلت طلب وسلمته للعميل بيدي وبعد نص ساعة خصموا قيمة الطلب,2026-03-18,2000698
telegram,jahez_couriers,توصيل,الطلبات الليلية تساوي ضعف النهارية في كيتا,2026-03-18,2000769
telegram,thechefs_ksa,توصيل,رحت محل اكل هندي وجبت طلب وشوربة واقعة جاني خصم ٥٠ ريال,2026-03-18,2000784
twitter,keeta_couriers,توصيل,الاسعار اختلفت بعد كثرة المنافسين ودخول كيتا بالاخص,2026-03-18,2000785
telegram,keeta_couriers,توصيل,المخالفين موصلين ٣٠٠ وشوي الشهر اللي فات انا بقوة وصلت ٢٩٠,2026-03-18,2000812
twitter,toYou_couriers,توصيل,ذا شيفز الطلبات كثيرة بس المنطقة محدودة حتى الآن,2026-03-18,2000843
twitter,keeta_couriers,توصيل,مشوار ابو ٢٠ زمان في كيتا الحين ب٩,2026-03-18,2000873
telegram,mrsool_delivery,توصيل,ياخوان الطلبات وقفت عندي من ساعة م جاني ولا طلب,2026-03-18,2000907
telegram,mrsool_delivery,توصيل,مشكلة الباكدج الكبير ما يناسب الدراجة,2026-03-18,2000928
telegram,khamsat_ar,عمل_حر,منصة خمسات أفضل للمبتدئين في العمل الحر,2026-03-18,2000982
telegram,khamsat_ar,عمل_حر,التسويق الرقمي من أكثر التخصصات طلباً,2026-03-18,2000983
twitter,khamsat_ar,عمل_حر,الزبائن الخليجيين يدفعون أحسن من العرب,2026-03-18,2001000
twitter,mostaql_workers,عمل_حر,التسويق الرقمي من أكثر التخصصات طلباً,2026-03-18,2001003
telegram,mostaql_workers,عمل_حر,بدأت فريلانس من بيتي والدخل تحسن الحمد لله,2026-03-18,2001006
telegram,freelancers_ksa,عمل_حر,منصة خمسات أفضل للمبتدئين في العمل الحر,2026-03-18,2001020
telegram,mostaql_workers,عمل_حر,التسويق الرقمي من أكثر التخصصات طلباً,2026-03-18,2001043
telegram,mostaql_workers,عمل_حر,التسويق الرقمي من أكثر التخصصات طلباً,2026-03-18,2001071
twitter,freelancers_ksa,عمل_حر,الفريلانس في السعودية بدأ ينمو بشكل كبير,2026-03-18,2001087
telegram,freelancers_ksa,عمل_حر,أكملت مشروع تصميم بـ ٨٠٠ ريال في مستقل,2026-03-18,2001090
telegram,wasselni_drivers,نقل,السائق هو الي يتعب ولابد تكون نسبة اوبر لها حد اعلى ٢٠ ريال,2026-03-19,2000474
telegram,uber_ksa_drivers,نقل,وصلت واحد المطار وكان مصري وحك الصدام من السيارة,2026-03-19,2000488
telegram,careem_drivers_sa,نقل,وصلت واحد المطار وكان مصري وحك الصدام من السيارة,2026-03-19,2000517
telegram,السائقين_السعوديين,نقل,بولت انا مااوثق في اي زبون يقولي بحولك مابحولك,2026-03-19,2000531
telegram,jeeny_ksa,نقل,رفضت رحلة بعيدة وخسرت bonus الاسبوع,2026-03-19,2000532
telegram,CreemUber,نقل,وصليني مافيه طلبات كافية في منطقتي,2026-03-19,2000591
twitter,careem_drivers_sa,نقل,اتمنى الجميع يركز نتحرك بشكل جماعي نرفع شكاوى لوزارة النقل,2026-03-19,2000603
telegram,Captains_saudi,نقل,الذروة في كريم حمراء والطلبات ورا بعض بالمدينة,2026-03-19,2000615
telegram,uber_ksa_drivers,نقل,وصليني مافيه طلبات كافية في منطقتي,2026-03-19,2000629
telegram,wasselni_drivers,نقل,نسبة اوبر في مشوار المطار وصلت ٧٥٪ اخذ من الزبون ٥٩ ريال عطاني ١٢ فقط,2026-03-19,2000666
telegram,السائقين_السعوديين,نقل,من اشوف مشوار مو مناسب على طول ارفضه,2026-03-19,2000674
telegram,mrsool_delivery,توصيل,ياخوان الطلبات وقفت عندي من ساعة م جاني ولا طلب,2026-03-19,2000689
twitter,mrsool_delivery,توصيل,كيتا يلعبون على المندوب عشان يخصمون مكافأة التوصيل في الوقت,2026-03-19,2000704
telegram,toYou_couriers,توصيل,مو محل وموظفين اغبياء هم الغلطانين مو المندوب,2026-03-19,2000853
telegram,mrsool_delivery,توصيل,يعطيكم العافيه يا شباب حولت مبلغ من كيتا ولحد الان ما وصلت,2026-03-19,2000854
telegram,keeta_couriers,توصيل,الطلبات في رمضان تجنن ٣ أضعاف العادي,2026-03-19,2000876
telegram,jahez_couriers,توصيل,واحد طالب ٣ ماء من كودو المهم يرسل يقول كنسل,2026-03-19,2000937
telegram,freelancers_ksa,عمل_حر,مشروع ترجمة بكم تقدر تقدم,2026-03-19,2001013
telegram,mostaql_workers,عمل_حر,أكملت مشروع تصميم بـ ٨٠٠ ريال في مستقل,2026-03-19,2001015
twitter,khamsat_ar,عمل_حر,الفريلانس في السعودية بدأ ينمو بشكل كبير,2026-03-19,2001026
telegram,freelancers_ksa,عمل_حر,كيف أحسن بروفايلي في مستقل وأحصل على عملاء,2026-03-19,2001088
telegram,bolt_drivers_ksa,نقل,جربت كابتن في جيني وجيت الرياض والشغل مثل الشرقية,2026-03-20,2000436
twitter,CreemUber,نقل,والله زمان كان فيها خير اما الان مو المستفيد الا التطبيق,2026-03-20,2000538
telegram,CreemUber,نقل,اقل شي ٤٥٠ واعلى شي ٥٥٠ خلال ١٢ ساعة على اوبر,2026-03-20,2000566
telegram,kayan_ksa,نقل,محتاج سيارة جديدة السيارة الحالية تعبت من كثر الشغل,2026-03-20,2000620
telegram,uber_ksa_drivers,نقل,جيني بدأ ينافس لكن ما زال الطلبات أقل,2026-03-20,2000653
telegram,thechefs_ksa,توصيل,مرسول رقم واحد بالتعويض يقولك توصل موقع العميل كلمنا,2026-03-20,2000730
twitter,HungerStation_drivers,توصيل,خدمة العملاء في كيتا ما تفيد تقريباً,2026-03-20,2000734
twitter,keeta_couriers,توصيل,هنجرستين وكيتا حاليًا جاهز ومرسول وذا شيفز بس اقل في الطلبات,2026-03-20,2000751
twitter,toYou_couriers,توصيل,المخالفين موصلين ٣٠٠ وشوي الشهر اللي فات انا بقوة وصلت ٢٩٠,2026-03-20,2000771
twitter,toYou_couriers,توصيل,طلب وصل بارد لأن المطعم تأخر وراحت التقييم,2026-03-20,2000778
telegram,jahez_couriers,توصيل,مشكلة الباكدج الكبير ما يناسب الدراجة,2026-03-20,2000791
twitter,toYou_couriers,توصيل,المندوب المخالف يأكل حرام رزق شخص نظامي,2026-03-20,2000821
telegram,keeta_couriers,توصيل,امس وصلت طلب والعميل تأخر وراح عليي مكافأة موعد الوصول,2026-03-20,2000895
telegram,jahez_couriers,توصيل,والله اذا موترك ينفع في النقل الموجه افضل بمليون مرة,2026-03-20,2000921
telegram,khamsat_ar,عمل_حر,upwork أو مستقل أيهما أفضل للسعوديين,2026-03-20,2001089
twitter,jeeny_ksa,نقل,كيان التطبيق جديد بس الطلبات وايد خير من اوبر,2026-03-21,2000504
twitter,wasselni_drivers,نقل,ما يستاهل لا تعب ولا وقت المشوار بعيد والربح ضعيف,2026-03-21,2000505
twitter,السائقين_السعوديين,نقل,الزحمة في الرياض قاتلة والأرباح نازلة,2026-03-21,2000547
twitter,wasselni_drivers,نقل,اوبر زود على نسبة الالغاء وانا ما قدرت اوصل للعميل,2026-03-21,2000555
twitter,careem_drivers_sa,نقل,ذروة ب كاش مع نسبتهم تشوفه مبلغ كويس بس يجيك بمشوار واحد بطاقة,2026-03-21,2000568
telegram,HungerStation_drivers,توصيل,ياشباب امس المغرب حولت مبلغ من كيتا ولحد الان ما وصلت,2026-03-21,2000716
twitter,toYou_couriers,توصيل,امس وصلت طلب والعميل تأخر وراح عليي مكافأة موعد الوصول,2026-03-21,2000719
telegram,keeta_couriers,توصيل,والله كيتا صار يضحك علينا الطلبات وصلت الى ٦ ريال,2026-03-21,2000748
telegram,toYou_couriers,توصيل,ياشباب امس المغرب حولت مبلغ من كيتا ولحد الان ما وصلت,2026-03-21,2000760
telegram,HungerStation_drivers,توصيل,كيتا يلعبون على المندوب عشان يخصمون مكافأة التوصيل في الوقت,2026-03-21,2000765
telegram,mrsool_delivery,توصيل,رحت محل اكل هندي وجبت طلب وشوربة واقعة جاني خصم ٥٠ ريال,2026-03-21,2000782
telegram,jahez_couriers,توصيل,مرسول رقم واحد بالتعويض يقولك توصل موقع العميل كلمنا,2026-03-21,2000814
telegram,mrsool_delivery,توصيل,سلام وصلت طلب وسلمته للعميل بيدي وبعد نص ساعة خصموا قيمة الطلب,2026-03-21,2000831
telegram,HungerStation_drivers,توصيل,ذا شيفز تعاملهم مع المناديب أحسن من كيتا,2026-03-21,2000862
telegram,thechefs_ksa,توصيل,كنت اشتغل مرسول زمان اطلع ٢٠٠ في اليوم على ٨ طلبات,2026-03-21,2000864
telegram,keeta_couriers,توصيل,وصلت ٢٠٠ طلب هذا الشهر الحمد لله,2026-03-21,2000893
telegram,thechefs_ksa,توصيل,مو محل وموظفين اغبياء هم الغلطانين مو المندوب,2026-03-21,2000939
twitter,toYou_couriers,توصيل,ذا شيفز يدفع بشكل منتظم بخلاف كيتا,2026-03-21,2000950
telegram,freelancers_ksa,عمل_حر,بدأت فريلانس من بيتي والدخل تحسن الحمد لله,2026-03-21,2001069
telegram,khamsat_ar,عمل_حر,الزبون ما دفع بعد تسليم العمل كيف أتصرف,2026-03-21,2001079
twitter,khamsat_ar,عمل_حر,كيف أحسن بروفايلي في مستقل وأحصل على عملاء,2026-03-21,2001091
telegram,CreemUber,نقل,السائقين الأجانب يزاحمون على الرحلات في كريم,2026-03-22,2000437
telegram,CreemUber,نقل,اوبر زود على نسبة الالغاء وانا ما قدرت اوصل للعميل,2026-03-22,2000467
twitter,CreemUber,نقل,متوسط دخلي اليوم ١٨٠ ريال بعد البنزين,2026-03-22,2000473
twitter,kayan_ksa,نقل,متوسط دخلي اليوم ١٨٠ ريال بعد البنزين,2026-03-22,2000498
telegram,Captains_saudi,نقل,جيني وصليني الاسعار خايسه جدا يعني الكيلو اقل من ريال,2026-03-22,2000563
telegram,CreemUber,نقل,جيني وصليني الاسعار خايسه جدا يعني الكيلو اقل من ريال,2026-03-22,2000580
twitter,CreemUber,نقل,أحسن أوقات الشغل الفطور والغداء والذروة المسائية,2026-03-22,2000628
telegram,wasselni_drivers,نقل,والله زمان كان فيها خير اما الان مو المستفيد الا التطبيق,2026-03-22,2000656
telegram,careem_drivers_sa,نقل,السائقين الأجانب يزاحمون على الرحلات في كريم,2026-03-22,2000664
telegram,keeta_couriers,توصيل,رحت محل اكل هندي وجبت طلب وشوربة واقعة جاني خصم ٥٠ ريال,2026-03-22,2000705
telegram,thechefs_ksa,توصيل,مشوار ابو ٢٠ زمان في كيتا الحين ب٩,2026-03-22,2000786
telegram,jahez_couriers,توصيل,كنت اشتغل مرسول زمان اطلع ٢٠٠ في اليوم على ٨ طلبات,2026-03-22,2000788
telegram,thechefs_ksa,توصيل,كنت اشتغل مرسول زمان اطلع ٢٠٠ في اليوم على ٨ طلبات,2026-03-22,2000789
telegram,HungerStation_drivers,توصيل,وصلت طلبات وطلعت ب١١٠ ريال لكن ليش ما اتضافت للسحب,2026-03-22,2000833
telegram,toYou_couriers,توصيل,رحت محل اكل هندي وجبت طلب وشوربة واقعة جاني خصم ٥٠ ريال,2026-03-22,2000848
telegram,HungerStation_drivers,توصيل,توصيل في الأمطار خطر بدون مكافأة من التطبيق,2026-03-22,2000859
telegram,keeta_couriers,توصيل,الاسعار اختلفت بعد كثرة المنافسين ودخول كيتا بالاخص,2026-03-22,2000860
telegram,mrsool_delivery,توصيل,وصلت ٢٠٠ طلب هذا الشهر الحمد لله,2026-03-22,2000906
telegram,mostaql_workers,عمل_حر,الزبائن الخليجيين يدفعون أحسن من العرب,2026-03-22,2000970
twitter,mostaql_workers,عمل_حر,أكملت مشروع تصميم بـ ٨٠٠ ريال في مستقل,2026-03-22,2000992
twitter,khamsat_ar,عمل_حر,مشروع ترجمة بكم تقدر تقدم,2026-03-22,2000999
telegram,freelancers_ksa,عمل_حر,منصة خمسات أفضل للمبتدئين في العمل الحر,2026-03-22,2001001
twitter,mostaql_workers,عمل_حر,الزبون ما دفع بعد تسليم العمل كيف أتصرف,2026-03-22,2001040
telegram,careem_drivers_sa,نقل,السائقين الأجانب يزاحمون على الرحلات في كريم,2026-03-23,2000449
telegram,CreemUber,نقل,أحسن أوقات الشغل الفطور والغداء والذروة المسائية,2026-03-23,2000529
telegram,wasselni_drivers,نقل,كيان التطبيق جديد بس الطلبات وايد خير من اوبر,2026-03-23,2000537
telegram,jeeny_ksa,نقل,عميل تقييمه منخفض لا تاخذ مرة,2026-03-23,2000542
telegram,uber_ksa_drivers,نقل,أوبر أفضل من بولت في توزيع الرحلات عندي,2026-03-23,2000556
telegram,careem_drivers_sa,نقل,اوبر زود على نسبة الالغاء وانا ما قدرت اوصل للعميل,2026-03-23,2000578
twitter,السائقين_السعوديين,نقل,نبي نظام تأمين صحي للسائقين مثل الموظفين,2026-03-23,2000581
twitter,السائقين_السعوديين,نقل,محتاج سيارة جديدة السيارة الحالية تعبت من كثر الشغل,2026-03-23,2000600
twitter,Captains_saudi,نقل,أوبر أفضل من بولت في توزيع الرحلات عندي,2026-03-23,2000601
twitter,careem_drivers_sa,نقل,أوبر أفضل من بولت في توزيع الرحلات عندي,2026-03-23,2000640
telegram,HungerStation_drivers,توصيل,كيتا يلعبون على المندوب عشان يخصمون مكافأة التوصيل في الوقت,2026-03-23,2000767
telegram,toYou_couriers,توصيل,مرسول شغال زي لوز ما عده كيتا,2026-03-23,2000793
telegram,HungerStation_drivers,توصيل,وصلت ٢٠٠ طلب هذا الشهر الحمد لله,2026-03-23,2000879
telegram,keeta_couriers,توصيل,امس وصلت طلب والعميل تأخر وراح عليي مكافأة موعد الوصول,2026-03-23,2000888
twitter,thechefs_ksa,توصيل,مانبي نقطع رزق احد بس والله غبنه توقف عند المطاعم وتنتظر,2026-03-23,2000892
telegram,thechefs_ksa,توصيل,ذا شيفز الطلبات كثيرة بس المنطقة محدودة حتى الآن,2026-03-23,2000965
twitter,freelancers_ksa,عمل_حر,منصة خمسات أفضل للمبتدئين في العمل الحر,2026-03-23,2000976
telegram,freelancers_ksa,عمل_حر,مشروع ترجمة بكم تقدر تقدم,2026-03-23,2000996
telegram,khamsat_ar,عمل_حر,التسويق الرقمي من أكثر التخصصات طلباً,2026-03-23,2001037
telegram,khamsat_ar,عمل_حر,بدأت فريلانس من بيتي والدخل تحسن الحمد لله,2026-03-23,2001061
twitter,mostaql_workers,عمل_حر,بدأت فريلانس من بيتي والدخل تحسن الحمد لله,2026-03-23,2001062
twitter,khamsat_ar,عمل_حر,منصة خمسات أفضل للمبتدئين في العمل الحر,2026-03-23,2001081
telegram,careem_drivers_sa,نقل,إلى متى يا اوبر نسبة عالية وفوق هذا تسعيرة زي وجهك,2026-03-24,2000434
telegram,wasselni_drivers,نقل,وصليني مافيه طلبات كافية في منطقتي,2026-03-24,2000463
telegram,careem_drivers_sa,نقل,السائق هو الي يتعب ولابد تكون نسبة اوبر لها حد اعلى ٢٠ ريال,2026-03-24,2000477
telegram,kayan_ksa,نقل,بولت نسبة عالية خير ياطير اذا عوضنا,2026-03-24,2000491
twitter,jeeny_ksa,نقل,وصلت ٥٠ رحلة هذا الأسبوع الحمد لله رب العالمين,2026-03-24,2000583
twitter,CreemUber,نقل,عميل تقييمه منخفض لا تاخذ مرة,2026-03-24,2000587
telegram,uber_ksa_drivers,نقل,بولت انا مااوثق في اي زبون يقولي بحولك مابحولك,2026-03-24,2000612
twitter,kayan_ksa,نقل,التامين على السيارة غالي علينا الشركات مو مهتمة,2026-03-24,2000648
twitter,jeeny_ksa,نقل,جيني بدأ ينافس لكن ما زال الطلبات أقل,2026-03-24,2000652
telegram,kayan_ksa,نقل,متوسط دخلي اليوم ١٨٠ ريال بعد البنزين,2026-03-24,2000681
telegram,HungerStation_drivers,توصيل,الطلبات الليلية تساوي ضعف النهارية في كيتا,2026-03-24,2000735
twitter,mrsool_delivery,توصيل,ذا شيفز الطلبات كثيرة بس المنطقة محدودة حتى الآن,2026-03-24,2000823
twitter,keeta_couriers,توصيل,مرسول رقم واحد بالتعويض يقولك توصل موقع العميل كلمنا,2026-03-24,2000841
telegram,delivery_ksa,توصيل,هنقرستيشن يقولك رجع الطلب سوبر ماركت هنقرستيشن,2026-03-24,2000868
telegram,jahez_couriers,توصيل,سلام وصلت طلب وسلمته للعميل بيدي وبعد نص ساعة خصموا قيمة الطلب,2026-03-24,2000886
telegram,delivery_ksa,توصيل,كنت اشتغل مرسول زمان اطلع ٢٠٠ في اليوم على ٨ طلبات,2026-03-24,2000891
telegram,delivery_ksa,توصيل,مرسول الطلبات فل بس عيبه اطلب اي شي روح بنفسك,2026-03-24,2000931
telegram,jahez_couriers,توصيل,مرسول رقم واحد بالتعويض يقولك توصل موقع العميل كلمنا,2026-03-24,2000940
telegram,toYou_couriers,توصيل,المخالفين موصلين ٣٠٠ وشوي الشهر اللي فات انا بقوة وصلت ٢٩٠,2026-03-24,2000963
telegram,freelancers_ksa,عمل_حر,التسويق الرقمي من أكثر التخصصات طلباً,2026-03-24,2000969
telegram,khamsat_ar,عمل_حر,بدأت فريلانس من بيتي والدخل تحسن الحمد لله,2026-03-24,2000981
telegram,freelancers_ksa,عمل_حر,نبي حماية للفريلانسر من الزبون اللي ما يدفع,2026-03-24,2001016
twitter,bolt_drivers_ksa,نقل,جربت كابتن في جيني وجيت الرياض والشغل مثل الشرقية,2026-03-25,2000441
telegram,jeeny_ksa,نقل,محتاج سيارة جديدة السيارة الحالية تعبت من كثر الشغل,2026-03-25,2000452
telegram,Captains_saudi,نقل,اوبر زود على نسبة الالغاء وانا ما قدرت اوصل للعميل,2026-03-25,2000481
telegram,Captains_saudi,نقل,رفضت رحلة بعيدة وخسرت bonus الاسبوع,2026-03-25,2000518
telegram,bolt_drivers_ksa,نقل,محتاج سيارة جديدة السيارة الحالية تعبت من كثر الشغل,2026-03-25,2000543
telegram,wasselni_drivers,نقل,بعدها على بولت خلال ٦ ساعات ٢٠٠ ريال خلال ١٦ ساعة ٧٠٠ ريال ثابتة,2026-03-25,2000564
telegram,wasselni_drivers,نقل,اوبر مادري كيف يفكرون جاني مشوار والطرق كلها مقفله,2026-03-25,2000596
twitter,keeta_couriers,توصيل,ياخوان الطلبات وقفت عندي من ساعة م جاني ولا طلب,2026-03-25,2000708
telegram,HungerStation_drivers,توصيل,امس السحور ٩ ريال و ١٠ ريال من كيتا ليش ولا حق التعب,2026-03-25,2000721
twitter,toYou_couriers,توصيل,مرسول رقم واحد بالتعويض يقولك توصل موقع العميل كلمنا,2026-03-25,2000726
telegram,keeta_couriers,توصيل,واحد طالب ٣ ماء من كودو المهم يرسل يقول كنسل,2026-03-25,2000754
telegram,thechefs_ksa,توصيل,وصلت طلبات وطلعت ب١١٠ ريال لكن ليش ما اتضافت للسحب,2026-03-25,2000796
telegram,delivery_ksa,توصيل,الطلبات في رمضان تجنن ٣ أضعاف العادي,2026-03-25,2000847
telegram,toYou_couriers,توصيل,مانبي نقطع رزق احد بس والله غبنه توقف عند المطاعم وتنتظر,2026-03-25,2000883
telegram,toYou_couriers,توصيل,الدراجة تعطلت اليوم وخسرت شغل,2026-03-25,2000904
twitter,mostaql_workers,عمل_حر,الفريلانس في السعودية بدأ ينمو بشكل كبير,2026-03-25,2000968
telegram,freelancers_ksa,عمل_حر,الزبائن الخليجيين يدفعون أحسن من العرب,2026-03-25,2001019
telegram,mostaql_workers,عمل_حر,upwork أو مستقل أيهما أفضل للسعوديين,2026-03-25,2001025
telegram,freelancers_ksa,عمل_حر,الفريلانس في السعودية بدأ ينمو بشكل كبير,2026-03-25,2001032
twitter,freelancers_ksa,عمل_حر,مشروع ترجمة بكم تقدر تقدم,2026-03-25,2001036
telegram,khamsat_ar,عمل_حر,كيف أحسن بروفايلي في مستقل وأحصل على عملاء,2026-03-25,2001059
telegram,mostaql_workers,عمل_حر,ضريبة القيمة المضافة على الفريلانس كيف تشتغل,2026-03-25,2001072
twitter,freelancers_ksa,عمل_حر,ضريبة القيمة المضافة على الفريلانس كيف تشتغل,2026-03-25,2001076
telegram,khamsat_ar,عمل_حر,نبي حماية للفريلانسر من الزبون اللي ما يدفع,2026-03-25,2001084
twitter,CreemUber,نقل,عميل تقييمه منخفض لا تاخذ مرة,2026-03-26,2000432
telegram,wasselni_drivers,نقل,السائقين الأجانب يزاحمون على الرحلات في كريم,2026-03-26,2000442
telegram,careem_drivers_sa,نقل,كم متوسط دخل الكابتن في الرياض شهريًا حاليًا,2026-03-26,2000446
telegram,wasselni_drivers,نقل,السكوت ماراح ينفع خلونا نتحرك بشكل منظم,2026-03-26,2000496
twitter,kayan_ksa,نقل,أوبر أفضل من بولت في توزيع الرحلات عندي,2026-03-26,2000501
twitter,Captains_saudi,نقل,كيان التطبيق جديد بس الطلبات وايد خير من اوبر,2026-03-26,2000513
telegram,careem_drivers_sa,نقل,السائقين الأجانب يزاحمون على الرحلات في كريم,2026-03-26,2000565
telegram,uber_ksa_drivers,نقل,وصلت واحد المطار وكان مصري وحك الصدام من السيارة,2026-03-26,2000582
twitter,jeeny_ksa,نقل,كم متوسط دخل الكابتن في الرياض شهريًا حاليًا,2026-03-26,2000623
telegram,uber_ksa_drivers,نقل,السائقين الأجانب يزاحمون على الرحلات في كريم,2026-03-26,2000639
telegram,wasselni_drivers,نقل,الذروة في كريم حمراء والطلبات ورا بعض بالمدينة,2026-03-26,2000669
telegram,toYou_couriers,توصيل,رحت محل اكل هندي وجبت طلب وشوربة واقعة جاني خصم ٥٠ ريال,2026-03-26,2000750
twitter,toYou_couriers,توصيل,مرسول شغال زي لوز ما عده كيتا,2026-03-26,2000761
telegram,jahez_couriers,توصيل,والله كيتا صار يضحك علينا الطلبات وصلت الى ٦ ريال,2026-03-26,2000787
telegram,jahez_couriers,توصيل,مرسول الطلبات فل بس عيبه اطلب اي شي روح بنفسك,2026-03-26,2000816
telegram,delivery_ksa,توصيل,مشوار ابو ٢٠ زمان في كيتا الحين ب٩,2026-03-26,2000889
twitter,thechefs_ksa,توصيل,الطلبات في رمضان تجنن ٣ أضعاف العادي,2026-03-26,2000902
telegram,delivery_ksa,توصيل,مشوار ابو ٢٠ زمان في كيتا الحين ب٩,2026-03-26,2000955
telegram,keeta_couriers,توصيل,ذا شيفز يدفع بشكل منتظم بخلاف كيتا,2026-03-26,2000958
twitter,jahez_couriers,توصيل,هنجرستين وكيتا حاليًا جاهز ومرسول وذا شيفز بس اقل في الطلبات,2026-03-26,2000959
telegram,khamsat_ar,عمل_حر,منصة خمسات أفضل للمبتدئين في العمل الحر,2026-03-26,2001002
twitter,freelancers_ksa,عمل_حر,التسويق الرقمي من أكثر التخصصات طلباً,2026-03-26,2001047
telegram,السائقين_السعوديين,نقل,متوسط دخلي اليوم ١٨٠ ريال بعد البنزين,2026-03-27,2000533
telegram,kayan_ksa,نقل,ما يستاهل لا تعب ولا وقت المشوار بعيد والربح ضعيف,2026-03-27,2000549
twitter,kayan_ksa,نقل,السائقين الأجانب يزاحمون على الرحلات في كريم,2026-03-27,2000611
telegram,Captains_saudi,نقل,أوبر أفضل من بولت في توزيع الرحلات عندي,2026-03-27,2000614
telegram,bolt_drivers_ksa,نقل,جيني وصليني الاسعار خايسه جدا يعني الكيلو اقل من ريال,2026-03-27,2000641
telegram,Captains_saudi,نقل,اوبر زود على نسبة الالغاء وانا ما قدرت اوصل للعميل,2026-03-27,2000663
telegram,jeeny_ksa,نقل,السائق هو الي يتعب ولابد تكون نسبة اوبر لها حد اعلى ٢٠ ريال,2026-03-27,2000670
telegram,bolt_drivers_ksa,نقل,اذا الوقت زاد ٨ دقايق وفوق ماافكهم غير مسويلي تعويض,2026-03-27,2000683
telegram,HungerStation_drivers,توصيل,مرسول رقم واحد بالتعويض يقولك توصل موقع العميل كلمنا,2026-03-27,2000687
telegram,delivery_ksa,توصيل,رحت محل اكل هندي وجبت طلب وشوربة واقعة جاني خصم ٥٠ ريال,2026-03-27,2000801
telegram,keeta_couriers,توصيل,رحت محل اكل هندي وجبت طلب وشوربة واقعة جاني خصم ٥٠ ريال,2026-03-27,2000806
telegram,jahez_couriers,توصيل,هنجرستين وكيتا حاليًا جاهز ومرسول وذا شيفز بس اقل في الطلبات,2026-03-27,2000822
telegram,jahez_couriers,توصيل,كيتا الحين يقولك توصل الطلب وعشان تبلغ تأخير المطعم تنتظر,2026-03-27,2000842
telegram,mrsool_delivery,توصيل,ذا شيفز تعاملهم مع المناديب أحسن من كيتا,2026-03-27,2000867
telegram,thechefs_ksa,توصيل,سلام وصلت طلب وسلمته للعميل بيدي وبعد نص ساعة خصموا قيمة الطلب,2026-03-27,2000912
twitter,delivery_ksa,توصيل,مشوار ابو ٢٠ زمان في كيتا الحين ب٩,2026-03-27,2000925
twitter,freelancers_ksa,عمل_حر,منصة خمسات أفضل للمبتدئين في العمل الحر,2026-03-27,2001075
twitter,freelancers_ksa,عمل_حر,الزبون ما دفع بعد تسليم العمل كيف أتصرف,2026-03-27,2001092
telegram,CreemUber,نقل,أحسن أوقات الشغل الفطور والغداء والذروة المسائية,2026-03-28,2000470
telegram,Captains_saudi,نقل,ودي اشتغل ف بولت بجانب اوبر ممكن؟,2026-03-28,2000535
twitter,careem_drivers_sa,نقل,أوبر أفضل من بولت في توزيع الرحلات عندي,2026-03-28,2000536
telegram,jeeny_ksa,نقل,من حقك ترفض خدمته سيارتك وترفع بلاغ,2026-03-28,2000553
telegram,careem_drivers_sa,نقل,التامين على السيارة غالي علينا الشركات مو مهتمة,2026-03-28,2000558
telegram,uber_ksa_drivers,نقل,كم متوسط دخل الكابتن في الرياض شهريًا حاليًا,2026-03-28,2000571
telegram,Captains_saudi,نقل,السائقين الأجانب يزاحمون على الرحلات في كريم,2026-03-28,2000593
telegram,wasselni_drivers,نقل,أوبر أفضل من بولت في توزيع الرحلات عندي,2026-03-28,2000637
telegram,kayan_ksa,نقل,من حقك ترفض خدمته سيارتك وترفع بلاغ,2026-03-28,2000660
telegram,mrsool_delivery,توصيل,الاسعار اختلفت بعد كثرة المنافسين ودخول كيتا بالاخص,2026-03-28,2000691
telegram,jahez_couriers,توصيل,ذا شيفز تعاملهم مع المناديب أحسن من كيتا,2026-03-28,2000744
twitter,HungerStation_drivers,توصيل,الطلبات الليلية تساوي ضعف النهارية في كيتا,2026-03-28,2000758
telegram,delivery_ksa,توصيل,توصيل في الأمطار خطر بدون مكافأة من التطبيق,2026-03-28,2000766
telegram,jahez_couriers,توصيل,مو محل وموظفين اغبياء هم الغلطانين مو المندوب,2026-03-28,2000795
telegram,delivery_ksa,توصيل,مشوار ابو ٢٠ زمان في كيتا الحين ب٩,2026-03-28,2000813
twitter,delivery_ksa,توصيل,جاهز أحسن من مرسول في التوزيع والسعر,2026-03-28,2000830
telegram,jahez_couriers,توصيل,طلب وصل بارد لأن المطعم تأخر وراحت التقييم,2026-03-28,2000870
telegram,mrsool_delivery,توصيل,المندوب المخالف يأكل حرام رزق شخص نظامي,2026-03-28,2000882
telegram,toYou_couriers,توصيل,كيتا يلعبون على المندوب عشان يخصمون مكافأة التوصيل في الوقت,2026-03-28,2000905
twitter,keeta_couriers,توصيل,ذا شيفز الطلبات كثيرة بس المنطقة محدودة حتى الآن,2026-03-28,2000926
telegram,jahez_couriers,توصيل,والله كيتا صار يضحك علينا الطلبات وصلت الى ٦ ريال,2026-03-28,2000929
twitter,toYou_couriers,توصيل,مرسول فتح تسجيل جديد للموصلين هذا الأسبوع,2026-03-28,2000936
telegram,mrsool_delivery,توصيل,مشكلة الباكدج الكبير ما يناسب الدراجة,2026-03-28,2000947
telegram,mostaql_workers,عمل_حر,الزبائن الخليجيين يدفعون أحسن من العرب,2026-03-28,2000973
telegram,khamsat_ar,عمل_حر,منصة خمسات أفضل للمبتدئين في العمل الحر,2026-03-28,2001050
telegram,freelancers_ksa,عمل_حر,منصة خمسات أفضل للمبتدئين في العمل الحر,2026-03-28,2001083
telegram,kayan_ksa,نقل,اوبر مادري كيف يفكرون جاني مشوار والطرق كلها مقفله,2026-03-29,2000550
twitter,uber_ksa_drivers,نقل,التامين على السيارة غالي علينا الشركات مو مهتمة,2026-03-29,2000570
telegram,jeeny_ksa,نقل,بولت انا مااوثق في اي زبون يقولي بحولك مابحولك,2026-03-29,2000616
telegram,wasselni_drivers,نقل,جيني وصليني الاسعار خايسه جدا يعني الكيلو اقل من ريال,2026-03-29,2000621
telegram,kayan_ksa,نقل,نبي نظام تأمين صحي للسائقين مثل الموظفين,2026-03-29,2000626
telegram,careem_drivers_sa,نقل,الذروة في كريم حمراء والطلبات ورا بعض بالمدينة,2026-03-29,2000654
telegram,kayan_ksa,نقل,نسبة اوبر في مشوار المطار وصلت ٧٥٪ اخذ من الزبون ٥٩ ريال عطاني ١٢ فقط,2026-03-29,2000675
telegram,mrsool_delivery,توصيل,مرسول الطلبات فل بس عيبه اطلب اي شي روح بنفسك,2026-03-29,2000741
telegram,jahez_couriers,توصيل,خدمة العملاء في كيتا ما تفيد تقريباً,2026-03-29,2000757
telegram,keeta_couriers,توصيل,هنقرستيشن يقولك رجع الطلب سوبر ماركت هنقرستيشن,2026-03-29,2000840
telegram,keeta_couriers,توصيل,ذا شيفز الطلبات كثيرة بس المنطقة محدودة حتى الآن,2026-03-29,2000935
telegram,mostaql_workers,عمل_حر,الزبائن الخليجيين يدفعون أحسن من العرب,2026-03-29,2000980
telegram,mostaql_workers,عمل_حر,الزبون ما دفع بعد تسليم العمل كيف أتصرف,2026-03-29,2001012
telegram,freelancers_ksa,عمل_حر,ضريبة القيمة المضافة على الفريلانس كيف تشتغل,2026-03-29,2001073
telegram,mostaql_workers,عمل_حر,مشروع ترجمة بكم تقدر تقدم,2026-03-29,2001078
telegram,careem_drivers_sa,نقل,إلى متى يا اوبر نسبة عالية وفوق هذا تسعيرة زي وجهك,2026-03-30,2000444
telegram,kayan_ksa,نقل,عميل تقييمه منخفض لا تاخذ مرة,2026-03-30,2000448
telegram,السائقين_السعوديين,نقل,كيان التطبيق جديد بس الطلبات وايد خير من اوبر,2026-03-30,2000514
telegram,jeeny_ksa,نقل,بولت انا مااوثق في اي زبون يقولي بحولك مابحولك,2026-03-30,2000522
telegram,CreemUber,نقل,اقل شي ٤٥٠ واعلى شي ٥٥٠ خلال ١٢ ساعة على اوبر,2026-03-30,2000579
telegram,uber_ksa_drivers,نقل,نسبة اوبر في مشوار المطار وصلت ٧٥٪ اخذ من الزبون ٥٩ ريال عطاني ١٢ فقط,2026-03-30,2000619
telegram,bolt_drivers_ksa,نقل,اقل شي ٤٥٠ واعلى شي ٥٥٠ خلال ١٢ ساعة على اوبر,2026-03-30,2000678
telegram,السائقين_السعوديين,نقل,السكوت ماراح ينفع خلونا نتحرك بشكل منظم,2026-03-30,2000682
telegram,jahez_couriers,توصيل,امس وصلت طلب والعميل تأخر وراح عليي مكافأة موعد الوصول,2026-03-30,2000738
telegram,mrsool_delivery,توصيل,كنت اشتغل مرسول زمان اطلع ٢٠٠ في اليوم على ٨ طلبات,2026-03-30,2000779
telegram,jahez_couriers,توصيل,خدمة العملاء في كيتا ما تفيد تقريباً,2026-03-30,2000783
telegram,thechefs_ksa,توصيل,رحت محل اكل هندي وجبت طلب وشوربة واقعة جاني خصم ٥٠ ريال,2026-03-30,2000855
telegram,delivery_ksa,توصيل,الدراجة تعطلت اليوم وخسرت شغل,2026-03-30,2000898
telegram,khamsat_ar,عمل_حر,منصة خمسات أفضل للمبتدئين في العمل الحر,2026-03-30,2001010
telegram,khamsat_ar,عمل_حر,دخلي من البرمجة هذا الشهر ٧٠٠٠ ريال,2026-03-30,2001044
twitter,wasselni_drivers,نقل,السائقين الأجانب يزاحمون على الرحلات في كريم,2026-03-31,2000438
telegram,kayan_ksa,نقل,والله زمان كان فيها خير اما الان مو المستفيد الا التطبيق,2026-03-31,2000495
telegram,bolt_drivers_ksa,نقل,أحسن أوقات الشغل الفطور والغداء والذروة المسائية,2026-03-31,2000506
telegram,kayan_ksa,نقل,محتاج سيارة جديدة السيارة الحالية تعبت من كثر الشغل,2026-03-31,2000528
twitter,bolt_drivers_ksa,نقل,جيني وصليني الاسعار خايسه جدا يعني الكيلو اقل من ريال,2026-03-31,2000541
telegram,Captains_saudi,نقل,العمل في المطارات أحسن من الشوارع الربح افضل,2026-03-31,2000546
telegram,Captains_saudi,نقل,اليوم الأوردرات كانت ممتازة والبخشيش زين الحمد لله,2026-03-31,2000572
telegram,bolt_drivers_ksa,نقل,من حقك ترفض خدمته سيارتك وترفع بلاغ,2026-03-31,2000610
twitter,kayan_ksa,نقل,رفضت رحلة بعيدة وخسرت bonus الاسبوع,2026-03-31,2000632
twitter,uber_ksa_drivers,نقل,متوسط دخلي اليوم ١٨٠ ريال بعد البنزين,2026-03-31,2000668
telegram,delivery_ksa,توصيل,واحد طالب ٣ ماء من كودو المهم يرسل يقول كنسل,2026-03-31,2000724
telegram,delivery_ksa,توصيل,توصيل في الأمطار خطر بدون مكافأة من التطبيق,2026-03-31,2000749
twitter,delivery_ksa,توصيل,المخالفين موصلين ٣٠٠ وشوي الشهر اللي فات انا بقوة وصلت ٢٩٠,2026-03-31,2000764
telegram,jahez_couriers,توصيل,مرسول فتح تسجيل جديد للموصلين هذا الأسبوع,2026-03-31,2000794
telegram,thechefs_ksa,توصيل,جدة من ٥ ايام ما في طلبات او طلبين بالكثير ايش المشكلة في كيتا,2026-03-31,2000808
twitter,jahez_couriers,توصيل,جدة من ٥ ايام ما في طلبات او طلبين بالكثير ايش المشكلة في كيتا,2026-03-31,2000825
telegram,toYou_couriers,توصيل,توصيل في الأمطار خطر بدون مكافأة من التطبيق,2026-03-31,2000865
twitter,toYou_couriers,توصيل,وصلت طلبات وطلعت ب١١٠ ريال لكن ليش ما اتضافت للسحب,2026-03-31,2000910
telegram,mostaql_workers,عمل_حر,كيف أحسن بروفايلي في مستقل وأحصل على عملاء,2026-03-31,2001007
twitter,mostaql_workers,عمل_حر,أكملت مشروع تصميم بـ ٨٠٠ ريال في مستقل,2026-03-31,2001033
telegram,mostaql_workers,عمل_حر,upwork أو مستقل أيهما أفضل للسعوديين,2026-03-31,2001048
twitter,khamsat_ar,عمل_حر,مشروع ترجمة بكم تقدر تقدم,2026-03-31,2001057
twitter,freelancers_ksa,عمل_حر,نبي حماية للفريلانسر من الزبون اللي ما يدفع,2026-03-31,2001064
telegram,freelancers_ksa,عمل_حر,الفريلانس في السعودية بدأ ينمو بشكل كبير,2026-03-31,2001085
telegram,Captains_saudi,نقل,وصلت واحد المطار وكان مصري وحك الصدام من السيارة,2026-04-01,2000071
telegram,bolt_drivers_ksa,نقل,نسبة اوبر في مشوار المطار وصلت ٧٥٪ اخذ من الزبون ٥٩ ريال عطاني ١٢ فقط,2026-04-01,2000073
twitter,wasselni_drivers,نقل,رفضت رحلة بعيدة وخسرت bonus الاسبوع,2026-04-01,2000099
twitter,jeeny_ksa,نقل,أحسن أوقات الشغل الفطور والغداء والذروة المسائية,2026-04-01,2000107
telegram,careem_drivers_sa,نقل,من اشوف مشوار مو مناسب على طول ارفضه,2026-04-01,2000122
telegram,wasselni_drivers,نقل,ذروة ب كاش مع نسبتهم تشوفه مبلغ كويس بس يجيك بمشوار واحد بطاقة,2026-04-01,2000124
telegram,HungerStation_drivers,توصيل,الطلبات في رمضان تجنن ٣ أضعاف العادي,2026-04-01,2000190
telegram,toYou_couriers,توصيل,كيتا الحين يقولك توصل الطلب وعشان تبلغ تأخير المطعم تنتظر,2026-04-01,2000325
twitter,khamsat_ar,عمل_حر,كيف أحسن بروفايلي في مستقل وأحصل على عملاء,2026-04-01,2000375
telegram,mostaql_workers,عمل_حر,دخلي من البرمجة هذا الشهر ٧٠٠٠ ريال,2026-04-01,2000401
twitter,freelancers_ksa,عمل_حر,upwork أو مستقل أيهما أفضل للسعوديين,2026-04-01,2000410
twitter,Captains_saudi,نقل,عميل تقييمه منخفض لا تاخذ مرة,2026-04-02,2000038
twitter,Captains_saudi,نقل,عميل تقييمه منخفض لا تاخذ مرة,2026-04-02,2000041
telegram,wasselni_drivers,نقل,جيني وصليني الاسعار خايسه جدا يعني الكيلو اقل من ريال,2026-04-02,2000063
twitter,CreemUber,نقل,من اشوف مشوار مو مناسب على طول ارفضه,2026-04-02,2000064
telegram,السائقين_السعوديين,نقل,الذروة في كريم حمراء والطلبات ورا بعض بالمدينة,2026-04-02,2000076
twitter,kayan_ksa,نقل,جيني وصليني الاسعار خايسه جدا يعني الكيلو اقل من ريال,2026-04-02,2000089
telegram,kayan_ksa,نقل,السائق هو الي يتعب ولابد تكون نسبة اوبر لها حد اعلى ٢٠ ريال,2026-04-02,2000144
telegram,keeta_couriers,توصيل,ياشباب امس المغرب حولت مبلغ من كيتا ولحد الان ما وصلت,2026-04-02,2000152
telegram,thechefs_ksa,توصيل,يعطيكم العافيه يا شباب حولت مبلغ من كيتا ولحد الان ما وصلت,2026-04-02,2000172
telegram,HungerStation_drivers,توصيل,ياشباب امس المغرب حولت مبلغ من كيتا ولحد الان ما وصلت,2026-04-02,2000174
telegram,mrsool_delivery,توصيل,مرسول شغال زي لوز ما عده كيتا,2026-04-02,2000195
twitter,thechefs_ksa,توصيل,جاهز أحسن من مرسول في التوزيع والسعر,2026-04-02,2000212
twitter,thechefs_ksa,توصيل,هنجرستين وكيتا حاليًا جاهز ومرسول وذا شيفز بس اقل في الطلبات,2026-04-02,2000250
telegram,toYou_couriers,توصيل,هنقرستيشن يقولك رجع الطلب سوبر ماركت هنقرستيشن,2026-04-02,2000302
telegram,HungerStation_drivers,توصيل,رحت محل اكل هندي وجبت طلب وشوربة واقعة جاني خصم ٥٠ ريال,2026-04-02,2000308
telegram,HungerStation_drivers,توصيل,مرسول شغال زي لوز ما عده كيتا,2026-04-02,2000313
telegram,khamsat_ar,عمل_حر,الفريلانس في السعودية بدأ ينمو بشكل كبير,2026-04-02,2000349
twitter,khamsat_ar,عمل_حر,upwork أو مستقل أيهما أفضل للسعوديين,2026-04-02,2000361
telegram,freelancers_ksa,عمل_حر,بدأت فريلانس من بيتي والدخل تحسن الحمد لله,2026-04-02,2000378
telegram,mostaql_workers,عمل_حر,upwork أو مستقل أيهما أفضل للسعوديين,2026-04-02,2000381
twitter,khamsat_ar,عمل_حر,مشروع ترجمة بكم تقدر تقدم,2026-04-02,2000425
twitter,bolt_drivers_ksa,نقل,نسبة اوبر في مشوار المطار وصلت ٧٥٪ اخذ من الزبون ٥٩ ريال عطاني ١٢ فقط,2026-04-03,2000005
telegram,CreemUber,نقل,ما يستاهل لا تعب ولا وقت المشوار بعيد والربح ضعيف,2026-04-03,2000033
telegram,careem_drivers_sa,نقل,رفضت رحلة بعيدة وخسرت bonus الاسبوع,2026-04-03,2000034
telegram,bolt_drivers_ksa,نقل,ودي اشتغل ف بولت بجانب اوبر ممكن؟,2026-04-03,2000147
telegram,keeta_couriers,توصيل,سلام وصلت طلب وسلمته للعميل بيدي وبعد نص ساعة خصموا قيمة الطلب,2026-04-03,2000154
telegram,jahez_couriers,توصيل,الطلبات الليلية تساوي ضعف النهارية في كيتا,2026-04-03,2000184
twitter,keeta_couriers,توصيل,المندوب المخالف يأكل حرام رزق شخص نظامي,2026-04-03,2000199
telegram,HungerStation_drivers,توصيل,والله كيتا صار يضحك علينا الطلبات وصلت الى ٦ ريال,2026-04-03,2000213
telegram,mrsool_delivery,توصيل,مرسول الطلبات فل بس عيبه اطلب اي شي روح بنفسك,2026-04-03,2000275
twitter,mrsool_delivery,توصيل,المندوب المخالف يأكل حرام رزق شخص نظامي,2026-04-03,2000277
telegram,HungerStation_drivers,توصيل,مو محل وموظفين اغبياء هم الغلطانين مو المندوب,2026-04-03,2000280
telegram,thechefs_ksa,توصيل,ذا شيفز تعاملهم مع المناديب أحسن من كيتا,2026-04-03,2000324
twitter,keeta_couriers,توصيل,رحت محل اكل هندي وجبت طلب وشوربة واقعة جاني خصم ٥٠ ريال,2026-04-03,2000333
twitter,mostaql_workers,عمل_حر,بدأت فريلانس من بيتي والدخل تحسن الحمد لله,2026-04-03,2000340
twitter,mostaql_workers,عمل_حر,كيف أحسن بروفايلي في مستقل وأحصل على عملاء,2026-04-03,2000365
telegram,freelancers_ksa,عمل_حر,بدأت فريلانس من بيتي والدخل تحسن الحمد لله,2026-04-03,2000407
twitter,freelancers_ksa,عمل_حر,بدأت فريلانس من بيتي والدخل تحسن الحمد لله,2026-04-03,2000424
telegram,bolt_drivers_ksa,نقل,اتمنى الجميع يركز نتحرك بشكل جماعي نرفع شكاوى لوزارة النقل,2026-04-04,2000057
telegram,uber_ksa_drivers,نقل,رفضت رحلة بعيدة وخسرت bonus الاسبوع,2026-04-04,2000062
telegram,jeeny_ksa,نقل,وصلت ٥٠ رحلة هذا الأسبوع الحمد لله رب العالمين,2026-04-04,2000074
telegram,wasselni_drivers,نقل,الزحمة في الرياض قاتلة والأرباح نازلة,2026-04-04,2000112
telegram,bolt_drivers_ksa,نقل,جربت كابتن في جيني وجيت الرياض والشغل مثل الشرقية,2026-04-04,2000146
telegram,mrsool_delivery,توصيل,خدمة العملاء في كيتا ما تفيد تقريباً,2026-04-04,2000148
telegram,jahez_couriers,توصيل,ذا شيفز تعاملهم مع المناديب أحسن من كيتا,2026-04-04,2000161
telegram,jahez_couriers,توصيل,الاسعار اختلفت بعد كثرة المنافسين ودخول كيتا بالاخص,2026-04-04,2000175
telegram,mrsool_delivery,توصيل,كنت اشتغل مرسول زمان اطلع ٢٠٠ في اليوم على ٨ طلبات,2026-04-04,2000189
telegram,keeta_couriers,توصيل,رحت محل اكل هندي وجبت طلب وشوربة واقعة جاني خصم ٥٠ ريال,2026-04-04,2000211
telegram,mrsool_delivery,توصيل,امس السحور ٩ ريال و ١٠ ريال من كيتا ليش ولا حق التعب,2026-04-04,2000218
telegram,jahez_couriers,توصيل,هنقرستيشن يقولك رجع الطلب سوبر ماركت هنقرستيشن,2026-04-04,2000262
telegram,HungerStation_drivers,توصيل,خدمة العملاء في كيتا ما تفيد تقريباً,2026-04-04,2000303
telegram,keeta_couriers,توصيل,ياشباب امس المغرب حولت مبلغ من كيتا ولحد الان ما وصلت,2026-04-04,2000332
telegram,freelancers_ksa,عمل_حر,دخلي من البرمجة هذا الشهر ٧٠٠٠ ريال,2026-04-04,2000356
telegram,mostaql_workers,عمل_حر,الزبائن الخليجيين يدفعون أحسن من العرب,2026-04-04,2000388
telegram,khamsat_ar,عمل_حر,مشروع ترجمة بكم تقدر تقدم,2026-04-04,2000411
telegram,kayan_ksa,نقل,عميل تقييمه منخفض لا تاخذ مرة,2026-04-05,2000035
twitter,السائقين_السعوديين,نقل,إلى متى يا اوبر نسبة عالية وفوق هذا تسعيرة زي وجهك,2026-04-05,2000045
telegram,wasselni_drivers,نقل,بعدها على بولت خلال ٦ ساعات ٢٠٠ ريال خلال ١٦ ساعة ٧٠٠ ريال ثابتة,2026-04-05,2000104
telegram,careem_drivers_sa,نقل,بولت انا مااوثق في اي زبون يقولي بحولك مابحولك,2026-04-05,2000138
telegram,toYou_couriers,توصيل,واحد طالب ٣ ماء من كودو المهم يرسل يقول كنسل,2026-04-05,2000278
telegram,delivery_ksa,توصيل,ذا شيفز تعاملهم مع المناديب أحسن من كيتا,2026-04-05,2000285
twitter,keeta_couriers,توصيل,هنجرستين وكيتا حاليًا جاهز ومرسول وذا شيفز بس اقل في الطلبات,2026-04-05,2000298
telegram,mrsool_delivery,توصيل,يعطيكم العافيه يا شباب حولت مبلغ من كيتا ولحد الان ما وصلت,2026-04-05,2000326
twitter,khamsat_ar,عمل_حر,الزبائن الخليجيين يدفعون أحسن من العرب,2026-04-05,2000347
telegram,freelancers_ksa,عمل_حر,أكملت مشروع تصميم بـ ٨٠٠ ريال في مستقل,2026-04-05,2000392
telegram,khamsat_ar,عمل_حر,بدأت فريلانس من بيتي والدخل تحسن الحمد لله,2026-04-05,2000421
telegram,Captains_saudi,نقل,جيني بدأ ينافس لكن ما زال الطلبات أقل,2026-04-06,2000010
telegram,careem_drivers_sa,نقل,رفضت رحلة بعيدة وخسرت bonus الاسبوع,2026-04-06,2000029
telegram,wasselni_drivers,نقل,إلى متى يا اوبر نسبة عالية وفوق هذا تسعيرة زي وجهك,2026-04-06,2000042
telegram,kayan_ksa,نقل,اتمنى الجميع يركز نتحرك بشكل جماعي نرفع شكاوى لوزارة النقل,2026-04-06,2000043
telegram,uber_ksa_drivers,نقل,السائق هو الي يتعب ولابد تكون نسبة اوبر لها حد اعلى ٢٠ ريال,2026-04-06,2000047
telegram,السائقين_السعوديين,نقل,اليوم الأوردرات كانت ممتازة والبخشيش زين الحمد لله,2026-04-06,2000061
telegram,uber_ksa_drivers,نقل,اقل شي ٤٥٠ واعلى شي ٥٥٠ خلال ١٢ ساعة على اوبر,2026-04-06,2000111
twitter,kayan_ksa,نقل,بولت انا مااوثق في اي زبون يقولي بحولك مابحولك,2026-04-06,2000136
twitter,mrsool_delivery,توصيل,مشوار ابو ٢٠ زمان في كيتا الحين ب٩,2026-04-06,2000187
telegram,HungerStation_drivers,توصيل,ذا شيفز الطلبات كثيرة بس المنطقة محدودة حتى الآن,2026-04-06,2000242
telegram,mrsool_delivery,توصيل,ياشباب امس المغرب حولت مبلغ من كيتا ولحد الان ما وصلت,2026-04-06,2000246
telegram,delivery_ksa,توصيل,مشكلة الباكدج الكبير ما يناسب الدراجة,2026-04-06,2000252
telegram,thechefs_ksa,توصيل,الطلبات في رمضان تجنن ٣ أضعاف العادي,2026-04-06,2000263
telegram,thechefs_ksa,توصيل,وصلت ٢٠٠ طلب هذا الشهر الحمد لله,2026-04-06,2000318
telegram,bolt_drivers_ksa,نقل,اوبر زود على نسبة الالغاء وانا ما قدرت اوصل للعميل,2026-04-07,2000008
telegram,uber_ksa_drivers,نقل,وصلت واحد المطار وكان مصري وحك الصدام من السيارة,2026-04-07,2000039
telegram,السائقين_السعوديين,نقل,محتاج سيارة جديدة السيارة الحالية تعبت من كثر الشغل,2026-04-07,2000065
telegram,careem_drivers_sa,نقل,أحسن أوقات الشغل الفطور والغداء والذروة المسائية,2026-04-07,2000070
twitter,wasselni_drivers,نقل,وصلت واحد المطار وكان مصري وحك الصدام من السيارة,2026-04-07,2000105
telegram,uber_ksa_drivers,نقل,كم متوسط دخل الكابتن في الرياض شهريًا حاليًا,2026-04-07,2000109
twitter,toYou_couriers,توصيل,الطلبات الليلية تساوي ضعف النهارية في كيتا,2026-04-07,2000160
telegram,mrsool_delivery,توصيل,سلام وصلت طلب وسلمته للعميل بيدي وبعد نص ساعة خصموا قيمة الطلب,2026-04-07,2000282
telegram,khamsat_ar,عمل_حر,دخلي من البرمجة هذا الشهر ٧٠٠٠ ريال,2026-04-07,2000345
twitter,khamsat_ar,عمل_حر,دخلي من البرمجة هذا الشهر ٧٠٠٠ ريال,2026-04-07,2000391
telegram,السائقين_السعوديين,نقل,اوبر زود على نسبة الالغاء وانا ما قدرت اوصل للعميل,2026-04-08,2000000
twitter,CreemUber,نقل,كيان التطبيق جديد بس الطلبات وايد خير من اوبر,2026-04-08,2000003
telegram,wasselni_drivers,نقل,أوبر أفضل من بولت في توزيع الرحلات عندي,2026-04-08,2000049
telegram,careem_drivers_sa,نقل,كم متوسط دخل الكابتن في الرياض شهريًا حاليًا,2026-04-08,2000085
telegram,jeeny_ksa,نقل,الزحمة في الرياض قاتلة والأرباح نازلة,2026-04-08,2000101
twitter,thechefs_ksa,توصيل,سلام وصلت طلب وسلمته للعميل بيدي وبعد نص ساعة خصموا قيمة الطلب,2026-04-08,2000180
twitter,keeta_couriers,توصيل,الحين ١٤ طلب في كيتا وما طلعت ٢٠ ريال,2026-04-08,2000204
twitter,mrsool_delivery,توصيل,جدة من ٥ ايام ما في طلبات او طلبين بالكثير ايش المشكلة في كيتا,2026-04-08,2000237
telegram,toYou_couriers,توصيل,الحين ١٤ طلب في كيتا وما طلعت ٢٠ ريال,2026-04-08,2000258
twitter,freelancers_ksa,عمل_حر,نبي حماية للفريلانسر من الزبون اللي ما يدفع,2026-04-08,2000336
telegram,khamsat_ar,عمل_حر,upwork أو مستقل أيهما أفضل للسعوديين,2026-04-08,2000376
telegram,careem_drivers_sa,نقل,بعدها على بولت خلال ٦ ساعات ٢٠٠ ريال خلال ١٦ ساعة ٧٠٠ ريال ثابتة,2026-04-09,2000012
telegram,bolt_drivers_ksa,نقل,أوبر أفضل من بولت في توزيع الرحلات عندي,2026-04-09,2000016
telegram,kayan_ksa,نقل,بعدها على بولت خلال ٦ ساعات ٢٠٠ ريال خلال ١٦ ساعة ٧٠٠ ريال ثابتة,2026-04-09,2000051
telegram,bolt_drivers_ksa,نقل,ما يستاهل لا تعب ولا وقت المشوار بعيد والربح ضعيف,2026-04-09,2000094
twitter,Captains_saudi,نقل,وصلت واحد المطار وكان مصري وحك الصدام من السيارة,2026-04-09,2000120
telegram,Captains_saudi,نقل,رفضت رحلة بعيدة وخسرت bonus الاسبوع,2026-04-09,2000129
twitter,mrsool_delivery,توصيل,ذا شيفز يدفع بشكل منتظم بخلاف كيتا,2026-04-09,2000186
telegram,keeta_couriers,توصيل,مرسول الطلبات فل بس عيبه اطلب اي شي روح بنفسك,2026-04-09,2000201
twitter,mrsool_delivery,توصيل,امس وصلت طلب والعميل تأخر وراح عليي مكافأة موعد الوصول,2026-04-09,2000241
telegram,keeta_couriers,توصيل,طلب وصل بارد لأن المطعم تأخر وراحت التقييم,2026-04-09,2000300
telegram,mrsool_delivery,توصيل,والله كيتا صار يضحك علينا الطلبات وصلت الى ٦ ريال,2026-04-09,2000315
telegram,toYou_couriers,توصيل,طلب وصل بارد لأن المطعم تأخر وراحت التقييم,2026-04-09,2000319
twitter,mostaql_workers,عمل_حر,نبي حماية للفريلانسر من الزبون اللي ما يدفع,2026-04-09,2000385
telegram,bolt_drivers_ksa,نقل,اذا الوقت زاد ٨ دقايق وفوق ماافكهم غير مسويلي تعويض,2026-04-10,2000022
twitter,uber_ksa_drivers,نقل,من حقك ترفض خدمته سيارتك وترفع بلاغ,2026-04-10,2000056
telegram,kayan_ksa,نقل,بولت نسبة عالية خير ياطير اذا عوضنا,2026-04-10,2000134
telegram,jahez_couriers,توصيل,جدة من ٥ ايام ما في طلبات او طلبين بالكثير ايش المشكلة في كيتا,2026-04-10,2000162
telegram,thechefs_ksa,توصيل,الطلبات الليلية تساوي ضعف النهارية في كيتا,2026-04-10,2000281
telegram,mostaql_workers,عمل_حر,ضريبة القيمة المضافة على الفريلانس كيف تشتغل,2026-04-10,2000352
twitter,mostaql_workers,عمل_حر,بدأت فريلانس من بيتي والدخل تحسن الحمد لله,2026-04-10,2000386
telegram,careem_drivers_sa,نقل,اليوم الأوردرات كانت ممتازة والبخشيش زين الحمد لله,2026-04-11,2000032
telegram,careem_drivers_sa,نقل,التامين على السيارة غالي علينا الشركات مو مهتمة,2026-04-11,2000095
telegram,delivery_ksa,توصيل,امس وصلت طلب والعميل تأخر وراح عليي مكافأة موعد الوصول,2026-04-11,2000157
telegram,HungerStation_drivers,توصيل,كنت اشتغل مرسول زمان اطلع ٢٠٠ في اليوم على ٨ طلبات,2026-04-11,2000167
telegram,thechefs_ksa,توصيل,واحد طالب ٣ ماء من كودو المهم يرسل يقول كنسل,2026-04-11,2000177
twitter,HungerStation_drivers,توصيل,والله اذا موترك ينفع في النقل الموجه افضل بمليون مرة,2026-04-11,2000216
telegram,keeta_couriers,توصيل,مشوار ابو ٢٠ زمان في كيتا الحين ب٩,2026-04-11,2000234
telegram,toYou_couriers,توصيل,هنقرستيشن يقولك رجع الطلب سوبر ماركت هنقرستيشن,2026-04-11,2000265
twitter,HungerStation_drivers,توصيل,مانبي نقطع رزق احد بس والله غبنه توقف عند المطاعم وتنتظر,2026-04-11,2000329
telegram,mostaql_workers,عمل_حر,منصة خمسات أفضل للمبتدئين في العمل الحر,2026-04-11,2000354
twitter,mostaql_workers,عمل_حر,التسويق الرقمي من أكثر التخصصات طلباً,2026-04-11,2000379
twitter,khamsat_ar,عمل_حر,upwork أو مستقل أيهما أفضل للسعوديين,2026-04-11,2000383
telegram,freelancers_ksa,عمل_حر,بدأت فريلانس من بيتي والدخل تحسن الحمد لله,2026-04-11,2000408
twitter,CreemUber,نقل,بولت نسبة عالية خير ياطير اذا عوضنا,2026-04-12,2000037
telegram,السائقين_السعوديين,نقل,ما يستاهل لا تعب ولا وقت المشوار بعيد والربح ضعيف,2026-04-12,2000072
twitter,jeeny_ksa,نقل,بولت انا مااوثق في اي زبون يقولي بحولك مابحولك,2026-04-12,2000077
telegram,thechefs_ksa,توصيل,والله كيتا صار يضحك علينا الطلبات وصلت الى ٦ ريال,2026-04-12,2000159
twitter,HungerStation_drivers,توصيل,ياخوان الطلبات وقفت عندي من ساعة م جاني ولا طلب,2026-04-12,2000231
telegram,keeta_couriers,توصيل,توصيل في الأمطار خطر بدون مكافأة من التطبيق,2026-04-12,2000236
telegram,jahez_couriers,توصيل,امس السحور ٩ ريال و ١٠ ريال من كيتا ليش ولا حق التعب,2026-04-12,2000261
telegram,HungerStation_drivers,توصيل,والله كيتا صار يضحك علينا الطلبات وصلت الى ٦ ريال,2026-04-12,2000267
telegram,thechefs_ksa,توصيل,ياخوان الطلبات وقفت عندي من ساعة م جاني ولا طلب,2026-04-12,2000268
twitter,toYou_couriers,توصيل,كنت اشتغل مرسول زمان اطلع ٢٠٠ في اليوم على ٨ طلبات,2026-04-12,2000289
telegram,HungerStation_drivers,توصيل,مرسول شغال زي لوز ما عده كيتا,2026-04-12,2000296
telegram,keeta_couriers,توصيل,ياخوان الطلبات وقفت عندي من ساعة م جاني ولا طلب,2026-04-12,2000305
twitter,freelancers_ksa,عمل_حر,دخلي من البرمجة هذا الشهر ٧٠٠٠ ريال,2026-04-12,2000344
twitter,mostaql_workers,عمل_حر,دخلي من البرمجة هذا الشهر ٧٠٠٠ ريال,2026-04-12,2000387
telegram,mostaql_workers,عمل_حر,الفريلانس في السعودية بدأ ينمو بشكل كبير,2026-04-12,2000390
twitter,jeeny_ksa,نقل,متوسط دخلي اليوم ١٨٠ ريال بعد البنزين,2026-04-13,2000014
telegram,wasselni_drivers,نقل,التامين على السيارة غالي علينا الشركات مو مهتمة,2026-04-13,2000079
telegram,wasselni_drivers,نقل,اقل شي ٤٥٠ واعلى شي ٥٥٠ خلال ١٢ ساعة على اوبر,2026-04-13,2000140
twitter,jahez_couriers,توصيل,الطلبات الليلية تساوي ضعف النهارية في كيتا,2026-04-13,2000173
telegram,mrsool_delivery,توصيل,مرسول الطلبات فل بس عيبه اطلب اي شي روح بنفسك,2026-04-13,2000230
telegram,mrsool_delivery,توصيل,مرسول شغال زي لوز ما عده كيتا,2026-04-13,2000244
telegram,delivery_ksa,توصيل,جاهز أحسن من مرسول في التوزيع والسعر,2026-04-13,2000256
telegram,HungerStation_drivers,توصيل,واحد طالب ٣ ماء من كودو المهم يرسل يقول كنسل,2026-04-13,2000274
telegram,freelancers_ksa,عمل_حر,الزبائن الخليجيين يدفعون أحسن من العرب,2026-04-13,2000357
telegram,mostaql_workers,عمل_حر,أكملت مشروع تصميم بـ ٨٠٠ ريال في مستقل,2026-04-13,2000360
telegram,khamsat_ar,عمل_حر,دخلي من البرمجة هذا الشهر ٧٠٠٠ ريال,2026-04-13,2000364
twitter,khamsat_ar,عمل_حر,الزبائن الخليجيين يدفعون أحسن من العرب,2026-04-13,2000371
telegram,uber_ksa_drivers,نقل,اذا الوقت زاد ٨ دقايق وفوق ماافكهم غير مسويلي تعويض,2026-04-14,2000017
twitter,السائقين_السعوديين,نقل,ذروة ب كاش مع نسبتهم تشوفه مبلغ كويس بس يجيك بمشوار واحد بطاقة,2026-04-14,2000044
twitter,kayan_ksa,نقل,جربت كابتن في جيني وجيت الرياض والشغل مثل الشرقية,2026-04-14,2000117
twitter,bolt_drivers_ksa,نقل,كيان وصليني تطبيقات واعدة بس تحتاج وقت,2026-04-14,2000118
telegram,toYou_couriers,توصيل,هنقرستيشن يقولك رجع الطلب سوبر ماركت هنقرستيشن,2026-04-14,2000224
telegram,thechefs_ksa,توصيل,جاهز أحسن من مرسول في التوزيع والسعر,2026-04-14,2000229
telegram,mrsool_delivery,توصيل,الطلبات في رمضان تجنن ٣ أضعاف العادي,2026-04-14,2000254
telegram,mrsool_delivery,توصيل,جدة من ٥ ايام ما في طلبات او طلبين بالكثير ايش المشكلة في كيتا,2026-04-14,2000255
telegram,freelancers_ksa,عمل_حر,أكملت مشروع تصميم بـ ٨٠٠ ريال في مستقل,2026-04-14,2000394
twitter,CreemUber,نقل,بولت انا مااوثق في اي زبون يقولي بحولك مابحولك,2026-04-15,2000020
telegram,careem_drivers_sa,نقل,السائق هو الي يتعب ولابد تكون نسبة اوبر لها حد اعلى ٢٠ ريال,2026-04-15,2000031
telegram,السائقين_السعوديين,نقل,بولت نسبة عالية خير ياطير اذا عوضنا,2026-04-15,2000040
twitter,toYou_couriers,توصيل,كنت اشتغل مرسول زمان اطلع ٢٠٠ في اليوم على ٨ طلبات,2026-04-15,2000163
telegram,delivery_ksa,توصيل,خدمة العملاء في كيتا ما تفيد تقريباً,2026-04-15,2000165
twitter,HungerStation_drivers,توصيل,مرسول شغال زي لوز ما عده كيتا,2026-04-15,2000181
telegram,delivery_ksa,توصيل,الاسعار اختلفت بعد كثرة المنافسين ودخول كيتا بالاخص,2026-04-15,2000207
telegram,mrsool_delivery,توصيل,طلب وصل بارد لأن المطعم تأخر وراحت التقييم,2026-04-15,2000270
telegram,mrsool_delivery,توصيل,كنت اشتغل مرسول زمان اطلع ٢٠٠ في اليوم على ٨ طلبات,2026-04-15,2000273
telegram,toYou_couriers,توصيل,كيتا يلعبون على المندوب عشان يخصمون مكافأة التوصيل في الوقت,2026-04-15,2000287
telegram,mrsool_delivery,توصيل,المندوب المخالف يأكل حرام رزق شخص نظامي,2026-04-15,2000328
telegram,freelancers_ksa,عمل_حر,التسويق الرقمي من أكثر التخصصات طلباً,2026-04-15,2000402
telegram,freelancers_ksa,عمل_حر,مشروع ترجمة بكم تقدر تقدم,2026-04-15,2000403
telegram,khamsat_ar,عمل_حر,الزبائن الخليجيين يدفعون أحسن من العرب,2026-04-15,2000404
twitter,uber_ksa_drivers,نقل,كيان التطبيق جديد بس الطلبات وايد خير من اوبر,2026-04-16,2000018
twitter,Captains_saudi,نقل,وصلت ٥٠ رحلة هذا الأسبوع الحمد لله رب العالمين,2026-04-16,2000059
telegram,Captains_saudi,نقل,اتمنى الجميع يركز نتحرك بشكل جماعي نرفع شكاوى لوزارة النقل,2026-04-16,2000083
telegram,CreemUber,نقل,بولت نسبة عالية خير ياطير اذا عوضنا,2026-04-16,2000087
twitter,mrsool_delivery,توصيل,مرسول فتح تسجيل جديد للموصلين هذا الأسبوع,2026-04-16,2000203
twitter,jahez_couriers,توصيل,يعطيكم العافيه يا شباب حولت مبلغ من كيتا ولحد الان ما وصلت,2026-04-16,2000206
telegram,toYou_couriers,توصيل,طلب وصل بارد لأن المطعم تأخر وراحت التقييم,2026-04-16,2000249
telegram,delivery_ksa,توصيل,والله كيتا صار يضحك علينا الطلبات وصلت الى ٦ ريال,2026-04-16,2000266
telegram,thechefs_ksa,توصيل,واحد طالب ٣ ماء من كودو المهم يرسل يقول كنسل,2026-04-16,2000271
telegram,mrsool_delivery,توصيل,مرسول الطلبات فل بس عيبه اطلب اي شي روح بنفسك,2026-04-16,2000330
telegram,mostaql_workers,عمل_حر,نبي حماية للفريلانسر من الزبون اللي ما يدفع,2026-04-16,2000337
twitter,mostaql_workers,عمل_حر,مشروع ترجمة بكم تقدر تقدم,2026-04-16,2000353
twitter,mostaql_workers,عمل_حر,منصة خمسات أفضل للمبتدئين في العمل الحر,2026-04-16,2000362
telegram,freelancers_ksa,عمل_حر,ضريبة القيمة المضافة على الفريلانس كيف تشتغل,2026-04-16,2000373
twitter,mostaql_workers,عمل_حر,التسويق الرقمي من أكثر التخصصات طلباً,2026-04-16,2000382
twitter,mostaql_workers,عمل_حر,أكملت مشروع تصميم بـ ٨٠٠ ريال في مستقل,2026-04-16,2000400
telegram,freelancers_ksa,عمل_حر,بدأت فريلانس من بيتي والدخل تحسن الحمد لله,2026-04-16,2000420
telegram,careem_drivers_sa,نقل,اقل شي ٤٥٠ واعلى شي ٥٥٠ خلال ١٢ ساعة على اوبر,2026-04-17,2000084
twitter,kayan_ksa,نقل,بولت نسبة عالية خير ياطير اذا عوضنا,2026-04-17,2000116
twitter,toYou_couriers,توصيل,امس السحور ٩ ريال و ١٠ ريال من كيتا ليش ولا حق التعب,2026-04-17,2000164
telegram,jahez_couriers,توصيل,مانبي نقطع رزق احد بس والله غبنه توقف عند المطاعم وتنتظر,2026-04-17,2000183
twitter,mrsool_delivery,توصيل,توصيل في الأمطار خطر بدون مكافأة من التطبيق,2026-04-17,2000197
telegram,thechefs_ksa,توصيل,مو محل وموظفين اغبياء هم الغلطانين مو المندوب,2026-04-17,2000220
telegram,delivery_ksa,توصيل,كيتا الحين يقولك توصل الطلب وعشان تبلغ تأخير المطعم تنتظر,2026-04-17,2000221
telegram,HungerStation_drivers,توصيل,جدة من ٥ ايام ما في طلبات او طلبين بالكثير ايش المشكلة في كيتا,2026-04-17,2000227
telegram,delivery_ksa,توصيل,كيتا الحين يقولك توصل الطلب وعشان تبلغ تأخير المطعم تنتظر,2026-04-17,2000283
telegram,mrsool_delivery,توصيل,جدة من ٥ ايام ما في طلبات او طلبين بالكثير ايش المشكلة في كيتا,2026-04-17,2000301
twitter,delivery_ksa,توصيل,خدمة العملاء في كيتا ما تفيد تقريباً,2026-04-17,2000306
telegram,khamsat_ar,عمل_حر,الفريلانس في السعودية بدأ ينمو بشكل كبير,2026-04-17,2000343
telegram,freelancers_ksa,عمل_حر,الزبون ما دفع بعد تسليم العمل كيف أتصرف,2026-04-17,2000359
telegram,khamsat_ar,عمل_حر,دخلي من البرمجة هذا الشهر ٧٠٠٠ ريال,2026-04-17,2000372
telegram,jeeny_ksa,نقل,والله زمان كان فيها خير اما الان مو المستفيد الا التطبيق,2026-04-18,2000007
telegram,jeeny_ksa,نقل,السائق هو الي يتعب ولابد تكون نسبة اوبر لها حد اعلى ٢٠ ريال,2026-04-18,2000053
telegram,wasselni_drivers,نقل,أوبر أفضل من بولت في توزيع الرحلات عندي,2026-04-18,2000081
telegram,wasselni_drivers,نقل,التامين على السيارة غالي علينا الشركات مو مهتمة,2026-04-18,2000097
telegram,kayan_ksa,نقل,ودي اشتغل ف بولت بجانب اوبر ممكن؟,2026-04-18,2000125
telegram,careem_drivers_sa,نقل,نبي نظام تأمين صحي للسائقين مثل الموظفين,2026-04-18,2000139
telegram,kayan_ksa,نقل,اتمنى الجميع يركز نتحرك بشكل جماعي نرفع شكاوى لوزارة النقل,2026-04-18,2000143
telegram,toYou_couriers,توصيل,مرسول شغال زي لوز ما عده كيتا,2026-04-18,2000149
telegram,thechefs_ksa,توصيل,وصلت طلبات وطلعت ب١١٠ ريال لكن ليش ما اتضافت للسحب,2026-04-18,2000288
telegram,thechefs_ksa,توصيل,جاهز أحسن من مرسول في التوزيع والسعر,2026-04-18,2000311
telegram,mostaql_workers,عمل_حر,ضريبة القيمة المضافة على الفريلانس كيف تشتغل,2026-04-18,2000338
telegram,khamsat_ar,عمل_حر,ضريبة القيمة المضافة على الفريلانس كيف تشتغل,2026-04-18,2000351
telegram,mostaql_workers,عمل_حر,بدأت فريلانس من بيتي والدخل تحسن الحمد لله,2026-04-18,2000395
telegram,freelancers_ksa,عمل_حر,upwork أو مستقل أيهما أفضل للسعوديين,2026-04-18,2000415
telegram,careem_drivers_sa,نقل,اذا الوقت زاد ٨ دقايق وفوق ماافكهم غير مسويلي تعويض,2026-04-19,2000001
telegram,jeeny_ksa,نقل,عميل تقييمه منخفض لا تاخذ مرة,2026-04-19,2000050
twitter,Captains_saudi,نقل,متوسط دخلي اليوم ١٨٠ ريال بعد البنزين,2026-04-19,2000141
telegram,mrsool_delivery,توصيل,الطلبات في رمضان تجنن ٣ أضعاف العادي,2026-04-19,2000151
twitter,HungerStation_drivers,توصيل,كيتا يلعبون على المندوب عشان يخصمون مكافأة التوصيل في الوقت,2026-04-19,2000202
twitter,keeta_couriers,توصيل,سلام وصلت طلب وسلمته للعميل بيدي وبعد نص ساعة خصموا قيمة الطلب,2026-04-19,2000208
telegram,jahez_couriers,توصيل,الاسعار اختلفت بعد كثرة المنافسين ودخول كيتا بالاخص,2026-04-19,2000219
telegram,HungerStation_drivers,توصيل,مرسول فتح تسجيل جديد للموصلين هذا الأسبوع,2026-04-19,2000304
telegram,mrsool_delivery,توصيل,مو محل وموظفين اغبياء هم الغلطانين مو المندوب,2026-04-19,2000327
telegram,freelancers_ksa,عمل_حر,الزبون ما دفع بعد تسليم العمل كيف أتصرف,2026-04-19,2000342
twitter,khamsat_ar,عمل_حر,upwork أو مستقل أيهما أفضل للسعوديين,2026-04-19,2000374
telegram,السائقين_السعوديين,نقل,محتاج سيارة جديدة السيارة الحالية تعبت من كثر الشغل,2026-04-20,2000002
twitter,السائقين_السعوديين,نقل,نبي نظام تأمين صحي للسائقين مثل الموظفين,2026-04-20,2000024
telegram,Captains_saudi,نقل,والله زمان كان فيها خير اما الان مو المستفيد الا التطبيق,2026-04-20,2000048
telegram,CreemUber,نقل,السائقين الأجانب يزاحمون على الرحلات في كريم,2026-04-20,2000055
telegram,bolt_drivers_ksa,نقل,اذا الوقت زاد ٨ دقايق وفوق ماافكهم غير مسويلي تعويض,2026-04-20,2000058
twitter,uber_ksa_drivers,نقل,وصليني مافيه طلبات كافية في منطقتي,2026-04-20,2000066
telegram,careem_drivers_sa,نقل,من حقك ترفض خدمته سيارتك وترفع بلاغ,2026-04-20,2000075
telegram,careem_drivers_sa,نقل,اذا الوقت زاد ٨ دقايق وفوق ماافكهم غير مسويلي تعويض,2026-04-20,2000082
telegram,careem_drivers_sa,نقل,التامين على السيارة غالي علينا الشركات مو مهتمة,2026-04-20,2000086
telegram,السائقين_السعوديين,نقل,ودي اشتغل ف بولت بجانب اوبر ممكن؟,2026-04-20,2000091
telegram,keeta_couriers,توصيل,الطلبات في رمضان تجنن ٣ أضعاف العادي,2026-04-20,2000150
telegram,toYou_couriers,توصيل,طلب وصل بارد لأن المطعم تأخر وراحت التقييم,2026-04-20,2000226
telegram,HungerStation_drivers,توصيل,مانبي نقطع رزق احد بس والله غبنه توقف عند المطاعم وتنتظر,2026-04-20,2000240
telegram,delivery_ksa,توصيل,كيتا الحين يقولك توصل الطلب وعشان تبلغ تأخير المطعم تنتظر,2026-04-20,2000269
telegram,thechefs_ksa,توصيل,والله كيتا صار يضحك علينا الطلبات وصلت الى ٦ ريال,2026-04-20,2000323
twitter,khamsat_ar,عمل_حر,كيف أحسن بروفايلي في مستقل وأحصل على عملاء,2026-04-20,2000346
telegram,freelancers_ksa,عمل_حر,منصة خمسات أفضل للمبتدئين في العمل الحر,2026-04-20,2000368
telegram,mostaql_workers,عمل_حر,مشروع ترجمة بكم تقدر تقدم,2026-04-20,2000413
telegram,mostaql_workers,عمل_حر,نبي حماية للفريلانسر من الزبون اللي ما يدفع,2026-04-20,2000414
telegram,kayan_ksa,نقل,التامين على السيارة غالي علينا الشركات مو مهتمة,2026-04-21,2000011
twitter,kayan_ksa,نقل,جربت كابتن في جيني وجيت الرياض والشغل مثل الشرقية,2026-04-21,2000015
telegram,CreemUber,نقل,عميل تقييمه منخفض لا تاخذ مرة,2026-04-21,2000108
telegram,careem_drivers_sa,نقل,وصليني مافيه طلبات كافية في منطقتي,2026-04-21,2000142
telegram,mrsool_delivery,توصيل,ياشباب امس المغرب حولت مبلغ من كيتا ولحد الان ما وصلت,2026-04-21,2000194
telegram,HungerStation_drivers,توصيل,الحين ١٤ طلب في كيتا وما طلعت ٢٠ ريال,2026-04-21,2000205
twitter,thechefs_ksa,توصيل,المندوب المخالف يأكل حرام رزق شخص نظامي,2026-04-21,2000223
telegram,thechefs_ksa,توصيل,رحت محل اكل هندي وجبت طلب وشوربة واقعة جاني خصم ٥٠ ريال,2026-04-21,2000260
twitter,freelancers_ksa,عمل_حر,الفريلانس في السعودية بدأ ينمو بشكل كبير,2026-04-21,2000384
telegram,khamsat_ar,عمل_حر,أكملت مشروع تصميم بـ ٨٠٠ ريال في مستقل,2026-04-21,2000396
twitter,mostaql_workers,عمل_حر,بدأت فريلانس من بيتي والدخل تحسن الحمد لله,2026-04-21,2000426
telegram,jeeny_ksa,نقل,بولت انا مااوثق في اي زبون يقولي بحولك مابحولك,2026-04-22,2000021
telegram,bolt_drivers_ksa,نقل,الزحمة في الرياض قاتلة والأرباح نازلة,2026-04-22,2000080
telegram,bolt_drivers_ksa,نقل,السكوت ماراح ينفع خلونا نتحرك بشكل منظم,2026-04-22,2000110
telegram,jeeny_ksa,نقل,وصلت ٥٠ رحلة هذا الأسبوع الحمد لله رب العالمين,2026-04-22,2000127
twitter,careem_drivers_sa,نقل,وصلت ٥٠ رحلة هذا الأسبوع الحمد لله رب العالمين,2026-04-22,2000145
telegram,jahez_couriers,توصيل,وصلت ٢٠٠ طلب هذا الشهر الحمد لله,2026-04-22,2000158
telegram,mrsool_delivery,توصيل,المخالفين موصلين ٣٠٠ وشوي الشهر اللي فات انا بقوة وصلت ٢٩٠,2026-04-22,2000247
telegram,delivery_ksa,توصيل,يعطيكم العافيه يا شباب حولت مبلغ من كيتا ولحد الان ما وصلت,2026-04-22,2000284
telegram,toYou_couriers,توصيل,ذا شيفز تعاملهم مع المناديب أحسن من كيتا,2026-04-22,2000321
twitter,khamsat_ar,عمل_حر,upwork أو مستقل أيهما أفضل للسعوديين,2026-04-22,2000341
twitter,mostaql_workers,عمل_حر,الزبائن الخليجيين يدفعون أحسن من العرب,2026-04-22,2000366
twitter,freelancers_ksa,عمل_حر,الزبون ما دفع بعد تسليم العمل كيف أتصرف,2026-04-22,2000393
telegram,mostaql_workers,عمل_حر,أكملت مشروع تصميم بـ ٨٠٠ ريال في مستقل,2026-04-22,2000422
telegram,jeeny_ksa,نقل,بولت نسبة عالية خير ياطير اذا عوضنا,2026-04-23,2000004
telegram,wasselni_drivers,نقل,ما يستاهل لا تعب ولا وقت المشوار بعيد والربح ضعيف,2026-04-23,2000096
telegram,careem_drivers_sa,نقل,بولت نسبة عالية خير ياطير اذا عوضنا,2026-04-23,2000113
telegram,Captains_saudi,نقل,والله زمان كان فيها خير اما الان مو المستفيد الا التطبيق,2026-04-23,2000114
telegram,CreemUber,نقل,السائقين الأجانب يزاحمون على الرحلات في كريم,2026-04-23,2000133
telegram,thechefs_ksa,توصيل,الاسعار اختلفت بعد كثرة المنافسين ودخول كيتا بالاخص,2026-04-23,2000171
telegram,toYou_couriers,توصيل,توصيل في الأمطار خطر بدون مكافأة من التطبيق,2026-04-23,2000188
telegram,jahez_couriers,توصيل,مو محل وموظفين اغبياء هم الغلطانين مو المندوب,2026-04-23,2000210
telegram,jahez_couriers,توصيل,ياشباب امس المغرب حولت مبلغ من كيتا ولحد الان ما وصلت,2026-04-23,2000272
twitter,HungerStation_drivers,توصيل,جاهز أحسن من مرسول في التوزيع والسعر,2026-04-23,2000312
telegram,thechefs_ksa,توصيل,رحت محل اكل هندي وجبت طلب وشوربة واقعة جاني خصم ٥٠ ريال,2026-04-23,2000322
telegram,toYou_couriers,توصيل,وصلت طلبات وطلعت ب١١٠ ريال لكن ليش ما اتضافت للسحب,2026-04-23,2000331
telegram,mostaql_workers,عمل_حر,منصة خمسات أفضل للمبتدئين في العمل الحر,2026-04-23,2000334
twitter,mostaql_workers,عمل_حر,التسويق الرقمي من أكثر التخصصات طلباً,2026-04-23,2000335
telegram,mostaql_workers,عمل_حر,كيف أحسن بروفايلي في مستقل وأحصل على عملاء,2026-04-23,2000339
telegram,freelancers_ksa,عمل_حر,كيف أحسن بروفايلي في مستقل وأحصل على عملاء,2026-04-23,2000369
telegram,freelancers_ksa,عمل_حر,التسويق الرقمي من أكثر التخصصات طلباً,2026-04-23,2000417
twitter,wasselni_drivers,نقل,اوبر زود على نسبة الالغاء وانا ما قدرت اوصل للعميل,2026-04-24,2000006
telegram,السائقين_السعوديين,نقل,نبي نظام تأمين صحي للسائقين مثل الموظفين,2026-04-24,2000046
telegram,wasselni_drivers,نقل,بعدها على بولت خلال ٦ ساعات ٢٠٠ ريال خلال ١٦ ساعة ٧٠٠ ريال ثابتة,2026-04-24,2000078
telegram,careem_drivers_sa,نقل,ذروة ب كاش مع نسبتهم تشوفه مبلغ كويس بس يجيك بمشوار واحد بطاقة,2026-04-24,2000100
twitter,السائقين_السعوديين,نقل,اوبر مادري كيف يفكرون جاني مشوار والطرق كلها مقفله,2026-04-24,2000102
telegram,bolt_drivers_ksa,نقل,اقل شي ٤٥٠ واعلى شي ٥٥٠ خلال ١٢ ساعة على اوبر,2026-04-24,2000128
telegram,bolt_drivers_ksa,نقل,بولت نسبة عالية خير ياطير اذا عوضنا,2026-04-24,2000131
telegram,thechefs_ksa,توصيل,الاسعار اختلفت بعد كثرة المنافسين ودخول كيتا بالاخص,2026-04-24,2000166
telegram,keeta_couriers,توصيل,الطلبات الليلية تساوي ضعف النهارية في كيتا,2026-04-24,2000168
telegram,delivery_ksa,توصيل,مو محل وموظفين اغبياء هم الغلطانين مو المندوب,2026-04-24,2000196
telegram,mrsool_delivery,توصيل,جاهز أحسن من مرسول في التوزيع والسعر,2026-04-24,2000222
telegram,delivery_ksa,توصيل,المخالفين موصلين ٣٠٠ وشوي الشهر اللي فات انا بقوة وصلت ٢٩٠,2026-04-24,2000243
telegram,HungerStation_drivers,توصيل,خدمة العملاء في كيتا ما تفيد تقريباً,2026-04-24,2000259
telegram,jahez_couriers,توصيل,واحد طالب ٣ ماء من كودو المهم يرسل يقول كنسل,2026-04-24,2000276
telegram,keeta_couriers,توصيل,امس السحور ٩ ريال و ١٠ ريال من كيتا ليش ولا حق التعب,2026-04-24,2000286
telegram,khamsat_ar,عمل_حر,الفريلانس في السعودية بدأ ينمو بشكل كبير,2026-04-24,2000377
twitter,freelancers_ksa,عمل_حر,ضريبة القيمة المضافة على الفريلانس كيف تشتغل,2026-04-24,2000398
telegram,mostaql_workers,عمل_حر,مشروع ترجمة بكم تقدر تقدم,2026-04-24,2000423
telegram,bolt_drivers_ksa,نقل,اذا الوقت زاد ٨ دقايق وفوق ماافكهم غير مسويلي تعويض,2026-04-25,2000023
telegram,kayan_ksa,نقل,السائقين الأجانب يزاحمون على الرحلات في كريم,2026-04-25,2000028
telegram,wasselni_drivers,نقل,السكوت ماراح ينفع خلونا نتحرك بشكل منظم,2026-04-25,2000030
twitter,السائقين_السعوديين,نقل,العمل في المطارات أحسن من الشوارع الربح افضل,2026-04-25,2000088
telegram,Captains_saudi,نقل,كم متوسط دخل الكابتن في الرياض شهريًا حاليًا,2026-04-25,2000106
telegram,kayan_ksa,نقل,وصلت واحد المطار وكان مصري وحك الصدام من السيارة,2026-04-25,2000130
twitter,thechefs_ksa,توصيل,وصلت طلبات وطلعت ب١١٠ ريال لكن ليش ما اتضافت للسحب,2026-04-25,2000170
twitter,thechefs_ksa,توصيل,مشكلة الباكدج الكبير ما يناسب الدراجة,2026-04-25,2000238
telegram,delivery_ksa,توصيل,مرسول رقم واحد بالتعويض يقولك توصل موقع العميل كلمنا,2026-04-25,2000239
telegram,HungerStation_drivers,توصيل,ذا شيفز الطلبات كثيرة بس المنطقة محدودة حتى الآن,2026-04-25,2000245
telegram,mrsool_delivery,توصيل,الدراجة تعطلت اليوم وخسرت شغل,2026-04-25,2000248
telegram,toYou_couriers,توصيل,مشوار ابو ٢٠ زمان في كيتا الحين ب٩,2026-04-25,2000251
twitter,delivery_ksa,توصيل,مرسول فتح تسجيل جديد للموصلين هذا الأسبوع,2026-04-25,2000264
telegram,jahez_couriers,توصيل,وصلت طلبات وطلعت ب١١٠ ريال لكن ليش ما اتضافت للسحب,2026-04-25,2000290
telegram,HungerStation_drivers,توصيل,مرسول رقم واحد بالتعويض يقولك توصل موقع العميل كلمنا,2026-04-25,2000299
telegram,HungerStation_drivers,توصيل,رحت محل اكل هندي وجبت طلب وشوربة واقعة جاني خصم ٥٠ ريال,2026-04-25,2000310
twitter,mostaql_workers,عمل_حر,upwork أو مستقل أيهما أفضل للسعوديين,2026-04-25,2000350
telegram,freelancers_ksa,عمل_حر,بدأت فريلانس من بيتي والدخل تحسن الحمد لله,2026-04-25,2000355
twitter,khamsat_ar,عمل_حر,مشروع ترجمة بكم تقدر تقدم,2026-04-25,2000380
telegram,khamsat_ar,عمل_حر,الزبون ما دفع بعد تسليم العمل كيف أتصرف,2026-04-25,2000389
telegram,khamsat_ar,عمل_حر,كيف أحسن بروفايلي في مستقل وأحصل على عملاء,2026-04-25,2000409
twitter,mostaql_workers,عمل_حر,الزبائن الخليجيين يدفعون أحسن من العرب,2026-04-25,2000412
telegram,mostaql_workers,عمل_حر,التسويق الرقمي من أكثر التخصصات طلباً,2026-04-25,2000416
telegram,wasselni_drivers,نقل,جيني بدأ ينافس لكن ما زال الطلبات أقل,2026-04-26,2000019
telegram,Captains_saudi,نقل,وصلت ٥٠ رحلة هذا الأسبوع الحمد لله رب العالمين,2026-04-26,2000036
twitter,bolt_drivers_ksa,نقل,كيان التطبيق جديد بس الطلبات وايد خير من اوبر,2026-04-26,2000068
twitter,kayan_ksa,نقل,أحسن أوقات الشغل الفطور والغداء والذروة المسائية,2026-04-26,2000069
twitter,jeeny_ksa,نقل,ودي اشتغل ف بولت بجانب اوبر ممكن؟,2026-04-26,2000090
telegram,jeeny_ksa,نقل,السائق هو الي يتعب ولابد تكون نسبة اوبر لها حد اعلى ٢٠ ريال,2026-04-26,2000115
telegram,wasselni_drivers,نقل,أوبر أفضل من بولت في توزيع الرحلات عندي,2026-04-26,2000119
twitter,bolt_drivers_ksa,نقل,السائقين الأجانب يزاحمون على الرحلات في كريم,2026-04-26,2000123
telegram,careem_drivers_sa,نقل,اقل شي ٤٥٠ واعلى شي ٥٥٠ خلال ١٢ ساعة على اوبر,2026-04-26,2000126
telegram,jahez_couriers,توصيل,امس السحور ٩ ريال و ١٠ ريال من كيتا ليش ولا حق التعب,2026-04-26,2000182
telegram,mrsool_delivery,توصيل,هنجرستين وكيتا حاليًا جاهز ومرسول وذا شيفز بس اقل في الطلبات,2026-04-26,2000193
telegram,HungerStation_drivers,توصيل,جاهز أحسن من مرسول في التوزيع والسعر,2026-04-26,2000198
telegram,jahez_couriers,توصيل,هنقرستيشن يقولك رجع الطلب سوبر ماركت هنقرستيشن,2026-04-26,2000214
telegram,delivery_ksa,توصيل,مشكلة الباكدج الكبير ما يناسب الدراجة,2026-04-26,2000233
telegram,keeta_couriers,توصيل,توصيل في الأمطار خطر بدون مكافأة من التطبيق,2026-04-26,2000291
telegram,thechefs_ksa,توصيل,توصيل في الأمطار خطر بدون مكافأة من التطبيق,2026-04-26,2000307
telegram,keeta_couriers,توصيل,سلام وصلت طلب وسلمته للعميل بيدي وبعد نص ساعة خصموا قيمة الطلب,2026-04-26,2000309
twitter,freelancers_ksa,عمل_حر,الفريلانس في السعودية بدأ ينمو بشكل كبير,2026-04-26,2000367
twitter,freelancers_ksa,عمل_حر,كيف أحسن بروفايلي في مستقل وأحصل على عملاء,2026-04-26,2000405
telegram,CreemUber,نقل,بعدها على بولت خلال ٦ ساعات ٢٠٠ ريال خلال ١٦ ساعة ٧٠٠ ريال ثابتة,2026-04-27,2000013
telegram,uber_ksa_drivers,نقل,من حقك ترفض خدمته سيارتك وترفع بلاغ,2026-04-27,2000060
twitter,kayan_ksa,نقل,عميل تقييمه منخفض لا تاخذ مرة,2026-04-27,2000093
telegram,bolt_drivers_ksa,نقل,اليوم الأوردرات كانت ممتازة والبخشيش زين الحمد لله,2026-04-27,2000132
telegram,CreemUber,نقل,جربت كابتن في جيني وجيت الرياض والشغل مثل الشرقية,2026-04-27,2000137
telegram,mrsool_delivery,توصيل,مرسول الطلبات فل بس عيبه اطلب اي شي روح بنفسك,2026-04-27,2000156
telegram,jahez_couriers,توصيل,طلب وصل بارد لأن المطعم تأخر وراحت التقييم,2026-04-27,2000192
twitter,mrsool_delivery,توصيل,كيتا الحين يقولك توصل الطلب وعشان تبلغ تأخير المطعم تنتظر,2026-04-27,2000209
telegram,thechefs_ksa,توصيل,كيتا يلعبون على المندوب عشان يخصمون مكافأة التوصيل في الوقت,2026-04-27,2000215
telegram,keeta_couriers,توصيل,مو محل وموظفين اغبياء هم الغلطانين مو المندوب,2026-04-27,2000232
telegram,thechefs_ksa,توصيل,كيتا الحين يقولك توصل الطلب وعشان تبلغ تأخير المطعم تنتظر,2026-04-27,2000253
telegram,thechefs_ksa,توصيل,سلام وصلت طلب وسلمته للعميل بيدي وبعد نص ساعة خصموا قيمة الطلب,2026-04-27,2000257
twitter,keeta_couriers,توصيل,وصلت ٢٠٠ طلب هذا الشهر الحمد لله,2026-04-27,2000279
telegram,HungerStation_drivers,توصيل,مرسول شغال زي لوز ما عده كيتا,2026-04-27,2000320
twitter,freelancers_ksa,عمل_حر,الزبون ما دفع بعد تسليم العمل كيف أتصرف,2026-04-27,2000348
telegram,kayan_ksa,نقل,السكوت ماراح ينفع خلونا نتحرك بشكل منظم,2026-04-28,2000009
telegram,kayan_ksa,نقل,ما يستاهل لا تعب ولا وقت المشوار بعيد والربح ضعيف,2026-04-28,2000135
telegram,mrsool_delivery,توصيل,المندوب المخالف يأكل حرام رزق شخص نظامي,2026-04-28,2000155
telegram,mrsool_delivery,توصيل,مشكلة الباكدج الكبير ما يناسب الدراجة,2026-04-28,2000169
telegram,thechefs_ksa,توصيل,مرسول الطلبات فل بس عيبه اطلب اي شي روح بنفسك,2026-04-28,2000176
telegram,mrsool_delivery,توصيل,الطلبات الليلية تساوي ضعف النهارية في كيتا,2026-04-28,2000178
telegram,keeta_couriers,توصيل,كنت اشتغل مرسول زمان اطلع ٢٠٠ في اليوم على ٨ طلبات,2026-04-28,2000179
twitter,delivery_ksa,توصيل,الطلبات الليلية تساوي ضعف النهارية في كيتا,2026-04-28,2000191
telegram,toYou_couriers,توصيل,امس وصلت طلب والعميل تأخر وراح عليي مكافأة موعد الوصول,2026-04-28,2000200
telegram,thechefs_ksa,توصيل,مانبي نقطع رزق احد بس والله غبنه توقف عند المطاعم وتنتظر,2026-04-28,2000217
telegram,keeta_couriers,توصيل,المخالفين موصلين ٣٠٠ وشوي الشهر اللي فات انا بقوة وصلت ٢٩٠,2026-04-28,2000228
twitter,delivery_ksa,توصيل,الحين ١٤ طلب في كيتا وما طلعت ٢٠ ريال,2026-04-28,2000235
telegram,thechefs_ksa,توصيل,وصلت ٢٠٠ طلب هذا الشهر الحمد لله,2026-04-28,2000292
telegram,mrsool_delivery,توصيل,ياشباب امس المغرب حولت مبلغ من كيتا ولحد الان ما وصلت,2026-04-28,2000293
telegram,mrsool_delivery,توصيل,مشوار ابو ٢٠ زمان في كيتا الحين ب٩,2026-04-28,2000316
twitter,khamsat_ar,عمل_حر,الزبائن الخليجيين يدفعون أحسن من العرب,2026-04-28,2000406
twitter,khamsat_ar,عمل_حر,كيف أحسن بروفايلي في مستقل وأحصل على عملاء,2026-04-28,2000419
telegram,khamsat_ar,عمل_حر,upwork أو مستقل أيهما أفضل للسعوديين,2026-04-28,2000427
twitter,freelancers_ksa,عمل_حر,منصة خمسات أفضل للمبتدئين في العمل الحر,2026-04-28,2000428
telegram,CreemUber,نقل,عميل تقييمه منخفض لا تاخذ مرة,2026-04-29,2000026
telegram,kayan_ksa,نقل,السائق هو الي يتعب ولابد تكون نسبة اوبر لها حد اعلى ٢٠ ريال,2026-04-29,2000027
telegram,السائقين_السعوديين,نقل,اقل شي ٤٥٠ واعلى شي ٥٥٠ خلال ١٢ ساعة على اوبر,2026-04-29,2000054
telegram,jeeny_ksa,نقل,محتاج سيارة جديدة السيارة الحالية تعبت من كثر الشغل,2026-04-29,2000067
telegram,bolt_drivers_ksa,نقل,عميل تقييمه منخفض لا تاخذ مرة,2026-04-29,2000092
telegram,wasselni_drivers,نقل,كم متوسط دخل الكابتن في الرياض شهريًا حاليًا,2026-04-29,2000098
telegram,wasselni_drivers,نقل,ما يستاهل لا تعب ولا وقت المشوار بعيد والربح ضعيف,2026-04-29,2000121
telegram,jahez_couriers,توصيل,والله اذا موترك ينفع في النقل الموجه افضل بمليون مرة,2026-04-29,2000225
telegram,jahez_couriers,توصيل,ياشباب امس المغرب حولت مبلغ من كيتا ولحد الان ما وصلت,2026-04-29,2000294
telegram,toYou_couriers,توصيل,خدمة العملاء في كيتا ما تفيد تقريباً,2026-04-29,2000295
twitter,toYou_couriers,توصيل,واحد طالب ٣ ماء من كودو المهم يرسل يقول كنسل,2026-04-29,2000317
twitter,mostaql_workers,عمل_حر,أكملت مشروع تصميم بـ ٨٠٠ ريال في مستقل,2026-04-29,2000363
twitter,mostaql_workers,عمل_حر,منصة خمسات أفضل للمبتدئين في العمل الحر,2026-04-29,2000370
twitter,mostaql_workers,عمل_حر,نبي حماية للفريلانسر من الزبون اللي ما يدفع,2026-04-29,2000399
telegram,freelancers_ksa,عمل_حر,الزبائن الخليجيين يدفعون أحسن من العرب,2026-04-29,2000418
telegram,Captains_saudi,نقل,السكوت ماراح ينفع خلونا نتحرك بشكل منظم,2026-04-30,2000025
telegram,Captains_saudi,نقل,السائق هو الي يتعب ولابد تكون نسبة اوبر لها حد اعلى ٢٠ ريال,2026-04-30,2000052
telegram,Captains_saudi,نقل,وصلت ٥٠ رحلة هذا الأسبوع الحمد لله رب العالمين,2026-04-30,2000103
telegram,thechefs_ksa,توصيل,الطلبات الليلية تساوي ضعف النهارية في كيتا,2026-04-30,2000153
telegram,mrsool_delivery,توصيل,جاهز أحسن من مرسول في التوزيع والسعر,2026-04-30,2000185
telegram,thechefs_ksa,توصيل,ذا شيفز الطلبات كثيرة بس المنطقة محدودة حتى الآن,2026-04-30,2000297
twitter,delivery_ksa,توصيل,توصيل في الأمطار خطر بدون مكافأة من التطبيق,2026-04-30,2000314
telegram,freelancers_ksa,عمل_حر,بدأت فريلانس من بيتي والدخل تحسن الحمد لله,2026-04-30,2000358
telegram,khamsat_ar,عمل_حر,مشروع ترجمة بكم تقدر تقدم,2026-04-30,2000397
