app_name,platform,sector,text,rating,date,city,version
Jeeny,google_play,نقل,خدمة جيدة والسائقين محترمين,4,2025-04-03,مكة المكرمة,latest
Wasselni,google_play,نقل,الانتظار طويل أحياناً,2,2025-04-03,الرياض,latest
Mrsool,google_play,توصيل,الطعام وصل طازجاً,4,2025-04-03,الخبر,latest
TheChefs,google_play,توصيل,تجربة مميزة جداً,5,2025-04-03,جدة,latest
Sary,google_play,عمل_حر,تجربة جيدة بشكل عام,4,2025-04-03,الرياض,latest
Bolt,google_play,نقل,الأسعار معقولة,4,2025-04-04,الرياض,latest
Bolt,google_play,نقل,التطبيق يعلق أحياناً,2,2025-04-04,الرياض,latest
Jeeny,google_play,نقل,الأسعار مبالغ فيها كثيراً,1,2025-04-04,الرياض,latest
Kayan,google_play,نقل,أفضل تطبيق نقل,5,2025-04-04,الدمام,latest
Jahez,google_play,توصيل,تجربة مميزة جداً,5,2025-04-04,الرياض,latest
Khamsat,google_play,عمل_حر,سهلة الاستخدام للفريلانسر,4,2025-04-04,الدمام,latest
Sary,google_play,عمل_حر,حصلت على عملاء ممتازين,5,2025-04-04,الرياض,latest
Sary,google_play,عمل_حر,فرص موجودة لكن المنافسة عالية,3,2025-04-04,الرياض,latest
Bolt,google_play,نقل,التطبيق يعلق أحياناً,2,2025-04-05,أبها,latest
Jeeny,google_play,نقل,خدمة عادية,3,2025-04-05,الرياض,latest
Wasselni,google_play,نقل,نسبة التطبيق عالية جداً ما تستاهل,1,2025-04-05,الرياض,latest
Mrsool,google_play,توصيل,خدمة رائعة دائماً,5,2025-04-05,الرياض,latest
ToYou,google_play,توصيل,أحياناً تأخير كبير,2,2025-04-05,الرياض,latest
Keeta,google_play,توصيل,الطعام وصل طازجاً,4,2025-04-05,جدة,latest
Mostaql,google_play,عمل_حر,تجربة رائعة ننصح بها,5,2025-04-05,الرياض,latest
Mostaql,google_play,عمل_حر,حصلت على عملاء ممتازين,5,2025-04-05,جدة,latest
HungerStation,google_play,توصيل,تطبيق سهل وتوصيل جيد,4,2025-04-06,جدة,latest
Sary,google_play,عمل_حر,مقبولة للمبتدئين,3,2025-04-06,الخبر,latest
Uber,google_play,نقل,تطبيق سهل الاستخدام,4,2025-04-07,الرياض,latest
Bolt,google_play,نقل,أفضل تطبيق نقل,5,2025-04-07,الرياض,latest
Jeeny,google_play,نقل,تطبيق ممتاز وسهل الاستخدام,5,2025-04-07,مكة المكرمة,latest
Jeeny,google_play,نقل,الأسعار معقولة,4,2025-04-07,الرياض,latest
Jahez,google_play,توصيل,توصيل سريع والطلب مكتمل,4,2025-04-07,الرياض,latest
TheChefs,google_play,توصيل,الطلب وصل لكن متأخر,3,2025-04-07,مكة المكرمة,latest
ToYou,google_play,توصيل,توصيل سريع جداً والطعام ممتاز,5,2025-04-07,الرياض,latest
Mostaql,google_play,عمل_حر,المنافسة كبيرة والأسعار منخفضة,2,2025-04-07,جدة,latest
Mostaql,google_play,عمل_حر,فرص موجودة لكن المنافسة عالية,3,2025-04-07,الدمام,latest
Khamsat,google_play,عمل_حر,سهلة الاستخدام للفريلانسر,4,2025-04-07,الطائف,latest
Uber,google_play,نقل,تطبيق سهل الاستخدام,4,2025-04-08,جدة,latest
Kayan,google_play,نقل,أفضل تطبيق نقل,5,2025-04-08,تبوك,latest
HungerStation,google_play,توصيل,الطعام وصل طازجاً,4,2025-04-08,المدينة المنورة,latest
Jahez,google_play,توصيل,توصيل سريع جداً والطعام ممتاز,5,2025-04-08,جدة,latest
Khamsat,google_play,عمل_حر,تجربة رائعة ننصح بها,5,2025-04-08,الرياض,latest
Sary,google_play,عمل_حر,تجربة رائعة ننصح بها,5,2025-04-08,جدة,latest
HungerStation,google_play,توصيل,توصيل سريع والطلب مكتمل,4,2025-04-09,الرياض,latest
HungerStation,google_play,توصيل,توصيل متوسط يحتاج تحسين,3,2025-04-09,تبوك,latest
Jahez,google_play,توصيل,أفضل تطبيق توصيل,5,2025-04-09,الدمام,latest
Keeta,google_play,توصيل,التوصيل أبطأ من المعتاد,2,2025-04-09,جدة,latest
Khamsat,google_play,عمل_حر,منصة موثوقة جداً,5,2025-04-09,الخبر,latest
Sary,google_play,عمل_حر,فرص عمل متنوعة,4,2025-04-09,الرياض,latest
Careem,google_play,نقل,أفضل تطبيق نقل,5,2025-04-10,الرياض,latest
Jeeny,google_play,نقل,السائق ألغى الرحلة بدون سبب,1,2025-04-10,الدمام,latest
Wasselni,google_play,نقل,خدمة جيدة والسائقين محترمين,4,2025-04-10,جدة,latest
Wasselni,google_play,نقل,تطبيق ممتاز وسهل الاستخدام,5,2025-04-10,جدة,latest
Jahez,google_play,توصيل,خدمة رائعة دائماً,5,2025-04-10,جدة,latest
Mrsool,google_play,توصيل,توصيل متوسط يحتاج تحسين,3,2025-04-10,الرياض,latest
TheChefs,google_play,توصيل,تجربة مميزة جداً,5,2025-04-10,جدة,latest
Mostaql,google_play,عمل_حر,بعض العملاء غير جادين,2,2025-04-10,الرياض,latest
Khamsat,google_play,عمل_حر,سهلة الاستخدام للفريلانسر,4,2025-04-10,جدة,latest
Uber,google_play,نقل,بعض السائقين غير محترفين,2,2025-04-11,تبوك,latest
Uber,google_play,نقل,نسبة التطبيق عالية جداً ما تستاهل,1,2025-04-11,جدة,latest
Wasselni,google_play,نقل,سائق محترم وسيارة نظيفة,5,2025-04-11,الدمام,latest
HungerStation,google_play,توصيل,الطلب وصل بارداً وناقصاً,1,2025-04-11,الدمام,latest
HungerStation,google_play,توصيل,خدمة عادية,3,2025-04-11,جدة,latest
TheChefs,google_play,توصيل,تجربة مميزة جداً,5,2025-04-11,الدمام,latest
TheChefs,google_play,توصيل,خدمة رائعة دائماً,5,2025-04-11,الرياض,latest
ToYou,google_play,توصيل,خدمة عادية,3,2025-04-11,مكة المكرمة,latest
Mostaql,google_play,عمل_حر,منصة جيدة وفرص كثيرة,4,2025-04-11,الطائف,latest
Careem,google_play,نقل,خدمة متوسطة تحتاج تحسين,3,2025-04-12,الرياض,latest
Jeeny,google_play,نقل,التطبيق جيد لكن الأسعار مرتفعة,3,2025-04-12,الدمام,latest
Wasselni,google_play,نقل,الأسعار معقولة,4,2025-04-12,المدينة المنورة,latest
HungerStation,google_play,توصيل,توصيل سريع والطلب مكتمل,4,2025-04-12,الدمام,latest
ToYou,google_play,توصيل,الطلب وصل ناقص ولا تعويض,2,2025-04-12,الرياض,latest
Jeeny,google_play,نقل,خدمة عادية,3,2025-04-13,الخبر,latest
Jeeny,google_play,نقل,خدمة جيدة والسائقين محترمين,4,2025-04-13,جدة,latest
TheChefs,google_play,توصيل,خدمة رائعة دائماً,5,2025-04-13,الخبر,latest
ToYou,google_play,توصيل,أفضل تطبيق توصيل,5,2025-04-13,الخبر,latest
Uber,google_play,نقل,نسبة التطبيق عالية جداً ما تستاهل,1,2025-04-14,الخبر,latest
Careem,google_play,نقل,السائق ألغى الرحلة بدون سبب,1,2025-04-14,المدينة المنورة,latest
Wasselni,google_play,نقل,خدمة رائعة ننصح بها,5,2025-04-14,الرياض,latest
Jahez,google_play,توصيل,تطبيق سهل وتوصيل جيد,4,2025-04-14,الرياض,latest
Mrsool,google_play,توصيل,توصيل سريع والطلب مكتمل,4,2025-04-14,الدمام,latest
Keeta,google_play,توصيل,توصيل سريع جداً والطعام ممتاز,5,2025-04-14,المدينة المنورة,latest
Khamsat,google_play,عمل_حر,تجربة رائعة ننصح بها,5,2025-04-14,جدة,latest
Bolt,google_play,نقل,تجربة جيدة بشكل عام,4,2025-04-15,الدمام,latest
Jeeny,google_play,نقل,خدمة رائعة ننصح بها,5,2025-04-15,الدمام,latest
Wasselni,google_play,نقل,التطبيق يعلق أحياناً,2,2025-04-15,الخبر,latest
Kayan,google_play,نقل,تطبيق سهل الاستخدام,4,2025-04-15,الرياض,latest
HungerStation,google_play,توصيل,خدمة رائعة دائماً,5,2025-04-15,أبها,latest
Mrsool,google_play,توصيل,تجربة جيدة,4,2025-04-15,الدمام,latest
ToYou,google_play,توصيل,التوصيل أبطأ من المعتاد,2,2025-04-15,الدمام,latest
ToYou,google_play,توصيل,تجربة جيدة,4,2025-04-15,جدة,latest
Khamsat,google_play,عمل_حر,الزبون ما دفع بعد تسليم العمل,1,2025-04-15,الدمام,latest
Sary,google_play,عمل_حر,فرص عمل متنوعة,4,2025-04-15,الرياض,latest
Sary,google_play,عمل_حر,تجربة رائعة ننصح بها,5,2025-04-15,جدة,latest
Careem,google_play,نقل,تطبيق سهل الاستخدام,4,2025-04-16,الرياض,latest
Kayan,google_play,نقل,الأسعار معقولة,4,2025-04-16,الطائف,latest
HungerStation,google_play,توصيل,أحياناً تأخير كبير,2,2025-04-16,الدمام,latest
Jahez,google_play,توصيل,الطعام وصل طازجاً,4,2025-04-16,مكة المكرمة,latest
Keeta,google_play,توصيل,خدمة رائعة دائماً,5,2025-04-16,جدة,latest
Sary,google_play,عمل_حر,أفضل منصة عمل حر عربية,5,2025-04-16,الدمام,latest
Bolt,google_play,نقل,خدمة جيدة والسائقين محترمين,4,2025-04-17,الخبر,latest
Bolt,google_play,نقل,تجربة جيدة بشكل عام,4,2025-04-17,جدة,latest
Kayan,google_play,نقل,سائق محترم وسيارة نظيفة,5,2025-04-17,الرياض,latest
HungerStation,google_play,توصيل,توصيل متوسط يحتاج تحسين,3,2025-04-17,الرياض,latest
TheChefs,google_play,توصيل,تطبيق سهل وتوصيل جيد,4,2025-04-17,جدة,latest
ToYou,google_play,توصيل,تجربة مميزة جداً,5,2025-04-17,المدينة المنورة,latest
ToYou,google_play,توصيل,خدمة رائعة دائماً,5,2025-04-17,مكة المكرمة,latest
Uber,google_play,نقل,تطبيق سهل الاستخدام,4,2025-04-18,الدمام,latest
Jeeny,google_play,نقل,تطبيق سهل الاستخدام,4,2025-04-18,تبوك,latest
Wasselni,google_play,نقل,تطبيق ممتاز وسهل الاستخدام,5,2025-04-18,مكة المكرمة,latest
Kayan,google_play,نقل,الانتظار طويل أحياناً,2,2025-04-18,جدة,latest
HungerStation,google_play,توصيل,تجربة مميزة جداً,5,2025-04-18,الخبر,latest
TheChefs,google_play,توصيل,توصيل سريع جداً والطعام ممتاز,5,2025-04-18,تبوك,latest
ToYou,google_play,توصيل,الطلب وصل لكن متأخر,3,2025-04-18,جدة,latest
Khamsat,google_play,عمل_حر,فرص موجودة لكن المنافسة عالية,3,2025-04-18,المدينة المنورة,latest
Sary,google_play,عمل_حر,تجربة جيدة بشكل عام,4,2025-04-18,الدمام,latest
Bolt,google_play,نقل,الأسعار مرتفعة مقارنة بالمنافسين,2,2025-04-19,الرياض,latest
HungerStation,google_play,توصيل,تطبيق سهل وتوصيل جيد,4,2025-04-19,جدة,latest
Jahez,google_play,توصيل,تجربة جيدة,4,2025-04-19,تبوك,latest
Keeta,google_play,توصيل,مقبول لكن يحتاج تطوير,3,2025-04-19,الدمام,latest
Bolt,google_play,نقل,خدمة متوسطة تحتاج تحسين,3,2025-04-20,الرياض,latest
HungerStation,google_play,توصيل,تجربة مميزة جداً,5,2025-04-20,الدمام,latest
Jahez,google_play,توصيل,الطلب وصل ناقص ولا تعويض,2,2025-04-20,تبوك,latest
ToYou,google_play,توصيل,مقبول لكن يحتاج تطوير,3,2025-04-20,الرياض,latest
Mostaql,google_play,عمل_حر,مقبولة للمبتدئين,3,2025-04-20,الرياض,latest
Uber,google_play,نقل,خدمة جيدة والسائقين محترمين,4,2025-04-21,الدمام,latest
Bolt,google_play,نقل,الأسعار معقولة,4,2025-04-21,مكة المكرمة,latest
Jeeny,google_play,نقل,سائق محترم وسيارة نظيفة,5,2025-04-21,مكة المكرمة,latest
Wasselni,google_play,نقل,سائق محترم وسيارة نظيفة,5,2025-04-21,جدة,latest
Kayan,google_play,نقل,تجربة جيدة بشكل عام,4,2025-04-21,جدة,latest
TheChefs,google_play,توصيل,تطبيق سهل وتوصيل جيد,4,2025-04-21,الدمام,latest
ToYou,google_play,توصيل,الطلب وصل لكن متأخر,3,2025-04-21,الخبر,latest
Keeta,google_play,توصيل,أفضل تطبيق توصيل,5,2025-04-21,الرياض,latest
Careem,google_play,نقل,خدمة رائعة ننصح بها,5,2025-04-22,الطائف,latest
HungerStation,google_play,توصيل,الطلب وصل بارداً وناقصاً,1,2025-04-22,الدمام,latest
HungerStation,google_play,توصيل,تطبيق سهل وتوصيل جيد,4,2025-04-22,الرياض,latest
TheChefs,google_play,توصيل,تطبيق سهل وتوصيل جيد,4,2025-04-22,الدمام,latest
Mostaql,google_play,عمل_حر,فرص عمل متنوعة,4,2025-04-22,مكة المكرمة,latest
Careem,google_play,نقل,تطبيق ممتاز وسهل الاستخدام,5,2025-04-23,مكة المكرمة,latest
Careem,google_play,نقل,مقبول لكن يمكن أفضل,3,2025-04-23,الدمام,latest
Bolt,google_play,نقل,خدمة عادية,3,2025-04-23,الرياض,latest
Jeeny,google_play,نقل,خدمة جيدة والسائقين محترمين,4,2025-04-23,مكة المكرمة,latest
Jeeny,google_play,نقل,خدمة جيدة والسائقين محترمين,4,2025-04-23,الدمام,latest
HungerStation,google_play,توصيل,تجربة مميزة جداً,5,2025-04-23,جدة,latest
Mostaql,google_play,عمل_حر,منصة موثوقة جداً,5,2025-04-23,الرياض,latest
Kayan,google_play,نقل,خدمة رائعة ننصح بها,5,2025-04-24,الدمام,latest
Kayan,google_play,نقل,خدمة رائعة ننصح بها,5,2025-04-24,جدة,latest
HungerStation,google_play,توصيل,خدمة العملاء ما تفيد أبداً,1,2025-04-24,الرياض,latest
Mrsool,google_play,توصيل,الطلب وصل ناقص ولا تعويض,2,2025-04-24,الطائف,latest
TheChefs,google_play,توصيل,أفضل تطبيق توصيل,5,2025-04-24,الرياض,latest
TheChefs,google_play,توصيل,توصيل سريع جداً والطعام ممتاز,5,2025-04-24,مكة المكرمة,latest
TheChefs,google_play,توصيل,توصيل سريع والطلب مكتمل,4,2025-04-24,الرياض,latest
Keeta,google_play,توصيل,الطعام وصل طازجاً,4,2025-04-24,الرياض,latest
Keeta,google_play,توصيل,توصيل سريع جداً والطعام ممتاز,5,2025-04-24,جدة,latest
Mostaql,google_play,عمل_حر,منصة جيدة وفرص كثيرة,4,2025-04-24,جدة,latest
Khamsat,google_play,عمل_حر,حصلت على عملاء ممتازين,5,2025-04-24,الرياض,latest
Sary,google_play,عمل_حر,منصة موثوقة جداً,5,2025-04-24,الدمام,latest
Uber,google_play,نقل,بعض السائقين غير محترفين,2,2025-04-25,الدمام,latest
Bolt,google_play,نقل,خدمة جيدة والسائقين محترمين,4,2025-04-25,مكة المكرمة,latest
Bolt,google_play,نقل,التطبيق جيد لكن الأسعار مرتفعة,3,2025-04-25,الخبر,latest
HungerStation,google_play,توصيل,توصيل سريع جداً والطعام ممتاز,5,2025-04-25,جدة,latest
HungerStation,google_play,توصيل,توصيل سريع جداً والطعام ممتاز,5,2025-04-25,المدينة المنورة,latest
Mrsool,google_play,توصيل,توصيل سريع والطلب مكتمل,4,2025-04-25,الرياض,latest
ToYou,google_play,توصيل,أسوأ تجربة توصيل,1,2025-04-25,الرياض,latest
Sary,google_play,عمل_حر,سهلة الاستخدام للفريلانسر,4,2025-04-25,الخبر,latest
Uber,google_play,نقل,خدمة عادية,3,2025-04-26,جدة,latest
Jahez,google_play,توصيل,توصيل سريع جداً والطعام ممتاز,5,2025-04-26,الرياض,latest
ToYou,google_play,توصيل,خدمة عادية,3,2025-04-26,الدمام,latest
Khamsat,google_play,عمل_حر,تجربة رائعة ننصح بها,5,2025-04-26,جدة,latest
Careem,google_play,نقل,خدمة عادية,3,2025-04-27,تبوك,latest
Jeeny,google_play,نقل,سائق محترم وسيارة نظيفة,5,2025-04-27,مكة المكرمة,latest
TheChefs,google_play,توصيل,أفضل تطبيق توصيل,5,2025-04-27,جدة,latest
ToYou,google_play,توصيل,خدمة عادية,3,2025-04-27,الدمام,latest
ToYou,google_play,توصيل,أسوأ تجربة توصيل,1,2025-04-27,الخبر,latest
Keeta,google_play,توصيل,جودة الطعام متأثرة بالوقت,2,2025-04-27,الرياض,latest
Khamsat,google_play,عمل_حر,حصلت على عملاء ممتازين,5,2025-04-27,الرياض,latest
Khamsat,google_play,عمل_حر,سهلة الاستخدام للفريلانسر,4,2025-04-27,الطائف,latest
Khamsat,google_play,عمل_حر,أفضل منصة عمل حر عربية,5,2025-04-27,جدة,latest
Uber,google_play,نقل,الأسعار معقولة,4,2025-04-28,المدينة المنورة,latest
Careem,google_play,نقل,تجربة جيدة بشكل عام,4,2025-04-28,الرياض,latest
Bolt,google_play,نقل,تجربة جيدة بشكل عام,4,2025-04-28,جدة,latest
Kayan,google_play,نقل,خدمة جيدة والسائقين محترمين,4,2025-04-28,جدة,latest
Jahez,google_play,توصيل,خدمة العملاء ما تفيد أبداً,1,2025-04-28,جدة,latest
Keeta,google_play,توصيل,توصيل سريع جداً والطعام ممتاز,5,2025-04-28,مكة المكرمة,latest
Careem,google_play,نقل,الأسعار معقولة,4,2025-04-29,جدة,latest
Bolt,google_play,نقل,خدمة عادية,3,2025-04-29,جدة,latest
Jeeny,google_play,نقل,نسبة التطبيق عالية جداً ما تستاهل,1,2025-04-29,جدة,latest
HungerStation,google_play,توصيل,توصيل سريع جداً والطعام ممتاز,5,2025-04-29,الرياض,latest
HungerStation,google_play,توصيل,الطلب وصل لكن متأخر,3,2025-04-29,الرياض,latest
HungerStation,google_play,توصيل,توصيل سريع جداً والطعام ممتاز,5,2025-04-29,مكة المكرمة,latest
TheChefs,google_play,توصيل,خدمة رائعة دائماً,5,2025-04-29,الرياض,latest
Keeta,google_play,توصيل,الطلب وصل بارداً وناقصاً,1,2025-04-29,جدة,latest
Khamsat,google_play,عمل_حر,تجربة جيدة بشكل عام,4,2025-04-29,الرياض,latest
Sary,google_play,عمل_حر,منصة متوسطة للعمل الحر,3,2025-04-29,تبوك,latest
Uber,google_play,نقل,التطبيق يعلق أحياناً,2,2025-04-30,الرياض,latest
HungerStation,google_play,توصيل,الطلب وصل لكن متأخر,3,2025-04-30,الرياض,latest
HungerStation,google_play,توصيل,التوصيل تأخر ساعتين كاملتين,1,2025-04-30,الرياض,latest
HungerStation,google_play,توصيل,أفضل تطبيق توصيل,5,2025-04-30,الرياض,latest
Keeta,google_play,توصيل,خدمة رائعة دائماً,5,2025-04-30,جدة,latest
Khamsat,google_play,عمل_حر,أفضل منصة عمل حر عربية,5,2025-04-30,الدمام,latest
Sary,google_play,عمل_حر,فرص موجودة لكن المنافسة عالية,3,2025-04-30,الخبر,latest
Bolt,google_play,نقل,الأسعار معقولة,4,2025-05-01,مكة المكرمة,latest
Bolt,google_play,نقل,التطبيق جيد لكن الأسعار مرتفعة,3,2025-05-01,تبوك,latest
Jeeny,google_play,نقل,خدمة متوسطة تحتاج تحسين,3,2025-05-01,جدة,latest
Wasselni,google_play,نقل,الأسعار مبالغ فيها كثيراً,1,2025-05-01,جدة,latest
Wasselni,google_play,نقل,نسبة التطبيق عالية جداً ما تستاهل,1,2025-05-01,الرياض,latest
Kayan,google_play,نقل,سائق محترم وسيارة نظيفة,5,2025-05-01,المدينة المنورة,latest
HungerStation,google_play,توصيل,خدمة العملاء ما تفيد أبداً,1,2025-05-01,أبها,latest
Keeta,google_play,توصيل,خدمة رائعة دائماً,5,2025-05-01,جدة,latest
Khamsat,google_play,عمل_حر,العمولة مرتفعة,2,2025-05-01,الرياض,latest
Sary,google_play,عمل_حر,تجربة جيدة بشكل عام,4,2025-05-01,الرياض,latest
Bolt,google_play,نقل,أفضل تطبيق نقل,5,2025-05-02,الرياض,latest
Bolt,google_play,نقل,خدمة عادية,3,2025-05-02,الدمام,latest
Bolt,google_play,نقل,التطبيق جيد لكن الأسعار مرتفعة,3,2025-05-02,مكة المكرمة,latest
HungerStation,google_play,توصيل,خدمة العملاء ما تفيد أبداً,1,2025-05-02,الرياض,latest
Mrsool,google_play,توصيل,التوصيل تأخر ساعتين كاملتين,1,2025-05-02,تبوك,latest
ToYou,google_play,توصيل,تجربة جيدة,4,2025-05-02,الدمام,latest
Khamsat,google_play,عمل_حر,فرص عمل متنوعة,4,2025-05-02,الرياض,latest
Sary,google_play,عمل_حر,منافسة غير عادلة بالأسعار,1,2025-05-02,مكة المكرمة,latest
Uber,google_play,نقل,الأسعار معقولة,4,2025-05-03,جدة,latest
Bolt,google_play,نقل,الأسعار معقولة,4,2025-05-03,الدمام,latest
Jeeny,google_play,نقل,التطبيق يعلق أحياناً,2,2025-05-03,مكة المكرمة,latest
Kayan,google_play,نقل,تجربة جيدة بشكل عام,4,2025-05-03,الرياض,latest
HungerStation,google_play,توصيل,تجربة مميزة جداً,5,2025-05-03,الرياض,latest
Keeta,google_play,توصيل,أحياناً تأخير كبير,2,2025-05-03,الرياض,latest
Khamsat,google_play,عمل_حر,تجربة سيئة,1,2025-05-03,الرياض,latest
Sary,google_play,عمل_حر,تجربة جيدة بشكل عام,4,2025-05-03,الرياض,latest
Careem,google_play,نقل,تطبيق ممتاز وسهل الاستخدام,5,2025-05-04,الرياض,latest
Careem,google_play,نقل,سائق محترم وسيارة نظيفة,5,2025-05-04,المدينة المنورة,latest
HungerStation,google_play,توصيل,توصيل متوسط يحتاج تحسين,3,2025-05-04,الرياض,latest
TheChefs,google_play,توصيل,خدمة رائعة دائماً,5,2025-05-04,المدينة المنورة,latest
Keeta,google_play,توصيل,أسوأ تجربة توصيل,1,2025-05-04,تبوك,latest
Bolt,google_play,نقل,سائق محترم وسيارة نظيفة,5,2025-05-05,الرياض,latest
Wasselni,google_play,نقل,خدمة جيدة والسائقين محترمين,4,2025-05-05,الدمام,latest
HungerStation,google_play,توصيل,أفضل تطبيق توصيل,5,2025-05-05,الخبر,latest
HungerStation,google_play,توصيل,خدمة رائعة دائماً,5,2025-05-05,الرياض,latest
Jahez,google_play,توصيل,تطبيق سهل وتوصيل جيد,4,2025-05-05,الدمام,latest
TheChefs,google_play,توصيل,تجربة جيدة,4,2025-05-05,الرياض,latest
TheChefs,google_play,توصيل,تطبيق سهل وتوصيل جيد,4,2025-05-05,الرياض,latest
Keeta,google_play,توصيل,تطبيق سهل وتوصيل جيد,4,2025-05-05,جدة,latest
Mostaql,google_play,عمل_حر,تجربة رائعة ننصح بها,5,2025-05-05,الرياض,latest
Sary,google_play,عمل_حر,منصة موثوقة جداً,5,2025-05-05,جدة,latest
Bolt,google_play,نقل,مقبول لكن يمكن أفضل,3,2025-05-06,الرياض,latest
Jeeny,google_play,نقل,خدمة عادية,3,2025-05-06,الرياض,latest
Kayan,google_play,نقل,سائق محترم وسيارة نظيفة,5,2025-05-06,الرياض,latest
Careem,google_play,نقل,تجربة جيدة بشكل عام,4,2025-05-07,الدمام,latest
Careem,google_play,نقل,تجربة جيدة بشكل عام,4,2025-05-07,جدة,latest
Bolt,google_play,نقل,التطبيق جيد لكن الأسعار مرتفعة,3,2025-05-07,مكة المكرمة,latest
Jeeny,google_play,نقل,خدمة رائعة ننصح بها,5,2025-05-07,تبوك,latest
HungerStation,google_play,توصيل,الطلب وصل ناقص ولا تعويض,2,2025-05-07,المدينة المنورة,latest
Mrsool,google_play,توصيل,توصيل سريع والطلب مكتمل,4,2025-05-07,جدة,latest
TheChefs,google_play,توصيل,توصيل سريع والطلب مكتمل,4,2025-05-07,الدمام,latest
Khamsat,google_play,عمل_حر,منصة موثوقة جداً,5,2025-05-07,الرياض,latest
Sary,google_play,عمل_حر,مقبولة للمبتدئين,3,2025-05-07,الدمام,latest
Bolt,google_play,نقل,تطبيق سهل الاستخدام,4,2025-05-08,مكة المكرمة,latest
Bolt,google_play,نقل,تجربة جيدة بشكل عام,4,2025-05-08,الرياض,latest
Jeeny,google_play,نقل,خدمة رائعة ننصح بها,5,2025-05-08,الدمام,latest
HungerStation,google_play,توصيل,خدمة رائعة دائماً,5,2025-05-08,الرياض,latest
HungerStation,google_play,توصيل,الطلب وصل بارداً وناقصاً,1,2025-05-08,الرياض,latest
TheChefs,google_play,توصيل,الطعام وصل طازجاً,4,2025-05-08,الدمام,latest
TheChefs,google_play,توصيل,خدمة عادية,3,2025-05-08,الرياض,latest
Bolt,google_play,نقل,الأسعار مبالغ فيها كثيراً,1,2025-05-09,مكة المكرمة,latest
Jeeny,google_play,نقل,خدمة عادية,3,2025-05-09,جدة,latest
HungerStation,google_play,توصيل,الطلب وصل لكن متأخر,3,2025-05-09,الدمام,latest
HungerStation,google_play,توصيل,توصيل سريع والطلب مكتمل,4,2025-05-09,الدمام,latest
HungerStation,google_play,توصيل,تجربة جيدة,4,2025-05-09,جدة,latest
Keeta,google_play,توصيل,الطعام وصل طازجاً,4,2025-05-09,الرياض,latest
Uber,google_play,نقل,الانتظار طويل أحياناً,2,2025-05-10,الدمام,latest
Jeeny,google_play,نقل,بعض السائقين غير محترفين,2,2025-05-10,الخبر,latest
Kayan,google_play,نقل,خدمة جيدة والسائقين محترمين,4,2025-05-10,الرياض,latest
Jahez,google_play,توصيل,خدمة رائعة دائماً,5,2025-05-10,مكة المكرمة,latest
Jahez,google_play,توصيل,تجربة جيدة,4,2025-05-10,جدة,latest
Mrsool,google_play,توصيل,الطعام وصل طازجاً,4,2025-05-10,الرياض,latest
ToYou,google_play,توصيل,أسوأ تجربة توصيل,1,2025-05-10,الخبر,latest
Sary,google_play,عمل_حر,المنصة لا تحمي الفريلانسر,1,2025-05-10,الرياض,latest
Sary,google_play,عمل_حر,منافسة غير عادلة بالأسعار,1,2025-05-10,الطائف,latest
Sary,google_play,عمل_حر,مقبولة للمبتدئين,3,2025-05-10,الرياض,latest
Careem,google_play,نقل,التطبيق يعلق أحياناً,2,2025-05-11,الرياض,latest
Careem,google_play,نقل,خدمة جيدة والسائقين محترمين,4,2025-05-11,تبوك,latest
Jahez,google_play,توصيل,مقبول لكن يحتاج تطوير,3,2025-05-11,الرياض,latest
Mrsool,google_play,توصيل,تجربة مميزة جداً,5,2025-05-11,جدة,latest
Mrsool,google_play,توصيل,تجربة جيدة,4,2025-05-11,أبها,latest
TheChefs,google_play,توصيل,تطبيق سهل وتوصيل جيد,4,2025-05-11,الرياض,latest
TheChefs,google_play,توصيل,خدمة رائعة دائماً,5,2025-05-11,الرياض,latest
TheChefs,google_play,توصيل,تجربة مميزة جداً,5,2025-05-11,جدة,latest
TheChefs,google_play,توصيل,توصيل سريع جداً والطعام ممتاز,5,2025-05-11,الرياض,latest
Mostaql,google_play,عمل_حر,المنصة لا تحمي الفريلانسر,1,2025-05-11,جدة,latest
HungerStation,google_play,توصيل,التوصيل أبطأ من المعتاد,2,2025-05-12,الرياض,latest
ToYou,google_play,توصيل,التوصيل أبطأ من المعتاد,2,2025-05-12,المدينة المنورة,latest
Keeta,google_play,توصيل,الطعام وصل طازجاً,4,2025-05-12,جدة,latest
Khamsat,google_play,عمل_حر,تجربة جيدة بشكل عام,4,2025-05-12,مكة المكرمة,latest
Uber,google_play,نقل,تجربة سيئة جداً لن أكرر,1,2025-05-13,المدينة المنورة,latest
Uber,google_play,نقل,خدمة متوسطة تحتاج تحسين,3,2025-05-13,الدمام,latest
Jeeny,google_play,نقل,أفضل تطبيق نقل,5,2025-05-13,الرياض,latest
Wasselni,google_play,نقل,خدمة متوسطة تحتاج تحسين,3,2025-05-13,مكة المكرمة,latest
Kayan,google_play,نقل,خدمة جيدة والسائقين محترمين,4,2025-05-13,جدة,latest
HungerStation,google_play,توصيل,خدمة رائعة دائماً,5,2025-05-13,الدمام,latest
Khamsat,google_play,عمل_حر,أفضل منصة عمل حر عربية,5,2025-05-13,الدمام,latest
Sary,google_play,عمل_حر,حصلت على عملاء ممتازين,5,2025-05-13,الدمام,latest
Mrsool,google_play,توصيل,تجربة جيدة,4,2025-05-14,جدة,latest
TheChefs,google_play,توصيل,تطبيق سهل وتوصيل جيد,4,2025-05-14,جدة,latest
TheChefs,google_play,توصيل,أفضل تطبيق توصيل,5,2025-05-14,الدمام,latest
Keeta,google_play,توصيل,تجربة مميزة جداً,5,2025-05-14,الرياض,latest
Mostaql,google_play,عمل_حر,تجربة رائعة ننصح بها,5,2025-05-14,الرياض,latest
Mostaql,google_play,عمل_حر,تجربة جيدة بشكل عام,4,2025-05-14,جدة,latest
Khamsat,google_play,عمل_حر,سهلة الاستخدام للفريلانسر,4,2025-05-14,الدمام,latest
Uber,google_play,نقل,خدمة عادية,3,2025-05-15,جدة,latest
Careem,google_play,نقل,السائق ألغى الرحلة بدون سبب,1,2025-05-15,الدمام,latest
TheChefs,google_play,توصيل,توصيل سريع والطلب مكتمل,4,2025-05-15,الدمام,latest
Careem,google_play,نقل,الأسعار معقولة,4,2025-05-16,الدمام,latest
Bolt,google_play,نقل,أفضل تطبيق نقل,5,2025-05-16,الرياض,latest
Bolt,google_play,نقل,الأسعار معقولة,4,2025-05-16,جدة,latest
ToYou,google_play,توصيل,توصيل سريع جداً والطعام ممتاز,5,2025-05-16,الدمام,latest
ToYou,google_play,توصيل,توصيل سريع والطلب مكتمل,4,2025-05-16,الرياض,latest
Sary,google_play,عمل_حر,حصلت على عملاء ممتازين,5,2025-05-16,الدمام,latest
Careem,google_play,نقل,سائق محترم وسيارة نظيفة,5,2025-05-17,جدة,latest
Careem,google_play,نقل,أفضل تطبيق نقل,5,2025-05-17,الدمام,latest
Wasselni,google_play,نقل,السائق ألغى الرحلة بدون سبب,1,2025-05-17,الرياض,latest
Kayan,google_play,نقل,سائق محترم وسيارة نظيفة,5,2025-05-17,الدمام,latest
HungerStation,google_play,توصيل,التوصيل أبطأ من المعتاد,2,2025-05-17,الرياض,latest
Jahez,google_play,توصيل,خدمة رائعة دائماً,5,2025-05-17,الرياض,latest
Mrsool,google_play,توصيل,تجربة مميزة جداً,5,2025-05-17,الرياض,latest
ToYou,google_play,توصيل,أفضل تطبيق توصيل,5,2025-05-17,الرياض,latest
Mostaql,google_play,عمل_حر,منصة متوسطة للعمل الحر,3,2025-05-17,الدمام,latest
Khamsat,google_play,عمل_حر,سهلة الاستخدام للفريلانسر,4,2025-05-17,الرياض,latest
Bolt,google_play,نقل,التطبيق يعلق أحياناً,2,2025-05-18,الدمام,latest
Bolt,google_play,نقل,تطبيق ممتاز وسهل الاستخدام,5,2025-05-18,الدمام,latest
Kayan,google_play,نقل,أفضل تطبيق نقل,5,2025-05-18,جدة,latest
HungerStation,google_play,توصيل,أحياناً تأخير كبير,2,2025-05-18,الدمام,latest
Khamsat,google_play,عمل_حر,سهلة الاستخدام للفريلانسر,4,2025-05-18,الرياض,latest
Mrsool,google_play,توصيل,تطبيق سهل وتوصيل جيد,4,2025-05-19,الدمام,latest
Jeeny,google_play,نقل,الأسعار معقولة,4,2025-05-20,جدة,latest
HungerStation,google_play,توصيل,تجربة جيدة,4,2025-05-20,جدة,latest
Khamsat,google_play,عمل_حر,حصلت على عملاء ممتازين,5,2025-05-20,الرياض,latest
Uber,google_play,نقل,خدمة رائعة ننصح بها,5,2025-05-21,الخبر,latest
Bolt,google_play,نقل,الأسعار مرتفعة مقارنة بالمنافسين,2,2025-05-21,الرياض,latest
Bolt,google_play,نقل,تجربة جيدة بشكل عام,4,2025-05-21,الرياض,latest
Jeeny,google_play,نقل,تجربة جيدة بشكل عام,4,2025-05-21,الدمام,latest
Jeeny,google_play,نقل,الانتظار طويل أحياناً,2,2025-05-21,الرياض,latest
HungerStation,google_play,توصيل,توصيل سريع والطلب مكتمل,4,2025-05-21,الرياض,latest
HungerStation,google_play,توصيل,أفضل تطبيق توصيل,5,2025-05-21,الدمام,latest
Jahez,google_play,توصيل,جودة الطعام متأثرة بالوقت,2,2025-05-21,الرياض,latest
Keeta,google_play,توصيل,خدمة العملاء ما تفيد أبداً,1,2025-05-21,جدة,latest
Mostaql,google_play,عمل_حر,منصة متوسطة للعمل الحر,3,2025-05-21,جدة,latest
Sary,google_play,عمل_حر,أفضل منصة عمل حر عربية,5,2025-05-21,المدينة المنورة,latest
Careem,google_play,نقل,خدمة رائعة ننصح بها,5,2025-05-22,جدة,latest
Bolt,google_play,نقل,التطبيق يعلق أحياناً,2,2025-05-22,الدمام,latest
Bolt,google_play,نقل,الانتظار طويل أحياناً,2,2025-05-22,الدمام,latest
Wasselni,google_play,نقل,سائق محترم وسيارة نظيفة,5,2025-05-22,الدمام,latest
Wasselni,google_play,نقل,الأسعار معقولة,4,2025-05-22,الرياض,latest
ToYou,google_play,توصيل,جودة الطعام متأثرة بالوقت,2,2025-05-22,مكة المكرمة,latest
Keeta,google_play,توصيل,جودة الطعام متأثرة بالوقت,2,2025-05-22,جدة,latest
Mostaql,google_play,عمل_حر,تجربة رائعة ننصح بها,5,2025-05-22,جدة,latest
Sary,google_play,عمل_حر,منصة جيدة وفرص كثيرة,4,2025-05-22,الرياض,latest
Sary,google_play,عمل_حر,مقبولة للمبتدئين,3,2025-05-22,جدة,latest
Jeeny,google_play,نقل,تجربة جيدة بشكل عام,4,2025-05-23,تبوك,latest
Kayan,google_play,نقل,تطبيق سهل الاستخدام,4,2025-05-23,الرياض,latest
Kayan,google_play,نقل,خدمة جيدة والسائقين محترمين,4,2025-05-23,الخبر,latest
TheChefs,google_play,توصيل,تجربة مميزة جداً,5,2025-05-23,جدة,latest
Mostaql,google_play,عمل_حر,فرص موجودة لكن المنافسة عالية,3,2025-05-23,الدمام,latest
Jeeny,google_play,نقل,بعض السائقين غير محترفين,2,2025-05-24,الرياض,latest
Kayan,google_play,نقل,تطبيق ممتاز وسهل الاستخدام,5,2025-05-24,الرياض,latest
Jahez,google_play,توصيل,توصيل سريع والطلب مكتمل,4,2025-05-24,جدة,latest
Mrsool,google_play,توصيل,الطلب وصل بارداً وناقصاً,1,2025-05-24,الدمام,latest
ToYou,google_play,توصيل,تطبيق سهل وتوصيل جيد,4,2025-05-24,جدة,latest
Uber,google_play,نقل,تطبيق ممتاز وسهل الاستخدام,5,2025-05-25,المدينة المنورة,latest
Bolt,google_play,نقل,أفضل تطبيق نقل,5,2025-05-25,الرياض,latest
Jeeny,google_play,نقل,خدمة جيدة والسائقين محترمين,4,2025-05-25,جدة,latest
HungerStation,google_play,توصيل,التوصيل تأخر ساعتين كاملتين,1,2025-05-25,الرياض,latest
ToYou,google_play,توصيل,جودة الطعام متأثرة بالوقت,2,2025-05-25,جدة,latest
Keeta,google_play,توصيل,توصيل سريع جداً والطعام ممتاز,5,2025-05-25,الدمام,latest
Mostaql,google_play,عمل_حر,الزبون ما دفع بعد تسليم العمل,1,2025-05-25,الدمام,latest
Bolt,google_play,نقل,بعض السائقين غير محترفين,2,2025-05-26,الدمام,latest
Wasselni,google_play,نقل,التطبيق جيد لكن الأسعار مرتفعة,3,2025-05-26,الرياض,latest
Kayan,google_play,نقل,مقبول لكن يمكن أفضل,3,2025-05-26,مكة المكرمة,latest
ToYou,google_play,توصيل,الطلب وصل لكن متأخر,3,2025-05-26,الدمام,latest
Sary,google_play,عمل_حر,منصة جيدة وفرص كثيرة,4,2025-05-26,الرياض,latest
Jeeny,google_play,نقل,أفضل تطبيق نقل,5,2025-05-27,جدة,latest
Wasselni,google_play,نقل,بعض السائقين غير محترفين,2,2025-05-27,جدة,latest
HungerStation,google_play,توصيل,أحياناً تأخير كبير,2,2025-05-27,الرياض,latest
HungerStation,google_play,توصيل,جودة الطعام متأثرة بالوقت,2,2025-05-27,الطائف,latest
Mostaql,google_play,عمل_حر,حصلت على عملاء ممتازين,5,2025-05-27,الرياض,latest
Khamsat,google_play,عمل_حر,تجربة رائعة ننصح بها,5,2025-05-27,الرياض,latest
Khamsat,google_play,عمل_حر,تجربة جيدة بشكل عام,4,2025-05-27,جدة,latest
Uber,google_play,نقل,التطبيق يعلق أحياناً,2,2025-05-28,الرياض,latest
TheChefs,google_play,توصيل,الطلب وصل ناقص ولا تعويض,2,2025-05-28,الرياض,latest
Khamsat,google_play,عمل_حر,تجربة رائعة ننصح بها,5,2025-05-28,جدة,latest
Sary,google_play,عمل_حر,مقبولة للمبتدئين,3,2025-05-28,الرياض,latest
Uber,google_play,نقل,الانتظار طويل أحياناً,2,2025-05-29,الرياض,latest
Jeeny,google_play,نقل,مقبول لكن يمكن أفضل,3,2025-05-29,الرياض,latest
Jeeny,google_play,نقل,التطبيق جيد لكن الأسعار مرتفعة,3,2025-05-29,تبوك,latest
Wasselni,google_play,نقل,تجربة سيئة جداً لن أكرر,1,2025-05-29,الرياض,latest
Keeta,google_play,توصيل,توصيل سريع جداً والطعام ممتاز,5,2025-05-29,الرياض,latest
Mostaql,google_play,عمل_حر,تجربة جيدة بشكل عام,4,2025-05-29,الرياض,latest
Khamsat,google_play,عمل_حر,منصة جيدة وفرص كثيرة,4,2025-05-29,جدة,latest
Wasselni,google_play,نقل,التطبيق يعلق أحياناً,2,2025-05-30,الدمام,latest
Kayan,google_play,نقل,خدمة رائعة ننصح بها,5,2025-05-30,جدة,latest
Mostaql,google_play,عمل_حر,أفضل منصة عمل حر عربية,5,2025-05-30,الدمام,latest
Careem,google_play,نقل,التطبيق جيد لكن الأسعار مرتفعة,3,2025-05-31,جدة,latest
Jeeny,google_play,نقل,تجربة سيئة جداً لن أكرر,1,2025-05-31,جدة,latest
HungerStation,google_play,توصيل,الطلب وصل ناقص ولا تعويض,2,2025-05-31,جدة,latest
Jahez,google_play,توصيل,أفضل تطبيق توصيل,5,2025-05-31,الخبر,latest
Mostaql,google_play,عمل_حر,منصة متوسطة للعمل الحر,3,2025-05-31,مكة المكرمة,latest
Khamsat,google_play,عمل_حر,منصة جيدة وفرص كثيرة,4,2025-05-31,جدة,latest
Sary,google_play,عمل_حر,المنافسة كبيرة والأسعار منخفضة,2,2025-05-31,الدمام,latest
Careem,google_play,نقل,التطبيق يعلق أحياناً,2,2025-06-01,الدمام,latest
Careem,google_play,نقل,سائق محترم وسيارة نظيفة,5,2025-06-01,الرياض,latest
Careem,google_play,نقل,خدمة عادية,3,2025-06-01,جدة,latest
Jeeny,google_play,نقل,تطبيق ممتاز وسهل الاستخدام,5,2025-06-01,المدينة المنورة,latest
HungerStation,google_play,توصيل,أفضل تطبيق توصيل,5,2025-06-01,جدة,latest
Jahez,google_play,توصيل,توصيل سريع جداً والطعام ممتاز,5,2025-06-01,الرياض,latest
TheChefs,google_play,توصيل,توصيل متوسط يحتاج تحسين,3,2025-06-01,جدة,latest
TheChefs,google_play,توصيل,خدمة رائعة دائماً,5,2025-06-01,الدمام,latest
Keeta,google_play,توصيل,توصيل سريع والطلب مكتمل,4,2025-06-01,الرياض,latest
Careem,google_play,نقل,خدمة رائعة ننصح بها,5,2025-06-02,الدمام,latest
Kayan,google_play,نقل,الأسعار معقولة,4,2025-06-02,الدمام,latest
ToYou,google_play,توصيل,خدمة عادية,3,2025-06-02,المدينة المنورة,latest
Careem,google_play,نقل,التطبيق جيد لكن الأسعار مرتفعة,3,2025-06-03,الرياض,latest
HungerStation,google_play,توصيل,التوصيل تأخر ساعتين كاملتين,1,2025-06-03,الرياض,latest
Jeeny,google_play,نقل,سائق محترم وسيارة نظيفة,5,2025-06-04,الرياض,latest
HungerStation,google_play,توصيل,أسوأ تجربة توصيل,1,2025-06-04,جدة,latest
TheChefs,google_play,توصيل,تجربة جيدة,4,2025-06-04,جدة,latest
TheChefs,google_play,توصيل,تجربة مميزة جداً,5,2025-06-04,الدمام,latest
ToYou,google_play,توصيل,توصيل سريع والطلب مكتمل,4,2025-06-04,تبوك,latest
ToYou,google_play,توصيل,التوصيل تأخر ساعتين كاملتين,1,2025-06-04,مكة المكرمة,latest
ToYou,google_play,توصيل,أحياناً تأخير كبير,2,2025-06-04,الطائف,latest
Keeta,google_play,توصيل,توصيل متوسط يحتاج تحسين,3,2025-06-04,أبها,latest
Khamsat,google_play,عمل_حر,فرص عمل متنوعة,4,2025-06-04,جدة,latest
Sary,google_play,عمل_حر,حصلت على عملاء ممتازين,5,2025-06-04,الدمام,latest
Careem,google_play,نقل,التطبيق يعلق أحياناً,2,2025-06-05,الطائف,latest
Bolt,google_play,نقل,خدمة متوسطة تحتاج تحسين,3,2025-06-05,جدة,latest
Wasselni,google_play,نقل,بعض السائقين غير محترفين,2,2025-06-05,الدمام,latest
Kayan,google_play,نقل,خدمة عادية,3,2025-06-05,مكة المكرمة,latest
Kayan,google_play,نقل,تطبيق ممتاز وسهل الاستخدام,5,2025-06-05,الرياض,latest
HungerStation,google_play,توصيل,الطلب وصل لكن متأخر,3,2025-06-05,تبوك,latest
ToYou,google_play,توصيل,توصيل متوسط يحتاج تحسين,3,2025-06-05,الرياض,latest
Sary,google_play,عمل_حر,تجربة رائعة ننصح بها,5,2025-06-05,جدة,latest
ToYou,google_play,توصيل,الطلب وصل بارداً وناقصاً,1,2025-06-06,جدة,latest
Keeta,google_play,توصيل,مقبول لكن يحتاج تطوير,3,2025-06-06,الخبر,latest
Mostaql,google_play,عمل_حر,منصة موثوقة جداً,5,2025-06-06,الرياض,latest
Mostaql,google_play,عمل_حر,منصة جيدة وفرص كثيرة,4,2025-06-06,الرياض,latest
Khamsat,google_play,عمل_حر,منصة جيدة وفرص كثيرة,4,2025-06-06,الطائف,latest
Uber,google_play,نقل,السائق ألغى الرحلة بدون سبب,1,2025-06-07,جدة,latest
Uber,google_play,نقل,الأسعار مرتفعة مقارنة بالمنافسين,2,2025-06-07,تبوك,latest
Careem,google_play,نقل,الأسعار معقولة,4,2025-06-07,جدة,latest
Jeeny,google_play,نقل,خدمة عادية,3,2025-06-07,جدة,latest
Wasselni,google_play,نقل,الأسعار مرتفعة مقارنة بالمنافسين,2,2025-06-07,الرياض,latest
Wasselni,google_play,نقل,تطبيق سهل الاستخدام,4,2025-06-07,الطائف,latest
Kayan,google_play,نقل,خدمة جيدة والسائقين محترمين,4,2025-06-07,الرياض,latest
HungerStation,google_play,توصيل,توصيل سريع جداً والطعام ممتاز,5,2025-06-07,الرياض,latest
Jahez,google_play,توصيل,أفضل تطبيق توصيل,5,2025-06-07,الرياض,latest
Mrsool,google_play,توصيل,الطلب وصل ناقص ولا تعويض,2,2025-06-07,أبها,latest
ToYou,google_play,توصيل,أسوأ تجربة توصيل,1,2025-06-07,جدة,latest
Keeta,google_play,توصيل,التوصيل أبطأ من المعتاد,2,2025-06-07,الرياض,latest
Mostaql,google_play,عمل_حر,يحتاج تحسين في الحماية,2,2025-06-07,جدة,latest
Khamsat,google_play,عمل_حر,منافسة غير عادلة بالأسعار,1,2025-06-07,جدة,latest
Sary,google_play,عمل_حر,الزبون ما دفع بعد تسليم العمل,1,2025-06-07,جدة,latest
Uber,google_play,نقل,أفضل تطبيق نقل,5,2025-06-08,جدة,latest
Bolt,google_play,نقل,مقبول لكن يمكن أفضل,3,2025-06-08,الدمام,latest
Bolt,google_play,نقل,أفضل تطبيق نقل,5,2025-06-08,جدة,latest
Mrsool,google_play,توصيل,مقبول لكن يحتاج تطوير,3,2025-06-08,الرياض,latest
TheChefs,google_play,توصيل,تجربة مميزة جداً,5,2025-06-08,الرياض,latest
ToYou,google_play,توصيل,تجربة مميزة جداً,5,2025-06-08,الرياض,latest
ToYou,google_play,توصيل,خدمة رائعة دائماً,5,2025-06-08,الرياض,latest
Keeta,google_play,توصيل,أحياناً تأخير كبير,2,2025-06-08,الرياض,latest
TheChefs,google_play,توصيل,توصيل سريع والطلب مكتمل,4,2025-06-09,الرياض,latest
ToYou,google_play,توصيل,تجربة مميزة جداً,5,2025-06-09,جدة,latest
Keeta,google_play,توصيل,مقبول لكن يحتاج تطوير,3,2025-06-09,تبوك,latest
Keeta,google_play,توصيل,أفضل تطبيق توصيل,5,2025-06-09,جدة,latest
Mostaql,google_play,عمل_حر,منصة جيدة وفرص كثيرة,4,2025-06-09,جدة,latest
Sary,google_play,عمل_حر,منصة متوسطة للعمل الحر,3,2025-06-09,المدينة المنورة,latest
Mrsool,google_play,توصيل,توصيل سريع جداً والطعام ممتاز,5,2025-06-10,جدة,latest
Mostaql,google_play,عمل_حر,تجربة رائعة ننصح بها,5,2025-06-10,جدة,latest
Mostaql,google_play,عمل_حر,منصة جيدة وفرص كثيرة,4,2025-06-10,الرياض,latest
Uber,google_play,نقل,الأسعار مرتفعة مقارنة بالمنافسين,2,2025-06-11,الرياض,latest
Careem,google_play,نقل,التطبيق جيد لكن الأسعار مرتفعة,3,2025-06-11,جدة,latest
Bolt,google_play,نقل,سائق محترم وسيارة نظيفة,5,2025-06-11,الدمام,latest
Wasselni,google_play,نقل,خدمة عادية,3,2025-06-11,الرياض,latest
Wasselni,google_play,نقل,خدمة عادية,3,2025-06-11,الدمام,latest
TheChefs,google_play,توصيل,تطبيق سهل وتوصيل جيد,4,2025-06-11,جدة,latest
Khamsat,google_play,عمل_حر,تجربة جيدة بشكل عام,4,2025-06-11,المدينة المنورة,latest
Uber,google_play,نقل,تطبيق ممتاز وسهل الاستخدام,5,2025-06-12,جدة,latest
Bolt,google_play,نقل,تطبيق سهل الاستخدام,4,2025-06-12,الرياض,latest
Jeeny,google_play,نقل,مقبول لكن يمكن أفضل,3,2025-06-12,الرياض,latest
Jeeny,google_play,نقل,تطبيق سهل الاستخدام,4,2025-06-12,جدة,latest
Jahez,google_play,توصيل,تجربة مميزة جداً,5,2025-06-12,الرياض,latest
Jahez,google_play,توصيل,توصيل سريع والطلب مكتمل,4,2025-06-12,الدمام,latest
ToYou,google_play,توصيل,مقبول لكن يحتاج تطوير,3,2025-06-12,الرياض,latest
Bolt,google_play,نقل,التطبيق جيد لكن الأسعار مرتفعة,3,2025-06-13,جدة,latest
Bolt,google_play,نقل,خدمة عادية,3,2025-06-13,الدمام,latest
HungerStation,google_play,توصيل,توصيل سريع والطلب مكتمل,4,2025-06-13,جدة,latest
Jahez,google_play,توصيل,الطلب وصل لكن متأخر,3,2025-06-13,الرياض,latest
Mrsool,google_play,توصيل,مقبول لكن يحتاج تطوير,3,2025-06-13,الرياض,latest
ToYou,google_play,توصيل,تجربة مميزة جداً,5,2025-06-13,الدمام,latest
ToYou,google_play,توصيل,الطلب وصل بارداً وناقصاً,1,2025-06-13,جدة,latest
Khamsat,google_play,عمل_حر,يحتاج تحسين في الحماية,2,2025-06-13,مكة المكرمة,latest
Sary,google_play,عمل_حر,تجربة سيئة,1,2025-06-13,الطائف,latest
Uber,google_play,نقل,التطبيق جيد لكن الأسعار مرتفعة,3,2025-06-14,جدة,latest
Bolt,google_play,نقل,الأسعار معقولة,4,2025-06-14,الدمام,latest
Bolt,google_play,نقل,خدمة جيدة والسائقين محترمين,4,2025-06-14,جدة,latest
Kayan,google_play,نقل,الأسعار معقولة,4,2025-06-14,مكة المكرمة,latest
Uber,google_play,نقل,خدمة متوسطة تحتاج تحسين,3,2025-06-15,الرياض,latest
Wasselni,google_play,نقل,خدمة رائعة ننصح بها,5,2025-06-15,جدة,latest
Wasselni,google_play,نقل,الانتظار طويل أحياناً,2,2025-06-15,جدة,latest
Mostaql,google_play,عمل_حر,مقبولة للمبتدئين,3,2025-06-15,المدينة المنورة,latest
Khamsat,google_play,عمل_حر,فرص عمل متنوعة,4,2025-06-15,المدينة المنورة,latest
Khamsat,google_play,عمل_حر,أفضل منصة عمل حر عربية,5,2025-06-15,الرياض,latest
Uber,google_play,نقل,خدمة رائعة ننصح بها,5,2025-06-16,المدينة المنورة,latest
Bolt,google_play,نقل,تطبيق ممتاز وسهل الاستخدام,5,2025-06-16,جدة,latest
Bolt,google_play,نقل,التطبيق جيد لكن الأسعار مرتفعة,3,2025-06-16,الرياض,latest
Jeeny,google_play,نقل,سائق محترم وسيارة نظيفة,5,2025-06-16,الدمام,latest
Kayan,google_play,نقل,خدمة رائعة ننصح بها,5,2025-06-16,الرياض,latest
TheChefs,google_play,توصيل,خدمة رائعة دائماً,5,2025-06-16,جدة,latest
ToYou,google_play,توصيل,مقبول لكن يحتاج تطوير,3,2025-06-16,الرياض,latest
Khamsat,google_play,عمل_حر,سهلة الاستخدام للفريلانسر,4,2025-06-16,مكة المكرمة,latest
Careem,google_play,نقل,خدمة رائعة ننصح بها,5,2025-06-17,مكة المكرمة,latest
Careem,google_play,نقل,الأسعار مرتفعة مقارنة بالمنافسين,2,2025-06-17,المدينة المنورة,latest
Bolt,google_play,نقل,خدمة رائعة ننصح بها,5,2025-06-17,الدمام,latest
Wasselni,google_play,نقل,خدمة عادية,3,2025-06-17,جدة,latest
HungerStation,google_play,توصيل,تطبيق سهل وتوصيل جيد,4,2025-06-17,الدمام,latest
Mrsool,google_play,توصيل,أفضل تطبيق توصيل,5,2025-06-17,المدينة المنورة,latest
Mostaql,google_play,عمل_حر,حصلت على عملاء ممتازين,5,2025-06-17,الدمام,latest
Mostaql,google_play,عمل_حر,تجربة رائعة ننصح بها,5,2025-06-17,تبوك,latest
Khamsat,google_play,عمل_حر,فرص عمل متنوعة,4,2025-06-17,الرياض,latest
Sary,google_play,عمل_حر,فرص موجودة لكن المنافسة عالية,3,2025-06-17,الرياض,latest
Bolt,google_play,نقل,تجربة جيدة بشكل عام,4,2025-06-18,مكة المكرمة,latest
Bolt,google_play,نقل,تطبيق ممتاز وسهل الاستخدام,5,2025-06-18,الرياض,latest
Jeeny,google_play,نقل,سائق محترم وسيارة نظيفة,5,2025-06-18,الدمام,latest
Jeeny,google_play,نقل,خدمة عادية,3,2025-06-18,الرياض,latest
Jeeny,google_play,نقل,تطبيق سهل الاستخدام,4,2025-06-18,الرياض,latest
Wasselni,google_play,نقل,السائق ألغى الرحلة بدون سبب,1,2025-06-18,الرياض,latest
Kayan,google_play,نقل,خدمة رائعة ننصح بها,5,2025-06-18,مكة المكرمة,latest
Jahez,google_play,توصيل,أفضل تطبيق توصيل,5,2025-06-18,جدة,latest
Sary,google_play,عمل_حر,حصلت على عملاء ممتازين,5,2025-06-18,الدمام,latest
Careem,google_play,نقل,خدمة جيدة والسائقين محترمين,4,2025-06-19,جدة,latest
Bolt,google_play,نقل,الأسعار مبالغ فيها كثيراً,1,2025-06-19,الرياض,latest
Jeeny,google_play,نقل,أفضل تطبيق نقل,5,2025-06-19,جدة,latest
HungerStation,google_play,توصيل,تجربة مميزة جداً,5,2025-06-19,جدة,latest
HungerStation,google_play,توصيل,خدمة رائعة دائماً,5,2025-06-19,جدة,latest
Keeta,google_play,توصيل,تجربة مميزة جداً,5,2025-06-19,جدة,latest
Khamsat,google_play,عمل_حر,منصة موثوقة جداً,5,2025-06-19,تبوك,latest
Uber,google_play,نقل,بعض السائقين غير محترفين,2,2025-06-20,الخبر,latest
Uber,google_play,نقل,تجربة جيدة بشكل عام,4,2025-06-20,جدة,latest
Kayan,google_play,نقل,سائق محترم وسيارة نظيفة,5,2025-06-20,مكة المكرمة,latest
Jahez,google_play,توصيل,تجربة جيدة,4,2025-06-20,الخبر,latest
TheChefs,google_play,توصيل,خدمة العملاء ما تفيد أبداً,1,2025-06-20,مكة المكرمة,latest
ToYou,google_play,توصيل,توصيل سريع جداً والطعام ممتاز,5,2025-06-20,الدمام,latest
HungerStation,google_play,توصيل,التوصيل تأخر ساعتين كاملتين,1,2025-06-21,الخبر,latest
HungerStation,google_play,توصيل,توصيل متوسط يحتاج تحسين,3,2025-06-21,جدة,latest
HungerStation,google_play,توصيل,مقبول لكن يحتاج تطوير,3,2025-06-21,جدة,latest
Mrsool,google_play,توصيل,توصيل متوسط يحتاج تحسين,3,2025-06-21,جدة,latest
Wasselni,google_play,نقل,سائق محترم وسيارة نظيفة,5,2025-06-22,الدمام,latest
Kayan,google_play,نقل,التطبيق يعلق أحياناً,2,2025-06-22,جدة,latest
Mostaql,google_play,عمل_حر,فرص موجودة لكن المنافسة عالية,3,2025-06-22,الدمام,latest
Mostaql,google_play,عمل_حر,تجربة جيدة بشكل عام,4,2025-06-22,الرياض,latest
Uber,google_play,نقل,تجربة جيدة بشكل عام,4,2025-06-23,الرياض,latest
Bolt,google_play,نقل,خدمة جيدة والسائقين محترمين,4,2025-06-23,تبوك,latest
Kayan,google_play,نقل,الأسعار معقولة,4,2025-06-23,الدمام,latest
ToYou,google_play,توصيل,توصيل سريع والطلب مكتمل,4,2025-06-23,المدينة المنورة,latest
Keeta,google_play,توصيل,الطعام وصل طازجاً,4,2025-06-23,الرياض,latest
Bolt,google_play,نقل,الانتظار طويل أحياناً,2,2025-06-24,الدمام,latest
Jeeny,google_play,نقل,تجربة جيدة بشكل عام,4,2025-06-24,الرياض,latest
ToYou,google_play,توصيل,التوصيل تأخر ساعتين كاملتين,1,2025-06-24,الرياض,latest
Uber,google_play,نقل,تجربة جيدة بشكل عام,4,2025-06-25,الرياض,latest
Uber,google_play,نقل,خدمة متوسطة تحتاج تحسين,3,2025-06-25,الرياض,latest
Bolt,google_play,نقل,السائق ألغى الرحلة بدون سبب,1,2025-06-25,الطائف,latest
Jeeny,google_play,نقل,أفضل تطبيق نقل,5,2025-06-25,الرياض,latest
Wasselni,google_play,نقل,خدمة جيدة والسائقين محترمين,4,2025-06-25,جدة,latest
Kayan,google_play,نقل,تطبيق سهل الاستخدام,4,2025-06-25,المدينة المنورة,latest
HungerStation,google_play,توصيل,الطعام وصل طازجاً,4,2025-06-25,الدمام,latest
HungerStation,google_play,توصيل,توصيل سريع جداً والطعام ممتاز,5,2025-06-25,جدة,latest
Mrsool,google_play,توصيل,خدمة رائعة دائماً,5,2025-06-25,جدة,latest
Mrsool,google_play,توصيل,مقبول لكن يحتاج تطوير,3,2025-06-25,أبها,latest
TheChefs,google_play,توصيل,توصيل سريع والطلب مكتمل,4,2025-06-25,الرياض,latest
Kayan,google_play,نقل,تطبيق ممتاز وسهل الاستخدام,5,2025-06-26,تبوك,latest
HungerStation,google_play,توصيل,أفضل تطبيق توصيل,5,2025-06-26,المدينة المنورة,latest
Mrsool,google_play,توصيل,الطلب وصل لكن متأخر,3,2025-06-26,الرياض,latest
TheChefs,google_play,توصيل,تجربة مميزة جداً,5,2025-06-26,الرياض,latest
ToYou,google_play,توصيل,توصيل سريع والطلب مكتمل,4,2025-06-26,الرياض,latest
Sary,google_play,عمل_حر,منصة موثوقة جداً,5,2025-06-26,جدة,latest
Sary,google_play,عمل_حر,حصلت على عملاء ممتازين,5,2025-06-26,جدة,latest
Uber,google_play,نقل,التطبيق جيد لكن الأسعار مرتفعة,3,2025-06-27,مكة المكرمة,latest
HungerStation,google_play,توصيل,أفضل تطبيق توصيل,5,2025-06-27,الدمام,latest
TheChefs,google_play,توصيل,توصيل سريع والطلب مكتمل,4,2025-06-27,جدة,latest
ToYou,google_play,توصيل,أحياناً تأخير كبير,2,2025-06-27,الطائف,latest
Careem,google_play,نقل,التطبيق جيد لكن الأسعار مرتفعة,3,2025-06-28,الرياض,latest
Careem,google_play,نقل,مقبول لكن يمكن أفضل,3,2025-06-28,جدة,latest
Wasselni,google_play,نقل,تجربة جيدة بشكل عام,4,2025-06-28,مكة المكرمة,latest
Kayan,google_play,نقل,التطبيق يعلق أحياناً,2,2025-06-28,جدة,latest
HungerStation,google_play,توصيل,الطلب وصل ناقص ولا تعويض,2,2025-06-28,جدة,latest
Uber,google_play,نقل,الأسعار معقولة,4,2025-06-29,الرياض,latest
Careem,google_play,نقل,خدمة جيدة والسائقين محترمين,4,2025-06-29,جدة,latest
Jeeny,google_play,نقل,خدمة متوسطة تحتاج تحسين,3,2025-06-29,الطائف,latest
HungerStation,google_play,توصيل,جودة الطعام متأثرة بالوقت,2,2025-06-29,الرياض,latest
Jahez,google_play,توصيل,الطعام وصل طازجاً,4,2025-06-29,تبوك,latest
Mostaql,google_play,عمل_حر,فرص موجودة لكن المنافسة عالية,3,2025-06-29,مكة المكرمة,latest
Uber,google_play,نقل,سائق محترم وسيارة نظيفة,5,2025-06-30,مكة المكرمة,latest
Careem,google_play,نقل,سائق محترم وسيارة نظيفة,5,2025-06-30,الرياض,latest
Bolt,google_play,نقل,خدمة جيدة والسائقين محترمين,4,2025-06-30,المدينة المنورة,latest
Jeeny,google_play,نقل,سائق محترم وسيارة نظيفة,5,2025-06-30,الرياض,latest
HungerStation,google_play,توصيل,تطبيق سهل وتوصيل جيد,4,2025-06-30,جدة,latest
Jahez,google_play,توصيل,تجربة جيدة,4,2025-06-30,الرياض,latest
TheChefs,google_play,توصيل,خدمة رائعة دائماً,5,2025-06-30,مكة المكرمة,latest
TheChefs,google_play,توصيل,تجربة مميزة جداً,5,2025-06-30,جدة,latest
Careem,google_play,نقل,تجربة جيدة بشكل عام,4,2025-07-01,مكة المكرمة,latest
Bolt,google_play,نقل,التطبيق يعلق أحياناً,2,2025-07-01,الرياض,latest
Jeeny,google_play,نقل,التطبيق جيد لكن الأسعار مرتفعة,3,2025-07-01,جدة,latest
Jeeny,google_play,نقل,تطبيق سهل الاستخدام,4,2025-07-01,الدمام,latest
Jahez,google_play,توصيل,أفضل تطبيق توصيل,5,2025-07-01,مكة المكرمة,latest
ToYou,google_play,توصيل,توصيل سريع جداً والطعام ممتاز,5,2025-07-01,الرياض,latest
Mostaql,google_play,عمل_حر,منصة موثوقة جداً,5,2025-07-01,تبوك,latest
Mostaql,google_play,عمل_حر,أفضل منصة عمل حر عربية,5,2025-07-01,الرياض,latest
Khamsat,google_play,عمل_حر,تجربة جيدة بشكل عام,4,2025-07-01,المدينة المنورة,latest
HungerStation,google_play,توصيل,أحياناً تأخير كبير,2,2025-07-02,جدة,latest
TheChefs,google_play,توصيل,تجربة مميزة جداً,5,2025-07-02,الخبر,latest
TheChefs,google_play,توصيل,مقبول لكن يحتاج تطوير,3,2025-07-02,أبها,latest
TheChefs,google_play,توصيل,أفضل تطبيق توصيل,5,2025-07-02,الرياض,latest
ToYou,google_play,توصيل,خدمة رائعة دائماً,5,2025-07-02,الرياض,latest
Jeeny,google_play,نقل,الأسعار معقولة,4,2025-07-03,الدمام,latest
HungerStation,google_play,توصيل,الطعام وصل طازجاً,4,2025-07-03,الرياض,latest
Jahez,google_play,توصيل,التوصيل أبطأ من المعتاد,2,2025-07-03,الرياض,latest
Mrsool,google_play,توصيل,الطعام وصل طازجاً,4,2025-07-03,الطائف,latest
Mostaql,google_play,عمل_حر,المنصة لا تحمي الفريلانسر,1,2025-07-03,جدة,latest
Uber,google_play,نقل,سائق محترم وسيارة نظيفة,5,2025-07-04,مكة المكرمة,latest
HungerStation,google_play,توصيل,توصيل سريع جداً والطعام ممتاز,5,2025-07-04,جدة,latest
Jahez,google_play,توصيل,خدمة عادية,3,2025-07-04,مكة المكرمة,latest
TheChefs,google_play,توصيل,الطعام وصل طازجاً,4,2025-07-04,الرياض,latest
ToYou,google_play,توصيل,مقبول لكن يحتاج تطوير,3,2025-07-04,الدمام,latest
Careem,google_play,نقل,مقبول لكن يمكن أفضل,3,2025-07-05,الرياض,latest
Bolt,google_play,نقل,تجربة سيئة جداً لن أكرر,1,2025-07-05,الرياض,latest
Bolt,google_play,نقل,الأسعار معقولة,4,2025-07-05,جدة,latest
Jeeny,google_play,نقل,الأسعار مبالغ فيها كثيراً,1,2025-07-05,الدمام,latest
Wasselni,google_play,نقل,تجربة سيئة جداً لن أكرر,1,2025-07-05,الطائف,latest
Kayan,google_play,نقل,تطبيق ممتاز وسهل الاستخدام,5,2025-07-05,الرياض,latest
Mrsool,google_play,توصيل,أسوأ تجربة توصيل,1,2025-07-05,الرياض,latest
Jeeny,google_play,نقل,خدمة جيدة والسائقين محترمين,4,2025-07-06,الدمام,latest
TheChefs,google_play,توصيل,تجربة جيدة,4,2025-07-06,المدينة المنورة,latest
Keeta,google_play,توصيل,أفضل تطبيق توصيل,5,2025-07-06,الدمام,latest
Sary,google_play,عمل_حر,بعض العملاء غير جادين,2,2025-07-06,جدة,latest
Jeeny,google_play,نقل,مقبول لكن يمكن أفضل,3,2025-07-07,الرياض,latest
Kayan,google_play,نقل,تطبيق ممتاز وسهل الاستخدام,5,2025-07-07,المدينة المنورة,latest
TheChefs,google_play,توصيل,مقبول لكن يحتاج تطوير,3,2025-07-07,الطائف,latest
Keeta,google_play,توصيل,أسوأ تجربة توصيل,1,2025-07-07,جدة,latest
Keeta,google_play,توصيل,توصيل سريع جداً والطعام ممتاز,5,2025-07-07,الدمام,latest
Bolt,google_play,نقل,سائق محترم وسيارة نظيفة,5,2025-07-08,جدة,latest
Kayan,google_play,نقل,الأسعار مرتفعة مقارنة بالمنافسين,2,2025-07-08,المدينة المنورة,latest
Mrsool,google_play,توصيل,توصيل سريع والطلب مكتمل,4,2025-07-08,الرياض,latest
TheChefs,google_play,توصيل,خدمة رائعة دائماً,5,2025-07-08,الرياض,latest
Kayan,google_play,نقل,أفضل تطبيق نقل,5,2025-07-09,جدة,latest
HungerStation,google_play,توصيل,خدمة رائعة دائماً,5,2025-07-09,الطائف,latest
HungerStation,google_play,توصيل,تجربة مميزة جداً,5,2025-07-09,الرياض,latest
Jahez,google_play,توصيل,الطلب وصل بارداً وناقصاً,1,2025-07-09,مكة المكرمة,latest
Jahez,google_play,توصيل,التوصيل أبطأ من المعتاد,2,2025-07-09,الدمام,latest
ToYou,google_play,توصيل,الطلب وصل لكن متأخر,3,2025-07-09,جدة,latest
Keeta,google_play,توصيل,توصيل سريع جداً والطعام ممتاز,5,2025-07-09,جدة,latest
Mostaql,google_play,عمل_حر,منصة موثوقة جداً,5,2025-07-09,الرياض,latest
Khamsat,google_play,عمل_حر,العمولة مرتفعة,2,2025-07-09,مكة المكرمة,latest
Sary,google_play,عمل_حر,تجربة جيدة بشكل عام,4,2025-07-09,الخبر,latest
Wasselni,google_play,نقل,خدمة رائعة ننصح بها,5,2025-07-10,جدة,latest
Kayan,google_play,نقل,تطبيق ممتاز وسهل الاستخدام,5,2025-07-10,جدة,latest
Kayan,google_play,نقل,الأسعار معقولة,4,2025-07-10,جدة,latest
HungerStation,google_play,توصيل,توصيل سريع والطلب مكتمل,4,2025-07-10,الرياض,latest
Jahez,google_play,توصيل,تجربة مميزة جداً,5,2025-07-10,تبوك,latest
ToYou,google_play,توصيل,تجربة مميزة جداً,5,2025-07-10,الدمام,latest
Keeta,google_play,توصيل,توصيل سريع والطلب مكتمل,4,2025-07-10,الدمام,latest
Bolt,google_play,نقل,سائق محترم وسيارة نظيفة,5,2025-07-11,الرياض,latest
Mrsool,google_play,توصيل,أفضل تطبيق توصيل,5,2025-07-11,الرياض,latest
Keeta,google_play,توصيل,تجربة جيدة,4,2025-07-11,مكة المكرمة,latest
Mostaql,google_play,عمل_حر,حصلت على عملاء ممتازين,5,2025-07-11,جدة,latest
Sary,google_play,عمل_حر,المنصة لا تحمي الفريلانسر,1,2025-07-11,الخبر,latest
Uber,google_play,نقل,التطبيق جيد لكن الأسعار مرتفعة,3,2025-07-12,جدة,latest
Careem,google_play,نقل,خدمة جيدة والسائقين محترمين,4,2025-07-12,تبوك,latest
Kayan,google_play,نقل,تطبيق ممتاز وسهل الاستخدام,5,2025-07-12,المدينة المنورة,latest
Kayan,google_play,نقل,خدمة متوسطة تحتاج تحسين,3,2025-07-12,مكة المكرمة,latest
HungerStation,google_play,توصيل,خدمة العملاء ما تفيد أبداً,1,2025-07-12,مكة المكرمة,latest
HungerStation,google_play,توصيل,توصيل سريع جداً والطعام ممتاز,5,2025-07-12,تبوك,latest
Jahez,google_play,توصيل,خدمة رائعة دائماً,5,2025-07-12,جدة,latest
Jahez,google_play,توصيل,تجربة جيدة,4,2025-07-12,مكة المكرمة,latest
ToYou,google_play,توصيل,الطعام وصل طازجاً,4,2025-07-12,المدينة المنورة,latest
Keeta,google_play,توصيل,توصيل سريع والطلب مكتمل,4,2025-07-12,تبوك,latest
Mostaql,google_play,عمل_حر,سهلة الاستخدام للفريلانسر,4,2025-07-12,مكة المكرمة,latest
Khamsat,google_play,عمل_حر,فرص عمل متنوعة,4,2025-07-12,جدة,latest
Bolt,google_play,نقل,أفضل تطبيق نقل,5,2025-07-13,جدة,latest
Bolt,google_play,نقل,التطبيق يعلق أحياناً,2,2025-07-13,الرياض,latest
Sary,google_play,عمل_حر,العمولة مرتفعة,2,2025-07-13,الدمام,latest
Jeeny,google_play,نقل,خدمة جيدة والسائقين محترمين,4,2025-07-14,جدة,latest
Jeeny,google_play,نقل,خدمة عادية,3,2025-07-14,الخبر,latest
TheChefs,google_play,توصيل,تجربة جيدة,4,2025-07-14,الخبر,latest
ToYou,google_play,توصيل,تجربة مميزة جداً,5,2025-07-14,جدة,latest
Keeta,google_play,توصيل,تجربة مميزة جداً,5,2025-07-14,الرياض,latest
Khamsat,google_play,عمل_حر,سهلة الاستخدام للفريلانسر,4,2025-07-14,الطائف,latest
Khamsat,google_play,عمل_حر,المنصة لا تحمي الفريلانسر,1,2025-07-14,الرياض,latest
Sary,google_play,عمل_حر,تجربة رائعة ننصح بها,5,2025-07-14,جدة,latest
Jeeny,google_play,نقل,الأسعار مرتفعة مقارنة بالمنافسين,2,2025-07-15,جدة,latest
HungerStation,google_play,توصيل,تجربة جيدة,4,2025-07-15,الرياض,latest
Jahez,google_play,توصيل,تطبيق سهل وتوصيل جيد,4,2025-07-15,الرياض,latest
Mrsool,google_play,توصيل,أفضل تطبيق توصيل,5,2025-07-15,جدة,latest
Mrsool,google_play,توصيل,أفضل تطبيق توصيل,5,2025-07-15,الدمام,latest
ToYou,google_play,توصيل,تجربة جيدة,4,2025-07-15,تبوك,latest
ToYou,google_play,توصيل,تجربة مميزة جداً,5,2025-07-15,الرياض,latest
Keeta,google_play,توصيل,أحياناً تأخير كبير,2,2025-07-15,جدة,latest
Sary,google_play,عمل_حر,منصة جيدة وفرص كثيرة,4,2025-07-15,الرياض,latest
Sary,google_play,عمل_حر,منصة جيدة وفرص كثيرة,4,2025-07-15,جدة,latest
Uber,google_play,نقل,السائق ألغى الرحلة بدون سبب,1,2025-07-16,الرياض,latest
Uber,google_play,نقل,التطبيق يعلق أحياناً,2,2025-07-16,جدة,latest
Bolt,google_play,نقل,سائق محترم وسيارة نظيفة,5,2025-07-16,الرياض,latest
Wasselni,google_play,نقل,الأسعار مرتفعة مقارنة بالمنافسين,2,2025-07-16,الرياض,latest
HungerStation,google_play,توصيل,توصيل سريع والطلب مكتمل,4,2025-07-16,جدة,latest
Mostaql,google_play,عمل_حر,منصة موثوقة جداً,5,2025-07-16,تبوك,latest
Sary,google_play,عمل_حر,العمولة مرتفعة,2,2025-07-16,جدة,latest
Careem,google_play,نقل,خدمة متوسطة تحتاج تحسين,3,2025-07-17,الرياض,latest
Bolt,google_play,نقل,تجربة جيدة بشكل عام,4,2025-07-17,مكة المكرمة,latest
HungerStation,google_play,توصيل,تجربة مميزة جداً,5,2025-07-17,الدمام,latest
Jahez,google_play,توصيل,التوصيل أبطأ من المعتاد,2,2025-07-17,الرياض,latest
Mostaql,google_play,عمل_حر,الزبون ما دفع بعد تسليم العمل,1,2025-07-17,مكة المكرمة,latest
Uber,google_play,نقل,تجربة جيدة بشكل عام,4,2025-07-18,جدة,latest
Bolt,google_play,نقل,سائق محترم وسيارة نظيفة,5,2025-07-18,جدة,latest
Bolt,google_play,نقل,الأسعار مبالغ فيها كثيراً,1,2025-07-18,جدة,latest
Jeeny,google_play,نقل,أفضل تطبيق نقل,5,2025-07-18,الدمام,latest
HungerStation,google_play,توصيل,الطعام وصل طازجاً,4,2025-07-18,الرياض,latest
HungerStation,google_play,توصيل,تطبيق سهل وتوصيل جيد,4,2025-07-18,الدمام,latest
ToYou,google_play,توصيل,الطعام وصل طازجاً,4,2025-07-18,الرياض,latest
ToYou,google_play,توصيل,تجربة مميزة جداً,5,2025-07-18,المدينة المنورة,latest
Keeta,google_play,توصيل,خدمة العملاء ما تفيد أبداً,1,2025-07-18,الدمام,latest
Bolt,google_play,نقل,تجربة سيئة جداً لن أكرر,1,2025-07-19,جدة,latest
HungerStation,google_play,توصيل,مقبول لكن يحتاج تطوير,3,2025-07-19,الرياض,latest
Sary,google_play,عمل_حر,حصلت على عملاء ممتازين,5,2025-07-19,الدمام,latest
Careem,google_play,نقل,أفضل تطبيق نقل,5,2025-07-20,جدة,latest
Bolt,google_play,نقل,خدمة جيدة والسائقين محترمين,4,2025-07-20,الرياض,latest
HungerStation,google_play,توصيل,أسوأ تجربة توصيل,1,2025-07-20,جدة,latest
Mrsool,google_play,توصيل,التوصيل أبطأ من المعتاد,2,2025-07-20,تبوك,latest
Khamsat,google_play,عمل_حر,المنصة لا تحمي الفريلانسر,1,2025-07-20,الدمام,latest
Sary,google_play,عمل_حر,بعض العملاء غير جادين,2,2025-07-20,الرياض,latest
Uber,google_play,نقل,تجربة سيئة جداً لن أكرر,1,2025-07-21,جدة,latest
Bolt,google_play,نقل,نسبة التطبيق عالية جداً ما تستاهل,1,2025-07-21,جدة,latest
Bolt,google_play,نقل,تطبيق ممتاز وسهل الاستخدام,5,2025-07-21,جدة,latest
Bolt,google_play,نقل,أفضل تطبيق نقل,5,2025-07-21,الطائف,latest
HungerStation,google_play,توصيل,التوصيل تأخر ساعتين كاملتين,1,2025-07-21,جدة,latest
Jahez,google_play,توصيل,أحياناً تأخير كبير,2,2025-07-21,الرياض,latest
Jahez,google_play,توصيل,مقبول لكن يحتاج تطوير,3,2025-07-21,الرياض,latest
TheChefs,google_play,توصيل,توصيل سريع جداً والطعام ممتاز,5,2025-07-21,الدمام,latest
ToYou,google_play,توصيل,أفضل تطبيق توصيل,5,2025-07-21,الدمام,latest
Careem,google_play,نقل,خدمة رائعة ننصح بها,5,2025-07-22,المدينة المنورة,latest
Bolt,google_play,نقل,الأسعار معقولة,4,2025-07-22,جدة,latest
HungerStation,google_play,توصيل,أفضل تطبيق توصيل,5,2025-07-22,الرياض,latest
Jahez,google_play,توصيل,تطبيق سهل وتوصيل جيد,4,2025-07-22,مكة المكرمة,latest
Mrsool,google_play,توصيل,التوصيل تأخر ساعتين كاملتين,1,2025-07-22,المدينة المنورة,latest
TheChefs,google_play,توصيل,تجربة جيدة,4,2025-07-22,المدينة المنورة,latest
Careem,google_play,نقل,التطبيق جيد لكن الأسعار مرتفعة,3,2025-07-23,المدينة المنورة,latest
Jeeny,google_play,نقل,سائق محترم وسيارة نظيفة,5,2025-07-23,جدة,latest
Wasselni,google_play,نقل,خدمة رائعة ننصح بها,5,2025-07-23,الرياض,latest
Keeta,google_play,توصيل,أفضل تطبيق توصيل,5,2025-07-23,الرياض,latest
Keeta,google_play,توصيل,مقبول لكن يحتاج تطوير,3,2025-07-23,الرياض,latest
Keeta,google_play,توصيل,خدمة رائعة دائماً,5,2025-07-23,الدمام,latest
HungerStation,google_play,توصيل,تجربة مميزة جداً,5,2025-07-24,الرياض,latest
Mrsool,google_play,توصيل,الطعام وصل طازجاً,4,2025-07-24,الرياض,latest
ToYou,google_play,توصيل,خدمة العملاء ما تفيد أبداً,1,2025-07-24,الرياض,latest
Keeta,google_play,توصيل,أفضل تطبيق توصيل,5,2025-07-24,الرياض,latest
Mostaql,google_play,عمل_حر,منصة متوسطة للعمل الحر,3,2025-07-24,تبوك,latest
Mostaql,google_play,عمل_حر,سهلة الاستخدام للفريلانسر,4,2025-07-24,الرياض,latest
Careem,google_play,نقل,خدمة جيدة والسائقين محترمين,4,2025-07-25,الرياض,latest
Careem,google_play,نقل,تجربة جيدة بشكل عام,4,2025-07-25,تبوك,latest
Jahez,google_play,توصيل,توصيل سريع جداً والطعام ممتاز,5,2025-07-25,الرياض,latest
ToYou,google_play,توصيل,الطعام وصل طازجاً,4,2025-07-25,الدمام,latest
Sary,google_play,عمل_حر,بعض العملاء غير جادين,2,2025-07-25,تبوك,latest
Uber,google_play,نقل,الأسعار معقولة,4,2025-07-26,الرياض,latest
Jeeny,google_play,نقل,خدمة عادية,3,2025-07-26,تبوك,latest
Jeeny,google_play,نقل,خدمة رائعة ننصح بها,5,2025-07-26,جدة,latest
Jeeny,google_play,نقل,تطبيق سهل الاستخدام,4,2025-07-26,الرياض,latest
Kayan,google_play,نقل,سائق محترم وسيارة نظيفة,5,2025-07-26,جدة,latest
Jahez,google_play,توصيل,تطبيق سهل وتوصيل جيد,4,2025-07-26,الرياض,latest
Keeta,google_play,توصيل,الطعام وصل طازجاً,4,2025-07-26,الدمام,latest
Mostaql,google_play,عمل_حر,مقبولة للمبتدئين,3,2025-07-26,الرياض,latest
Wasselni,google_play,نقل,خدمة متوسطة تحتاج تحسين,3,2025-07-27,الرياض,latest
HungerStation,google_play,توصيل,خدمة رائعة دائماً,5,2025-07-27,تبوك,latest
HungerStation,google_play,توصيل,أحياناً تأخير كبير,2,2025-07-27,الرياض,latest
Mrsool,google_play,توصيل,تطبيق سهل وتوصيل جيد,4,2025-07-27,جدة,latest
TheChefs,google_play,توصيل,التوصيل تأخر ساعتين كاملتين,1,2025-07-27,الرياض,latest
Sary,google_play,عمل_حر,تجربة جيدة بشكل عام,4,2025-07-27,الرياض,latest
Bolt,google_play,نقل,سائق محترم وسيارة نظيفة,5,2025-07-28,الرياض,latest
Jeeny,google_play,نقل,أفضل تطبيق نقل,5,2025-07-28,الرياض,latest
Kayan,google_play,نقل,تجربة جيدة بشكل عام,4,2025-07-28,جدة,latest
Jahez,google_play,توصيل,خدمة رائعة دائماً,5,2025-07-28,الدمام,latest
Jahez,google_play,توصيل,توصيل متوسط يحتاج تحسين,3,2025-07-28,الرياض,latest
Mrsool,google_play,توصيل,توصيل سريع جداً والطعام ممتاز,5,2025-07-28,المدينة المنورة,latest
ToYou,google_play,توصيل,الطلب وصل لكن متأخر,3,2025-07-28,جدة,latest
ToYou,google_play,توصيل,توصيل سريع جداً والطعام ممتاز,5,2025-07-28,مكة المكرمة,latest
Careem,google_play,نقل,التطبيق يعلق أحياناً,2,2025-07-29,الرياض,latest
HungerStation,google_play,توصيل,توصيل سريع جداً والطعام ممتاز,5,2025-07-29,أبها,latest
HungerStation,google_play,توصيل,تجربة جيدة,4,2025-07-29,الرياض,latest
Mostaql,google_play,عمل_حر,فرص عمل متنوعة,4,2025-07-29,الدمام,latest
Careem,google_play,نقل,خدمة رائعة ننصح بها,5,2025-07-30,تبوك,latest
Kayan,google_play,نقل,خدمة رائعة ننصح بها,5,2025-07-30,الرياض,latest
HungerStation,google_play,توصيل,توصيل سريع والطلب مكتمل,4,2025-07-30,الخبر,latest
HungerStation,google_play,توصيل,جودة الطعام متأثرة بالوقت,2,2025-07-30,مكة المكرمة,latest
TheChefs,google_play,توصيل,تجربة مميزة جداً,5,2025-07-30,الرياض,latest
TheChefs,google_play,توصيل,توصيل متوسط يحتاج تحسين,3,2025-07-30,تبوك,latest
Mostaql,google_play,عمل_حر,فرص عمل متنوعة,4,2025-07-30,الدمام,latest
Khamsat,google_play,عمل_حر,منصة موثوقة جداً,5,2025-07-30,الرياض,latest
Bolt,google_play,نقل,سائق محترم وسيارة نظيفة,5,2025-07-31,الدمام,latest
Bolt,google_play,نقل,أفضل تطبيق نقل,5,2025-07-31,جدة,latest
Jeeny,google_play,نقل,سائق محترم وسيارة نظيفة,5,2025-07-31,الخبر,latest
Kayan,google_play,نقل,الانتظار طويل أحياناً,2,2025-07-31,مكة المكرمة,latest
HungerStation,google_play,توصيل,تطبيق سهل وتوصيل جيد,4,2025-07-31,جدة,latest
TheChefs,google_play,توصيل,توصيل سريع جداً والطعام ممتاز,5,2025-07-31,الخبر,latest
ToYou,google_play,توصيل,خدمة رائعة دائماً,5,2025-07-31,الرياض,latest
Kayan,google_play,نقل,خدمة جيدة والسائقين محترمين,4,2025-08-01,جدة,latest
HungerStation,google_play,توصيل,التوصيل تأخر ساعتين كاملتين,1,2025-08-01,مكة المكرمة,latest
Jahez,google_play,توصيل,تجربة مميزة جداً,5,2025-08-01,الرياض,latest
Mrsool,google_play,توصيل,أسوأ تجربة توصيل,1,2025-08-01,الرياض,latest
Uber,google_play,نقل,سائق محترم وسيارة نظيفة,5,2025-08-02,جدة,latest
Bolt,google_play,نقل,تطبيق سهل الاستخدام,4,2025-08-02,جدة,latest
Jahez,google_play,توصيل,توصيل سريع جداً والطعام ممتاز,5,2025-08-02,المدينة المنورة,latest
TheChefs,google_play,توصيل,تجربة مميزة جداً,5,2025-08-02,الرياض,latest
TheChefs,google_play,توصيل,تطبيق سهل وتوصيل جيد,4,2025-08-02,الدمام,latest
ToYou,google_play,توصيل,أحياناً تأخير كبير,2,2025-08-02,الطائف,latest
Keeta,google_play,توصيل,تجربة مميزة جداً,5,2025-08-02,الرياض,latest
Careem,google_play,نقل,الانتظار طويل أحياناً,2,2025-08-03,الدمام,latest
Kayan,google_play,نقل,خدمة رائعة ننصح بها,5,2025-08-03,المدينة المنورة,latest
Kayan,google_play,نقل,مقبول لكن يمكن أفضل,3,2025-08-03,جدة,latest
TheChefs,google_play,توصيل,التوصيل أبطأ من المعتاد,2,2025-08-03,جدة,latest
Keeta,google_play,توصيل,الطلب وصل ناقص ولا تعويض,2,2025-08-03,الرياض,latest
Sary,google_play,عمل_حر,منصة متوسطة للعمل الحر,3,2025-08-03,الرياض,latest
Sary,google_play,عمل_حر,فرص موجودة لكن المنافسة عالية,3,2025-08-03,الطائف,latest
Careem,google_play,نقل,الأسعار معقولة,4,2025-08-04,الرياض,latest
Wasselni,google_play,نقل,الانتظار طويل أحياناً,2,2025-08-04,جدة,latest
Kayan,google_play,نقل,خدمة رائعة ننصح بها,5,2025-08-04,جدة,latest
Kayan,google_play,نقل,الأسعار معقولة,4,2025-08-04,الرياض,latest
HungerStation,google_play,توصيل,تجربة مميزة جداً,5,2025-08-04,أبها,latest
Mrsool,google_play,توصيل,الطلب وصل لكن متأخر,3,2025-08-04,الرياض,latest
TheChefs,google_play,توصيل,توصيل سريع جداً والطعام ممتاز,5,2025-08-04,الخبر,latest
Keeta,google_play,توصيل,تجربة مميزة جداً,5,2025-08-04,الرياض,latest
Sary,google_play,عمل_حر,المنافسة كبيرة والأسعار منخفضة,2,2025-08-04,الرياض,latest
Careem,google_play,نقل,الأسعار معقولة,4,2025-08-05,جدة,latest
Bolt,google_play,نقل,خدمة عادية,3,2025-08-05,الرياض,latest
Jeeny,google_play,نقل,التطبيق يعلق أحياناً,2,2025-08-05,مكة المكرمة,latest
Jahez,google_play,توصيل,الطعام وصل طازجاً,4,2025-08-05,جدة,latest
Jahez,google_play,توصيل,خدمة العملاء ما تفيد أبداً,1,2025-08-05,الرياض,latest
Keeta,google_play,توصيل,خدمة العملاء ما تفيد أبداً,1,2025-08-05,الرياض,latest
Keeta,google_play,توصيل,تطبيق سهل وتوصيل جيد,4,2025-08-05,الرياض,latest
Khamsat,google_play,عمل_حر,بعض العملاء غير جادين,2,2025-08-05,الرياض,latest
Uber,google_play,نقل,الأسعار مرتفعة مقارنة بالمنافسين,2,2025-08-06,جدة,latest
Uber,google_play,نقل,خدمة جيدة والسائقين محترمين,4,2025-08-06,الخبر,latest
Careem,google_play,نقل,خدمة عادية,3,2025-08-06,الدمام,latest
Jahez,google_play,توصيل,خدمة رائعة دائماً,5,2025-08-06,الطائف,latest
ToYou,google_play,توصيل,جودة الطعام متأثرة بالوقت,2,2025-08-06,الرياض,latest
Keeta,google_play,توصيل,خدمة رائعة دائماً,5,2025-08-06,الرياض,latest
Mostaql,google_play,عمل_حر,تجربة رائعة ننصح بها,5,2025-08-06,جدة,latest
Mostaql,google_play,عمل_حر,تجربة جيدة بشكل عام,4,2025-08-06,جدة,latest
Careem,google_play,نقل,تطبيق سهل الاستخدام,4,2025-08-07,الخبر,latest
Bolt,google_play,نقل,خدمة عادية,3,2025-08-07,الرياض,latest
Jeeny,google_play,نقل,أفضل تطبيق نقل,5,2025-08-07,الرياض,latest
Wasselni,google_play,نقل,الأسعار مرتفعة مقارنة بالمنافسين,2,2025-08-07,الرياض,latest
Kayan,google_play,نقل,مقبول لكن يمكن أفضل,3,2025-08-07,الرياض,latest
HungerStation,google_play,توصيل,الطلب وصل بارداً وناقصاً,1,2025-08-07,الدمام,latest
TheChefs,google_play,توصيل,توصيل سريع جداً والطعام ممتاز,5,2025-08-07,جدة,latest
Careem,google_play,نقل,بعض السائقين غير محترفين,2,2025-08-08,جدة,latest
Jeeny,google_play,نقل,أفضل تطبيق نقل,5,2025-08-08,الدمام,latest
Kayan,google_play,نقل,خدمة متوسطة تحتاج تحسين,3,2025-08-08,جدة,latest
Jahez,google_play,توصيل,تطبيق سهل وتوصيل جيد,4,2025-08-08,الدمام,latest
Jahez,google_play,توصيل,توصيل سريع جداً والطعام ممتاز,5,2025-08-08,الدمام,latest
TheChefs,google_play,توصيل,أحياناً تأخير كبير,2,2025-08-08,جدة,latest
ToYou,google_play,توصيل,توصيل سريع والطلب مكتمل,4,2025-08-08,الرياض,latest
Keeta,google_play,توصيل,مقبول لكن يحتاج تطوير,3,2025-08-08,الدمام,latest
Keeta,google_play,توصيل,أسوأ تجربة توصيل,1,2025-08-08,الرياض,latest
Mostaql,google_play,عمل_حر,المنصة لا تحمي الفريلانسر,1,2025-08-08,تبوك,latest
Mostaql,google_play,عمل_حر,منصة جيدة وفرص كثيرة,4,2025-08-08,مكة المكرمة,latest
Mostaql,google_play,عمل_حر,تجربة جيدة بشكل عام,4,2025-08-08,الرياض,latest
Khamsat,google_play,عمل_حر,منصة جيدة وفرص كثيرة,4,2025-08-08,جدة,latest
Khamsat,google_play,عمل_حر,مقبولة للمبتدئين,3,2025-08-08,الرياض,latest
Careem,google_play,نقل,الأسعار مبالغ فيها كثيراً,1,2025-08-09,الرياض,latest
Wasselni,google_play,نقل,بعض السائقين غير محترفين,2,2025-08-09,الرياض,latest
ToYou,google_play,توصيل,الطعام وصل طازجاً,4,2025-08-09,الرياض,latest
ToYou,google_play,توصيل,الطلب وصل ناقص ولا تعويض,2,2025-08-09,الدمام,latest
Keeta,google_play,توصيل,أفضل تطبيق توصيل,5,2025-08-09,الرياض,latest
Khamsat,google_play,عمل_حر,أفضل منصة عمل حر عربية,5,2025-08-09,الرياض,latest
Uber,google_play,نقل,السائق ألغى الرحلة بدون سبب,1,2025-08-10,الرياض,latest
Wasselni,google_play,نقل,السائق ألغى الرحلة بدون سبب,1,2025-08-10,الرياض,latest
Mrsool,google_play,توصيل,الطلب وصل بارداً وناقصاً,1,2025-08-10,جدة,latest
Mostaql,google_play,عمل_حر,فرص عمل متنوعة,4,2025-08-10,مكة المكرمة,latest
Bolt,google_play,نقل,السائق ألغى الرحلة بدون سبب,1,2025-08-11,الرياض,latest
Jeeny,google_play,نقل,الأسعار معقولة,4,2025-08-11,الدمام,latest
Jeeny,google_play,نقل,بعض السائقين غير محترفين,2,2025-08-11,جدة,latest
Jahez,google_play,توصيل,توصيل سريع جداً والطعام ممتاز,5,2025-08-11,الدمام,latest
Mrsool,google_play,توصيل,الطعام وصل طازجاً,4,2025-08-11,الخبر,latest
ToYou,google_play,توصيل,مقبول لكن يحتاج تطوير,3,2025-08-11,الدمام,latest
ToYou,google_play,توصيل,خدمة رائعة دائماً,5,2025-08-11,جدة,latest
ToYou,google_play,توصيل,جودة الطعام متأثرة بالوقت,2,2025-08-11,الرياض,latest
Keeta,google_play,توصيل,خدمة رائعة دائماً,5,2025-08-11,تبوك,latest
HungerStation,google_play,توصيل,تجربة جيدة,4,2025-08-12,تبوك,latest
Jahez,google_play,توصيل,الطعام وصل طازجاً,4,2025-08-12,الدمام,latest
Jahez,google_play,توصيل,أحياناً تأخير كبير,2,2025-08-12,الدمام,latest
Mostaql,google_play,عمل_حر,حصلت على عملاء ممتازين,5,2025-08-12,جدة,latest
Khamsat,google_play,عمل_حر,تجربة رائعة ننصح بها,5,2025-08-12,الرياض,latest
Uber,google_play,نقل,التطبيق يعلق أحياناً,2,2025-08-13,الدمام,latest
Careem,google_play,نقل,مقبول لكن يمكن أفضل,3,2025-08-13,الرياض,latest
Careem,google_play,نقل,تطبيق سهل الاستخدام,4,2025-08-13,الرياض,latest
HungerStation,google_play,توصيل,توصيل متوسط يحتاج تحسين,3,2025-08-13,الخبر,latest
Jahez,google_play,توصيل,الطعام وصل طازجاً,4,2025-08-13,الرياض,latest
TheChefs,google_play,توصيل,تجربة مميزة جداً,5,2025-08-13,جدة,latest
Keeta,google_play,توصيل,جودة الطعام متأثرة بالوقت,2,2025-08-13,مكة المكرمة,latest
Mostaql,google_play,عمل_حر,منصة موثوقة جداً,5,2025-08-13,الرياض,latest
Jeeny,google_play,نقل,خدمة رائعة ننصح بها,5,2025-08-14,الرياض,latest
Mrsool,google_play,توصيل,خدمة عادية,3,2025-08-14,جدة,latest
Mrsool,google_play,توصيل,توصيل سريع والطلب مكتمل,4,2025-08-14,جدة,latest
ToYou,google_play,توصيل,توصيل متوسط يحتاج تحسين,3,2025-08-14,جدة,latest
Keeta,google_play,توصيل,تطبيق سهل وتوصيل جيد,4,2025-08-14,الرياض,latest
Khamsat,google_play,عمل_حر,تجربة جيدة بشكل عام,4,2025-08-14,الدمام,latest
Bolt,google_play,نقل,الأسعار معقولة,4,2025-08-15,جدة,latest
Jeeny,google_play,نقل,خدمة رائعة ننصح بها,5,2025-08-15,جدة,latest
Jeeny,google_play,نقل,مقبول لكن يمكن أفضل,3,2025-08-15,الدمام,latest
TheChefs,google_play,توصيل,توصيل سريع والطلب مكتمل,4,2025-08-15,تبوك,latest
Khamsat,google_play,عمل_حر,منصة متوسطة للعمل الحر,3,2025-08-15,المدينة المنورة,latest
Jeeny,google_play,نقل,خدمة عادية,3,2025-08-16,جدة,latest
Kayan,google_play,نقل,الانتظار طويل أحياناً,2,2025-08-16,الرياض,latest
TheChefs,google_play,توصيل,خدمة العملاء ما تفيد أبداً,1,2025-08-16,جدة,latest
Sary,google_play,عمل_حر,أفضل منصة عمل حر عربية,5,2025-08-16,الدمام,latest
Careem,google_play,نقل,خدمة رائعة ننصح بها,5,2025-08-17,جدة,latest
Wasselni,google_play,نقل,خدمة متوسطة تحتاج تحسين,3,2025-08-17,الخبر,latest
Jahez,google_play,توصيل,تجربة مميزة جداً,5,2025-08-17,الخبر,latest
ToYou,google_play,توصيل,توصيل سريع والطلب مكتمل,4,2025-08-17,الدمام,latest
Keeta,google_play,توصيل,الطعام وصل طازجاً,4,2025-08-17,الدمام,latest
Keeta,google_play,توصيل,خدمة عادية,3,2025-08-17,الرياض,latest
Khamsat,google_play,عمل_حر,خدمة عادية,3,2025-08-17,تبوك,latest
Careem,google_play,نقل,خدمة جيدة والسائقين محترمين,4,2025-08-18,الرياض,latest
Bolt,google_play,نقل,الأسعار مرتفعة مقارنة بالمنافسين,2,2025-08-18,جدة,latest
Bolt,google_play,نقل,التطبيق يعلق أحياناً,2,2025-08-18,الطائف,latest
Wasselni,google_play,نقل,الأسعار معقولة,4,2025-08-18,الرياض,latest
Jahez,google_play,توصيل,مقبول لكن يحتاج تطوير,3,2025-08-18,مكة المكرمة,latest
TheChefs,google_play,توصيل,تجربة مميزة جداً,5,2025-08-18,جدة,latest
Sary,google_play,عمل_حر,فرص عمل متنوعة,4,2025-08-18,الرياض,latest
Uber,google_play,نقل,خدمة عادية,3,2025-08-19,الدمام,latest
Bolt,google_play,نقل,الأسعار مبالغ فيها كثيراً,1,2025-08-19,الدمام,latest
Bolt,google_play,نقل,خدمة عادية,3,2025-08-19,الدمام,latest
Kayan,google_play,نقل,التطبيق يعلق أحياناً,2,2025-08-19,مكة المكرمة,latest
Jahez,google_play,توصيل,توصيل سريع والطلب مكتمل,4,2025-08-19,الرياض,latest
Mrsool,google_play,توصيل,توصيل سريع والطلب مكتمل,4,2025-08-19,الرياض,latest
ToYou,google_play,توصيل,خدمة العملاء ما تفيد أبداً,1,2025-08-19,الخبر,latest
Keeta,google_play,توصيل,توصيل سريع جداً والطعام ممتاز,5,2025-08-19,الرياض,latest
Mostaql,google_play,عمل_حر,أفضل منصة عمل حر عربية,5,2025-08-19,الدمام,latest
Sary,google_play,عمل_حر,تجربة جيدة بشكل عام,4,2025-08-19,الدمام,latest
Careem,google_play,نقل,أفضل تطبيق نقل,5,2025-08-20,الرياض,latest
Bolt,google_play,نقل,الانتظار طويل أحياناً,2,2025-08-20,الرياض,latest
Jeeny,google_play,نقل,أفضل تطبيق نقل,5,2025-08-20,جدة,latest
Mrsool,google_play,توصيل,تطبيق سهل وتوصيل جيد,4,2025-08-20,الرياض,latest
Mrsool,google_play,توصيل,أحياناً تأخير كبير,2,2025-08-20,جدة,latest
ToYou,google_play,توصيل,تطبيق سهل وتوصيل جيد,4,2025-08-20,الرياض,latest
Uber,google_play,نقل,التطبيق يعلق أحياناً,2,2025-08-21,المدينة المنورة,latest
Careem,google_play,نقل,أفضل تطبيق نقل,5,2025-08-21,الخبر,latest
HungerStation,google_play,توصيل,مقبول لكن يحتاج تطوير,3,2025-08-21,تبوك,latest
Jahez,google_play,توصيل,توصيل سريع جداً والطعام ممتاز,5,2025-08-21,الدمام,latest
Mrsool,google_play,توصيل,أسوأ تجربة توصيل,1,2025-08-21,المدينة المنورة,latest
Keeta,google_play,توصيل,توصيل سريع والطلب مكتمل,4,2025-08-21,مكة المكرمة,latest
Sary,google_play,عمل_حر,العمولة مرتفعة,2,2025-08-21,الدمام,latest
Jeeny,google_play,نقل,نسبة التطبيق عالية جداً ما تستاهل,1,2025-08-22,الرياض,latest
Wasselni,google_play,نقل,التطبيق جيد لكن الأسعار مرتفعة,3,2025-08-22,الدمام,latest
Kayan,google_play,نقل,أفضل تطبيق نقل,5,2025-08-22,مكة المكرمة,latest
Keeta,google_play,توصيل,جودة الطعام متأثرة بالوقت,2,2025-08-22,الرياض,latest
Keeta,google_play,توصيل,تطبيق سهل وتوصيل جيد,4,2025-08-22,المدينة المنورة,latest
Keeta,google_play,توصيل,مقبول لكن يحتاج تطوير,3,2025-08-22,الرياض,latest
Careem,google_play,نقل,الأسعار معقولة,4,2025-08-23,الرياض,latest
Jeeny,google_play,نقل,الأسعار معقولة,4,2025-08-23,الدمام,latest
Jeeny,google_play,نقل,الأسعار مبالغ فيها كثيراً,1,2025-08-23,الرياض,latest
Kayan,google_play,نقل,بعض السائقين غير محترفين,2,2025-08-23,الدمام,latest
Jahez,google_play,توصيل,الطلب وصل لكن متأخر,3,2025-08-23,الرياض,latest
Mrsool,google_play,توصيل,توصيل متوسط يحتاج تحسين,3,2025-08-23,جدة,latest
TheChefs,google_play,توصيل,خدمة رائعة دائماً,5,2025-08-23,جدة,latest
TheChefs,google_play,توصيل,خدمة رائعة دائماً,5,2025-08-23,الدمام,latest
Sary,google_play,عمل_حر,منصة موثوقة جداً,5,2025-08-23,جدة,latest
HungerStation,google_play,توصيل,الطعام وصل طازجاً,4,2025-08-24,المدينة المنورة,latest
Keeta,google_play,توصيل,توصيل سريع والطلب مكتمل,4,2025-08-24,الرياض,latest
Keeta,google_play,توصيل,مقبول لكن يحتاج تطوير,3,2025-08-24,الدمام,latest
Khamsat,google_play,عمل_حر,حصلت على عملاء ممتازين,5,2025-08-24,جدة,latest
Careem,google_play,نقل,خدمة جيدة والسائقين محترمين,4,2025-08-25,الرياض,latest
Jeeny,google_play,نقل,تطبيق سهل الاستخدام,4,2025-08-25,مكة المكرمة,latest
Mrsool,google_play,توصيل,توصيل متوسط يحتاج تحسين,3,2025-08-25,الرياض,latest
Keeta,google_play,توصيل,الطلب وصل لكن متأخر,3,2025-08-25,المدينة المنورة,latest
Keeta,google_play,توصيل,تجربة جيدة,4,2025-08-25,الرياض,latest
Uber,google_play,نقل,تجربة جيدة بشكل عام,4,2025-08-26,الخبر,latest
Bolt,google_play,نقل,خدمة متوسطة تحتاج تحسين,3,2025-08-26,المدينة المنورة,latest
Wasselni,google_play,نقل,خدمة متوسطة تحتاج تحسين,3,2025-08-26,الرياض,latest
ToYou,google_play,توصيل,مقبول لكن يحتاج تطوير,3,2025-08-26,الرياض,latest
Mostaql,google_play,عمل_حر,فرص موجودة لكن المنافسة عالية,3,2025-08-26,الطائف,latest
Sary,google_play,عمل_حر,فرص موجودة لكن المنافسة عالية,3,2025-08-26,جدة,latest
Sary,google_play,عمل_حر,منصة جيدة وفرص كثيرة,4,2025-08-26,الرياض,latest
Uber,google_play,نقل,خدمة جيدة والسائقين محترمين,4,2025-08-27,جدة,latest
Careem,google_play,نقل,أفضل تطبيق نقل,5,2025-08-27,الدمام,latest
Jeeny,google_play,نقل,خدمة جيدة والسائقين محترمين,4,2025-08-27,جدة,latest
Mrsool,google_play,توصيل,أفضل تطبيق توصيل,5,2025-08-27,الخبر,latest
Mrsool,google_play,توصيل,توصيل سريع جداً والطعام ممتاز,5,2025-08-27,المدينة المنورة,latest
ToYou,google_play,توصيل,مقبول لكن يحتاج تطوير,3,2025-08-27,جدة,latest
Keeta,google_play,توصيل,مقبول لكن يحتاج تطوير,3,2025-08-27,الرياض,latest
Sary,google_play,عمل_حر,العمولة مرتفعة,2,2025-08-27,الرياض,latest
Careem,google_play,نقل,تجربة جيدة بشكل عام,4,2025-08-28,الدمام,latest
Bolt,google_play,نقل,سائق محترم وسيارة نظيفة,5,2025-08-28,الرياض,latest
HungerStation,google_play,توصيل,أفضل تطبيق توصيل,5,2025-08-28,المدينة المنورة,latest
ToYou,google_play,توصيل,جودة الطعام متأثرة بالوقت,2,2025-08-28,الدمام,latest
ToYou,google_play,توصيل,خدمة العملاء ما تفيد أبداً,1,2025-08-28,الدمام,latest
Uber,google_play,نقل,أفضل تطبيق نقل,5,2025-08-29,جدة,latest
Bolt,google_play,نقل,خدمة جيدة والسائقين محترمين,4,2025-08-29,جدة,latest
Wasselni,google_play,نقل,أفضل تطبيق نقل,5,2025-08-29,الدمام,latest
ToYou,google_play,توصيل,توصيل سريع والطلب مكتمل,4,2025-08-29,الرياض,latest
Keeta,google_play,توصيل,الطلب وصل ناقص ولا تعويض,2,2025-08-29,جدة,latest
Keeta,google_play,توصيل,الطلب وصل بارداً وناقصاً,1,2025-08-29,مكة المكرمة,latest
Khamsat,google_play,عمل_حر,فرص عمل متنوعة,4,2025-08-29,جدة,latest
Sary,google_play,عمل_حر,حصلت على عملاء ممتازين,5,2025-08-29,جدة,latest
Careem,google_play,نقل,نسبة التطبيق عالية جداً ما تستاهل,1,2025-08-30,مكة المكرمة,latest
ToYou,google_play,توصيل,توصيل متوسط يحتاج تحسين,3,2025-08-30,جدة,latest
ToYou,google_play,توصيل,الطعام وصل طازجاً,4,2025-08-30,الرياض,latest
Mostaql,google_play,عمل_حر,المنصة لا تحمي الفريلانسر,1,2025-08-30,جدة,latest
Uber,google_play,نقل,الأسعار معقولة,4,2025-08-31,الدمام,latest
Bolt,google_play,نقل,تجربة سيئة جداً لن أكرر,1,2025-08-31,الدمام,latest
Bolt,google_play,نقل,سائق محترم وسيارة نظيفة,5,2025-08-31,الرياض,latest
Kayan,google_play,نقل,تجربة جيدة بشكل عام,4,2025-08-31,تبوك,latest
Kayan,google_play,نقل,خدمة متوسطة تحتاج تحسين,3,2025-08-31,جدة,latest
Jahez,google_play,توصيل,تجربة جيدة,4,2025-08-31,الدمام,latest
ToYou,google_play,توصيل,أحياناً تأخير كبير,2,2025-08-31,الدمام,latest
Khamsat,google_play,عمل_حر,فرص عمل متنوعة,4,2025-08-31,جدة,latest
Khamsat,google_play,عمل_حر,المنافسة كبيرة والأسعار منخفضة,2,2025-08-31,جدة,latest
Sary,google_play,عمل_حر,سهلة الاستخدام للفريلانسر,4,2025-08-31,الدمام,latest
Careem,google_play,نقل,السائق ألغى الرحلة بدون سبب,1,2025-09-01,الدمام,latest
Bolt,google_play,نقل,أفضل تطبيق نقل,5,2025-09-01,الرياض,latest
Kayan,google_play,نقل,خدمة متوسطة تحتاج تحسين,3,2025-09-01,الدمام,latest
Uber,google_play,نقل,خدمة عادية,3,2025-09-02,الرياض,latest
Jeeny,google_play,نقل,أفضل تطبيق نقل,5,2025-09-02,الدمام,latest
HungerStation,google_play,توصيل,توصيل سريع والطلب مكتمل,4,2025-09-02,مكة المكرمة,latest
TheChefs,google_play,توصيل,خدمة رائعة دائماً,5,2025-09-02,جدة,latest
ToYou,google_play,توصيل,تجربة جيدة,4,2025-09-02,مكة المكرمة,latest
Keeta,google_play,توصيل,توصيل متوسط يحتاج تحسين,3,2025-09-02,مكة المكرمة,latest
Khamsat,google_play,عمل_حر,تجربة جيدة بشكل عام,4,2025-09-02,تبوك,latest
Jeeny,google_play,نقل,سائق محترم وسيارة نظيفة,5,2025-09-03,الرياض,latest
Kayan,google_play,نقل,تطبيق سهل الاستخدام,4,2025-09-03,الرياض,latest
Jahez,google_play,توصيل,مقبول لكن يحتاج تطوير,3,2025-09-03,الرياض,latest
Mrsool,google_play,توصيل,تجربة مميزة جداً,5,2025-09-03,مكة المكرمة,latest
Mrsool,google_play,توصيل,خدمة العملاء ما تفيد أبداً,1,2025-09-03,جدة,latest
Mrsool,google_play,توصيل,خدمة رائعة دائماً,5,2025-09-03,تبوك,latest
Mrsool,google_play,توصيل,الطلب وصل لكن متأخر,3,2025-09-03,جدة,latest
TheChefs,google_play,توصيل,توصيل سريع جداً والطعام ممتاز,5,2025-09-03,أبها,latest
TheChefs,google_play,توصيل,أفضل تطبيق توصيل,5,2025-09-03,مكة المكرمة,latest
ToYou,google_play,توصيل,تجربة جيدة,4,2025-09-03,الرياض,latest
Keeta,google_play,توصيل,مقبول لكن يحتاج تطوير,3,2025-09-03,أبها,latest
Mostaql,google_play,عمل_حر,مقبولة للمبتدئين,3,2025-09-03,الخبر,latest
Careem,google_play,نقل,بعض السائقين غير محترفين,2,2025-09-04,الرياض,latest
Wasselni,google_play,نقل,التطبيق يعلق أحياناً,2,2025-09-04,الخبر,latest
HungerStation,google_play,توصيل,التوصيل تأخر ساعتين كاملتين,1,2025-09-04,جدة,latest
HungerStation,google_play,توصيل,توصيل سريع والطلب مكتمل,4,2025-09-04,الرياض,latest
HungerStation,google_play,توصيل,الطلب وصل ناقص ولا تعويض,2,2025-09-04,الدمام,latest
ToYou,google_play,توصيل,توصيل سريع جداً والطعام ممتاز,5,2025-09-04,الرياض,latest
Khamsat,google_play,عمل_حر,منصة جيدة وفرص كثيرة,4,2025-09-04,جدة,latest
Khamsat,google_play,عمل_حر,أفضل منصة عمل حر عربية,5,2025-09-04,الطائف,latest
Khamsat,google_play,عمل_حر,منصة جيدة وفرص كثيرة,4,2025-09-04,مكة المكرمة,latest
Careem,google_play,نقل,تجربة سيئة جداً لن أكرر,1,2025-09-05,جدة,latest
Jeeny,google_play,نقل,السائق ألغى الرحلة بدون سبب,1,2025-09-05,الرياض,latest
Jeeny,google_play,نقل,أفضل تطبيق نقل,5,2025-09-05,الرياض,latest
Wasselni,google_play,نقل,التطبيق يعلق أحياناً,2,2025-09-05,الرياض,latest
Kayan,google_play,نقل,خدمة متوسطة تحتاج تحسين,3,2025-09-05,جدة,latest
Keeta,google_play,توصيل,توصيل متوسط يحتاج تحسين,3,2025-09-05,مكة المكرمة,latest
Mostaql,google_play,عمل_حر,تجربة جيدة بشكل عام,4,2025-09-05,الرياض,latest
Sary,google_play,عمل_حر,تجربة رائعة ننصح بها,5,2025-09-05,الخبر,latest
Uber,google_play,نقل,تطبيق ممتاز وسهل الاستخدام,5,2025-09-06,الرياض,latest
Careem,google_play,نقل,الانتظار طويل أحياناً,2,2025-09-06,جدة,latest
HungerStation,google_play,توصيل,تجربة مميزة جداً,5,2025-09-06,جدة,latest
ToYou,google_play,توصيل,تطبيق سهل وتوصيل جيد,4,2025-09-06,تبوك,latest
ToYou,google_play,توصيل,جودة الطعام متأثرة بالوقت,2,2025-09-06,الرياض,latest
ToYou,google_play,توصيل,توصيل سريع جداً والطعام ممتاز,5,2025-09-06,الخبر,latest
Mostaql,google_play,عمل_حر,فرص موجودة لكن المنافسة عالية,3,2025-09-06,جدة,latest
Mostaql,google_play,عمل_حر,فرص عمل متنوعة,4,2025-09-06,الرياض,latest
TheChefs,google_play,توصيل,توصيل سريع والطلب مكتمل,4,2025-09-07,مكة المكرمة,latest
TheChefs,google_play,توصيل,أفضل تطبيق توصيل,5,2025-09-07,جدة,latest
Keeta,google_play,توصيل,خدمة عادية,3,2025-09-07,المدينة المنورة,latest
Careem,google_play,نقل,تطبيق ممتاز وسهل الاستخدام,5,2025-09-08,المدينة المنورة,latest
Bolt,google_play,نقل,أفضل تطبيق نقل,5,2025-09-08,جدة,latest
Kayan,google_play,نقل,التطبيق جيد لكن الأسعار مرتفعة,3,2025-09-08,الرياض,latest
Jahez,google_play,توصيل,تجربة جيدة,4,2025-09-08,جدة,latest
TheChefs,google_play,توصيل,توصيل سريع والطلب مكتمل,4,2025-09-08,المدينة المنورة,latest
Khamsat,google_play,عمل_حر,أفضل منصة عمل حر عربية,5,2025-09-08,تبوك,latest
Uber,google_play,نقل,سائق محترم وسيارة نظيفة,5,2025-09-09,الرياض,latest
Uber,google_play,نقل,التطبيق جيد لكن الأسعار مرتفعة,3,2025-09-09,الخبر,latest
Careem,google_play,نقل,الأسعار مرتفعة مقارنة بالمنافسين,2,2025-09-09,مكة المكرمة,latest
Bolt,google_play,نقل,خدمة جيدة والسائقين محترمين,4,2025-09-09,الرياض,latest
Bolt,google_play,نقل,خدمة جيدة والسائقين محترمين,4,2025-09-09,جدة,latest
Wasselni,google_play,نقل,التطبيق جيد لكن الأسعار مرتفعة,3,2025-09-09,الرياض,latest
Wasselni,google_play,نقل,الأسعار مرتفعة مقارنة بالمنافسين,2,2025-09-09,جدة,latest
HungerStation,google_play,توصيل,جودة الطعام متأثرة بالوقت,2,2025-09-09,جدة,latest
HungerStation,google_play,توصيل,التوصيل أبطأ من المعتاد,2,2025-09-09,مكة المكرمة,latest
Jahez,google_play,توصيل,تطبيق سهل وتوصيل جيد,4,2025-09-09,الرياض,latest
TheChefs,google_play,توصيل,أفضل تطبيق توصيل,5,2025-09-09,جدة,latest
ToYou,google_play,توصيل,جودة الطعام متأثرة بالوقت,2,2025-09-09,الرياض,latest
Keeta,google_play,توصيل,الطلب وصل ناقص ولا تعويض,2,2025-09-09,الطائف,latest
Mostaql,google_play,عمل_حر,منصة موثوقة جداً,5,2025-09-09,الرياض,latest
Uber,google_play,نقل,الأسعار معقولة,4,2025-09-10,الطائف,latest
Keeta,google_play,توصيل,أسوأ تجربة توصيل,1,2025-09-10,جدة,latest
Khamsat,google_play,عمل_حر,بعض العملاء غير جادين,2,2025-09-10,الدمام,latest
Khamsat,google_play,عمل_حر,فرص عمل متنوعة,4,2025-09-10,المدينة المنورة,latest
Sary,google_play,عمل_حر,منصة موثوقة جداً,5,2025-09-10,جدة,latest
Jeeny,google_play,نقل,سائق محترم وسيارة نظيفة,5,2025-09-11,مكة المكرمة,latest
Jeeny,google_play,نقل,خدمة عادية,3,2025-09-11,الرياض,latest
Wasselni,google_play,نقل,أفضل تطبيق نقل,5,2025-09-11,الرياض,latest
Wasselni,google_play,نقل,أفضل تطبيق نقل,5,2025-09-11,جدة,latest
Keeta,google_play,توصيل,تجربة مميزة جداً,5,2025-09-11,الدمام,latest
Sary,google_play,عمل_حر,أفضل منصة عمل حر عربية,5,2025-09-11,جدة,latest
Uber,google_play,نقل,التطبيق يعلق أحياناً,2,2025-09-12,الرياض,latest
Careem,google_play,نقل,نسبة التطبيق عالية جداً ما تستاهل,1,2025-09-12,الرياض,latest
Bolt,google_play,نقل,سائق محترم وسيارة نظيفة,5,2025-09-12,مكة المكرمة,latest
Wasselni,google_play,نقل,خدمة رائعة ننصح بها,5,2025-09-12,جدة,latest
Wasselni,google_play,نقل,أفضل تطبيق نقل,5,2025-09-12,جدة,latest
Jahez,google_play,توصيل,تطبيق سهل وتوصيل جيد,4,2025-09-12,جدة,latest
ToYou,google_play,توصيل,توصيل سريع والطلب مكتمل,4,2025-09-12,جدة,latest
ToYou,google_play,توصيل,التوصيل تأخر ساعتين كاملتين,1,2025-09-12,جدة,latest
Mostaql,google_play,عمل_حر,منصة جيدة وفرص كثيرة,4,2025-09-12,الرياض,latest
Khamsat,google_play,عمل_حر,أفضل منصة عمل حر عربية,5,2025-09-12,أبها,latest
Sary,google_play,عمل_حر,مقبولة للمبتدئين,3,2025-09-12,جدة,latest
Sary,google_play,عمل_حر,سهلة الاستخدام للفريلانسر,4,2025-09-12,الرياض,latest
Wasselni,google_play,نقل,خدمة جيدة والسائقين محترمين,4,2025-09-13,الرياض,latest
Wasselni,google_play,نقل,خدمة رائعة ننصح بها,5,2025-09-13,الدمام,latest
HungerStation,google_play,توصيل,أفضل تطبيق توصيل,5,2025-09-13,الرياض,latest
Mrsool,google_play,توصيل,توصيل سريع والطلب مكتمل,4,2025-09-13,الطائف,latest
Mrsool,google_play,توصيل,توصيل سريع جداً والطعام ممتاز,5,2025-09-13,الدمام,latest
ToYou,google_play,توصيل,خدمة رائعة دائماً,5,2025-09-13,الرياض,latest
Keeta,google_play,توصيل,خدمة العملاء ما تفيد أبداً,1,2025-09-13,أبها,latest
Keeta,google_play,توصيل,الطلب وصل لكن متأخر,3,2025-09-13,مكة المكرمة,latest
Jeeny,google_play,نقل,تطبيق سهل الاستخدام,4,2025-09-14,جدة,latest
TheChefs,google_play,توصيل,جودة الطعام متأثرة بالوقت,2,2025-09-14,الرياض,latest
TheChefs,google_play,توصيل,خدمة رائعة دائماً,5,2025-09-14,الرياض,latest
TheChefs,google_play,توصيل,تجربة مميزة جداً,5,2025-09-14,جدة,latest
Khamsat,google_play,عمل_حر,المنافسة كبيرة والأسعار منخفضة,2,2025-09-14,الرياض,latest
Uber,google_play,نقل,بعض السائقين غير محترفين,2,2025-09-15,الرياض,latest
ToYou,google_play,توصيل,توصيل متوسط يحتاج تحسين,3,2025-09-15,جدة,latest
Keeta,google_play,توصيل,تجربة جيدة,4,2025-09-15,تبوك,latest
Sary,google_play,عمل_حر,العمولة مرتفعة,2,2025-09-15,الرياض,latest
Jeeny,google_play,نقل,التطبيق جيد لكن الأسعار مرتفعة,3,2025-09-16,مكة المكرمة,latest
Jahez,google_play,توصيل,تجربة جيدة,4,2025-09-16,الدمام,latest
Mostaql,google_play,عمل_حر,يحتاج تحسين في الحماية,2,2025-09-16,مكة المكرمة,latest
Bolt,google_play,نقل,سائق محترم وسيارة نظيفة,5,2025-09-17,الرياض,latest
Kayan,google_play,نقل,تطبيق سهل الاستخدام,4,2025-09-17,الرياض,latest
HungerStation,google_play,توصيل,جودة الطعام متأثرة بالوقت,2,2025-09-17,الدمام,latest
Jeeny,google_play,نقل,الأسعار مبالغ فيها كثيراً,1,2025-09-18,الرياض,latest
Wasselni,google_play,نقل,نسبة التطبيق عالية جداً ما تستاهل,1,2025-09-18,الرياض,latest
Wasselni,google_play,نقل,تجربة جيدة بشكل عام,4,2025-09-18,جدة,latest
HungerStation,google_play,توصيل,تطبيق سهل وتوصيل جيد,4,2025-09-18,جدة,latest
HungerStation,google_play,توصيل,الطعام وصل طازجاً,4,2025-09-18,أبها,latest
TheChefs,google_play,توصيل,خدمة رائعة دائماً,5,2025-09-18,الدمام,latest
Careem,google_play,نقل,تطبيق سهل الاستخدام,4,2025-09-19,جدة,latest
Careem,google_play,نقل,الأسعار مبالغ فيها كثيراً,1,2025-09-19,جدة,latest
Jeeny,google_play,نقل,أفضل تطبيق نقل,5,2025-09-19,جدة,latest
Mrsool,google_play,توصيل,الطلب وصل بارداً وناقصاً,1,2025-09-19,جدة,latest
ToYou,google_play,توصيل,جودة الطعام متأثرة بالوقت,2,2025-09-19,الرياض,latest
Khamsat,google_play,عمل_حر,حصلت على عملاء ممتازين,5,2025-09-19,جدة,latest
Uber,google_play,نقل,الأسعار مبالغ فيها كثيراً,1,2025-09-20,الرياض,latest
Uber,google_play,نقل,تطبيق سهل الاستخدام,4,2025-09-20,الدمام,latest
Careem,google_play,نقل,أفضل تطبيق نقل,5,2025-09-20,الرياض,latest
Careem,google_play,نقل,أفضل تطبيق نقل,5,2025-09-20,جدة,latest
Bolt,google_play,نقل,الانتظار طويل أحياناً,2,2025-09-20,جدة,latest
Jeeny,google_play,نقل,بعض السائقين غير محترفين,2,2025-09-20,جدة,latest
HungerStation,google_play,توصيل,التوصيل أبطأ من المعتاد,2,2025-09-20,مكة المكرمة,latest
Mrsool,google_play,توصيل,التوصيل أبطأ من المعتاد,2,2025-09-20,جدة,latest
Mrsool,google_play,توصيل,الطلب وصل لكن متأخر,3,2025-09-20,الرياض,latest
Khamsat,google_play,عمل_حر,أفضل منصة عمل حر عربية,5,2025-09-20,جدة,latest
Uber,google_play,نقل,خدمة رائعة ننصح بها,5,2025-09-21,الرياض,latest
Jeeny,google_play,نقل,نسبة التطبيق عالية جداً ما تستاهل,1,2025-09-21,الدمام,latest
Kayan,google_play,نقل,تجربة جيدة بشكل عام,4,2025-09-21,جدة,latest
HungerStation,google_play,توصيل,توصيل متوسط يحتاج تحسين,3,2025-09-21,جدة,latest
Keeta,google_play,توصيل,الطلب وصل بارداً وناقصاً,1,2025-09-21,تبوك,latest
Mostaql,google_play,عمل_حر,أفضل منصة عمل حر عربية,5,2025-09-21,الرياض,latest
Khamsat,google_play,عمل_حر,منافسة غير عادلة بالأسعار,1,2025-09-21,مكة المكرمة,latest
Khamsat,google_play,عمل_حر,منصة موثوقة جداً,5,2025-09-21,الخبر,latest
Careem,google_play,نقل,تطبيق سهل الاستخدام,4,2025-09-22,جدة,latest
Jeeny,google_play,نقل,تجربة جيدة بشكل عام,4,2025-09-22,جدة,latest
HungerStation,google_play,توصيل,تطبيق سهل وتوصيل جيد,4,2025-09-22,الطائف,latest
HungerStation,google_play,توصيل,تجربة جيدة,4,2025-09-22,الدمام,latest
Mostaql,google_play,عمل_حر,تجربة جيدة بشكل عام,4,2025-09-22,مكة المكرمة,latest
Mostaql,google_play,عمل_حر,حصلت على عملاء ممتازين,5,2025-09-22,الرياض,latest
Careem,google_play,نقل,تجربة جيدة بشكل عام,4,2025-09-23,تبوك,latest
Bolt,google_play,نقل,خدمة رائعة ننصح بها,5,2025-09-23,الرياض,latest
Kayan,google_play,نقل,الأسعار معقولة,4,2025-09-23,تبوك,latest
HungerStation,google_play,توصيل,توصيل سريع والطلب مكتمل,4,2025-09-23,الدمام,latest
Mrsool,google_play,توصيل,التوصيل أبطأ من المعتاد,2,2025-09-23,الرياض,latest
Mrsool,google_play,توصيل,تجربة مميزة جداً,5,2025-09-23,الرياض,latest
TheChefs,google_play,توصيل,الطلب وصل لكن متأخر,3,2025-09-23,مكة المكرمة,latest
Keeta,google_play,توصيل,توصيل متوسط يحتاج تحسين,3,2025-09-23,الدمام,latest
Mostaql,google_play,عمل_حر,فرص عمل متنوعة,4,2025-09-23,الرياض,latest
Mostaql,google_play,عمل_حر,منصة جيدة وفرص كثيرة,4,2025-09-23,الرياض,latest
Khamsat,google_play,عمل_حر,فرص موجودة لكن المنافسة عالية,3,2025-09-23,الرياض,latest
Careem,google_play,نقل,تطبيق ممتاز وسهل الاستخدام,5,2025-09-24,مكة المكرمة,latest
Wasselni,google_play,نقل,الانتظار طويل أحياناً,2,2025-09-24,الدمام,latest
Keeta,google_play,توصيل,أسوأ تجربة توصيل,1,2025-09-24,الدمام,latest
Keeta,google_play,توصيل,تجربة جيدة,4,2025-09-24,الرياض,latest
Mostaql,google_play,عمل_حر,فرص عمل متنوعة,4,2025-09-24,الدمام,latest
Careem,google_play,نقل,خدمة عادية,3,2025-09-25,الدمام,latest
Careem,google_play,نقل,تجربة سيئة جداً لن أكرر,1,2025-09-25,الرياض,latest
Bolt,google_play,نقل,خدمة جيدة والسائقين محترمين,4,2025-09-25,جدة,latest
Jeeny,google_play,نقل,تطبيق ممتاز وسهل الاستخدام,5,2025-09-25,الرياض,latest
Kayan,google_play,نقل,تطبيق ممتاز وسهل الاستخدام,5,2025-09-25,الرياض,latest
TheChefs,google_play,توصيل,خدمة عادية,3,2025-09-25,جدة,latest
ToYou,google_play,توصيل,التوصيل أبطأ من المعتاد,2,2025-09-25,الدمام,latest
Keeta,google_play,توصيل,تجربة مميزة جداً,5,2025-09-25,جدة,latest
Mostaql,google_play,عمل_حر,أفضل منصة عمل حر عربية,5,2025-09-25,أبها,latest
Careem,google_play,نقل,خدمة رائعة ننصح بها,5,2025-09-26,الرياض,latest
Bolt,google_play,نقل,خدمة عادية,3,2025-09-26,جدة,latest
Wasselni,google_play,نقل,السائق ألغى الرحلة بدون سبب,1,2025-09-26,الخبر,latest
ToYou,google_play,توصيل,توصيل متوسط يحتاج تحسين,3,2025-09-26,مكة المكرمة,latest
ToYou,google_play,توصيل,تجربة مميزة جداً,5,2025-09-26,الرياض,latest
Keeta,google_play,توصيل,التوصيل تأخر ساعتين كاملتين,1,2025-09-26,الرياض,latest
Khamsat,google_play,عمل_حر,سهلة الاستخدام للفريلانسر,4,2025-09-26,جدة,latest
Khamsat,google_play,عمل_حر,حصلت على عملاء ممتازين,5,2025-09-26,الرياض,latest
Khamsat,google_play,عمل_حر,منصة موثوقة جداً,5,2025-09-26,الدمام,latest
Bolt,google_play,نقل,تطبيق سهل الاستخدام,4,2025-09-27,مكة المكرمة,latest
Jeeny,google_play,نقل,تطبيق ممتاز وسهل الاستخدام,5,2025-09-27,جدة,latest
ToYou,google_play,توصيل,توصيل سريع والطلب مكتمل,4,2025-09-27,جدة,latest
Sary,google_play,عمل_حر,يحتاج تحسين في الحماية,2,2025-09-27,المدينة المنورة,latest
HungerStation,google_play,توصيل,الطعام وصل طازجاً,4,2025-09-28,مكة المكرمة,latest
ToYou,google_play,توصيل,أسوأ تجربة توصيل,1,2025-09-28,الرياض,latest
Sary,google_play,عمل_حر,سهلة الاستخدام للفريلانسر,4,2025-09-28,تبوك,latest
Careem,google_play,نقل,خدمة عادية,3,2025-09-29,الدمام,latest
Careem,google_play,نقل,بعض السائقين غير محترفين,2,2025-09-29,الدمام,latest
Careem,google_play,نقل,خدمة رائعة ننصح بها,5,2025-09-29,الرياض,latest
Bolt,google_play,نقل,تطبيق ممتاز وسهل الاستخدام,5,2025-09-29,الرياض,latest
HungerStation,google_play,توصيل,التوصيل أبطأ من المعتاد,2,2025-09-29,الدمام,latest
ToYou,google_play,توصيل,الطعام وصل طازجاً,4,2025-09-29,جدة,latest
Khamsat,google_play,عمل_حر,أفضل منصة عمل حر عربية,5,2025-09-29,الدمام,latest
Bolt,google_play,نقل,خدمة جيدة والسائقين محترمين,4,2025-09-30,الرياض,latest
Jeeny,google_play,نقل,خدمة متوسطة تحتاج تحسين,3,2025-09-30,الدمام,latest
Jeeny,google_play,نقل,تطبيق ممتاز وسهل الاستخدام,5,2025-09-30,الدمام,latest
Wasselni,google_play,نقل,التطبيق جيد لكن الأسعار مرتفعة,3,2025-09-30,الرياض,latest
TheChefs,google_play,توصيل,أفضل تطبيق توصيل,5,2025-09-30,المدينة المنورة,latest
Khamsat,google_play,عمل_حر,بعض العملاء غير جادين,2,2025-09-30,جدة,latest
Khamsat,google_play,عمل_حر,المنصة لا تحمي الفريلانسر,1,2025-09-30,المدينة المنورة,latest
Wasselni,google_play,نقل,أفضل تطبيق نقل,5,2025-10-01,جدة,latest
Jahez,google_play,توصيل,خدمة رائعة دائماً,5,2025-10-01,الدمام,latest
Jahez,google_play,توصيل,توصيل سريع جداً والطعام ممتاز,5,2025-10-02,الرياض,latest
Uber,google_play,نقل,الأسعار مبالغ فيها كثيراً,1,2025-10-03,الرياض,latest
Uber,google_play,نقل,تجربة جيدة بشكل عام,4,2025-10-03,جدة,latest
Careem,google_play,نقل,مقبول لكن يمكن أفضل,3,2025-10-03,مكة المكرمة,latest
HungerStation,google_play,توصيل,خدمة العملاء ما تفيد أبداً,1,2025-10-03,مكة المكرمة,latest
TheChefs,google_play,توصيل,أفضل تطبيق توصيل,5,2025-10-03,الرياض,latest
ToYou,google_play,توصيل,جودة الطعام متأثرة بالوقت,2,2025-10-03,الطائف,latest
Keeta,google_play,توصيل,توصيل متوسط يحتاج تحسين,3,2025-10-03,الطائف,latest
Sary,google_play,عمل_حر,تجربة جيدة بشكل عام,4,2025-10-03,مكة المكرمة,latest
Sary,google_play,عمل_حر,المنافسة كبيرة والأسعار منخفضة,2,2025-10-03,الدمام,latest
Bolt,google_play,نقل,الأسعار معقولة,4,2025-10-04,جدة,latest
Bolt,google_play,نقل,أفضل تطبيق نقل,5,2025-10-04,الدمام,latest
Bolt,google_play,نقل,التطبيق يعلق أحياناً,2,2025-10-04,الرياض,latest
Jeeny,google_play,نقل,تجربة جيدة بشكل عام,4,2025-10-04,الرياض,latest
Wasselni,google_play,نقل,تطبيق سهل الاستخدام,4,2025-10-04,تبوك,latest
HungerStation,google_play,توصيل,تجربة جيدة,4,2025-10-04,مكة المكرمة,latest
Keeta,google_play,توصيل,مقبول لكن يحتاج تطوير,3,2025-10-04,جدة,latest
Careem,google_play,نقل,تطبيق ممتاز وسهل الاستخدام,5,2025-10-05,الرياض,latest
Bolt,google_play,نقل,سائق محترم وسيارة نظيفة,5,2025-10-05,الرياض,latest
TheChefs,google_play,توصيل,مقبول لكن يحتاج تطوير,3,2025-10-05,جدة,latest
Bolt,google_play,نقل,أفضل تطبيق نقل,5,2025-10-06,أبها,latest
Bolt,google_play,نقل,مقبول لكن يمكن أفضل,3,2025-10-06,جدة,latest
Jeeny,google_play,نقل,أفضل تطبيق نقل,5,2025-10-06,الرياض,latest
Jeeny,google_play,نقل,تجربة جيدة بشكل عام,4,2025-10-06,جدة,latest
Wasselni,google_play,نقل,خدمة متوسطة تحتاج تحسين,3,2025-10-06,المدينة المنورة,latest
Kayan,google_play,نقل,سائق محترم وسيارة نظيفة,5,2025-10-06,جدة,latest
ToYou,google_play,توصيل,أفضل تطبيق توصيل,5,2025-10-06,جدة,latest
Khamsat,google_play,عمل_حر,منصة موثوقة جداً,5,2025-10-06,جدة,latest
Sary,google_play,عمل_حر,فرص عمل متنوعة,4,2025-10-06,مكة المكرمة,latest
Sary,google_play,عمل_حر,المنصة لا تحمي الفريلانسر,1,2025-10-06,الدمام,latest
Wasselni,google_play,نقل,التطبيق يعلق أحياناً,2,2025-10-07,جدة,latest
ToYou,google_play,توصيل,مقبول لكن يحتاج تطوير,3,2025-10-07,مكة المكرمة,latest
Careem,google_play,نقل,الأسعار مبالغ فيها كثيراً,1,2025-10-08,الطائف,latest
Bolt,google_play,نقل,تطبيق ممتاز وسهل الاستخدام,5,2025-10-08,الرياض,latest
Jeeny,google_play,نقل,نسبة التطبيق عالية جداً ما تستاهل,1,2025-10-08,الدمام,latest
Kayan,google_play,نقل,بعض السائقين غير محترفين,2,2025-10-08,مكة المكرمة,latest
Kayan,google_play,نقل,خدمة رائعة ننصح بها,5,2025-10-08,المدينة المنورة,latest
Mrsool,google_play,توصيل,التوصيل أبطأ من المعتاد,2,2025-10-08,جدة,latest
ToYou,google_play,توصيل,أسوأ تجربة توصيل,1,2025-10-08,جدة,latest
Bolt,google_play,نقل,خدمة جيدة والسائقين محترمين,4,2025-10-09,الطائف,latest
Jeeny,google_play,نقل,تطبيق سهل الاستخدام,4,2025-10-09,جدة,latest
HungerStation,google_play,توصيل,جودة الطعام متأثرة بالوقت,2,2025-10-09,الطائف,latest
Jahez,google_play,توصيل,تجربة مميزة جداً,5,2025-10-09,جدة,latest
Jahez,google_play,توصيل,خدمة العملاء ما تفيد أبداً,1,2025-10-09,الرياض,latest
TheChefs,google_play,توصيل,توصيل سريع جداً والطعام ممتاز,5,2025-10-09,جدة,latest
Khamsat,google_play,عمل_حر,حصلت على عملاء ممتازين,5,2025-10-09,الطائف,latest
Sary,google_play,عمل_حر,الزبون ما دفع بعد تسليم العمل,1,2025-10-09,جدة,latest
Uber,google_play,نقل,أفضل تطبيق نقل,5,2025-10-10,الرياض,latest
Jahez,google_play,توصيل,تجربة جيدة,4,2025-10-10,تبوك,latest
Mrsool,google_play,توصيل,الطلب وصل ناقص ولا تعويض,2,2025-10-10,الخبر,latest
TheChefs,google_play,توصيل,الطعام وصل طازجاً,4,2025-10-10,الرياض,latest
TheChefs,google_play,توصيل,الطعام وصل طازجاً,4,2025-10-10,الرياض,latest
Mostaql,google_play,عمل_حر,منصة موثوقة جداً,5,2025-10-10,الرياض,latest
Uber,google_play,نقل,الانتظار طويل أحياناً,2,2025-10-11,الرياض,latest
Uber,google_play,نقل,نسبة التطبيق عالية جداً ما تستاهل,1,2025-10-11,مكة المكرمة,latest
Careem,google_play,نقل,أفضل تطبيق نقل,5,2025-10-11,مكة المكرمة,latest
Keeta,google_play,توصيل,أفضل تطبيق توصيل,5,2025-10-12,جدة,latest
Mostaql,google_play,عمل_حر,فرص عمل متنوعة,4,2025-10-12,مكة المكرمة,latest
Uber,google_play,نقل,الأسعار مرتفعة مقارنة بالمنافسين,2,2025-10-13,الرياض,latest
Kayan,google_play,نقل,سائق محترم وسيارة نظيفة,5,2025-10-13,الدمام,latest
Jahez,google_play,توصيل,تجربة جيدة,4,2025-10-13,الرياض,latest
Uber,google_play,نقل,تجربة سيئة جداً لن أكرر,1,2025-10-14,مكة المكرمة,latest
Careem,google_play,نقل,خدمة متوسطة تحتاج تحسين,3,2025-10-14,الرياض,latest
Careem,google_play,نقل,السائق ألغى الرحلة بدون سبب,1,2025-10-14,الرياض,latest
Bolt,google_play,نقل,خدمة رائعة ننصح بها,5,2025-10-14,الرياض,latest
Bolt,google_play,نقل,تجربة سيئة جداً لن أكرر,1,2025-10-14,مكة المكرمة,latest
Jeeny,google_play,نقل,خدمة جيدة والسائقين محترمين,4,2025-10-14,الرياض,latest
TheChefs,google_play,توصيل,توصيل متوسط يحتاج تحسين,3,2025-10-14,الرياض,latest
TheChefs,google_play,توصيل,تجربة جيدة,4,2025-10-14,الطائف,latest
Khamsat,google_play,عمل_حر,أفضل منصة عمل حر عربية,5,2025-10-14,المدينة المنورة,latest
Sary,google_play,عمل_حر,منافسة غير عادلة بالأسعار,1,2025-10-14,الرياض,latest
Jeeny,google_play,نقل,أفضل تطبيق نقل,5,2025-10-15,تبوك,latest
Kayan,google_play,نقل,نسبة التطبيق عالية جداً ما تستاهل,1,2025-10-15,الدمام,latest
HungerStation,google_play,توصيل,توصيل متوسط يحتاج تحسين,3,2025-10-15,الطائف,latest
HungerStation,google_play,توصيل,التوصيل تأخر ساعتين كاملتين,1,2025-10-15,الرياض,latest
HungerStation,google_play,توصيل,أسوأ تجربة توصيل,1,2025-10-15,المدينة المنورة,latest
Khamsat,google_play,عمل_حر,خدمة عادية,3,2025-10-15,جدة,latest
Khamsat,google_play,عمل_حر,حصلت على عملاء ممتازين,5,2025-10-15,الرياض,latest
Khamsat,google_play,عمل_حر,أفضل منصة عمل حر عربية,5,2025-10-15,مكة المكرمة,latest
Careem,google_play,نقل,أفضل تطبيق نقل,5,2025-10-16,جدة,latest
Careem,google_play,نقل,تجربة جيدة بشكل عام,4,2025-10-16,المدينة المنورة,latest
Mrsool,google_play,توصيل,أفضل تطبيق توصيل,5,2025-10-16,جدة,latest
Keeta,google_play,توصيل,توصيل سريع والطلب مكتمل,4,2025-10-16,الرياض,latest
Mostaql,google_play,عمل_حر,حصلت على عملاء ممتازين,5,2025-10-16,الرياض,latest
Khamsat,google_play,عمل_حر,تجربة رائعة ننصح بها,5,2025-10-16,الرياض,latest
Jeeny,google_play,نقل,خدمة رائعة ننصح بها,5,2025-10-17,الرياض,latest
Wasselni,google_play,نقل,سائق محترم وسيارة نظيفة,5,2025-10-17,الرياض,latest
Mostaql,google_play,عمل_حر,تجربة رائعة ننصح بها,5,2025-10-17,الرياض,latest
Bolt,google_play,نقل,تجربة سيئة جداً لن أكرر,1,2025-10-18,الرياض,latest
Jeeny,google_play,نقل,خدمة جيدة والسائقين محترمين,4,2025-10-18,المدينة المنورة,latest
Jahez,google_play,توصيل,تجربة جيدة,4,2025-10-18,جدة,latest
Mrsool,google_play,توصيل,أفضل تطبيق توصيل,5,2025-10-18,مكة المكرمة,latest
TheChefs,google_play,توصيل,توصيل سريع جداً والطعام ممتاز,5,2025-10-18,جدة,latest
ToYou,google_play,توصيل,أفضل تطبيق توصيل,5,2025-10-18,الرياض,latest
Mostaql,google_play,عمل_حر,العمولة مرتفعة,2,2025-10-18,الرياض,latest
Kayan,google_play,نقل,تطبيق سهل الاستخدام,4,2025-10-19,الرياض,latest
HungerStation,google_play,توصيل,خدمة العملاء ما تفيد أبداً,1,2025-10-19,جدة,latest
HungerStation,google_play,توصيل,خدمة رائعة دائماً,5,2025-10-19,الرياض,latest
Jahez,google_play,توصيل,تجربة جيدة,4,2025-10-19,الدمام,latest
Jahez,google_play,توصيل,تجربة جيدة,4,2025-10-19,جدة,latest
Mrsool,google_play,توصيل,أفضل تطبيق توصيل,5,2025-10-19,الدمام,latest
Mrsool,google_play,توصيل,الطلب وصل لكن متأخر,3,2025-10-19,جدة,latest
Mrsool,google_play,توصيل,الطلب وصل بارداً وناقصاً,1,2025-10-19,الدمام,latest
Bolt,google_play,نقل,الأسعار معقولة,4,2025-10-20,الرياض,latest
Mostaql,google_play,عمل_حر,منصة موثوقة جداً,5,2025-10-20,الرياض,latest
Bolt,google_play,نقل,مقبول لكن يمكن أفضل,3,2025-10-21,الدمام,latest
Kayan,google_play,نقل,خدمة متوسطة تحتاج تحسين,3,2025-10-21,الرياض,latest
Kayan,google_play,نقل,خدمة جيدة والسائقين محترمين,4,2025-10-21,الرياض,latest
Mrsool,google_play,توصيل,تطبيق سهل وتوصيل جيد,4,2025-10-21,جدة,latest
Khamsat,google_play,عمل_حر,حصلت على عملاء ممتازين,5,2025-10-21,مكة المكرمة,latest
HungerStation,google_play,توصيل,أفضل تطبيق توصيل,5,2025-10-22,جدة,latest
TheChefs,google_play,توصيل,خدمة رائعة دائماً,5,2025-10-22,الرياض,latest
TheChefs,google_play,توصيل,خدمة رائعة دائماً,5,2025-10-22,الرياض,latest
ToYou,google_play,توصيل,الطعام وصل طازجاً,4,2025-10-22,جدة,latest
Mostaql,google_play,عمل_حر,تجربة جيدة بشكل عام,4,2025-10-22,الخبر,latest
Mostaql,google_play,عمل_حر,أفضل منصة عمل حر عربية,5,2025-10-22,الرياض,latest
Careem,google_play,نقل,خدمة متوسطة تحتاج تحسين,3,2025-10-23,الرياض,latest
Jeeny,google_play,نقل,سائق محترم وسيارة نظيفة,5,2025-10-23,الرياض,latest
Jahez,google_play,توصيل,تجربة جيدة,4,2025-10-23,جدة,latest
Mrsool,google_play,توصيل,خدمة رائعة دائماً,5,2025-10-23,جدة,latest
Mrsool,google_play,توصيل,أحياناً تأخير كبير,2,2025-10-23,الرياض,latest
TheChefs,google_play,توصيل,خدمة رائعة دائماً,5,2025-10-23,الدمام,latest
ToYou,google_play,توصيل,خدمة عادية,3,2025-10-23,المدينة المنورة,latest
Keeta,google_play,توصيل,تجربة مميزة جداً,5,2025-10-23,الدمام,latest
Uber,google_play,نقل,الأسعار مرتفعة مقارنة بالمنافسين,2,2025-10-24,جدة,latest
Bolt,google_play,نقل,أفضل تطبيق نقل,5,2025-10-24,جدة,latest
HungerStation,google_play,توصيل,الطلب وصل ناقص ولا تعويض,2,2025-10-24,الرياض,latest
HungerStation,google_play,توصيل,الطلب وصل ناقص ولا تعويض,2,2025-10-24,الرياض,latest
Keeta,google_play,توصيل,الطعام وصل طازجاً,4,2025-10-24,الرياض,latest
Keeta,google_play,توصيل,توصيل سريع والطلب مكتمل,4,2025-10-24,الخبر,latest
Sary,google_play,عمل_حر,سهلة الاستخدام للفريلانسر,4,2025-10-24,الرياض,latest
Careem,google_play,نقل,تجربة جيدة بشكل عام,4,2025-10-25,جدة,latest
Wasselni,google_play,نقل,أفضل تطبيق نقل,5,2025-10-25,الرياض,latest
Jahez,google_play,توصيل,الطعام وصل طازجاً,4,2025-10-25,مكة المكرمة,latest
TheChefs,google_play,توصيل,الطلب وصل بارداً وناقصاً,1,2025-10-25,الدمام,latest
TheChefs,google_play,توصيل,مقبول لكن يحتاج تطوير,3,2025-10-25,الدمام,latest
TheChefs,google_play,توصيل,أفضل تطبيق توصيل,5,2025-10-25,الرياض,latest
ToYou,google_play,توصيل,خدمة عادية,3,2025-10-25,الدمام,latest
ToYou,google_play,توصيل,التوصيل أبطأ من المعتاد,2,2025-10-25,جدة,latest
Bolt,google_play,نقل,التطبيق جيد لكن الأسعار مرتفعة,3,2025-10-26,الدمام,latest
Wasselni,google_play,نقل,التطبيق جيد لكن الأسعار مرتفعة,3,2025-10-26,الرياض,latest
Mrsool,google_play,توصيل,أفضل تطبيق توصيل,5,2025-10-26,الدمام,latest
Mrsool,google_play,توصيل,خدمة عادية,3,2025-10-26,الدمام,latest
ToYou,google_play,توصيل,جودة الطعام متأثرة بالوقت,2,2025-10-26,جدة,latest
Khamsat,google_play,عمل_حر,منصة موثوقة جداً,5,2025-10-26,جدة,latest
Uber,google_play,نقل,سائق محترم وسيارة نظيفة,5,2025-10-27,الرياض,latest
Uber,google_play,نقل,نسبة التطبيق عالية جداً ما تستاهل,1,2025-10-27,جدة,latest
Bolt,google_play,نقل,تجربة جيدة بشكل عام,4,2025-10-27,الرياض,latest
Bolt,google_play,نقل,خدمة جيدة والسائقين محترمين,4,2025-10-27,جدة,latest
Kayan,google_play,نقل,الأسعار معقولة,4,2025-10-27,جدة,latest
TheChefs,google_play,توصيل,توصيل سريع جداً والطعام ممتاز,5,2025-10-27,مكة المكرمة,latest
Khamsat,google_play,عمل_حر,منصة جيدة وفرص كثيرة,4,2025-10-27,جدة,latest
Khamsat,google_play,عمل_حر,منصة جيدة وفرص كثيرة,4,2025-10-27,الدمام,latest
Careem,google_play,نقل,الأسعار معقولة,4,2025-10-28,الدمام,latest
Bolt,google_play,نقل,تجربة جيدة بشكل عام,4,2025-10-28,جدة,latest
HungerStation,google_play,توصيل,توصيل متوسط يحتاج تحسين,3,2025-10-28,جدة,latest
Keeta,google_play,توصيل,التوصيل أبطأ من المعتاد,2,2025-10-28,الرياض,latest
Mostaql,google_play,عمل_حر,منافسة غير عادلة بالأسعار,1,2025-10-28,الخبر,latest
Mostaql,google_play,عمل_حر,فرص عمل متنوعة,4,2025-10-28,جدة,latest
Sary,google_play,عمل_حر,العمولة مرتفعة,2,2025-10-28,جدة,latest
Sary,google_play,عمل_حر,المنافسة كبيرة والأسعار منخفضة,2,2025-10-28,أبها,latest
Careem,google_play,نقل,سائق محترم وسيارة نظيفة,5,2025-10-29,الرياض,latest
Bolt,google_play,نقل,الأسعار مرتفعة مقارنة بالمنافسين,2,2025-10-29,الدمام,latest
Kayan,google_play,نقل,تجربة جيدة بشكل عام,4,2025-10-29,الرياض,latest
TheChefs,google_play,توصيل,توصيل سريع والطلب مكتمل,4,2025-10-29,جدة,latest
ToYou,google_play,توصيل,التوصيل أبطأ من المعتاد,2,2025-10-29,الرياض,latest
Keeta,google_play,توصيل,التوصيل أبطأ من المعتاد,2,2025-10-29,الدمام,latest
Khamsat,google_play,عمل_حر,منصة موثوقة جداً,5,2025-10-29,الرياض,latest
Uber,google_play,نقل,خدمة جيدة والسائقين محترمين,4,2025-10-30,جدة,latest
Careem,google_play,نقل,نسبة التطبيق عالية جداً ما تستاهل,1,2025-10-30,المدينة المنورة,latest
Careem,google_play,نقل,تطبيق ممتاز وسهل الاستخدام,5,2025-10-30,الدمام,latest
Jeeny,google_play,نقل,تطبيق ممتاز وسهل الاستخدام,5,2025-10-30,جدة,latest
Jeeny,google_play,نقل,الانتظار طويل أحياناً,2,2025-10-30,الرياض,latest
Mrsool,google_play,توصيل,تطبيق سهل وتوصيل جيد,4,2025-10-30,الرياض,latest
Mrsool,google_play,توصيل,مقبول لكن يحتاج تطوير,3,2025-10-30,الرياض,latest
TheChefs,google_play,توصيل,تجربة جيدة,4,2025-10-30,الرياض,latest
TheChefs,google_play,توصيل,توصيل سريع جداً والطعام ممتاز,5,2025-10-30,الرياض,latest
ToYou,google_play,توصيل,خدمة العملاء ما تفيد أبداً,1,2025-10-30,المدينة المنورة,latest
Bolt,google_play,نقل,تطبيق ممتاز وسهل الاستخدام,5,2025-10-31,جدة,latest
Jahez,google_play,توصيل,توصيل سريع جداً والطعام ممتاز,5,2025-10-31,الرياض,latest
Mrsool,google_play,توصيل,الطعام وصل طازجاً,4,2025-10-31,الرياض,latest
Mrsool,google_play,توصيل,أسوأ تجربة توصيل,1,2025-10-31,الرياض,latest
TheChefs,google_play,توصيل,خدمة رائعة دائماً,5,2025-10-31,جدة,latest
ToYou,google_play,توصيل,جودة الطعام متأثرة بالوقت,2,2025-10-31,تبوك,latest
ToYou,google_play,توصيل,جودة الطعام متأثرة بالوقت,2,2025-10-31,جدة,latest
ToYou,google_play,توصيل,تجربة جيدة,4,2025-10-31,جدة,latest
Khamsat,google_play,عمل_حر,المنصة لا تحمي الفريلانسر,1,2025-10-31,الرياض,latest
Uber,google_play,نقل,سائق محترم وسيارة نظيفة,5,2025-11-01,المدينة المنورة,latest
Uber,google_play,نقل,أفضل تطبيق نقل,5,2025-11-01,مكة المكرمة,latest
Careem,google_play,نقل,بعض السائقين غير محترفين,2,2025-11-01,المدينة المنورة,latest
Kayan,google_play,نقل,تطبيق ممتاز وسهل الاستخدام,5,2025-11-01,الرياض,latest
Uber,google_play,نقل,نسبة التطبيق عالية جداً ما تستاهل,1,2025-11-02,الرياض,latest
Careem,google_play,نقل,أفضل تطبيق نقل,5,2025-11-02,الرياض,latest
Careem,google_play,نقل,تجربة سيئة جداً لن أكرر,1,2025-11-02,الرياض,latest
Bolt,google_play,نقل,الأسعار مرتفعة مقارنة بالمنافسين,2,2025-11-02,المدينة المنورة,latest
Jeeny,google_play,نقل,سائق محترم وسيارة نظيفة,5,2025-11-02,جدة,latest
HungerStation,google_play,توصيل,الطعام وصل طازجاً,4,2025-11-02,الرياض,latest
ToYou,google_play,توصيل,الطلب وصل ناقص ولا تعويض,2,2025-11-02,الدمام,latest
ToYou,google_play,توصيل,تجربة جيدة,4,2025-11-02,جدة,latest
ToYou,google_play,توصيل,تجربة جيدة,4,2025-11-02,جدة,latest
Khamsat,google_play,عمل_حر,فرص عمل متنوعة,4,2025-11-02,الرياض,latest
Khamsat,google_play,عمل_حر,خدمة عادية,3,2025-11-02,المدينة المنورة,latest
HungerStation,google_play,توصيل,خدمة عادية,3,2025-11-03,الرياض,latest
TheChefs,google_play,توصيل,توصيل سريع جداً والطعام ممتاز,5,2025-11-03,الرياض,latest
TheChefs,google_play,توصيل,توصيل سريع والطلب مكتمل,4,2025-11-03,الرياض,latest
TheChefs,google_play,توصيل,توصيل سريع جداً والطعام ممتاز,5,2025-11-04,مكة المكرمة,latest
ToYou,google_play,توصيل,التوصيل تأخر ساعتين كاملتين,1,2025-11-04,جدة,latest
Jeeny,google_play,نقل,تطبيق ممتاز وسهل الاستخدام,5,2025-11-05,المدينة المنورة,latest
HungerStation,google_play,توصيل,خدمة رائعة دائماً,5,2025-11-05,جدة,latest
Mrsool,google_play,توصيل,الطلب وصل ناقص ولا تعويض,2,2025-11-05,مكة المكرمة,latest
TheChefs,google_play,توصيل,أفضل تطبيق توصيل,5,2025-11-05,الدمام,latest
Sary,google_play,عمل_حر,منصة جيدة وفرص كثيرة,4,2025-11-05,الرياض,latest
Careem,google_play,نقل,خدمة جيدة والسائقين محترمين,4,2025-11-06,الطائف,latest
Bolt,google_play,نقل,الأسعار مرتفعة مقارنة بالمنافسين,2,2025-11-06,الرياض,latest
Bolt,google_play,نقل,خدمة متوسطة تحتاج تحسين,3,2025-11-06,تبوك,latest
Bolt,google_play,نقل,تطبيق ممتاز وسهل الاستخدام,5,2025-11-06,الرياض,latest
Mrsool,google_play,توصيل,توصيل سريع جداً والطعام ممتاز,5,2025-11-06,الرياض,latest
ToYou,google_play,توصيل,توصيل سريع جداً والطعام ممتاز,5,2025-11-06,تبوك,latest
Khamsat,google_play,عمل_حر,حصلت على عملاء ممتازين,5,2025-11-06,مكة المكرمة,latest
Bolt,google_play,نقل,بعض السائقين غير محترفين,2,2025-11-07,الخبر,latest
Bolt,google_play,نقل,أفضل تطبيق نقل,5,2025-11-07,الدمام,latest
Mrsool,google_play,توصيل,تجربة مميزة جداً,5,2025-11-07,جدة,latest
ToYou,google_play,توصيل,تطبيق سهل وتوصيل جيد,4,2025-11-07,الرياض,latest
Mostaql,google_play,عمل_حر,تجربة جيدة بشكل عام,4,2025-11-07,الرياض,latest
Sary,google_play,عمل_حر,تجربة سيئة,1,2025-11-07,جدة,latest
Jahez,google_play,توصيل,تجربة مميزة جداً,5,2025-11-08,جدة,latest
TheChefs,google_play,توصيل,توصيل سريع والطلب مكتمل,4,2025-11-08,الرياض,latest
ToYou,google_play,توصيل,توصيل سريع جداً والطعام ممتاز,5,2025-11-08,الرياض,latest
Keeta,google_play,توصيل,الطلب وصل ناقص ولا تعويض,2,2025-11-08,الرياض,latest
Keeta,google_play,توصيل,الطلب وصل ناقص ولا تعويض,2,2025-11-08,الدمام,latest
Bolt,google_play,نقل,مقبول لكن يمكن أفضل,3,2025-11-09,جدة,latest
Bolt,google_play,نقل,تجربة جيدة بشكل عام,4,2025-11-09,مكة المكرمة,latest
HungerStation,google_play,توصيل,الطعام وصل طازجاً,4,2025-11-09,مكة المكرمة,latest
TheChefs,google_play,توصيل,أفضل تطبيق توصيل,5,2025-11-09,مكة المكرمة,latest
TheChefs,google_play,توصيل,الطلب وصل ناقص ولا تعويض,2,2025-11-09,المدينة المنورة,latest
Keeta,google_play,توصيل,أفضل تطبيق توصيل,5,2025-11-09,الدمام,latest
Sary,google_play,عمل_حر,منافسة غير عادلة بالأسعار,1,2025-11-09,الرياض,latest
Jeeny,google_play,نقل,خدمة عادية,3,2025-11-10,مكة المكرمة,latest
Wasselni,google_play,نقل,تجربة سيئة جداً لن أكرر,1,2025-11-10,الرياض,latest
Mostaql,google_play,عمل_حر,حصلت على عملاء ممتازين,5,2025-11-10,المدينة المنورة,latest
Mostaql,google_play,عمل_حر,تجربة رائعة ننصح بها,5,2025-11-10,الدمام,latest
Khamsat,google_play,عمل_حر,تجربة رائعة ننصح بها,5,2025-11-10,الرياض,latest
Uber,google_play,نقل,خدمة متوسطة تحتاج تحسين,3,2025-11-11,مكة المكرمة,latest
Uber,google_play,نقل,التطبيق جيد لكن الأسعار مرتفعة,3,2025-11-11,الدمام,latest
Uber,google_play,نقل,خدمة متوسطة تحتاج تحسين,3,2025-11-11,جدة,latest
Wasselni,google_play,نقل,مقبول لكن يمكن أفضل,3,2025-11-11,الدمام,latest
TheChefs,google_play,توصيل,خدمة رائعة دائماً,5,2025-11-11,الرياض,latest
ToYou,google_play,توصيل,توصيل سريع جداً والطعام ممتاز,5,2025-11-11,الرياض,latest
Khamsat,google_play,عمل_حر,فرص موجودة لكن المنافسة عالية,3,2025-11-11,المدينة المنورة,latest
Sary,google_play,عمل_حر,فرص عمل متنوعة,4,2025-11-11,الرياض,latest
Uber,google_play,نقل,أفضل تطبيق نقل,5,2025-11-12,مكة المكرمة,latest
Careem,google_play,نقل,أفضل تطبيق نقل,5,2025-11-12,مكة المكرمة,latest
Kayan,google_play,نقل,تجربة سيئة جداً لن أكرر,1,2025-11-12,جدة,latest
Kayan,google_play,نقل,خدمة رائعة ننصح بها,5,2025-11-12,الرياض,latest
Jahez,google_play,توصيل,تطبيق سهل وتوصيل جيد,4,2025-11-12,الرياض,latest
ToYou,google_play,توصيل,توصيل سريع والطلب مكتمل,4,2025-11-12,الرياض,latest
ToYou,google_play,توصيل,الطلب وصل بارداً وناقصاً,1,2025-11-12,الرياض,latest
ToYou,google_play,توصيل,التوصيل تأخر ساعتين كاملتين,1,2025-11-12,جدة,latest
Sary,google_play,عمل_حر,خدمة عادية,3,2025-11-12,الرياض,latest
Uber,google_play,نقل,السائق ألغى الرحلة بدون سبب,1,2025-11-13,الرياض,latest
Uber,google_play,نقل,الأسعار معقولة,4,2025-11-13,جدة,latest
Jeeny,google_play,نقل,تطبيق سهل الاستخدام,4,2025-11-13,الرياض,latest
Jeeny,google_play,نقل,مقبول لكن يمكن أفضل,3,2025-11-13,الرياض,latest
Wasselni,google_play,نقل,التطبيق يعلق أحياناً,2,2025-11-13,الرياض,latest
Kayan,google_play,نقل,السائق ألغى الرحلة بدون سبب,1,2025-11-13,الرياض,latest
Keeta,google_play,توصيل,تجربة مميزة جداً,5,2025-11-13,المدينة المنورة,latest
Mostaql,google_play,عمل_حر,حصلت على عملاء ممتازين,5,2025-11-13,مكة المكرمة,latest
Sary,google_play,عمل_حر,بعض العملاء غير جادين,2,2025-11-13,الدمام,latest
Uber,google_play,نقل,خدمة متوسطة تحتاج تحسين,3,2025-11-14,جدة,latest
Careem,google_play,نقل,تجربة جيدة بشكل عام,4,2025-11-14,جدة,latest
Careem,google_play,نقل,الأسعار معقولة,4,2025-11-14,المدينة المنورة,latest
Bolt,google_play,نقل,الأسعار مبالغ فيها كثيراً,1,2025-11-14,الدمام,latest
Wasselni,google_play,نقل,التطبيق جيد لكن الأسعار مرتفعة,3,2025-11-14,الرياض,latest
ToYou,google_play,توصيل,الطعام وصل طازجاً,4,2025-11-14,الرياض,latest
Keeta,google_play,توصيل,تطبيق سهل وتوصيل جيد,4,2025-11-14,جدة,latest
Sary,google_play,عمل_حر,منصة جيدة وفرص كثيرة,4,2025-11-14,الرياض,latest
Jeeny,google_play,نقل,خدمة جيدة والسائقين محترمين,4,2025-11-15,الرياض,latest
Mrsool,google_play,توصيل,مقبول لكن يحتاج تطوير,3,2025-11-15,الدمام,latest
TheChefs,google_play,توصيل,خدمة عادية,3,2025-11-15,جدة,latest
Sary,google_play,عمل_حر,أفضل منصة عمل حر عربية,5,2025-11-15,المدينة المنورة,latest
Wasselni,google_play,نقل,تجربة جيدة بشكل عام,4,2025-11-16,الدمام,latest
Kayan,google_play,نقل,تطبيق ممتاز وسهل الاستخدام,5,2025-11-16,الخبر,latest
Mostaql,google_play,عمل_حر,منصة موثوقة جداً,5,2025-11-16,الرياض,latest
Khamsat,google_play,عمل_حر,منصة موثوقة جداً,5,2025-11-16,الدمام,latest
Sary,google_play,عمل_حر,سهلة الاستخدام للفريلانسر,4,2025-11-16,الطائف,latest
Sary,google_play,عمل_حر,مقبولة للمبتدئين,3,2025-11-16,جدة,latest
Wasselni,google_play,نقل,خدمة متوسطة تحتاج تحسين,3,2025-11-17,تبوك,latest
Keeta,google_play,توصيل,أسوأ تجربة توصيل,1,2025-11-17,الرياض,latest
Khamsat,google_play,عمل_حر,منصة موثوقة جداً,5,2025-11-17,أبها,latest
Sary,google_play,عمل_حر,منصة موثوقة جداً,5,2025-11-17,الرياض,latest
Uber,google_play,نقل,تجربة سيئة جداً لن أكرر,1,2025-11-18,الرياض,latest
Careem,google_play,نقل,تجربة سيئة جداً لن أكرر,1,2025-11-18,الرياض,latest
Kayan,google_play,نقل,خدمة جيدة والسائقين محترمين,4,2025-11-18,الرياض,latest
HungerStation,google_play,توصيل,أحياناً تأخير كبير,2,2025-11-18,الرياض,latest
TheChefs,google_play,توصيل,التوصيل أبطأ من المعتاد,2,2025-11-18,مكة المكرمة,latest
TheChefs,google_play,توصيل,توصيل سريع جداً والطعام ممتاز,5,2025-11-18,الرياض,latest
Keeta,google_play,توصيل,الطعام وصل طازجاً,4,2025-11-18,جدة,latest
Keeta,google_play,توصيل,تطبيق سهل وتوصيل جيد,4,2025-11-18,الرياض,latest
Uber,google_play,نقل,تجربة جيدة بشكل عام,4,2025-11-19,الرياض,latest
HungerStation,google_play,توصيل,أفضل تطبيق توصيل,5,2025-11-19,جدة,latest
HungerStation,google_play,توصيل,التوصيل تأخر ساعتين كاملتين,1,2025-11-19,الرياض,latest
Jahez,google_play,توصيل,خدمة عادية,3,2025-11-19,الرياض,latest
Mrsool,google_play,توصيل,الطعام وصل طازجاً,4,2025-11-19,الرياض,latest
Keeta,google_play,توصيل,جودة الطعام متأثرة بالوقت,2,2025-11-19,الرياض,latest
Mostaql,google_play,عمل_حر,يحتاج تحسين في الحماية,2,2025-11-19,الدمام,latest
Mostaql,google_play,عمل_حر,المنافسة كبيرة والأسعار منخفضة,2,2025-11-19,الخبر,latest
Bolt,google_play,نقل,التطبيق جيد لكن الأسعار مرتفعة,3,2025-11-20,الدمام,latest
ToYou,google_play,توصيل,أحياناً تأخير كبير,2,2025-11-20,الرياض,latest
ToYou,google_play,توصيل,توصيل سريع والطلب مكتمل,4,2025-11-20,جدة,latest
Keeta,google_play,توصيل,الطعام وصل طازجاً,4,2025-11-20,الرياض,latest
Keeta,google_play,توصيل,أسوأ تجربة توصيل,1,2025-11-20,الرياض,latest
Wasselni,google_play,نقل,خدمة جيدة والسائقين محترمين,4,2025-11-21,الخبر,latest
Kayan,google_play,نقل,تطبيق ممتاز وسهل الاستخدام,5,2025-11-21,الرياض,latest
Kayan,google_play,نقل,خدمة جيدة والسائقين محترمين,4,2025-11-21,الدمام,latest
Jahez,google_play,توصيل,تطبيق سهل وتوصيل جيد,4,2025-11-21,الرياض,latest
ToYou,google_play,توصيل,خدمة العملاء ما تفيد أبداً,1,2025-11-21,مكة المكرمة,latest
Careem,google_play,نقل,التطبيق جيد لكن الأسعار مرتفعة,3,2025-11-22,مكة المكرمة,latest
Bolt,google_play,نقل,الانتظار طويل أحياناً,2,2025-11-22,الرياض,latest
Jahez,google_play,توصيل,الطعام وصل طازجاً,4,2025-11-22,الرياض,latest
TheChefs,google_play,توصيل,توصيل سريع والطلب مكتمل,4,2025-11-22,الرياض,latest
ToYou,google_play,توصيل,تطبيق سهل وتوصيل جيد,4,2025-11-22,الدمام,latest
Wasselni,google_play,نقل,خدمة متوسطة تحتاج تحسين,3,2025-11-23,مكة المكرمة,latest
TheChefs,google_play,توصيل,خدمة رائعة دائماً,5,2025-11-23,مكة المكرمة,latest
Keeta,google_play,توصيل,توصيل متوسط يحتاج تحسين,3,2025-11-23,المدينة المنورة,latest
Keeta,google_play,توصيل,أسوأ تجربة توصيل,1,2025-11-23,الرياض,latest
Sary,google_play,عمل_حر,منافسة غير عادلة بالأسعار,1,2025-11-23,الرياض,latest
Bolt,google_play,نقل,خدمة رائعة ننصح بها,5,2025-11-24,الدمام,latest
HungerStation,google_play,توصيل,الطلب وصل بارداً وناقصاً,1,2025-11-24,جدة,latest
ToYou,google_play,توصيل,خدمة العملاء ما تفيد أبداً,1,2025-11-24,الرياض,latest
Khamsat,google_play,عمل_حر,منصة موثوقة جداً,5,2025-11-24,الدمام,latest
Sary,google_play,عمل_حر,تجربة جيدة بشكل عام,4,2025-11-24,تبوك,latest
Bolt,google_play,نقل,خدمة رائعة ننصح بها,5,2025-11-25,الرياض,latest
HungerStation,google_play,توصيل,أسوأ تجربة توصيل,1,2025-11-25,الرياض,latest
HungerStation,google_play,توصيل,الطلب وصل بارداً وناقصاً,1,2025-11-25,جدة,latest
TheChefs,google_play,توصيل,توصيل سريع جداً والطعام ممتاز,5,2025-11-25,مكة المكرمة,latest
ToYou,google_play,توصيل,الطلب وصل بارداً وناقصاً,1,2025-11-25,جدة,latest
Mostaql,google_play,عمل_حر,خدمة عادية,3,2025-11-25,المدينة المنورة,latest
Khamsat,google_play,عمل_حر,منافسة غير عادلة بالأسعار,1,2025-11-25,الرياض,latest
Uber,google_play,نقل,تطبيق ممتاز وسهل الاستخدام,5,2025-11-26,الرياض,latest
Bolt,google_play,نقل,خدمة جيدة والسائقين محترمين,4,2025-11-26,تبوك,latest
Jeeny,google_play,نقل,التطبيق يعلق أحياناً,2,2025-11-26,الدمام,latest
Wasselni,google_play,نقل,التطبيق يعلق أحياناً,2,2025-11-26,جدة,latest
Kayan,google_play,نقل,خدمة رائعة ننصح بها,5,2025-11-26,الرياض,latest
HungerStation,google_play,توصيل,خدمة عادية,3,2025-11-26,جدة,latest
Keeta,google_play,توصيل,الطلب وصل بارداً وناقصاً,1,2025-11-26,جدة,latest
Mostaql,google_play,عمل_حر,تجربة رائعة ننصح بها,5,2025-11-26,الرياض,latest
Khamsat,google_play,عمل_حر,منصة موثوقة جداً,5,2025-11-26,جدة,latest
Sary,google_play,عمل_حر,سهلة الاستخدام للفريلانسر,4,2025-11-26,الطائف,latest
Jahez,google_play,توصيل,خدمة عادية,3,2025-11-27,الدمام,latest
ToYou,google_play,توصيل,الطعام وصل طازجاً,4,2025-11-27,الرياض,latest
Mostaql,google_play,عمل_حر,حصلت على عملاء ممتازين,5,2025-11-27,الرياض,latest
Khamsat,google_play,عمل_حر,أفضل منصة عمل حر عربية,5,2025-11-27,الرياض,latest
Sary,google_play,عمل_حر,حصلت على عملاء ممتازين,5,2025-11-27,الدمام,latest
Sary,google_play,عمل_حر,أفضل منصة عمل حر عربية,5,2025-11-27,الرياض,latest
Uber,google_play,نقل,خدمة عادية,3,2025-11-28,الرياض,latest
Careem,google_play,نقل,التطبيق جيد لكن الأسعار مرتفعة,3,2025-11-28,جدة,latest
Jeeny,google_play,نقل,الأسعار معقولة,4,2025-11-28,جدة,latest
Mrsool,google_play,توصيل,تجربة مميزة جداً,5,2025-11-28,جدة,latest
Mostaql,google_play,عمل_حر,أفضل منصة عمل حر عربية,5,2025-11-28,الرياض,latest
Uber,google_play,نقل,خدمة متوسطة تحتاج تحسين,3,2025-11-29,الرياض,latest
Careem,google_play,نقل,سائق محترم وسيارة نظيفة,5,2025-11-29,جدة,latest
Jeeny,google_play,نقل,تطبيق سهل الاستخدام,4,2025-11-29,الطائف,latest
Wasselni,google_play,نقل,تجربة جيدة بشكل عام,4,2025-11-29,جدة,latest
Careem,google_play,نقل,تطبيق سهل الاستخدام,4,2025-11-30,جدة,latest
Kayan,google_play,نقل,أفضل تطبيق نقل,5,2025-11-30,جدة,latest
Khamsat,google_play,عمل_حر,حصلت على عملاء ممتازين,5,2025-11-30,الرياض,latest
Sary,google_play,عمل_حر,المنصة لا تحمي الفريلانسر,1,2025-11-30,جدة,latest
Bolt,google_play,نقل,خدمة عادية,3,2025-12-01,الرياض,latest
Jeeny,google_play,نقل,الأسعار معقولة,4,2025-12-01,جدة,latest
Jeeny,google_play,نقل,التطبيق جيد لكن الأسعار مرتفعة,3,2025-12-01,الرياض,latest
Jahez,google_play,توصيل,توصيل سريع جداً والطعام ممتاز,5,2025-12-01,الرياض,latest
ToYou,google_play,توصيل,توصيل متوسط يحتاج تحسين,3,2025-12-01,الدمام,latest
Khamsat,google_play,عمل_حر,منصة جيدة وفرص كثيرة,4,2025-12-01,الرياض,latest
Uber,google_play,نقل,أفضل تطبيق نقل,5,2025-12-02,الرياض,latest
Careem,google_play,نقل,تطبيق ممتاز وسهل الاستخدام,5,2025-12-02,جدة,latest
Bolt,google_play,نقل,تطبيق ممتاز وسهل الاستخدام,5,2025-12-02,مكة المكرمة,latest
TheChefs,google_play,توصيل,خدمة رائعة دائماً,5,2025-12-02,الدمام,latest
Keeta,google_play,توصيل,خدمة عادية,3,2025-12-02,المدينة المنورة,latest
Uber,google_play,نقل,سائق محترم وسيارة نظيفة,5,2025-12-03,الدمام,latest
Careem,google_play,نقل,السائق ألغى الرحلة بدون سبب,1,2025-12-03,الخبر,latest
Kayan,google_play,نقل,خدمة جيدة والسائقين محترمين,4,2025-12-03,جدة,latest
Jahez,google_play,توصيل,تجربة مميزة جداً,5,2025-12-03,جدة,latest
TheChefs,google_play,توصيل,توصيل سريع جداً والطعام ممتاز,5,2025-12-03,الرياض,latest
ToYou,google_play,توصيل,خدمة العملاء ما تفيد أبداً,1,2025-12-03,الدمام,latest
Keeta,google_play,توصيل,أفضل تطبيق توصيل,5,2025-12-03,أبها,latest
Keeta,google_play,توصيل,الطلب وصل ناقص ولا تعويض,2,2025-12-03,الرياض,latest
Careem,google_play,نقل,تطبيق سهل الاستخدام,4,2025-12-04,الرياض,latest
Jahez,google_play,توصيل,أحياناً تأخير كبير,2,2025-12-04,الرياض,latest
Mostaql,google_play,عمل_حر,المنافسة كبيرة والأسعار منخفضة,2,2025-12-04,الرياض,latest
Khamsat,google_play,عمل_حر,منصة جيدة وفرص كثيرة,4,2025-12-04,الرياض,latest
Khamsat,google_play,عمل_حر,منصة موثوقة جداً,5,2025-12-04,الدمام,latest
Uber,google_play,نقل,السائق ألغى الرحلة بدون سبب,1,2025-12-05,جدة,latest
Careem,google_play,نقل,التطبيق يعلق أحياناً,2,2025-12-05,الرياض,latest
Jeeny,google_play,نقل,سائق محترم وسيارة نظيفة,5,2025-12-05,مكة المكرمة,latest
Mrsool,google_play,توصيل,تجربة جيدة,4,2025-12-05,الدمام,latest
Sary,google_play,عمل_حر,منصة موثوقة جداً,5,2025-12-05,الرياض,latest
Careem,google_play,نقل,خدمة رائعة ننصح بها,5,2025-12-06,الدمام,latest
Jeeny,google_play,نقل,الأسعار معقولة,4,2025-12-06,الرياض,latest
Jahez,google_play,توصيل,تجربة مميزة جداً,5,2025-12-06,مكة المكرمة,latest
Careem,google_play,نقل,خدمة عادية,3,2025-12-07,جدة,latest
Jahez,google_play,توصيل,الطعام وصل طازجاً,4,2025-12-07,مكة المكرمة,latest
Mrsool,google_play,توصيل,توصيل سريع جداً والطعام ممتاز,5,2025-12-07,الدمام,latest
ToYou,google_play,توصيل,أحياناً تأخير كبير,2,2025-12-07,جدة,latest
Mostaql,google_play,عمل_حر,أفضل منصة عمل حر عربية,5,2025-12-07,الرياض,latest
Khamsat,google_play,عمل_حر,حصلت على عملاء ممتازين,5,2025-12-07,الرياض,latest
Bolt,google_play,نقل,الأسعار معقولة,4,2025-12-08,تبوك,latest
TheChefs,google_play,توصيل,توصيل سريع والطلب مكتمل,4,2025-12-08,الرياض,latest
ToYou,google_play,توصيل,خدمة رائعة دائماً,5,2025-12-08,الرياض,latest
Mostaql,google_play,عمل_حر,منصة موثوقة جداً,5,2025-12-08,الطائف,latest
Sary,google_play,عمل_حر,أفضل منصة عمل حر عربية,5,2025-12-08,الدمام,latest
Careem,google_play,نقل,الأسعار معقولة,4,2025-12-09,المدينة المنورة,latest
Jeeny,google_play,نقل,خدمة جيدة والسائقين محترمين,4,2025-12-09,المدينة المنورة,latest
HungerStation,google_play,توصيل,خدمة رائعة دائماً,5,2025-12-09,المدينة المنورة,latest
HungerStation,google_play,توصيل,مقبول لكن يحتاج تطوير,3,2025-12-09,الخبر,latest
TheChefs,google_play,توصيل,تجربة جيدة,4,2025-12-09,الرياض,latest
Keeta,google_play,توصيل,خدمة العملاء ما تفيد أبداً,1,2025-12-09,جدة,latest
Khamsat,google_play,عمل_حر,تجربة رائعة ننصح بها,5,2025-12-09,الرياض,latest
Careem,google_play,نقل,أفضل تطبيق نقل,5,2025-12-10,الدمام,latest
Jeeny,google_play,نقل,خدمة جيدة والسائقين محترمين,4,2025-12-10,الدمام,latest
Kayan,google_play,نقل,أفضل تطبيق نقل,5,2025-12-10,الدمام,latest
HungerStation,google_play,توصيل,خدمة العملاء ما تفيد أبداً,1,2025-12-10,الخبر,latest
HungerStation,google_play,توصيل,أحياناً تأخير كبير,2,2025-12-10,الدمام,latest
Jahez,google_play,توصيل,التوصيل تأخر ساعتين كاملتين,1,2025-12-10,الدمام,latest
Wasselni,google_play,نقل,أفضل تطبيق نقل,5,2025-12-11,جدة,latest
Jahez,google_play,توصيل,تجربة مميزة جداً,5,2025-12-11,الرياض,latest
ToYou,google_play,توصيل,توصيل متوسط يحتاج تحسين,3,2025-12-11,جدة,latest
Khamsat,google_play,عمل_حر,مقبولة للمبتدئين,3,2025-12-11,الرياض,latest
Sary,google_play,عمل_حر,مقبولة للمبتدئين,3,2025-12-11,الرياض,latest
Sary,google_play,عمل_حر,تجربة رائعة ننصح بها,5,2025-12-11,الدمام,latest
Sary,google_play,عمل_حر,حصلت على عملاء ممتازين,5,2025-12-11,الرياض,latest
Sary,google_play,عمل_حر,المنافسة كبيرة والأسعار منخفضة,2,2025-12-12,جدة,latest
Uber,google_play,نقل,التطبيق يعلق أحياناً,2,2025-12-13,تبوك,latest
Bolt,google_play,نقل,خدمة جيدة والسائقين محترمين,4,2025-12-13,مكة المكرمة,latest
Wasselni,google_play,نقل,نسبة التطبيق عالية جداً ما تستاهل,1,2025-12-13,الرياض,latest
Sary,google_play,عمل_حر,فرص عمل متنوعة,4,2025-12-13,جدة,latest
Sary,google_play,عمل_حر,بعض العملاء غير جادين,2,2025-12-13,تبوك,latest
Uber,google_play,نقل,السائق ألغى الرحلة بدون سبب,1,2025-12-14,جدة,latest
Wasselni,google_play,نقل,التطبيق جيد لكن الأسعار مرتفعة,3,2025-12-14,الدمام,latest
TheChefs,google_play,توصيل,تطبيق سهل وتوصيل جيد,4,2025-12-14,مكة المكرمة,latest
Mostaql,google_play,عمل_حر,تجربة جيدة بشكل عام,4,2025-12-14,الرياض,latest
Sary,google_play,عمل_حر,خدمة عادية,3,2025-12-14,الرياض,latest
Careem,google_play,نقل,مقبول لكن يمكن أفضل,3,2025-12-15,جدة,latest
Careem,google_play,نقل,نسبة التطبيق عالية جداً ما تستاهل,1,2025-12-15,الدمام,latest
Kayan,google_play,نقل,خدمة عادية,3,2025-12-15,الخبر,latest
HungerStation,google_play,توصيل,خدمة رائعة دائماً,5,2025-12-15,الخبر,latest
Mrsool,google_play,توصيل,خدمة رائعة دائماً,5,2025-12-15,الرياض,latest
TheChefs,google_play,توصيل,الطعام وصل طازجاً,4,2025-12-15,مكة المكرمة,latest
Khamsat,google_play,عمل_حر,منصة جيدة وفرص كثيرة,4,2025-12-15,الرياض,latest
Uber,google_play,نقل,تطبيق ممتاز وسهل الاستخدام,5,2025-12-16,الدمام,latest
Uber,google_play,نقل,التطبيق يعلق أحياناً,2,2025-12-16,جدة,latest
Jeeny,google_play,نقل,خدمة رائعة ننصح بها,5,2025-12-16,جدة,latest
HungerStation,google_play,توصيل,تطبيق سهل وتوصيل جيد,4,2025-12-16,الدمام,latest
ToYou,google_play,توصيل,توصيل متوسط يحتاج تحسين,3,2025-12-16,الرياض,latest
Keeta,google_play,توصيل,أفضل تطبيق توصيل,5,2025-12-16,جدة,latest
Mostaql,google_play,عمل_حر,سهلة الاستخدام للفريلانسر,4,2025-12-16,الرياض,latest
Sary,google_play,عمل_حر,حصلت على عملاء ممتازين,5,2025-12-16,الرياض,latest
Careem,google_play,نقل,خدمة رائعة ننصح بها,5,2025-12-17,الدمام,latest
Wasselni,google_play,نقل,تجربة جيدة بشكل عام,4,2025-12-17,جدة,latest
Mrsool,google_play,توصيل,توصيل سريع جداً والطعام ممتاز,5,2025-12-17,الدمام,latest
Keeta,google_play,توصيل,أسوأ تجربة توصيل,1,2025-12-17,الرياض,latest
Sary,google_play,عمل_حر,أفضل منصة عمل حر عربية,5,2025-12-17,تبوك,latest
Careem,google_play,نقل,سائق محترم وسيارة نظيفة,5,2025-12-18,الرياض,latest
Jeeny,google_play,نقل,بعض السائقين غير محترفين,2,2025-12-18,الدمام,latest
Kayan,google_play,نقل,التطبيق يعلق أحياناً,2,2025-12-18,الرياض,latest
Jahez,google_play,توصيل,أفضل تطبيق توصيل,5,2025-12-18,الرياض,latest
ToYou,google_play,توصيل,تجربة جيدة,4,2025-12-18,الرياض,latest
Keeta,google_play,توصيل,تطبيق سهل وتوصيل جيد,4,2025-12-18,الخبر,latest
Khamsat,google_play,عمل_حر,سهلة الاستخدام للفريلانسر,4,2025-12-18,الرياض,latest
Uber,google_play,نقل,خدمة رائعة ننصح بها,5,2025-12-19,الدمام,latest
Bolt,google_play,نقل,تطبيق سهل الاستخدام,4,2025-12-19,الرياض,latest
Bolt,google_play,نقل,تجربة جيدة بشكل عام,4,2025-12-19,جدة,latest
ToYou,google_play,توصيل,تجربة جيدة,4,2025-12-19,الرياض,latest
ToYou,google_play,توصيل,توصيل سريع والطلب مكتمل,4,2025-12-19,جدة,latest
Khamsat,google_play,عمل_حر,أفضل منصة عمل حر عربية,5,2025-12-19,تبوك,latest
TheChefs,google_play,توصيل,جودة الطعام متأثرة بالوقت,2,2025-12-20,جدة,latest
ToYou,google_play,توصيل,توصيل سريع جداً والطعام ممتاز,5,2025-12-20,الرياض,latest
ToYou,google_play,توصيل,تجربة مميزة جداً,5,2025-12-20,الرياض,latest
Keeta,google_play,توصيل,الطعام وصل طازجاً,4,2025-12-20,الرياض,latest
Mostaql,google_play,عمل_حر,فرص موجودة لكن المنافسة عالية,3,2025-12-20,جدة,latest
Khamsat,google_play,عمل_حر,منصة موثوقة جداً,5,2025-12-20,الرياض,latest
Careem,google_play,نقل,سائق محترم وسيارة نظيفة,5,2025-12-21,المدينة المنورة,latest
Bolt,google_play,نقل,سائق محترم وسيارة نظيفة,5,2025-12-21,مكة المكرمة,latest
Bolt,google_play,نقل,الأسعار مبالغ فيها كثيراً,1,2025-12-21,الخبر,latest
Wasselni,google_play,نقل,الأسعار مبالغ فيها كثيراً,1,2025-12-21,الرياض,latest
Kayan,google_play,نقل,التطبيق جيد لكن الأسعار مرتفعة,3,2025-12-21,المدينة المنورة,latest
Kayan,google_play,نقل,بعض السائقين غير محترفين,2,2025-12-21,الرياض,latest
Jahez,google_play,توصيل,تطبيق سهل وتوصيل جيد,4,2025-12-21,الرياض,latest
TheChefs,google_play,توصيل,تطبيق سهل وتوصيل جيد,4,2025-12-21,الدمام,latest
ToYou,google_play,توصيل,تطبيق سهل وتوصيل جيد,4,2025-12-21,جدة,latest
ToYou,google_play,توصيل,تجربة جيدة,4,2025-12-21,الرياض,latest
Khamsat,google_play,عمل_حر,المنصة لا تحمي الفريلانسر,1,2025-12-21,الرياض,latest
Careem,google_play,نقل,أفضل تطبيق نقل,5,2025-12-22,الطائف,latest
Jeeny,google_play,نقل,أفضل تطبيق نقل,5,2025-12-22,جدة,latest
Keeta,google_play,توصيل,خدمة رائعة دائماً,5,2025-12-22,الرياض,latest
Khamsat,google_play,عمل_حر,سهلة الاستخدام للفريلانسر,4,2025-12-22,الرياض,latest
Jeeny,google_play,نقل,خدمة عادية,3,2025-12-23,الرياض,latest
Jeeny,google_play,نقل,الأسعار معقولة,4,2025-12-23,جدة,latest
Wasselni,google_play,نقل,سائق محترم وسيارة نظيفة,5,2025-12-23,الدمام,latest
Mostaql,google_play,عمل_حر,سهلة الاستخدام للفريلانسر,4,2025-12-23,الطائف,latest
Careem,google_play,نقل,خدمة رائعة ننصح بها,5,2025-12-24,الرياض,latest
Bolt,google_play,نقل,الأسعار معقولة,4,2025-12-24,الخبر,latest
Bolt,google_play,نقل,أفضل تطبيق نقل,5,2025-12-24,جدة,latest
Kayan,google_play,نقل,تجربة جيدة بشكل عام,4,2025-12-24,جدة,latest
HungerStation,google_play,توصيل,أفضل تطبيق توصيل,5,2025-12-24,الرياض,latest
HungerStation,google_play,توصيل,الطعام وصل طازجاً,4,2025-12-24,الرياض,latest
TheChefs,google_play,توصيل,توصيل سريع جداً والطعام ممتاز,5,2025-12-24,الرياض,latest
TheChefs,google_play,توصيل,خدمة رائعة دائماً,5,2025-12-24,الرياض,latest
Mostaql,google_play,عمل_حر,الزبون ما دفع بعد تسليم العمل,1,2025-12-24,الرياض,latest
Khamsat,google_play,عمل_حر,منصة جيدة وفرص كثيرة,4,2025-12-24,الدمام,latest
Careem,google_play,نقل,الانتظار طويل أحياناً,2,2025-12-25,الرياض,latest
Bolt,google_play,نقل,الأسعار معقولة,4,2025-12-25,تبوك,latest
Kayan,google_play,نقل,أفضل تطبيق نقل,5,2025-12-25,الرياض,latest
TheChefs,google_play,توصيل,تجربة جيدة,4,2025-12-25,الرياض,latest
TheChefs,google_play,توصيل,الطلب وصل لكن متأخر,3,2025-12-25,الرياض,latest
TheChefs,google_play,توصيل,توصيل سريع جداً والطعام ممتاز,5,2025-12-25,الرياض,latest
ToYou,google_play,توصيل,تطبيق سهل وتوصيل جيد,4,2025-12-25,تبوك,latest
Mostaql,google_play,عمل_حر,سهلة الاستخدام للفريلانسر,4,2025-12-25,جدة,latest
Mostaql,google_play,عمل_حر,تجربة رائعة ننصح بها,5,2025-12-25,جدة,latest
Khamsat,google_play,عمل_حر,بعض العملاء غير جادين,2,2025-12-25,الرياض,latest
Khamsat,google_play,عمل_حر,منصة موثوقة جداً,5,2025-12-25,الرياض,latest
Uber,google_play,نقل,الانتظار طويل أحياناً,2,2025-12-26,جدة,latest
Careem,google_play,نقل,الانتظار طويل أحياناً,2,2025-12-26,الدمام,latest
Jeeny,google_play,نقل,خدمة متوسطة تحتاج تحسين,3,2025-12-26,تبوك,latest
Mrsool,google_play,توصيل,تطبيق سهل وتوصيل جيد,4,2025-12-26,الرياض,latest
Jeeny,google_play,نقل,الأسعار مرتفعة مقارنة بالمنافسين,2,2025-12-27,أبها,latest
Jeeny,google_play,نقل,سائق محترم وسيارة نظيفة,5,2025-12-27,مكة المكرمة,latest
Wasselni,google_play,نقل,تجربة جيدة بشكل عام,4,2025-12-27,المدينة المنورة,latest
Jahez,google_play,توصيل,الطعام وصل طازجاً,4,2025-12-27,جدة,latest
Mrsool,google_play,توصيل,الطلب وصل ناقص ولا تعويض,2,2025-12-27,الرياض,latest
Khamsat,google_play,عمل_حر,فرص عمل متنوعة,4,2025-12-27,جدة,latest
Khamsat,google_play,عمل_حر,تجربة جيدة بشكل عام,4,2025-12-27,جدة,latest
Khamsat,google_play,عمل_حر,سهلة الاستخدام للفريلانسر,4,2025-12-27,المدينة المنورة,latest
Bolt,google_play,نقل,خدمة جيدة والسائقين محترمين,4,2025-12-28,الدمام,latest
Jeeny,google_play,نقل,خدمة رائعة ننصح بها,5,2025-12-28,الرياض,latest
Khamsat,google_play,عمل_حر,منصة متوسطة للعمل الحر,3,2025-12-30,جدة,latest
Sary,google_play,عمل_حر,تجربة جيدة بشكل عام,4,2025-12-30,جدة,latest
Careem,google_play,نقل,أفضل تطبيق نقل,5,2025-12-31,الطائف,latest
Bolt,google_play,نقل,مقبول لكن يمكن أفضل,3,2025-12-31,تبوك,latest
Bolt,google_play,نقل,الانتظار طويل أحياناً,2,2025-12-31,المدينة المنورة,latest
Kayan,google_play,نقل,خدمة عادية,3,2025-12-31,مكة المكرمة,latest
HungerStation,google_play,توصيل,التوصيل أبطأ من المعتاد,2,2025-12-31,الدمام,latest
Mrsool,google_play,توصيل,الطلب وصل لكن متأخر,3,2025-12-31,الرياض,latest
TheChefs,google_play,توصيل,تطبيق سهل وتوصيل جيد,4,2025-12-31,الخبر,latest
Mostaql,google_play,عمل_حر,تجربة جيدة بشكل عام,4,2025-12-31,جدة,latest
Sary,google_play,عمل_حر,منافسة غير عادلة بالأسعار,1,2025-12-31,جدة,latest
Uber,google_play,نقل,تطبيق ممتاز وسهل الاستخدام,5,2026-01-01,جدة,latest
Jahez,google_play,توصيل,خدمة العملاء ما تفيد أبداً,1,2026-01-01,جدة,latest
Mrsool,google_play,توصيل,الطعام وصل طازجاً,4,2026-01-01,جدة,latest
Sary,google_play,عمل_حر,منصة موثوقة جداً,5,2026-01-01,المدينة المنورة,latest
Uber,google_play,نقل,تطبيق ممتاز وسهل الاستخدام,5,2026-01-02,الخبر,latest
Jeeny,google_play,نقل,تطبيق ممتاز وسهل الاستخدام,5,2026-01-02,أبها,latest
Jeeny,google_play,نقل,الأسعار معقولة,4,2026-01-02,تبوك,latest
Kayan,google_play,نقل,الأسعار معقولة,4,2026-01-02,الخبر,latest
Kayan,google_play,نقل,خدمة جيدة والسائقين محترمين,4,2026-01-02,الرياض,latest
HungerStation,google_play,توصيل,أفضل تطبيق توصيل,5,2026-01-02,الدمام,latest
HungerStation,google_play,توصيل,توصيل سريع والطلب مكتمل,4,2026-01-02,جدة,latest
TheChefs,google_play,توصيل,تجربة مميزة جداً,5,2026-01-02,الرياض,latest
ToYou,google_play,توصيل,توصيل سريع والطلب مكتمل,4,2026-01-02,الدمام,latest
Careem,google_play,نقل,أفضل تطبيق نقل,5,2026-01-03,جدة,latest
Wasselni,google_play,نقل,خدمة عادية,3,2026-01-03,الرياض,latest
Wasselni,google_play,نقل,خدمة جيدة والسائقين محترمين,4,2026-01-03,جدة,latest
Kayan,google_play,نقل,خدمة رائعة ننصح بها,5,2026-01-03,الدمام,latest
HungerStation,google_play,توصيل,تجربة مميزة جداً,5,2026-01-03,الدمام,latest
TheChefs,google_play,توصيل,تطبيق سهل وتوصيل جيد,4,2026-01-03,الرياض,latest
TheChefs,google_play,توصيل,توصيل سريع والطلب مكتمل,4,2026-01-03,الدمام,latest
Keeta,google_play,توصيل,خدمة العملاء ما تفيد أبداً,1,2026-01-03,الرياض,latest
Khamsat,google_play,عمل_حر,سهلة الاستخدام للفريلانسر,4,2026-01-03,جدة,latest
Bolt,google_play,نقل,تجربة جيدة بشكل عام,4,2026-01-04,الرياض,latest
Bolt,google_play,نقل,مقبول لكن يمكن أفضل,3,2026-01-04,جدة,latest
Wasselni,google_play,نقل,تطبيق سهل الاستخدام,4,2026-01-04,جدة,latest
Wasselni,google_play,نقل,مقبول لكن يمكن أفضل,3,2026-01-04,الرياض,latest
Sary,google_play,عمل_حر,فرص عمل متنوعة,4,2026-01-04,الدمام,latest
Kayan,google_play,نقل,الانتظار طويل أحياناً,2,2026-01-05,الخبر,latest
TheChefs,google_play,توصيل,توصيل سريع والطلب مكتمل,4,2026-01-05,المدينة المنورة,latest
Sary,google_play,عمل_حر,سهلة الاستخدام للفريلانسر,4,2026-01-05,الرياض,latest
Uber,google_play,نقل,خدمة رائعة ننصح بها,5,2026-01-06,الدمام,latest
Bolt,google_play,نقل,خدمة متوسطة تحتاج تحسين,3,2026-01-06,الرياض,latest
Bolt,google_play,نقل,تطبيق سهل الاستخدام,4,2026-01-06,جدة,latest
Jeeny,google_play,نقل,تطبيق سهل الاستخدام,4,2026-01-06,الدمام,latest
Wasselni,google_play,نقل,الأسعار معقولة,4,2026-01-06,الرياض,latest
Kayan,google_play,نقل,خدمة جيدة والسائقين محترمين,4,2026-01-06,الرياض,latest
Mrsool,google_play,توصيل,تجربة مميزة جداً,5,2026-01-06,الطائف,latest
ToYou,google_play,توصيل,تطبيق سهل وتوصيل جيد,4,2026-01-06,الرياض,latest
Sary,google_play,عمل_حر,منصة جيدة وفرص كثيرة,4,2026-01-06,أبها,latest
Sary,google_play,عمل_حر,سهلة الاستخدام للفريلانسر,4,2026-01-06,الدمام,latest
HungerStation,google_play,توصيل,توصيل سريع جداً والطعام ممتاز,5,2026-01-07,الطائف,latest
ToYou,google_play,توصيل,الطلب وصل لكن متأخر,3,2026-01-07,الدمام,latest
ToYou,google_play,توصيل,تجربة جيدة,4,2026-01-07,جدة,latest
Keeta,google_play,توصيل,أسوأ تجربة توصيل,1,2026-01-07,الخبر,latest
Mostaql,google_play,عمل_حر,منصة موثوقة جداً,5,2026-01-07,الرياض,latest
HungerStation,google_play,توصيل,تجربة مميزة جداً,5,2026-01-08,الرياض,latest
TheChefs,google_play,توصيل,تجربة مميزة جداً,5,2026-01-08,جدة,latest
ToYou,google_play,توصيل,أفضل تطبيق توصيل,5,2026-01-08,جدة,latest
Khamsat,google_play,عمل_حر,منصة جيدة وفرص كثيرة,4,2026-01-08,الرياض,latest
Jahez,google_play,توصيل,الطعام وصل طازجاً,4,2026-01-09,الدمام,latest
Mostaql,google_play,عمل_حر,منصة جيدة وفرص كثيرة,4,2026-01-09,الرياض,latest
Uber,google_play,نقل,نسبة التطبيق عالية جداً ما تستاهل,1,2026-01-10,جدة,latest
Bolt,google_play,نقل,التطبيق جيد لكن الأسعار مرتفعة,3,2026-01-10,الرياض,latest
HungerStation,google_play,توصيل,خدمة رائعة دائماً,5,2026-01-10,الطائف,latest
Mrsool,google_play,توصيل,أفضل تطبيق توصيل,5,2026-01-10,الدمام,latest
Keeta,google_play,توصيل,خدمة رائعة دائماً,5,2026-01-10,الدمام,latest
Sary,google_play,عمل_حر,منصة موثوقة جداً,5,2026-01-10,الدمام,latest
Uber,google_play,نقل,خدمة رائعة ننصح بها,5,2026-01-11,الدمام,latest
Kayan,google_play,نقل,تجربة جيدة بشكل عام,4,2026-01-11,الرياض,latest
Kayan,google_play,نقل,خدمة جيدة والسائقين محترمين,4,2026-01-11,جدة,latest
ToYou,google_play,توصيل,توصيل سريع والطلب مكتمل,4,2026-01-11,الدمام,latest
Keeta,google_play,توصيل,التوصيل أبطأ من المعتاد,2,2026-01-11,الرياض,latest
Keeta,google_play,توصيل,تجربة جيدة,4,2026-01-11,الرياض,latest
Careem,google_play,نقل,خدمة جيدة والسائقين محترمين,4,2026-01-12,الرياض,latest
Bolt,google_play,نقل,الأسعار معقولة,4,2026-01-12,جدة,latest
Bolt,google_play,نقل,سائق محترم وسيارة نظيفة,5,2026-01-12,الدمام,latest
HungerStation,google_play,توصيل,أسوأ تجربة توصيل,1,2026-01-12,جدة,latest
Mrsool,google_play,توصيل,مقبول لكن يحتاج تطوير,3,2026-01-12,الرياض,latest
ToYou,google_play,توصيل,خدمة عادية,3,2026-01-12,جدة,latest
Keeta,google_play,توصيل,التوصيل تأخر ساعتين كاملتين,1,2026-01-12,الدمام,latest
Khamsat,google_play,عمل_حر,مقبولة للمبتدئين,3,2026-01-12,الرياض,latest
Uber,google_play,نقل,سائق محترم وسيارة نظيفة,5,2026-01-13,أبها,latest
Careem,google_play,نقل,خدمة جيدة والسائقين محترمين,4,2026-01-13,الخبر,latest
Wasselni,google_play,نقل,أفضل تطبيق نقل,5,2026-01-13,جدة,latest
Jahez,google_play,توصيل,توصيل سريع جداً والطعام ممتاز,5,2026-01-13,جدة,latest
Jahez,google_play,توصيل,خدمة العملاء ما تفيد أبداً,1,2026-01-13,جدة,latest
ToYou,google_play,توصيل,الطلب وصل بارداً وناقصاً,1,2026-01-13,جدة,latest
Careem,google_play,نقل,الأسعار معقولة,4,2026-01-14,جدة,latest
Jeeny,google_play,نقل,خدمة عادية,3,2026-01-14,الدمام,latest
TheChefs,google_play,توصيل,تجربة مميزة جداً,5,2026-01-14,الرياض,latest
Keeta,google_play,توصيل,تجربة مميزة جداً,5,2026-01-14,الرياض,latest
Mostaql,google_play,عمل_حر,منصة موثوقة جداً,5,2026-01-14,الرياض,latest
Khamsat,google_play,عمل_حر,حصلت على عملاء ممتازين,5,2026-01-14,جدة,latest
Khamsat,google_play,عمل_حر,سهلة الاستخدام للفريلانسر,4,2026-01-14,جدة,latest
Sary,google_play,عمل_حر,فرص عمل متنوعة,4,2026-01-14,الرياض,latest
Sary,google_play,عمل_حر,سهلة الاستخدام للفريلانسر,4,2026-01-14,الرياض,latest
Jeeny,google_play,نقل,تجربة سيئة جداً لن أكرر,1,2026-01-15,الرياض,latest
Kayan,google_play,نقل,خدمة جيدة والسائقين محترمين,4,2026-01-15,مكة المكرمة,latest
Jahez,google_play,توصيل,الطلب وصل لكن متأخر,3,2026-01-15,الرياض,latest
Keeta,google_play,توصيل,الطعام وصل طازجاً,4,2026-01-15,جدة,latest
Bolt,google_play,نقل,خدمة عادية,3,2026-01-16,جدة,latest
Jeeny,google_play,نقل,تجربة جيدة بشكل عام,4,2026-01-16,الرياض,latest
Kayan,google_play,نقل,الأسعار مرتفعة مقارنة بالمنافسين,2,2026-01-16,الرياض,latest
Jahez,google_play,توصيل,توصيل متوسط يحتاج تحسين,3,2026-01-16,جدة,latest
TheChefs,google_play,توصيل,توصيل سريع جداً والطعام ممتاز,5,2026-01-16,الدمام,latest
Keeta,google_play,توصيل,الطلب وصل بارداً وناقصاً,1,2026-01-16,الرياض,latest
Uber,google_play,نقل,سائق محترم وسيارة نظيفة,5,2026-01-17,الرياض,latest
Careem,google_play,نقل,التطبيق يعلق أحياناً,2,2026-01-17,الرياض,latest
Kayan,google_play,نقل,السائق ألغى الرحلة بدون سبب,1,2026-01-17,جدة,latest
HungerStation,google_play,توصيل,خدمة رائعة دائماً,5,2026-01-17,الرياض,latest
Mrsool,google_play,توصيل,خدمة العملاء ما تفيد أبداً,1,2026-01-17,الرياض,latest
ToYou,google_play,توصيل,أفضل تطبيق توصيل,5,2026-01-17,جدة,latest
ToYou,google_play,توصيل,مقبول لكن يحتاج تطوير,3,2026-01-17,الرياض,latest
Keeta,google_play,توصيل,التوصيل تأخر ساعتين كاملتين,1,2026-01-17,الرياض,latest
Keeta,google_play,توصيل,خدمة عادية,3,2026-01-17,الدمام,latest
Khamsat,google_play,عمل_حر,حصلت على عملاء ممتازين,5,2026-01-17,الرياض,latest
Khamsat,google_play,عمل_حر,حصلت على عملاء ممتازين,5,2026-01-17,الدمام,latest
Sary,google_play,عمل_حر,فرص عمل متنوعة,4,2026-01-17,جدة,latest
Jahez,google_play,توصيل,خدمة عادية,3,2026-01-18,الرياض,latest
Mrsool,google_play,توصيل,تطبيق سهل وتوصيل جيد,4,2026-01-18,الدمام,latest
Mrsool,google_play,توصيل,أحياناً تأخير كبير,2,2026-01-18,الدمام,latest
Mrsool,google_play,توصيل,التوصيل أبطأ من المعتاد,2,2026-01-18,الرياض,latest
TheChefs,google_play,توصيل,أفضل تطبيق توصيل,5,2026-01-18,جدة,latest
TheChefs,google_play,توصيل,الطعام وصل طازجاً,4,2026-01-18,جدة,latest
ToYou,google_play,توصيل,خدمة رائعة دائماً,5,2026-01-18,تبوك,latest
ToYou,google_play,توصيل,خدمة العملاء ما تفيد أبداً,1,2026-01-18,المدينة المنورة,latest
Keeta,google_play,توصيل,خدمة رائعة دائماً,5,2026-01-18,جدة,latest
Sary,google_play,عمل_حر,حصلت على عملاء ممتازين,5,2026-01-18,المدينة المنورة,latest
Sary,google_play,عمل_حر,حصلت على عملاء ممتازين,5,2026-01-18,جدة,latest
Careem,google_play,نقل,السائق ألغى الرحلة بدون سبب,1,2026-01-19,جدة,latest
Jeeny,google_play,نقل,التطبيق جيد لكن الأسعار مرتفعة,3,2026-01-19,الطائف,latest
HungerStation,google_play,توصيل,خدمة رائعة دائماً,5,2026-01-19,الرياض,latest
Mostaql,google_play,عمل_حر,تجربة سيئة,1,2026-01-19,الرياض,latest
Sary,google_play,عمل_حر,أفضل منصة عمل حر عربية,5,2026-01-19,جدة,latest
Sary,google_play,عمل_حر,تجربة جيدة بشكل عام,4,2026-01-19,جدة,latest
Careem,google_play,نقل,سائق محترم وسيارة نظيفة,5,2026-01-20,الرياض,latest
Careem,google_play,نقل,سائق محترم وسيارة نظيفة,5,2026-01-20,مكة المكرمة,latest
Jeeny,google_play,نقل,تجربة جيدة بشكل عام,4,2026-01-20,جدة,latest
Kayan,google_play,نقل,تطبيق ممتاز وسهل الاستخدام,5,2026-01-20,الرياض,latest
Mostaql,google_play,عمل_حر,حصلت على عملاء ممتازين,5,2026-01-20,جدة,latest
Uber,google_play,نقل,الأسعار مبالغ فيها كثيراً,1,2026-01-21,الرياض,latest
Bolt,google_play,نقل,أفضل تطبيق نقل,5,2026-01-21,مكة المكرمة,latest
Jeeny,google_play,نقل,التطبيق جيد لكن الأسعار مرتفعة,3,2026-01-21,جدة,latest
Jeeny,google_play,نقل,سائق محترم وسيارة نظيفة,5,2026-01-21,الدمام,latest
Wasselni,google_play,نقل,الانتظار طويل أحياناً,2,2026-01-21,مكة المكرمة,latest
Wasselni,google_play,نقل,خدمة متوسطة تحتاج تحسين,3,2026-01-21,الرياض,latest
HungerStation,google_play,توصيل,أفضل تطبيق توصيل,5,2026-01-21,الخبر,latest
HungerStation,google_play,توصيل,أفضل تطبيق توصيل,5,2026-01-21,جدة,latest
HungerStation,google_play,توصيل,تطبيق سهل وتوصيل جيد,4,2026-01-21,جدة,latest
TheChefs,google_play,توصيل,توصيل متوسط يحتاج تحسين,3,2026-01-21,الخبر,latest
Keeta,google_play,توصيل,توصيل سريع جداً والطعام ممتاز,5,2026-01-21,الرياض,latest
Uber,google_play,نقل,الأسعار مرتفعة مقارنة بالمنافسين,2,2026-01-22,جدة,latest
Bolt,google_play,نقل,خدمة رائعة ننصح بها,5,2026-01-22,مكة المكرمة,latest
Wasselni,google_play,نقل,التطبيق جيد لكن الأسعار مرتفعة,3,2026-01-22,جدة,latest
HungerStation,google_play,توصيل,الطلب وصل بارداً وناقصاً,1,2026-01-22,الدمام,latest
HungerStation,google_play,توصيل,خدمة رائعة دائماً,5,2026-01-22,جدة,latest
Mrsool,google_play,توصيل,الطلب وصل ناقص ولا تعويض,2,2026-01-22,جدة,latest
Mrsool,google_play,توصيل,تطبيق سهل وتوصيل جيد,4,2026-01-22,الرياض,latest
ToYou,google_play,توصيل,خدمة عادية,3,2026-01-22,المدينة المنورة,latest
Keeta,google_play,توصيل,الطلب وصل ناقص ولا تعويض,2,2026-01-22,الرياض,latest
Keeta,google_play,توصيل,تجربة مميزة جداً,5,2026-01-22,مكة المكرمة,latest
Mostaql,google_play,عمل_حر,منصة متوسطة للعمل الحر,3,2026-01-22,مكة المكرمة,latest
Mostaql,google_play,عمل_حر,أفضل منصة عمل حر عربية,5,2026-01-22,جدة,latest
Khamsat,google_play,عمل_حر,تجربة رائعة ننصح بها,5,2026-01-22,الطائف,latest
Bolt,google_play,نقل,بعض السائقين غير محترفين,2,2026-01-23,المدينة المنورة,latest
Jeeny,google_play,نقل,تجربة جيدة بشكل عام,4,2026-01-23,الرياض,latest
HungerStation,google_play,توصيل,تجربة جيدة,4,2026-01-23,الدمام,latest
Jahez,google_play,توصيل,تطبيق سهل وتوصيل جيد,4,2026-01-23,تبوك,latest
TheChefs,google_play,توصيل,تجربة مميزة جداً,5,2026-01-23,الرياض,latest
ToYou,google_play,توصيل,توصيل سريع جداً والطعام ممتاز,5,2026-01-23,جدة,latest
Sary,google_play,عمل_حر,منصة جيدة وفرص كثيرة,4,2026-01-23,جدة,latest
Jeeny,google_play,نقل,أفضل تطبيق نقل,5,2026-01-24,المدينة المنورة,latest
Jeeny,google_play,نقل,خدمة عادية,3,2026-01-24,جدة,latest
Jeeny,google_play,نقل,الأسعار معقولة,4,2026-01-24,جدة,latest
Wasselni,google_play,نقل,التطبيق جيد لكن الأسعار مرتفعة,3,2026-01-24,الدمام,latest
Mrsool,google_play,توصيل,مقبول لكن يحتاج تطوير,3,2026-01-24,الرياض,latest
ToYou,google_play,توصيل,توصيل سريع والطلب مكتمل,4,2026-01-24,الرياض,latest
Keeta,google_play,توصيل,مقبول لكن يحتاج تطوير,3,2026-01-24,الرياض,latest
Sary,google_play,عمل_حر,مقبولة للمبتدئين,3,2026-01-24,جدة,latest
Careem,google_play,نقل,الأسعار مبالغ فيها كثيراً,1,2026-01-25,مكة المكرمة,latest
Kayan,google_play,نقل,خدمة جيدة والسائقين محترمين,4,2026-01-25,الدمام,latest
Kayan,google_play,نقل,تطبيق ممتاز وسهل الاستخدام,5,2026-01-25,الرياض,latest
HungerStation,google_play,توصيل,أفضل تطبيق توصيل,5,2026-01-25,الطائف,latest
HungerStation,google_play,توصيل,الطلب وصل لكن متأخر,3,2026-01-25,الرياض,latest
Jahez,google_play,توصيل,تطبيق سهل وتوصيل جيد,4,2026-01-25,جدة,latest
Sary,google_play,عمل_حر,مقبولة للمبتدئين,3,2026-01-25,جدة,latest
Bolt,google_play,نقل,تطبيق ممتاز وسهل الاستخدام,5,2026-01-26,جدة,latest
Bolt,google_play,نقل,تطبيق ممتاز وسهل الاستخدام,5,2026-01-26,مكة المكرمة,latest
Wasselni,google_play,نقل,مقبول لكن يمكن أفضل,3,2026-01-26,الرياض,latest
HungerStation,google_play,توصيل,تجربة مميزة جداً,5,2026-01-26,جدة,latest
Jahez,google_play,توصيل,توصيل سريع جداً والطعام ممتاز,5,2026-01-26,الرياض,latest
Mrsool,google_play,توصيل,تجربة مميزة جداً,5,2026-01-26,مكة المكرمة,latest
Sary,google_play,عمل_حر,تجربة جيدة بشكل عام,4,2026-01-26,الرياض,latest
HungerStation,google_play,توصيل,خدمة رائعة دائماً,5,2026-01-27,الرياض,latest
Jahez,google_play,توصيل,تجربة مميزة جداً,5,2026-01-27,الرياض,latest
ToYou,google_play,توصيل,تجربة جيدة,4,2026-01-27,المدينة المنورة,latest
Keeta,google_play,توصيل,أحياناً تأخير كبير,2,2026-01-27,جدة,latest
Keeta,google_play,توصيل,أحياناً تأخير كبير,2,2026-01-27,الدمام,latest
Mostaql,google_play,عمل_حر,العمولة مرتفعة,2,2026-01-27,جدة,latest
Mostaql,google_play,عمل_حر,منافسة غير عادلة بالأسعار,1,2026-01-27,الدمام,latest
Sary,google_play,عمل_حر,سهلة الاستخدام للفريلانسر,4,2026-01-27,الرياض,latest
Wasselni,google_play,نقل,سائق محترم وسيارة نظيفة,5,2026-01-28,الدمام,latest
Wasselni,google_play,نقل,التطبيق يعلق أحياناً,2,2026-01-28,الدمام,latest
Jahez,google_play,توصيل,توصيل متوسط يحتاج تحسين,3,2026-01-28,الدمام,latest
Keeta,google_play,توصيل,مقبول لكن يحتاج تطوير,3,2026-01-28,جدة,latest
Mostaql,google_play,عمل_حر,تجربة رائعة ننصح بها,5,2026-01-28,الدمام,latest
Khamsat,google_play,عمل_حر,حصلت على عملاء ممتازين,5,2026-01-28,الرياض,latest
Mrsool,google_play,توصيل,تجربة مميزة جداً,5,2026-01-29,الرياض,latest
Mostaql,google_play,عمل_حر,منصة جيدة وفرص كثيرة,4,2026-01-29,الدمام,latest
Khamsat,google_play,عمل_حر,تجربة سيئة,1,2026-01-29,الرياض,latest
Uber,google_play,نقل,تجربة جيدة بشكل عام,4,2026-01-30,جدة,latest
Careem,google_play,نقل,بعض السائقين غير محترفين,2,2026-01-30,تبوك,latest
ToYou,google_play,توصيل,الطعام وصل طازجاً,4,2026-01-30,أبها,latest
Khamsat,google_play,عمل_حر,المنصة لا تحمي الفريلانسر,1,2026-01-30,المدينة المنورة,latest
Wasselni,google_play,نقل,مقبول لكن يمكن أفضل,3,2026-01-31,الرياض,latest
HungerStation,google_play,توصيل,تجربة مميزة جداً,5,2026-01-31,جدة,latest
TheChefs,google_play,توصيل,الطعام وصل طازجاً,4,2026-01-31,الرياض,latest
Mostaql,google_play,عمل_حر,سهلة الاستخدام للفريلانسر,4,2026-01-31,الرياض,latest
Sary,google_play,عمل_حر,منصة متوسطة للعمل الحر,3,2026-01-31,الرياض,latest
Wasselni,google_play,نقل,التطبيق جيد لكن الأسعار مرتفعة,3,2026-02-01,مكة المكرمة,latest
Wasselni,google_play,نقل,خدمة جيدة والسائقين محترمين,4,2026-02-01,مكة المكرمة,latest
TheChefs,google_play,توصيل,تطبيق سهل وتوصيل جيد,4,2026-02-01,الدمام,latest
Sary,google_play,عمل_حر,منصة موثوقة جداً,5,2026-02-01,الرياض,latest
Uber,google_play,نقل,خدمة رائعة ننصح بها,5,2026-02-02,المدينة المنورة,latest
HungerStation,google_play,توصيل,أسوأ تجربة توصيل,1,2026-02-02,جدة,latest
HungerStation,google_play,توصيل,توصيل متوسط يحتاج تحسين,3,2026-02-02,الرياض,latest
TheChefs,google_play,توصيل,مقبول لكن يحتاج تطوير,3,2026-02-02,المدينة المنورة,latest
ToYou,google_play,توصيل,أحياناً تأخير كبير,2,2026-02-02,الرياض,latest
Keeta,google_play,توصيل,أسوأ تجربة توصيل,1,2026-02-02,الرياض,latest
Keeta,google_play,توصيل,خدمة رائعة دائماً,5,2026-02-02,جدة,latest
Khamsat,google_play,عمل_حر,حصلت على عملاء ممتازين,5,2026-02-02,جدة,latest
Uber,google_play,نقل,الأسعار معقولة,4,2026-02-03,الدمام,latest
Careem,google_play,نقل,تطبيق سهل الاستخدام,4,2026-02-03,مكة المكرمة,latest
Careem,google_play,نقل,نسبة التطبيق عالية جداً ما تستاهل,1,2026-02-03,جدة,latest
HungerStation,google_play,توصيل,تطبيق سهل وتوصيل جيد,4,2026-02-03,الرياض,latest
HungerStation,google_play,توصيل,خدمة رائعة دائماً,5,2026-02-03,جدة,latest
TheChefs,google_play,توصيل,توصيل متوسط يحتاج تحسين,3,2026-02-03,الرياض,latest
ToYou,google_play,توصيل,الطلب وصل ناقص ولا تعويض,2,2026-02-03,الدمام,latest
ToYou,google_play,توصيل,توصيل سريع جداً والطعام ممتاز,5,2026-02-03,الرياض,latest
ToYou,google_play,توصيل,توصيل متوسط يحتاج تحسين,3,2026-02-03,الرياض,latest
Sary,google_play,عمل_حر,فرص موجودة لكن المنافسة عالية,3,2026-02-03,المدينة المنورة,latest
Jeeny,google_play,نقل,خدمة عادية,3,2026-02-04,الرياض,latest
Jeeny,google_play,نقل,سائق محترم وسيارة نظيفة,5,2026-02-04,الرياض,latest
Jeeny,google_play,نقل,الأسعار معقولة,4,2026-02-04,جدة,latest
Wasselni,google_play,نقل,خدمة جيدة والسائقين محترمين,4,2026-02-04,الرياض,latest
TheChefs,google_play,توصيل,جودة الطعام متأثرة بالوقت,2,2026-02-04,جدة,latest
ToYou,google_play,توصيل,توصيل متوسط يحتاج تحسين,3,2026-02-04,الدمام,latest
ToYou,google_play,توصيل,خدمة عادية,3,2026-02-04,الرياض,latest
Sary,google_play,عمل_حر,فرص موجودة لكن المنافسة عالية,3,2026-02-04,الرياض,latest
Sary,google_play,عمل_حر,منصة متوسطة للعمل الحر,3,2026-02-04,الرياض,latest
Uber,google_play,نقل,سائق محترم وسيارة نظيفة,5,2026-02-05,الرياض,latest
Bolt,google_play,نقل,خدمة عادية,3,2026-02-05,الرياض,latest
ToYou,google_play,توصيل,تجربة مميزة جداً,5,2026-02-05,جدة,latest
ToYou,google_play,توصيل,أسوأ تجربة توصيل,1,2026-02-05,جدة,latest
Sary,google_play,عمل_حر,العمولة مرتفعة,2,2026-02-05,الدمام,latest
Careem,google_play,نقل,خدمة رائعة ننصح بها,5,2026-02-06,جدة,latest
Careem,google_play,نقل,تطبيق سهل الاستخدام,4,2026-02-06,جدة,latest
Bolt,google_play,نقل,الأسعار معقولة,4,2026-02-06,جدة,latest
Kayan,google_play,نقل,خدمة جيدة والسائقين محترمين,4,2026-02-06,الدمام,latest
HungerStation,google_play,توصيل,توصيل سريع والطلب مكتمل,4,2026-02-06,مكة المكرمة,latest
Mrsool,google_play,توصيل,توصيل سريع والطلب مكتمل,4,2026-02-06,جدة,latest
TheChefs,google_play,توصيل,جودة الطعام متأثرة بالوقت,2,2026-02-06,الدمام,latest
TheChefs,google_play,توصيل,تجربة مميزة جداً,5,2026-02-06,الرياض,latest
Sary,google_play,عمل_حر,بعض العملاء غير جادين,2,2026-02-06,مكة المكرمة,latest
Uber,google_play,نقل,الانتظار طويل أحياناً,2,2026-02-07,الدمام,latest
Uber,google_play,نقل,سائق محترم وسيارة نظيفة,5,2026-02-07,مكة المكرمة,latest
Jeeny,google_play,نقل,مقبول لكن يمكن أفضل,3,2026-02-07,الرياض,latest
HungerStation,google_play,توصيل,مقبول لكن يحتاج تطوير,3,2026-02-07,الرياض,latest
TheChefs,google_play,توصيل,خدمة رائعة دائماً,5,2026-02-07,الدمام,latest
TheChefs,google_play,توصيل,أفضل تطبيق توصيل,5,2026-02-07,الرياض,latest
Keeta,google_play,توصيل,توصيل سريع جداً والطعام ممتاز,5,2026-02-07,جدة,latest
Khamsat,google_play,عمل_حر,فرص موجودة لكن المنافسة عالية,3,2026-02-07,جدة,latest
Sary,google_play,عمل_حر,الزبون ما دفع بعد تسليم العمل,1,2026-02-07,الرياض,latest
Uber,google_play,نقل,سائق محترم وسيارة نظيفة,5,2026-02-08,أبها,latest
Khamsat,google_play,عمل_حر,بعض العملاء غير جادين,2,2026-02-08,الدمام,latest
Sary,google_play,عمل_حر,منصة متوسطة للعمل الحر,3,2026-02-08,مكة المكرمة,latest
Bolt,google_play,نقل,خدمة جيدة والسائقين محترمين,4,2026-02-09,الدمام,latest
Wasselni,google_play,نقل,السائق ألغى الرحلة بدون سبب,1,2026-02-09,مكة المكرمة,latest
Kayan,google_play,نقل,الأسعار معقولة,4,2026-02-09,جدة,latest
Jahez,google_play,توصيل,جودة الطعام متأثرة بالوقت,2,2026-02-09,الرياض,latest
TheChefs,google_play,توصيل,توصيل سريع جداً والطعام ممتاز,5,2026-02-09,الرياض,latest
Bolt,google_play,نقل,سائق محترم وسيارة نظيفة,5,2026-02-10,الدمام,latest
Wasselni,google_play,نقل,نسبة التطبيق عالية جداً ما تستاهل,1,2026-02-10,الرياض,latest
Kayan,google_play,نقل,التطبيق جيد لكن الأسعار مرتفعة,3,2026-02-10,الرياض,latest
HungerStation,google_play,توصيل,مقبول لكن يحتاج تطوير,3,2026-02-10,الدمام,latest
Keeta,google_play,توصيل,تجربة جيدة,4,2026-02-10,مكة المكرمة,latest
Khamsat,google_play,عمل_حر,تجربة جيدة بشكل عام,4,2026-02-10,الرياض,latest
Careem,google_play,نقل,خدمة متوسطة تحتاج تحسين,3,2026-02-11,مكة المكرمة,latest
Jeeny,google_play,نقل,الانتظار طويل أحياناً,2,2026-02-11,الرياض,latest
TheChefs,google_play,توصيل,الطلب وصل لكن متأخر,3,2026-02-11,مكة المكرمة,latest
TheChefs,google_play,توصيل,الطعام وصل طازجاً,4,2026-02-11,الرياض,latest
TheChefs,google_play,توصيل,أسوأ تجربة توصيل,1,2026-02-11,جدة,latest
ToYou,google_play,توصيل,توصيل متوسط يحتاج تحسين,3,2026-02-11,مكة المكرمة,latest
Keeta,google_play,توصيل,تجربة جيدة,4,2026-02-11,الرياض,latest
Sary,google_play,عمل_حر,سهلة الاستخدام للفريلانسر,4,2026-02-11,الرياض,latest
Sary,google_play,عمل_حر,فرص موجودة لكن المنافسة عالية,3,2026-02-11,جدة,latest
Sary,google_play,عمل_حر,تجربة رائعة ننصح بها,5,2026-02-11,الرياض,latest
Bolt,google_play,نقل,خدمة عادية,3,2026-02-12,الرياض,latest
Bolt,google_play,نقل,التطبيق يعلق أحياناً,2,2026-02-12,جدة,latest
Jeeny,google_play,نقل,الانتظار طويل أحياناً,2,2026-02-12,جدة,latest
ToYou,google_play,توصيل,تطبيق سهل وتوصيل جيد,4,2026-02-12,مكة المكرمة,latest
ToYou,google_play,توصيل,الطعام وصل طازجاً,4,2026-02-12,مكة المكرمة,latest
Careem,google_play,نقل,مقبول لكن يمكن أفضل,3,2026-02-13,الرياض,latest
Bolt,google_play,نقل,تجربة سيئة جداً لن أكرر,1,2026-02-13,جدة,latest
Jeeny,google_play,نقل,خدمة جيدة والسائقين محترمين,4,2026-02-13,الخبر,latest
Jahez,google_play,توصيل,الطلب وصل لكن متأخر,3,2026-02-13,جدة,latest
Khamsat,google_play,عمل_حر,أفضل منصة عمل حر عربية,5,2026-02-13,جدة,latest
Sary,google_play,عمل_حر,فرص موجودة لكن المنافسة عالية,3,2026-02-13,مكة المكرمة,latest
Careem,google_play,نقل,أفضل تطبيق نقل,5,2026-02-14,الرياض,latest
Jeeny,google_play,نقل,سائق محترم وسيارة نظيفة,5,2026-02-14,جدة,latest
Wasselni,google_play,نقل,أفضل تطبيق نقل,5,2026-02-14,الدمام,latest
Wasselni,google_play,نقل,تطبيق سهل الاستخدام,4,2026-02-14,الرياض,latest
Wasselni,google_play,نقل,خدمة رائعة ننصح بها,5,2026-02-14,الخبر,latest
HungerStation,google_play,توصيل,خدمة رائعة دائماً,5,2026-02-14,جدة,latest
Jahez,google_play,توصيل,مقبول لكن يحتاج تطوير,3,2026-02-14,جدة,latest
Mrsool,google_play,توصيل,أفضل تطبيق توصيل,5,2026-02-14,جدة,latest
TheChefs,google_play,توصيل,الطلب وصل بارداً وناقصاً,1,2026-02-14,الرياض,latest
ToYou,google_play,توصيل,توصيل سريع والطلب مكتمل,4,2026-02-14,الدمام,latest
Khamsat,google_play,عمل_حر,تجربة سيئة,1,2026-02-14,الدمام,latest
Sary,google_play,عمل_حر,أفضل منصة عمل حر عربية,5,2026-02-14,الرياض,latest
Bolt,google_play,نقل,تجربة سيئة جداً لن أكرر,1,2026-02-15,الدمام,latest
Bolt,google_play,نقل,سائق محترم وسيارة نظيفة,5,2026-02-15,تبوك,latest
Wasselni,google_play,نقل,خدمة متوسطة تحتاج تحسين,3,2026-02-15,الدمام,latest
Keeta,google_play,توصيل,توصيل متوسط يحتاج تحسين,3,2026-02-15,الرياض,latest
Mostaql,google_play,عمل_حر,منصة جيدة وفرص كثيرة,4,2026-02-15,الرياض,latest
Sary,google_play,عمل_حر,أفضل منصة عمل حر عربية,5,2026-02-15,الدمام,latest
Bolt,google_play,نقل,سائق محترم وسيارة نظيفة,5,2026-02-16,الدمام,latest
Jeeny,google_play,نقل,الأسعار مرتفعة مقارنة بالمنافسين,2,2026-02-16,جدة,latest
TheChefs,google_play,توصيل,مقبول لكن يحتاج تطوير,3,2026-02-16,الدمام,latest
Khamsat,google_play,عمل_حر,بعض العملاء غير جادين,2,2026-02-16,الرياض,latest
Careem,google_play,نقل,أفضل تطبيق نقل,5,2026-02-17,الرياض,latest
Bolt,google_play,نقل,تجربة جيدة بشكل عام,4,2026-02-17,الرياض,latest
Jeeny,google_play,نقل,خدمة جيدة والسائقين محترمين,4,2026-02-17,جدة,latest
Wasselni,google_play,نقل,نسبة التطبيق عالية جداً ما تستاهل,1,2026-02-17,أبها,latest
Jahez,google_play,توصيل,تجربة مميزة جداً,5,2026-02-17,الطائف,latest
Mrsool,google_play,توصيل,خدمة عادية,3,2026-02-17,الرياض,latest
ToYou,google_play,توصيل,تجربة مميزة جداً,5,2026-02-17,الرياض,latest
Keeta,google_play,توصيل,توصيل سريع جداً والطعام ممتاز,5,2026-02-17,الرياض,latest
Keeta,google_play,توصيل,تطبيق سهل وتوصيل جيد,4,2026-02-17,الدمام,latest
Khamsat,google_play,عمل_حر,العمولة مرتفعة,2,2026-02-17,الرياض,latest
Sary,google_play,عمل_حر,خدمة عادية,3,2026-02-17,تبوك,latest
Careem,google_play,نقل,نسبة التطبيق عالية جداً ما تستاهل,1,2026-02-18,الرياض,latest
Jeeny,google_play,نقل,تطبيق سهل الاستخدام,4,2026-02-18,الرياض,latest
Wasselni,google_play,نقل,التطبيق جيد لكن الأسعار مرتفعة,3,2026-02-18,جدة,latest
HungerStation,google_play,توصيل,تجربة جيدة,4,2026-02-18,الرياض,latest
Mrsool,google_play,توصيل,الطعام وصل طازجاً,4,2026-02-18,جدة,latest
Keeta,google_play,توصيل,خدمة رائعة دائماً,5,2026-02-18,الرياض,latest
Mostaql,google_play,عمل_حر,يحتاج تحسين في الحماية,2,2026-02-18,الرياض,latest
Khamsat,google_play,عمل_حر,يحتاج تحسين في الحماية,2,2026-02-18,جدة,latest
Jeeny,google_play,نقل,أفضل تطبيق نقل,5,2026-02-19,الرياض,latest
Jeeny,google_play,نقل,تطبيق سهل الاستخدام,4,2026-02-19,جدة,latest
Mrsool,google_play,توصيل,التوصيل أبطأ من المعتاد,2,2026-02-19,جدة,latest
TheChefs,google_play,توصيل,توصيل سريع والطلب مكتمل,4,2026-02-19,الرياض,latest
ToYou,google_play,توصيل,توصيل سريع والطلب مكتمل,4,2026-02-19,جدة,latest
ToYou,google_play,توصيل,خدمة رائعة دائماً,5,2026-02-19,الرياض,latest
Mostaql,google_play,عمل_حر,منصة جيدة وفرص كثيرة,4,2026-02-19,الرياض,latest
Khamsat,google_play,عمل_حر,تجربة جيدة بشكل عام,4,2026-02-19,مكة المكرمة,latest
Sary,google_play,عمل_حر,فرص عمل متنوعة,4,2026-02-19,تبوك,latest
Careem,google_play,نقل,الأسعار مرتفعة مقارنة بالمنافسين,2,2026-02-20,جدة,latest
Jeeny,google_play,نقل,خدمة متوسطة تحتاج تحسين,3,2026-02-20,الدمام,latest
ToYou,google_play,توصيل,خدمة رائعة دائماً,5,2026-02-20,الدمام,latest
Mostaql,google_play,عمل_حر,منصة متوسطة للعمل الحر,3,2026-02-20,مكة المكرمة,latest
Khamsat,google_play,عمل_حر,منصة موثوقة جداً,5,2026-02-20,الرياض,latest
Uber,google_play,نقل,تطبيق ممتاز وسهل الاستخدام,5,2026-02-21,المدينة المنورة,latest
Uber,google_play,نقل,أفضل تطبيق نقل,5,2026-02-21,الرياض,latest
Careem,google_play,نقل,تجربة سيئة جداً لن أكرر,1,2026-02-21,الدمام,latest
HungerStation,google_play,توصيل,تجربة مميزة جداً,5,2026-02-21,جدة,latest
Jahez,google_play,توصيل,جودة الطعام متأثرة بالوقت,2,2026-02-21,الدمام,latest
TheChefs,google_play,توصيل,توصيل سريع والطلب مكتمل,4,2026-02-21,جدة,latest
Keeta,google_play,توصيل,أحياناً تأخير كبير,2,2026-02-21,الدمام,latest
Khamsat,google_play,عمل_حر,خدمة عادية,3,2026-02-21,جدة,latest
Jeeny,google_play,نقل,تطبيق سهل الاستخدام,4,2026-02-22,جدة,latest
Wasselni,google_play,نقل,الانتظار طويل أحياناً,2,2026-02-22,الرياض,latest
Wasselni,google_play,نقل,خدمة متوسطة تحتاج تحسين,3,2026-02-22,جدة,latest
ToYou,google_play,توصيل,الطلب وصل لكن متأخر,3,2026-02-22,الرياض,latest
Keeta,google_play,توصيل,خدمة عادية,3,2026-02-22,الرياض,latest
Khamsat,google_play,عمل_حر,تجربة رائعة ننصح بها,5,2026-02-22,مكة المكرمة,latest
Jeeny,google_play,نقل,خدمة جيدة والسائقين محترمين,4,2026-02-23,تبوك,latest
Jeeny,google_play,نقل,مقبول لكن يمكن أفضل,3,2026-02-23,الدمام,latest
HungerStation,google_play,توصيل,توصيل سريع جداً والطعام ممتاز,5,2026-02-23,الدمام,latest
HungerStation,google_play,توصيل,أفضل تطبيق توصيل,5,2026-02-23,الرياض,latest
TheChefs,google_play,توصيل,تجربة جيدة,4,2026-02-23,الدمام,latest
Uber,google_play,نقل,خدمة متوسطة تحتاج تحسين,3,2026-02-24,الرياض,latest
Bolt,google_play,نقل,خدمة رائعة ننصح بها,5,2026-02-24,الرياض,latest
Wasselni,google_play,نقل,تطبيق ممتاز وسهل الاستخدام,5,2026-02-24,الرياض,latest
Kayan,google_play,نقل,خدمة متوسطة تحتاج تحسين,3,2026-02-24,مكة المكرمة,latest
TheChefs,google_play,توصيل,توصيل سريع والطلب مكتمل,4,2026-02-24,الرياض,latest
Khamsat,google_play,عمل_حر,فرص عمل متنوعة,4,2026-02-24,الدمام,latest
HungerStation,google_play,توصيل,تطبيق سهل وتوصيل جيد,4,2026-02-25,الدمام,latest
Mrsool,google_play,توصيل,توصيل سريع والطلب مكتمل,4,2026-02-25,المدينة المنورة,latest
ToYou,google_play,توصيل,خدمة رائعة دائماً,5,2026-02-25,جدة,latest
Uber,google_play,نقل,خدمة رائعة ننصح بها,5,2026-02-26,المدينة المنورة,latest
Uber,google_play,نقل,التطبيق يعلق أحياناً,2,2026-02-26,تبوك,latest
Uber,google_play,نقل,التطبيق يعلق أحياناً,2,2026-02-26,تبوك,latest
Jeeny,google_play,نقل,أفضل تطبيق نقل,5,2026-02-26,الطائف,latest
Jeeny,google_play,نقل,أفضل تطبيق نقل,5,2026-02-26,مكة المكرمة,latest
Wasselni,google_play,نقل,خدمة رائعة ننصح بها,5,2026-02-26,المدينة المنورة,latest
Jahez,google_play,توصيل,مقبول لكن يحتاج تطوير,3,2026-02-26,الرياض,latest
ToYou,google_play,توصيل,جودة الطعام متأثرة بالوقت,2,2026-02-26,الخبر,latest
Khamsat,google_play,عمل_حر,خدمة عادية,3,2026-02-26,الخبر,latest
Khamsat,google_play,عمل_حر,تجربة سيئة,1,2026-02-26,مكة المكرمة,latest
Uber,google_play,نقل,السائق ألغى الرحلة بدون سبب,1,2026-02-27,الدمام,latest
Bolt,google_play,نقل,الأسعار مبالغ فيها كثيراً,1,2026-02-27,الرياض,latest
Jeeny,google_play,نقل,خدمة متوسطة تحتاج تحسين,3,2026-02-27,الرياض,latest
HungerStation,google_play,توصيل,الطلب وصل لكن متأخر,3,2026-02-27,الرياض,latest
ToYou,google_play,توصيل,توصيل سريع والطلب مكتمل,4,2026-02-27,الرياض,latest
Mostaql,google_play,عمل_حر,منافسة غير عادلة بالأسعار,1,2026-02-27,جدة,latest
Khamsat,google_play,عمل_حر,حصلت على عملاء ممتازين,5,2026-02-27,الدمام,latest
Sary,google_play,عمل_حر,أفضل منصة عمل حر عربية,5,2026-02-27,جدة,latest
Careem,google_play,نقل,نسبة التطبيق عالية جداً ما تستاهل,1,2026-02-28,جدة,latest
Wasselni,google_play,نقل,تجربة سيئة جداً لن أكرر,1,2026-02-28,الرياض,latest
Mostaql,google_play,عمل_حر,فرص عمل متنوعة,4,2026-02-28,جدة,latest
Mostaql,google_play,عمل_حر,حصلت على عملاء ممتازين,5,2026-02-28,الرياض,latest
Uber,google_play,نقل,الأسعار معقولة,4,2026-03-01,جدة,latest
Careem,google_play,نقل,الأسعار معقولة,4,2026-03-01,جدة,latest
Jeeny,google_play,نقل,سائق محترم وسيارة نظيفة,5,2026-03-01,جدة,latest
TheChefs,google_play,توصيل,تجربة جيدة,4,2026-03-01,مكة المكرمة,latest
ToYou,google_play,توصيل,الطلب وصل لكن متأخر,3,2026-03-01,الرياض,latest
Khamsat,google_play,عمل_حر,أفضل منصة عمل حر عربية,5,2026-03-01,الرياض,latest
Bolt,google_play,نقل,سائق محترم وسيارة نظيفة,5,2026-03-02,الدمام,latest
Wasselni,google_play,نقل,الانتظار طويل أحياناً,2,2026-03-02,المدينة المنورة,latest
HungerStation,google_play,توصيل,خدمة العملاء ما تفيد أبداً,1,2026-03-02,الدمام,latest
Keeta,google_play,توصيل,جودة الطعام متأثرة بالوقت,2,2026-03-02,جدة,latest
Keeta,google_play,توصيل,الطلب وصل بارداً وناقصاً,1,2026-03-02,جدة,latest
Mostaql,google_play,عمل_حر,منصة موثوقة جداً,5,2026-03-02,الخبر,latest
Careem,google_play,نقل,خدمة جيدة والسائقين محترمين,4,2026-03-03,الدمام,latest
Bolt,google_play,نقل,تجربة سيئة جداً لن أكرر,1,2026-03-03,الرياض,latest
Wasselni,google_play,نقل,تطبيق سهل الاستخدام,4,2026-03-03,الطائف,latest
Mrsool,google_play,توصيل,مقبول لكن يحتاج تطوير,3,2026-03-03,الرياض,latest
ToYou,google_play,توصيل,توصيل سريع والطلب مكتمل,4,2026-03-03,الرياض,latest
Mostaql,google_play,عمل_حر,تجربة رائعة ننصح بها,5,2026-03-03,الدمام,latest
Bolt,google_play,نقل,خدمة عادية,3,2026-03-04,الرياض,latest
ToYou,google_play,توصيل,جودة الطعام متأثرة بالوقت,2,2026-03-04,الرياض,latest
Keeta,google_play,توصيل,خدمة رائعة دائماً,5,2026-03-04,الطائف,latest
Mostaql,google_play,عمل_حر,منصة متوسطة للعمل الحر,3,2026-03-04,الرياض,latest
Sary,google_play,عمل_حر,منصة متوسطة للعمل الحر,3,2026-03-04,الدمام,latest
Uber,google_play,نقل,خدمة جيدة والسائقين محترمين,4,2026-03-05,الرياض,latest
Careem,google_play,نقل,الأسعار مبالغ فيها كثيراً,1,2026-03-05,الرياض,latest
Bolt,google_play,نقل,خدمة رائعة ننصح بها,5,2026-03-05,الرياض,latest
Jeeny,google_play,نقل,الأسعار معقولة,4,2026-03-05,الرياض,latest
Mrsool,google_play,توصيل,خدمة العملاء ما تفيد أبداً,1,2026-03-05,أبها,latest
TheChefs,google_play,توصيل,التوصيل تأخر ساعتين كاملتين,1,2026-03-05,الرياض,latest
ToYou,google_play,توصيل,تجربة جيدة,4,2026-03-05,جدة,latest
ToYou,google_play,توصيل,الطلب وصل لكن متأخر,3,2026-03-05,الدمام,latest
Keeta,google_play,توصيل,جودة الطعام متأثرة بالوقت,2,2026-03-05,الدمام,latest
Mostaql,google_play,عمل_حر,يحتاج تحسين في الحماية,2,2026-03-05,جدة,latest
Uber,google_play,نقل,تطبيق ممتاز وسهل الاستخدام,5,2026-03-06,الدمام,latest
Careem,google_play,نقل,الانتظار طويل أحياناً,2,2026-03-06,جدة,latest
Wasselni,google_play,نقل,التطبيق جيد لكن الأسعار مرتفعة,3,2026-03-06,مكة المكرمة,latest
Mrsool,google_play,توصيل,الطلب وصل بارداً وناقصاً,1,2026-03-06,الرياض,latest
Mrsool,google_play,توصيل,الطلب وصل لكن متأخر,3,2026-03-06,الدمام,latest
Mostaql,google_play,عمل_حر,حصلت على عملاء ممتازين,5,2026-03-06,مكة المكرمة,latest
Uber,google_play,نقل,بعض السائقين غير محترفين,2,2026-03-07,الرياض,latest
Careem,google_play,نقل,بعض السائقين غير محترفين,2,2026-03-07,الرياض,latest
Careem,google_play,نقل,تطبيق سهل الاستخدام,4,2026-03-07,الرياض,latest
Careem,google_play,نقل,تجربة سيئة جداً لن أكرر,1,2026-03-07,الرياض,latest
Careem,google_play,نقل,خدمة رائعة ننصح بها,5,2026-03-07,تبوك,latest
Bolt,google_play,نقل,الأسعار معقولة,4,2026-03-07,مكة المكرمة,latest
Bolt,google_play,نقل,خدمة رائعة ننصح بها,5,2026-03-07,الدمام,latest
Bolt,google_play,نقل,الأسعار معقولة,4,2026-03-07,الرياض,latest
Wasselni,google_play,نقل,خدمة جيدة والسائقين محترمين,4,2026-03-07,الرياض,latest
ToYou,google_play,توصيل,الطلب وصل بارداً وناقصاً,1,2026-03-07,أبها,latest
Keeta,google_play,توصيل,الطلب وصل لكن متأخر,3,2026-03-07,الرياض,latest
Sary,google_play,عمل_حر,المنصة لا تحمي الفريلانسر,1,2026-03-07,جدة,latest
Kayan,google_play,نقل,السائق ألغى الرحلة بدون سبب,1,2026-03-08,الخبر,latest
HungerStation,google_play,توصيل,الطلب وصل ناقص ولا تعويض,2,2026-03-08,الرياض,latest
TheChefs,google_play,توصيل,تجربة مميزة جداً,5,2026-03-08,الرياض,latest
TheChefs,google_play,توصيل,توصيل سريع جداً والطعام ممتاز,5,2026-03-08,الرياض,latest
Bolt,google_play,نقل,خدمة رائعة ننصح بها,5,2026-03-09,المدينة المنورة,latest
HungerStation,google_play,توصيل,الطعام وصل طازجاً,4,2026-03-09,أبها,latest
ToYou,google_play,توصيل,خدمة رائعة دائماً,5,2026-03-09,الرياض,latest
Keeta,google_play,توصيل,أحياناً تأخير كبير,2,2026-03-09,مكة المكرمة,latest
Khamsat,google_play,عمل_حر,منصة جيدة وفرص كثيرة,4,2026-03-09,المدينة المنورة,latest
Kayan,google_play,نقل,مقبول لكن يمكن أفضل,3,2026-03-10,الرياض,latest
TheChefs,google_play,توصيل,تجربة جيدة,4,2026-03-10,الرياض,latest
Keeta,google_play,توصيل,خدمة عادية,3,2026-03-10,جدة,latest
Keeta,google_play,توصيل,خدمة رائعة دائماً,5,2026-03-10,الرياض,latest
Keeta,google_play,توصيل,خدمة رائعة دائماً,5,2026-03-10,مكة المكرمة,latest
Mostaql,google_play,عمل_حر,منصة جيدة وفرص كثيرة,4,2026-03-10,جدة,latest
Uber,google_play,نقل,خدمة جيدة والسائقين محترمين,4,2026-03-11,الدمام,latest
Uber,google_play,نقل,سائق محترم وسيارة نظيفة,5,2026-03-11,الرياض,latest
Careem,google_play,نقل,خدمة رائعة ننصح بها,5,2026-03-11,الدمام,latest
Bolt,google_play,نقل,سائق محترم وسيارة نظيفة,5,2026-03-11,جدة,latest
Jeeny,google_play,نقل,التطبيق جيد لكن الأسعار مرتفعة,3,2026-03-11,جدة,latest
HungerStation,google_play,توصيل,خدمة عادية,3,2026-03-11,الدمام,latest
TheChefs,google_play,توصيل,التوصيل تأخر ساعتين كاملتين,1,2026-03-11,الدمام,latest
ToYou,google_play,توصيل,خدمة عادية,3,2026-03-11,الرياض,latest
Mostaql,google_play,عمل_حر,المنصة لا تحمي الفريلانسر,1,2026-03-11,جدة,latest
Sary,google_play,عمل_حر,سهلة الاستخدام للفريلانسر,4,2026-03-11,الرياض,latest
Bolt,google_play,نقل,خدمة عادية,3,2026-03-12,جدة,latest
HungerStation,google_play,توصيل,مقبول لكن يحتاج تطوير,3,2026-03-12,الدمام,latest
Jahez,google_play,توصيل,التوصيل أبطأ من المعتاد,2,2026-03-12,الدمام,latest
Jahez,google_play,توصيل,أسوأ تجربة توصيل,1,2026-03-12,جدة,latest
Mrsool,google_play,توصيل,خدمة عادية,3,2026-03-12,الدمام,latest
ToYou,google_play,توصيل,توصيل سريع جداً والطعام ممتاز,5,2026-03-12,الرياض,latest
Keeta,google_play,توصيل,أفضل تطبيق توصيل,5,2026-03-12,جدة,latest
Mostaql,google_play,عمل_حر,مقبولة للمبتدئين,3,2026-03-12,جدة,latest
Careem,google_play,نقل,الأسعار مبالغ فيها كثيراً,1,2026-03-13,الخبر,latest
Mrsool,google_play,توصيل,توصيل سريع جداً والطعام ممتاز,5,2026-03-13,جدة,latest
Mostaql,google_play,عمل_حر,منصة جيدة وفرص كثيرة,4,2026-03-13,جدة,latest
Khamsat,google_play,عمل_حر,تجربة جيدة بشكل عام,4,2026-03-13,الدمام,latest
Khamsat,google_play,عمل_حر,منصة موثوقة جداً,5,2026-03-13,جدة,latest
Uber,google_play,نقل,الانتظار طويل أحياناً,2,2026-03-14,المدينة المنورة,latest
Careem,google_play,نقل,تجربة سيئة جداً لن أكرر,1,2026-03-14,الرياض,latest
Bolt,google_play,نقل,الأسعار معقولة,4,2026-03-14,الرياض,latest
Bolt,google_play,نقل,تطبيق سهل الاستخدام,4,2026-03-14,الخبر,latest
ToYou,google_play,توصيل,الطعام وصل طازجاً,4,2026-03-14,جدة,latest
Khamsat,google_play,عمل_حر,خدمة عادية,3,2026-03-14,الرياض,latest
Khamsat,google_play,عمل_حر,منصة جيدة وفرص كثيرة,4,2026-03-14,الطائف,latest
Careem,google_play,نقل,مقبول لكن يمكن أفضل,3,2026-03-15,الرياض,latest
Careem,google_play,نقل,سائق محترم وسيارة نظيفة,5,2026-03-15,الدمام,latest
Wasselni,google_play,نقل,بعض السائقين غير محترفين,2,2026-03-15,جدة,latest
TheChefs,google_play,توصيل,توصيل متوسط يحتاج تحسين,3,2026-03-15,جدة,latest
TheChefs,google_play,توصيل,تجربة مميزة جداً,5,2026-03-15,الدمام,latest
ToYou,google_play,توصيل,مقبول لكن يحتاج تطوير,3,2026-03-15,الرياض,latest
Careem,google_play,نقل,سائق محترم وسيارة نظيفة,5,2026-03-16,جدة,latest
Kayan,google_play,نقل,تطبيق سهل الاستخدام,4,2026-03-16,جدة,latest
Mrsool,google_play,توصيل,التوصيل تأخر ساعتين كاملتين,1,2026-03-16,الطائف,latest
Khamsat,google_play,عمل_حر,فرص موجودة لكن المنافسة عالية,3,2026-03-16,الخبر,latest
Sary,google_play,عمل_حر,أفضل منصة عمل حر عربية,5,2026-03-16,الرياض,latest
Uber,google_play,نقل,تطبيق سهل الاستخدام,4,2026-03-17,الرياض,latest
Uber,google_play,نقل,الأسعار مرتفعة مقارنة بالمنافسين,2,2026-03-17,المدينة المنورة,latest
Mrsool,google_play,توصيل,خدمة العملاء ما تفيد أبداً,1,2026-03-17,الدمام,latest
ToYou,google_play,توصيل,توصيل سريع جداً والطعام ممتاز,5,2026-03-17,الطائف,latest
ToYou,google_play,توصيل,مقبول لكن يحتاج تطوير,3,2026-03-17,الرياض,latest
Careem,google_play,نقل,خدمة عادية,3,2026-03-18,الرياض,latest
Mrsool,google_play,توصيل,خدمة رائعة دائماً,5,2026-03-18,تبوك,latest
TheChefs,google_play,توصيل,الطعام وصل طازجاً,4,2026-03-18,الرياض,latest
Mostaql,google_play,عمل_حر,المنصة لا تحمي الفريلانسر,1,2026-03-18,الرياض,latest
Khamsat,google_play,عمل_حر,العمولة مرتفعة,2,2026-03-18,جدة,latest
ToYou,google_play,توصيل,التوصيل أبطأ من المعتاد,2,2026-03-19,جدة,latest
Keeta,google_play,توصيل,الطلب وصل لكن متأخر,3,2026-03-19,مكة المكرمة,latest
Khamsat,google_play,عمل_حر,تجربة جيدة بشكل عام,4,2026-03-19,الرياض,latest
Careem,google_play,نقل,خدمة جيدة والسائقين محترمين,4,2026-03-20,الرياض,latest
Careem,google_play,نقل,الأسعار مبالغ فيها كثيراً,1,2026-03-20,الرياض,latest
Wasselni,google_play,نقل,التطبيق جيد لكن الأسعار مرتفعة,3,2026-03-20,الرياض,latest
Kayan,google_play,نقل,خدمة رائعة ننصح بها,5,2026-03-20,الدمام,latest
Jahez,google_play,توصيل,توصيل سريع والطلب مكتمل,4,2026-03-20,مكة المكرمة,latest
Jeeny,google_play,نقل,الأسعار معقولة,4,2026-03-21,جدة,latest
Mostaql,google_play,عمل_حر,تجربة جيدة بشكل عام,4,2026-03-21,جدة,latest
Jahez,google_play,توصيل,الطلب وصل ناقص ولا تعويض,2,2026-03-22,الرياض,latest
Keeta,google_play,توصيل,الطلب وصل بارداً وناقصاً,1,2026-03-22,أبها,latest
Keeta,google_play,توصيل,توصيل سريع جداً والطعام ممتاز,5,2026-03-23,الدمام,latest
Sary,google_play,عمل_حر,سهلة الاستخدام للفريلانسر,4,2026-03-23,الرياض,latest
Jahez,google_play,توصيل,خدمة رائعة دائماً,5,2026-03-24,الدمام,latest
Mrsool,google_play,توصيل,تجربة مميزة جداً,5,2026-03-24,الرياض,latest
TheChefs,google_play,توصيل,خدمة رائعة دائماً,5,2026-03-24,الرياض,latest
Keeta,google_play,توصيل,مقبول لكن يحتاج تطوير,3,2026-03-24,جدة,latest
Mostaql,google_play,عمل_حر,سهلة الاستخدام للفريلانسر,4,2026-03-24,الرياض,latest
Mostaql,google_play,عمل_حر,أفضل منصة عمل حر عربية,5,2026-03-24,الرياض,latest
Jeeny,google_play,نقل,أفضل تطبيق نقل,5,2026-03-25,الرياض,latest
HungerStation,google_play,توصيل,توصيل متوسط يحتاج تحسين,3,2026-03-25,جدة,latest
TheChefs,google_play,توصيل,جودة الطعام متأثرة بالوقت,2,2026-03-25,الرياض,latest
Keeta,google_play,توصيل,الطلب وصل بارداً وناقصاً,1,2026-03-25,الدمام,latest
Sary,google_play,عمل_حر,المنافسة كبيرة والأسعار منخفضة,2,2026-03-25,جدة,latest
Careem,google_play,نقل,السائق ألغى الرحلة بدون سبب,1,2026-03-26,الدمام,latest
Mrsool,google_play,توصيل,أسوأ تجربة توصيل,1,2026-03-26,أبها,latest
Khamsat,google_play,عمل_حر,سهلة الاستخدام للفريلانسر,4,2026-03-26,الرياض,latest
Wasselni,google_play,نقل,الأسعار معقولة,4,2026-03-27,الطائف,latest
HungerStation,google_play,توصيل,التوصيل أبطأ من المعتاد,2,2026-03-27,الدمام,latest
Jahez,google_play,توصيل,تجربة مميزة جداً,5,2026-03-27,الدمام,latest
Jahez,google_play,توصيل,أفضل تطبيق توصيل,5,2026-03-27,الرياض,latest
ToYou,google_play,توصيل,خدمة رائعة دائماً,5,2026-03-27,الرياض,latest
HungerStation,google_play,توصيل,أفضل تطبيق توصيل,5,2026-03-28,جدة,latest
HungerStation,google_play,توصيل,الطلب وصل لكن متأخر,3,2026-03-28,الدمام,latest
TheChefs,google_play,توصيل,توصيل سريع والطلب مكتمل,4,2026-03-28,الدمام,latest
Sary,google_play,عمل_حر,منصة موثوقة جداً,5,2026-03-28,تبوك,latest
Jeeny,google_play,نقل,نسبة التطبيق عالية جداً ما تستاهل,1,2026-03-29,الدمام,latest
Keeta,google_play,توصيل,أسوأ تجربة توصيل,1,2026-03-29,الرياض,latest
Khamsat,google_play,عمل_حر,تجربة رائعة ننصح بها,5,2026-03-29,جدة,latest
Sary,google_play,عمل_حر,أفضل منصة عمل حر عربية,5,2026-03-29,جدة,latest
Sary,google_play,عمل_حر,فرص عمل متنوعة,4,2026-03-29,الرياض,latest
Uber,google_play,نقل,خدمة جيدة والسائقين محترمين,4,2026-03-30,الرياض,latest
Bolt,google_play,نقل,خدمة عادية,3,2026-03-30,جدة,latest
Kayan,google_play,نقل,الأسعار معقولة,4,2026-03-30,جدة,latest
HungerStation,google_play,توصيل,التوصيل تأخر ساعتين كاملتين,1,2026-03-30,جدة,latest
Mostaql,google_play,عمل_حر,أفضل منصة عمل حر عربية,5,2026-03-30,جدة,latest
Khamsat,google_play,عمل_حر,خدمة عادية,3,2026-03-30,الطائف,latest
Khamsat,google_play,عمل_حر,فرص عمل متنوعة,4,2026-03-30,الرياض,latest
Khamsat,google_play,عمل_حر,منصة موثوقة جداً,5,2026-03-30,الطائف,latest
Khamsat,google_play,عمل_حر,أفضل منصة عمل حر عربية,5,2026-03-30,الدمام,latest
Bolt,google_play,نقل,خدمة جيدة والسائقين محترمين,4,2026-03-31,الخبر,latest
HungerStation,google_play,توصيل,توصيل سريع جداً والطعام ممتاز,5,2026-03-31,جدة,latest
HungerStation,google_play,توصيل,أسوأ تجربة توصيل,1,2026-03-31,جدة,latest
Keeta,google_play,توصيل,تطبيق سهل وتوصيل جيد,4,2026-03-31,جدة,latest
Keeta,google_play,توصيل,توصيل سريع والطلب مكتمل,4,2026-03-31,الرياض,latest
Keeta,google_play,توصيل,الطلب وصل ناقص ولا تعويض,2,2026-03-31,جدة,latest
Sary,google_play,عمل_حر,فرص موجودة لكن المنافسة عالية,3,2026-03-31,الرياض,latest
Uber,google_play,نقل,الأسعار مبالغ فيها كثيراً,1,2026-04-01,تبوك,latest
Jeeny,google_play,نقل,خدمة جيدة والسائقين محترمين,4,2026-04-01,الدمام,latest
Kayan,google_play,نقل,الأسعار مبالغ فيها كثيراً,1,2026-04-01,جدة,latest
Mrsool,google_play,توصيل,خدمة رائعة دائماً,5,2026-04-01,الدمام,latest
TheChefs,google_play,توصيل,تجربة مميزة جداً,5,2026-04-01,جدة,latest
Mostaql,google_play,عمل_حر,أفضل منصة عمل حر عربية,5,2026-04-01,الدمام,latest
Mostaql,google_play,عمل_حر,سهلة الاستخدام للفريلانسر,4,2026-04-01,الدمام,latest
Uber,google_play,نقل,تطبيق سهل الاستخدام,4,2026-04-02,جدة,latest
Bolt,google_play,نقل,التطبيق جيد لكن الأسعار مرتفعة,3,2026-04-02,الدمام,latest
Wasselni,google_play,نقل,خدمة عادية,3,2026-04-02,الطائف,latest
Sary,google_play,عمل_حر,يحتاج تحسين في الحماية,2,2026-04-02,الرياض,latest
Sary,google_play,عمل_حر,تجربة جيدة بشكل عام,4,2026-04-02,الدمام,latest
