platform,channel_or_tag,sector,text,date,message_id,_cached
Telegram,CreemUber,نقل,"Want to create your own bot?
Go to @Manybot",2026-04-03,2534808,
Telegram,mnadabaldahh,توصيل,بكره طالع من ابها للباحة الي يبي شي خاص,2026-04-03,252893,
Telegram,mnadabaldahh,توصيل,٥٩,2026-04-03,252891,
Telegram,mnadabaldahh,توصيل,60,2026-04-03,252890,
Telegram,mnadabaldahh,توصيل,ولو راحو في اوبر يدفعون اقل شي ٧٠,2026-04-03,252889,
Telegram,mnadabaldahh,توصيل,ويشوفونها كثير,2026-04-03,252888,
Telegram,mnadabaldahh,توصيل,هذي ما تاكل عيش والله,2026-04-03,252887,
Telegram,mnadabaldahh,توصيل,تشوف ولا حق التعب,2026-04-03,252886,
Telegram,mnadabaldahh,توصيل,الله يسعدك ذي مو حقت بنزين بس الله يرزقك يارب,2026-04-03,252885,
Telegram,mnadabaldahh,توصيل,يب حلوه بالضبط,2026-04-03,252884,
Telegram,mnadabaldahh,توصيل,١٥ ههههههههههههههههههههههههههههههههههههههههههههههههههههههههههههه,2026-04-03,252883,
Telegram,mnadabaldahh,توصيل,كم السعر اللي زي الناس,2026-04-03,252882,
Telegram,mnadabaldahh,توصيل,مين يوصل من العقيق لممشى الحاويه بسعر زي الناس ؟,2026-04-03,252881,
Telegram,mnadabaldahh,توصيل,خاص,2026-04-03,252880,
Telegram,mnadabaldahh,توصيل,ابغى نقل شهري من العقيق للجامعة اللي بالعقيق ويلتزم بالدوام,2026-04-03,252878,
Telegram,mnadabaldahh,توصيل,سلام عليكم فيه احد ساعه ١٢ او ١ وحده فاضي اليل ابي من بلجرشي الا الباحه العزيمه ممكن تخلص وحده ابي احد يكون موجود وقتها علشان يرجعني الباحه,2026-04-03,252877,
Telegram,mnadabaldahh,توصيل,بكره طالع من قلوه الى الباحه الي يبي شيء,2026-04-03,252876,
Telegram,mnadabaldahh,توصيل,خمسين حقها,2026-04-03,252892,
Telegram,mnadabaldahh,توصيل,اي والله بغيت اقولها تروح اوبر و لا تجي هنا وتحط السعر اللي تبيه,2026-04-03,252894,
Telegram,mnadabaldahh,توصيل,حصلت حصلت بس معنا خوينا محمد فرفوش شوي,2026-04-03,252874,
Telegram,mnadabaldahh,توصيل,ههههههههههههه,2026-04-03,252895,
Telegram,mnadabaldahh,توصيل,انشهد والله,2026-04-03,252910,
Telegram,mnadabaldahh,توصيل,سلام عليكم فيه احد ساعه ١٢ او ١ وحده فاضي اليل ابي من بلجرشي الا الباحه العزيمه ممكن تخلص وحده ابي احد يكون موجود وقتها علشان يرجعني الباحه,2026-04-03,252909,
Telegram,mnadabaldahh,توصيل,"عندي 2 مكيفات اسبلت 
واحد استعمال 4 شهور والثاني سنه وشهرين اللي يبيهم خاص",2026-04-03,252908,
Telegram,mnadabaldahh,توصيل,اي والله اسمك تروح وانت مرتاح في سيارتك وتشغل الي تبيه ازين من انهم يركبون معك تحس انك مخنوق مايمديك تسوي شي,2026-04-03,252907,
Telegram,mnadabaldahh,توصيل,في احد في بني سار؟,2026-04-03,252906,
Telegram,mnadabaldahh,توصيل,رايح العقيق ويوصل ب ٢٠ وين يرجال وانا اروح لحالي خله يخسر علي  ولا اوصل ب ٢٠ للعقيق,2026-04-03,252905,
Telegram,mnadabaldahh,توصيل,والله اشوف اغلب قروبات المدن حاطين اسعار ثابته نفس جوا الحي ب ١٠ ويزيد معى الكيلو وبرا الحي ب ٢٠ ويزيد معى الكيلو,2026-04-03,252904,
Telegram,mnadabaldahh,توصيل,شف انا معك اذا الشخص نفسه رايح العقيق,2026-04-03,252903,
Telegram,mnadabaldahh,توصيل,سلامات والله ماسويتها,2026-04-03,252902,
Telegram,mnadabaldahh,توصيل,بكم التوصير في اوبر من العقيق لين الباحه ؟,2026-04-03,252901,
Telegram,mnadabaldahh,توصيل,اشوف ناس تودي من 20 من العقيق للباحه وش يستفيد,2026-04-03,252900,
Telegram,mnadabaldahh,توصيل,حقها فوق 60,2026-04-03,252899,
Telegram,mnadabaldahh,توصيل,واذا وصلتهم ب ٣٠ يقولون خليها ٢٥ ولا حق الروحه والجيه والله لازم نحط اسعار موحده,2026-04-03,252898,
Telegram,mnadabaldahh,توصيل,فاضي بالمندق وضواحيها اي مشوار والا طلب خاص,2026-04-03,252897,
Telegram,mnadabaldahh,توصيل,"ابي اكاسره بس 
هههههههههههههههههههههههههههههههههههههههههههههههههههههههههههههه",2026-04-03,252896,
Telegram,mnadabaldahh,توصيل,وسط الباحه حد يبي مشوار توصيل طلب,2026-04-03,252875,
Telegram,mnadabaldahh,توصيل,هونت معد بوصل ههههههههههههه,2026-04-03,252873,
Telegram,jad_app,توصيل,هذا كل شي قدامك واضح,2026-04-03,70922,
Telegram,jad_app,توصيل,اي ادري,2026-04-03,70954,
Telegram,jad_app,توصيل,الإعلانات قريبآ,2026-04-03,70950,
Telegram,jad_app,توصيل,اي نعم التسجيل متاح,2026-04-03,70949,
Telegram,jad_app,توصيل,وش ذا تطبيق جاد,2026-04-03,70948,
Telegram,jad_app,توصيل,سلام عليكم,2026-04-03,70947,
Telegram,jad_app,توصيل,فعلوه بالرياض ولالا,2026-04-03,70946,
Telegram,jad_app,توصيل,"**اسعد الله أوقاتكم بكل خير** 💛

**دعمكم😍 للتغريدة وعمل رتويت**  🔂
https://x.com/i/status/2038953975999807634",2026-04-03,70939,
Telegram,jad_app,توصيل,كويس,2026-04-03,70933,
Telegram,jad_app,توصيل,ايش اسمهن,2026-04-03,70931,
Telegram,jad_app,توصيل,تواصل معهم بعد العصر,2026-04-03,70930,
Telegram,jad_app,توصيل,طيب المفروض حسابات الكباتن جاهزه تكون مو فيها مشاكل,2026-04-03,70929,
Telegram,jad_app,توصيل,الأحد أو الاثنين بالكثير,2026-04-03,70928,
Telegram,jad_app,توصيل,ومتى ينطلق ان شاءالله,2026-04-03,70927,
Telegram,jad_app,توصيل,"الأمور تبشر بالخير 
احكم بعد انطلاق التطبيق رسميا",2026-04-03,70926,
Telegram,jad_app,توصيل,تواصل معهم وقت الدوام,2026-04-03,70925,
Telegram,jad_app,توصيل,اي شركه ما تعرف تدير نفسها راح تفشل من البدايه وشكرا,2026-04-03,70924,
Telegram,jad_app,توصيل,تطبيق نقل ركاب,2026-04-03,70951,
Telegram,jad_app,توصيل,ف جده فيه طلبات,2026-04-03,70957,
Telegram,mnadabaldahh,توصيل,سلام عليكم فيه احد ساعه ١٢ او ١ وحده فاضي اليل ابي من بلجرشي الا الباحه العزيمه ممكن تخلص وحده ابي احد يكون موجود وقتها علشان يرجعني الباحه,2026-04-03,252872,
Telegram,jad_app,توصيل,"🔴**تطبيق جاد الدخــــــــــــول** **بقـــــــــوة** ✅

**وتم إضافة وصول**👍👏👏

**المنافس الاول في عالــــــم** **التوصيل** 

**تم اضافة وصول مع تطبيق جاد** ✅



تفعيل الحسابات
كابتن 🧑‍✈️كابتنة🧕 
اذا مطابق شروط هيئة النقل 
للسعوديين وابن المواطنة فقط 
جميع المستندات سارية ✅
موديل السياره لايقبل عن2017🚗


ايفون 
https://apps.apple.com/sa/app/jad-driver/id6463896609


أندرويد 
https://play.google.com/store/apps/details?id=online.jad.fuodzdeliveryboy",2026-04-03,70966,
Telegram,mnadabaldahh,توصيل,هههههههههههههههههههههههههههههههههههههههههههههههههههههههههههههه,2026-04-03,252871,
Telegram,mnadabaldahh,توصيل,يالله سجل فدا يالشيخ,2026-04-03,252870,
Telegram,mnadabaldahh,توصيل,خاص,2026-04-03,252869,
Telegram,mnadabaldahh,توصيل,سلام اللي يفهم ف اجارات السياره يرسلي خاص,2026-04-03,252868,
Telegram,mnadabaldahh,توصيل,احد يوصل مشوار من العقيق للباحه,2026-04-03,252867,
Telegram,mnadabaldahh,توصيل,شكله كنسل من مرام هههههههههههههههههههههههههههههههههههههههههههههههههههههههههههههههههههههههههههههههههههههههههههههههههه,2026-04-03,252866,
Telegram,mnadabaldahh,توصيل,"الحين البنت طلبت مشوار الساعه ١٢ 
وشبكم",2026-04-03,252865,
Telegram,mnadabaldahh,توصيل,"قول مشاء الله 
اللهم زد وبارك يارب 🤲",2026-04-03,252864,
Telegram,mnadabaldahh,توصيل,هي تقول الساعه ١٢ يمني,2026-04-03,252863,
Telegram,mnadabaldahh,توصيل,هههههههههههههههههههههههههههههههههههههههههههههههههههههههههههههه,2026-04-03,252862,
Telegram,mnadabaldahh,توصيل,سلام عليكم فيه احد ساعه ١٢ او ١ وحده فاضي اليل ابي من بلجرشي الا الباحه,2026-04-03,252861,
Telegram,mnadabaldahh,توصيل,لا مقفلين الجمعه,2026-04-03,252860,
Telegram,jad_app,توصيل,من امس,2026-04-03,70982,
Telegram,jad_app,توصيل,سجلت بالتطبيق بس ماتفعل حسابي وش الوضع,2026-04-03,70981,
Telegram,jad_app,توصيل,"خدمة العملاء 
تطبيق جاد الرقم الموحد 
اتصال واتساب
920017523
وقت الدوام 



رقم دعم تطبيق جاد 
0550397098

🔴تواصل معهم واتساب للتفعيل 
wa.me/966550397098

الاستفسارات",2026-04-03,70967,
Telegram,mnadabaldahh,توصيل,انت باقي صامل روحه ورجعه 150 تبي,2026-04-03,252911,
Telegram,mnadabaldahh,توصيل,راوحه بس مابي رجعه,2026-04-03,252912,
Telegram,mnadabaldahh,توصيل,انا راجع بيتي بكون,2026-04-03,252913,
Telegram,mnadabaldahh,توصيل,كم العدد ؟,2026-04-03,252980,
Telegram,mnadabaldahh,توصيل,سياره عائليه,2026-04-03,252976,
Telegram,mnadabaldahh,توصيل,ابي احد يودينا البوليفارد,2026-04-03,252975,
Telegram,mnadabaldahh,توصيل,في الحجرة اللي يبغى شيء خاص,2026-04-03,252974,
Telegram,mnadabaldahh,توصيل,"تشير التوقعات الواردة من المركز الوطني للأرصاد إلى هطول أمطار بمشيئة الله متوسطة على منطقة الباحة (الباحة – بلجرشي – المندق – بني حسن – القرى – غامد الزناد - العقيق) من يوم الجمعة إلى يوم الاثنين (من03/ 04 إلى 06/  04 /2026م)
والدفاع المدني يهيب بالجميع أخذ الحيطة والحذر والالتزام بتعليماته.. جعلها الله أمطار خير وبركة وعم بنفعها ارجاء البلاد.. تعاونكم هدفنا.. وسلامتكم غايتنا..",2026-04-03,252973,
Telegram,mnadabaldahh,توصيل,وين موقعك طيب,2026-04-03,252971,
Telegram,mnadabaldahh,توصيل,ببلجرشي احد يبي شي,2026-04-03,252970,
Telegram,mnadabaldahh,توصيل,خاص,2026-04-03,252968,
Telegram,mnadabaldahh,توصيل,احد يوصل من مخطط جدره الى مقابل بنده,2026-04-03,252967,
Telegram,mnadabaldahh,توصيل,خاص,2026-04-03,252966,
Telegram,mnadabaldahh,توصيل,طيب توصل لي ؟,2026-04-03,252964,
Telegram,mnadabaldahh,توصيل,زحمه ماسكين طابور,2026-04-03,252963,
Telegram,mnadabaldahh,توصيل,ابي احد يوصل لي قهوه من بي فاين ب 15 لين رغدان,2026-04-03,252962,
Telegram,mnadabaldahh,توصيل,متواجد بالممشى اي مشوار يتواصل معي,2026-04-03,252961,
Telegram,mnadabaldahh,توصيل,حول الموسى وبني سار اللي يبي شي خاص,2026-04-03,252960,
Telegram,mnadabaldahh,توصيل,طالع من العقيق للباحه اي طلب او توصيل خاص,2026-04-03,252956,
Telegram,mnadabaldahh,توصيل,موجود في الباحة اي مشوار او طلب خاص,2026-04-03,252978,
Telegram,mnadabaldahh,توصيل,فاضي وحول القرى الي يبي شي يكلمني نازل الباحة,2026-04-03,252981,
Telegram,mnadabaldahh,توصيل,جاك اللي بيخليك تدفع ٤٠ من العقيق إلى بهر هههههههههههههههههه,2026-04-03,252914,
Telegram,mnadabaldahh,توصيل,احد ف العقيق ؟,2026-04-03,252982,
Telegram,KeeTarider,توصيل,15كليو مكتوب,2026-04-03,254465,
Telegram,KeeTarider,توصيل,لوصل ب11 15كيلو,2026-04-03,254466,
Telegram,KeeTarider,توصيل,مكافاه كم تاخذ وتنزلي؟,2026-04-03,254468,
Telegram,mnadabaldahh,توصيل,اي,2026-04-03,252996,
Telegram,mnadabaldahh,توصيل,ضروري!,2026-04-03,252995,
Telegram,mnadabaldahh,توصيل,خاص,2026-04-03,252993,
Telegram,mnadabaldahh,توصيل,خاص,2026-04-03,252991,
Telegram,mnadabaldahh,توصيل,"السلام عليكم 

مين فاضي يوصلني",2026-04-03,252990,
Telegram,mnadabaldahh,توصيل,"🚨 كباتن الباحة 🚨


🔴 إدارة القروب غير مسؤولة عن أي نزاع 
يحصل بين المناديب والزبائن

🔴 وغير مسؤولة عن أمانة السائق وأخلاقه
🔴 وغير مسؤولة عن أمانة المندوب والعميل
🔴 في حال وجود أي مشكلة بلغ الإدارة 
       أو المشرفين خاص.
🔴  لا يُسمح بأي محتوى مسيء 
       أو مخالف للدين أو الذوق العام.

🚨 القروب لايتحمل 
اي  مسؤلية اذا تم النصب عليك ➡️🚨",2026-04-03,252989,
Telegram,mnadabaldahh,توصيل,أورفا,2026-04-03,252988,
Telegram,mnadabaldahh,توصيل,سلام عليكم مساء الخير افضل مطعم مشويات في الباحة لاهنتم,2026-04-03,252987,
Telegram,mnadabaldahh,توصيل,متوفر مستكة معطرة لطلب خاص,2026-04-03,252986,
Telegram,mnadabaldahh,توصيل,مع بني سار متجه الباحه,2026-04-03,252985,
Telegram,mnadabaldahh,توصيل,ياشباب الفحص شغالين السبت,2026-04-03,252984,
Telegram,mnadabaldahh,توصيل,السلام عليكم احتاج سواقه توصلني من شهبا الي غابه رغدان,2026-04-03,252983,
Telegram,mnadabaldahh,توصيل,اي طلبات ولا مشاوير خاص,2026-04-03,252955,
Telegram,mnadabaldahh,توصيل,محرك من بني حسن للمندق مشوار او توصيل ارسل,2026-04-03,252954,
Telegram,mnadabaldahh,توصيل,متواجد بالمندق وضواحيها لتوصيل الطلبات والمشاوير خاص,2026-04-03,252952,
Telegram,mnadabaldahh,توصيل,مين عند اوساكا,2026-04-03,252951,
Telegram,mnadabaldahh,توصيل,مين ف البلد العقيق,2026-04-03,252931,
Telegram,mnadabaldahh,توصيل,لقمه العيش صعبه هههههههههههههههههههههههههههههههههههههههههههههههههههههه,2026-04-03,252930,
Telegram,mnadabaldahh,توصيل,فعلاً والله اني حبيتك,2026-04-03,252929,
Telegram,mnadabaldahh,توصيل,الله لا يجعلني خذيتها وين يبوي,2026-04-03,252928,
Telegram,mnadabaldahh,توصيل,"اجل كم تحسبها يالشاطر شكلك انت اللي توصل ب ١٥ يولد
هههههههههههههههههههههههههههههههههههههههههههههههههههههههههههههه",2026-04-03,252927,
Telegram,mnadabaldahh,توصيل,ذي حتى اوبر م بعطيكم اياها,2026-04-03,252926,
Telegram,mnadabaldahh,توصيل,خلها تكره ذا الحق مايزعل,2026-04-03,252925,
Telegram,mnadabaldahh,توصيل,ريالين للكيلو وعليك الحسبه يالشيخ,2026-04-03,252924,
Telegram,mnadabaldahh,توصيل,انا مايجلطتي الى الي يبغا يروح من العقيق لين كرا ب ١٥ هاذي قرابة ٤٠ كيلو روحه ورجعه يعني مشوار نص ساعه سلامات,2026-04-03,252923,
Telegram,mnadabaldahh,توصيل,والله مالكم داعي كرهتو البنت تجي الباحة هههههههههههههههههههههههههههههههههههههههههههههههههههههههههههههههههههههههههههههههههههههههههههههههههه,2026-04-03,252922,
Telegram,mnadabaldahh,توصيل,روحه 100,2026-04-03,252921,
Telegram,mnadabaldahh,توصيل,"◂ [المستخدم](tg://user?id=8274076370) تم التعرف عليه كحساب وهمي من الاسم وتم طرده
[-
༄「 ∂ιαмση∂](https://t.me/diamondsabot)",2026-04-03,252920,
Telegram,mnadabaldahh,توصيل,"♔ العضو » [سكليف](tg://user?id=8274076370)
- محتوى ممنوع وتم حذفه 
[-
༄「 ∂ιαмση∂](https://t.me/diamondsabot)",2026-04-03,252919,
Telegram,mnadabaldahh,توصيل,"♔ العضو » [سكليف](tg://user?id=8274076370)
- محتوى إعلاني وتم حذفه
[-
༄「 ∂ιαмση∂](https://t.me/diamondsabot)",2026-04-03,252918,
Telegram,mnadabaldahh,توصيل,"العضو سكليف (حساب مشبوه)وتم طرده
[-
༄「 ∂ιαмση∂](https://t.me/diamondsabot)",2026-04-03,252917,
Telegram,mnadabaldahh,توصيل,"والله ما صارت يا رفيقي حتى ولو 
هههههههههههههههههههههههههههههههههههههههههههههههههههههههههههههه",2026-04-03,252932,
Telegram,mnadabaldahh,توصيل,خاص,2026-04-03,252933,
Telegram,mnadabaldahh,توصيل,حنا نتكلم نتكلم وفي الاخير بننحد نفس كل مره يجون ناس يوصلون على باب الله ب ١٥ و ١٠,2026-04-03,252934,
Telegram,mnadabaldahh,توصيل,ماهو معقول اوصل من العقيق إلى بهر ب ١٥ ولا حق الخط و البنزين,2026-04-03,252944,
Telegram,mnadabaldahh,توصيل,"﴿يَا أَيُّهَا النَّبِيُّ إِنَّا أَرْسَلْنَاكَ شَاهِدًا وَمُبَشِّرًا وَنَذِيرًا • وَدَاعِيًا إِلَى اللهِ بِإِذْنِهِ وَسِرَاجًا مُّنِيرًا﴾.

«اللَّهُمَّ صَلِّ وَسَلِّمْ وَبَارِكْ عَلَى نَبِيِّنَا مُحَمَّدٍ وَاجْزِهِ عَنَّا أفْضَلَ مَا جَزَيْتَ نَبِيًّا عَنْ أُمَّتِهِ ، اللَّهُمَّ أوْزِعْنَا بِهَدْيِهِ وَاسْتَعْمِلْنَا بِسُنَّتِهِ وَتَوَفَّنَا عَلَى مِلَّتِهِ وَاحْشُرْنَا فِي زُمْرَتِهِ ، اللَّهُمَّ أوْرِدْنَا حَوْضَهُ وَاسْقِنَا مِنْهُ مَشْرَبًا رَوِيًّا سَائِغًا هَنِيًّا لَا نَظْمَأُ بَعْدَهُ أبَدًا ، اللَّهُمَّ ألْحِقْنَا بِنَبِيِّنَا هُدَاةً مُهْتَدِينَ غَيْرَ مُبَدِّلِينَ وَلَا مُرْتَابِينَ مَعَ الَّذِينَ أنْعَمْتَ عَلَيْهِمْ مِنَ النَّبِيِّينَ وَالصِّدِّيقِينَ وَالشُّهَدَاءِ وَالصَّالِحِينَ وَحَسُنَ أُولَئِكَ رَفِيقًا».",2026-04-03,252950,
Telegram,mnadabaldahh,توصيل,اقل شي 50,2026-04-03,252949,
Telegram,mnadabaldahh,توصيل,مين فيه يجيب لي من بي فاين لبلخزمر   ب اقل من خمسين,2026-04-03,252948,
Telegram,mnadabaldahh,توصيل,اهمشي انت مبسوط ي نواف؟,2026-04-03,252947,
Telegram,mnadabaldahh,توصيل,هذا كلام المنطق يسلام,2026-04-03,252946,
Telegram,mnadabaldahh,توصيل,اتمنى الكل يفهم ذا الشي المناديب كثير و اوبر موجود وشوف كم يعطونك حق التوصيل اقل من ٣٠ ما معك,2026-04-03,252945,
Telegram,mnadabaldahh,توصيل,والله ي اخوان كل مندوب يحط السعر الي يعجبه الراكب ما أعجبه السعر يقدر يشوف مندوب ثاني او يشغل اوبر ترا شغال,2026-04-03,252943,
Telegram,mnadabaldahh,توصيل,ياخي ي نواف يقلبي القروب فيه 16 الف اذ م ناسبك السعر يناسب غيرك,2026-04-03,252935,
Telegram,mnadabaldahh,توصيل,ابد اذا ناسبك انت رح وصلها والله يرزقك,2026-04-03,252942,
Telegram,mnadabaldahh,توصيل,مين موجود في بني سار ضروري,2026-04-03,252941,
Telegram,mnadabaldahh,توصيل,يروح روحي انت نتكلم بالمنطق اذا ان اللي بيوصل من من حي لحي او من مكان لمكان ثاني يبعد حول العشرين كيلو  ب عشره او ١٥ عزالله محد استرزق,2026-04-03,252940,
Telegram,mnadabaldahh,توصيل,وين موقعك,2026-04-03,252939,
Telegram,mnadabaldahh,توصيل,يعني عشان المبلغ م ناسبك قومت وقعدت القروب,2026-04-03,252937,
Telegram,mnadabaldahh,توصيل,ابي توصيل سياره كبيره,2026-04-03,252936,
Telegram,jad_app,توصيل,وشكرا,2026-04-03,70923,
Telegram,jad_app,توصيل,اقولك مايرد ولا يرجع يتواصل,2026-04-03,70920,
Telegram,KSA_Uber_Group,نقل,أولوية يعني اغراء سعري,2026-04-03,852575,
Telegram,KSA_Uber_Group,نقل,الله,2026-04-03,852512,
Telegram,KSA_Uber_Group,نقل,اذا نزل قبل يقل السعر وادا ما حط نقطة توفف مايزيد افضل شئ يحط لك اكرامية افضل من نقطة توقف,2026-04-03,852516,
Telegram,KSA_Uber_Group,نقل,مستويات اوبر,2026-04-03,852518,
Telegram,KSA_Uber_Group,نقل,"■ مستويات اوبر ■


¤ المستوى الازرق:
- برنامج تغطية الحوادث.
- خصومات على زيت السيارة.

¤ المستوى الذهبي:
- يظهر مستواك للعميل في حال طلبه لك.
- يظهر تقييم العملاء لك، أرائهم وتعليقاتهم.
- أولوية تلقي الدعم في مكاتب التسجيل.

¤ المستوى البلاتيني:
- تفضيلات المناطق.
- وجهة إضافية.
- أولوية تلقي الدعم في مكاتب التسجيل.
- أوقات إنتظار أقل لعمليات الالتقاء في المطار.
- ظهور مستواك في تطبيق الراكب.
- تثبيت المستوى.
- برنامج التغطية التأمينية للشركاء ضد أضرار الإصابات. 
- خصومات على زيت السيارات، وخدمات وسائل التنقل.

¤ المستوى الالماسي:
- تفضيلات المناطق.
- أولوية تلقي الدعم في مكاتب التسجيل.
- وجهة إضافية. 
- أوقات إنتظار أقل لعمليات الالتقاء في المطار.
- ظهور مستواك في تطبيق الراكب.
- تثبيت المستوى.
- برنامج التغطية التأمينية للشركاء ضد أضرار الإصابات. 
- خصومات على زيت السيارات، وخدمات وسائل التنقل.
[-
༄「 ∂ιαмση∂ 💎」🇸🇦](https://t.me/diamondsabot)",2026-04-03,852519,
Telegram,KSA_Uber_Group,نقل,"وذا دخلك حرام عليك 
شكلك تقبل ابو ١٠ و ٧ ريال",2026-04-03,852521,
Telegram,KSA_Uber_Group,نقل,😏,2026-04-03,852522,
Telegram,KSA_Uber_Group,نقل,روح للبوست,2026-04-03,852523,
Telegram,KSA_Uber_Group,نقل,وصول ذا مب بلاك,2026-04-03,852524,
Telegram,KSA_Uber_Group,نقل,البوست شرق تخيس ماتلقا بلاك وكمفورت,2026-04-03,852525,
Telegram,KSA_Uber_Group,نقل,هههههههههه,2026-04-03,852526,
Telegram,KSA_Uber_Group,نقل,السلام عليكم ورحمة الله وبركاته,2026-04-03,852527,
Telegram,KSA_Uber_Group,نقل,جنون,2026-04-03,852528,
Telegram,KSA_Uber_Group,نقل,التسعيره الصباحيه اتفق معك والله,2026-04-03,852529,
Telegram,KSA_Uber_Group,نقل,عشانك بدون بوست,2026-04-03,852530,
Telegram,KSA_Uber_Group,نقل,وشو ذا بعد,2026-04-03,852531,
Telegram,KSA_Uber_Group,نقل,فيه وجه الوقت ذا ؟,2026-04-03,852532,
Telegram,KSA_Uber_Group,نقل,من زحمة الطلبات جاني مشوار ونا معي عميل باقي على وصولنا ١٧ دقيقة,2026-04-03,852515,
Telegram,KSA_Uber_Group,نقل,وش السالفه,2026-04-03,852511,
Telegram,KSA_Uber_Group,نقل,بالعافية عليك,2026-04-03,852534,
Telegram,KSA_Uber_Group,نقل,"شباب بالذات اللي يشتكي من عدم دفع العميل للمبلغ عن طريق الهرب او الاحتيال بحجة التحويل خذ احتياطك من بدري في حال قبلت الطلب علما ان تقييم العميل يظهر قبل قبول الطلب 
اي تقييم منخفض تحت ٤.٨٠ او تقييم جديد يكون الاغلب ٥ في اوبر وبولت اما كريم اذا حساب جديد يكون تقييمه ٤.٥ والمشوار 
#مدفوع_نقداً لازم تعمل بالاسباب مهما كانت يكون ١بين كل ١٠٠ مشوار يسحب عليك ولا كل شوي عميل ساحب عليك بقبول على عماها 
تبلغ العميل ان مشواره نقدا وتتاكد منه البعض يقول بحول لك انت و اسلوبك الرفض او تمشي معه عندك عدة طرق تسويها توفر خدمة نقاط البيع مثل الجهاز او توفير خدمة التطبيق بجهاز اندرويد 🚫لا تقدم على الخدمة اذا شغلك قليل مرة او باقي على انتهاء عمر سيارتك بالتطبيقات شهور قليلة في حال انك ما تستطيع تكمل 🚫
وفر خدمة stc pay او توقف عند صرافة قبل انتهاء الرحلة 

المشاوير الطويلة+ تقييم منخفض او ٥ + #مدفوع_نقداً = خذ احتياطك
مشوار اعلى ذروة+تقييم منخفض او ٥ + #مدفوع_نقداً =خذ احتياطك
مشوار بحي تعرفه سيء+ تقييم منخفض او ٥ + #مدفوع_نقداً = خذ احتياطك 
مشوار اخر الليل + تقييم منخفض او ٥ + #مدفوع_نقداً =خذ احتياطك
مشوار بدون وجهه +نقداً +تقييم منخفض = خذ احتياطك 
وخلي عندك معلومة عن التعويض بجميع التطبيقات لا تزودها معنا ترى مسؤليتك تحصيل المبلغ اذا كررت كل شوي تطلب تعويض
𝕋𝕌ℝ𝕂𝕀 𝔻𝔸𝕄𝕄𝔸𝕄
[-
༄「 ∂ιαмση∂ 💎」🇸🇦](https://t.me/diamondsabot)",2026-04-03,852508,
Telegram,KSA_Uber_Group,نقل,ليش طيب,2026-04-03,852483,
Telegram,KSA_Uber_Group,نقل,ماعدلوه,2026-04-03,852484,
Telegram,KSA_Uber_Group,نقل,انتضر هنا يمكن يجيني شي ولا,2026-04-03,852485,
Telegram,KSA_Uber_Group,نقل,🤔,2026-04-03,852486,
Telegram,KSA_Uber_Group,نقل,هل النسبة تأثر على الطلبات ؟,2026-04-03,852488,
Telegram,KSA_Uber_Group,نقل,علامة الذروة وش تعني ومتى وكيف استفيد منها,2026-04-03,852493,
Telegram,KSA_Uber_Group,نقل,المزاحميه من قرطبه ٩٤,2026-04-03,852494,
Telegram,KSA_Uber_Group,نقل,ردود,2026-04-03,852495,
Telegram,KSA_Uber_Group,نقل,"اكتب الكلمة بين القوسين في التكست يجيك الرد الي

1 - { قيود الامان } ⇜ ( صوره ) 
2 - { مشاكل الخرائط } ⇜ ( نص) 
3 - { حساب الأرباح } ⇜ ( نص) 
4 - { التنظيم والالتزام } ⇜ ( نص) 
5 - { قوانين القروب } ⇜ ( نص) 
6 - { دعم النقل الموجه } ⇜ ( نص) 
7 - { فهد } ⇜ ( نص) 
8 - { فئات اوبر } ⇜ ( نص) 
9 - { جدول السيارات } ⇜ ( نص) 
10 - { الكمفورت } ⇜ ( نص) 
11 - { نصائح } ⇜ ( نص) 
12 - { تفعيل المطار } ⇜ ( نص) 
13 - { مبادرة وصول } ⇜ ( نص) 
14 - { مشوار نقدا } ⇜ ( نص) 
15 - { قناة التيك توك } ⇜ ( نص) 
16 - { التسجيل } ⇜ ( نص) 
17 - { رفع تقييم } ⇜ ( نص) 
18 - { افضل الاوقات } ⇜ ( نص) 
19 - { مشاوير المطار } ⇜ ( نص) 
20 - { مستويات اوبر } ⇜ ( نص) 
21 - { نسبة التطبيقات } ⇜ ( نص) 
22 - { عروض وضمانات البونص } ⇜ ( نص) 
23 - { تحويل المستحقات } ⇜ ( نص) 

➖➖➖
[-
༄「 ∂ιαмση∂ 💎」🇸🇦](https://t.me/diamondsabot)",2026-04-03,852496,
Telegram,KSA_Uber_Group,نقل,6,2026-04-03,852497,
Telegram,KSA_Uber_Group,نقل,دعم النقل الموجه,2026-04-03,852501,
Telegram,KSA_Uber_Group,نقل,"طريقة الاستفادة من دعم النقل الموجّه 🚗💸 (خطوة بخطوة)

1️⃣ سجّل في التطبيقات المرخصة:
مثل:
أوبر، كريم، بولت، كيان، وصليني، جيني
(لازم تكون نشط بالتطبيق)

2️⃣ استخرج وثيقة العمل الحر - نقل موجه:
 • ادخل على موقع freelance.sa
 • عبي البيانات واختر “نقل موجه”
 • الوثيقة تصدر خلال أقل من 24 ساعة
 • حتى لو عندك وثيقة منتهية، جدّدها

3️⃣ ادخل على موقع طاقات بعد إصدار الوثيقة:
 • تأكد أن ملفك مكتمل في طاقات وجدارات
 • عبي كل البيانات المطلوبة حتى لو ما عندك دخل حالياً
 • اختر: برامجنا → دعم العمل الحر → مسار النقل الموجه
 • عب البيانات كاملة، بعدين انتظر التدقيق

شروط الأهلية:
 • ما تكون طالب
 • ما يكون عندك سجل تجاري
 • ما تكون مسجل في التأمينات
 • ما تكون متقاعد
 • ما يكون عندك دعم سابق من طاقات

إذا كنت مستوفي الشروط، بيجيك إشعار، وتقدر تشوف حالة حسابك في طاقات:
نَشِط / غير نشِط

4️⃣ طريقة احتساب الدعم:
 • يتم حساب الدخل الإجمالي
 •شامل الضريبة والنسبة
 • 
⚠️ ملاحظة مهمّة:
إذا واجهت مشاكل مثل:
 • عدم احتساب الرحلات
 • تأخير في الصرف
 • أخطاء في الحالة

تواصل مع دعم طاقات عبر الموقع أو الرقم الموحد.
[-
༄「 ∂ιαмση∂ 💎」🇸🇦](https://t.me/diamondsabot)",2026-04-03,852502,
Telegram,KSA_Uber_Group,نقل,اسوأ موقع,2026-04-03,852503,
Telegram,KSA_Uber_Group,نقل,كل الطلبات سيرفر,2026-04-03,852506,
Telegram,KSA_Uber_Group,نقل,مشوار نقدا,2026-04-03,852507,
Telegram,KSA_Uber_Group,نقل,اكله,2026-04-03,852533,
Telegram,KSA_Uber_Group,نقل,حقين النسيم شيلوه,2026-04-03,852535,
Telegram,qwfffgh,توصيل,مثل اوبر تشوف التعليق وتشوف تقييم الراكب لك,2026-04-03,468032,
Telegram,KSA_Uber_Group,نقل,امر,2026-04-03,852555,
Telegram,KSA_Uber_Group,نقل,لقيت الجوال؟,2026-04-03,852557,
Telegram,KSA_Uber_Group,نقل,اذا ما لقيت شي طنشه,2026-04-03,852559,
Telegram,KSA_Uber_Group,نقل,نفس المشوار هذا حقه ٧ ريال معطينك ذروة اضافيه,2026-04-03,852561,
Telegram,KSA_Uber_Group,نقل,ادخل وراسلهم,2026-04-03,852562,
Telegram,KSA_Uber_Group,نقل,بيتعدل,2026-04-03,852563,
Telegram,KSA_Uber_Group,نقل,انقذنا بوجه يابو معاذ,2026-04-03,852564,
Telegram,KSA_Uber_Group,نقل,لاهنت يبوي,2026-04-03,852565,
Telegram,KSA_Uber_Group,نقل,الا اذا انت ما مشيت على الخريطة,2026-04-03,852566,
Telegram,KSA_Uber_Group,نقل,ياشباب انتبهو من الحراميه اول كانو يرسلون روح جيب لي غرض واحاسبك الحين صارو يتصلون,2026-04-03,852567,
Telegram,KSA_Uber_Group,نقل,شغال لي يومين نزلت طلب لدرعية,2026-04-03,852568,
Telegram,KSA_Uber_Group,نقل,سلام عليكم ي الربع كيف احصل شهادة خلو السوابق من ابشر,2026-04-03,852569,
Telegram,KSA_Uber_Group,نقل,الحل ي شباب,2026-04-03,852570,
Telegram,KSA_Uber_Group,نقل,السلام عليكم هذي وش يعني اوبر ايش ؟,2026-04-03,852571,
Telegram,KSA_Uber_Group,نقل,شخصيه مهمه,2026-04-03,852572,
Telegram,KSA_Uber_Group,نقل,🤣🤣,2026-04-03,852573,
Telegram,KSA_Uber_Group,نقل,بخصوص الذورة يخوان اتمنى تفيدوني,2026-04-03,852556,
Telegram,KSA_Uber_Group,نقل,؟,2026-04-03,852554,
Telegram,KSA_Uber_Group,نقل,يعافيك يوحش😘,2026-04-03,852536,
Telegram,KSA_Uber_Group,نقل,يمكن تكلم من رقم ثاني,2026-04-03,852553,
Telegram,KSA_Uber_Group,نقل,ماش مالي علم بضروه من  الرمضان,2026-04-03,852537,
Telegram,KSA_Uber_Group,نقل,زيادة دخل,2026-04-03,852538,
Telegram,KSA_Uber_Group,نقل,نفس كذا,2026-04-03,852539,
Telegram,KSA_Uber_Group,نقل,طلب واحد اليوم ما فيه طلبات شمال الرياض,2026-04-03,852541,
Telegram,KSA_Uber_Group,نقل,متاكد ؟,2026-04-03,852542,
Telegram,KSA_Uber_Group,نقل,وش سيارتك,2026-04-03,852543,
Telegram,KSA_Uber_Group,نقل,اليوم نشفااان,2026-04-03,852544,
Telegram,KSA_Uber_Group,نقل,معقوله مافيه توجيه,2026-04-03,852545,
Telegram,KSA_Uber_Group,نقل,ماشاء الله اللي شغال بدون بوست  الله يعينه سافرت وراح علي,2026-04-03,852546,
Telegram,KSA_Uber_Group,نقل,ارزاق 😂,2026-04-03,852547,
Telegram,KSA_Uber_Group,نقل,فئه البلاك يالربع وين نوجه,2026-04-03,852548,
Telegram,KSA_Uber_Group,نقل,شباب فيه راكب بلغ انه فاقد جواله معي كيف الطريقه؟,2026-04-03,852549,
Telegram,KSA_Uber_Group,نقل,تواصل معه,2026-04-03,852550,
Telegram,KSA_Uber_Group,نقل,مشرفين القروب يحتاج تصفية 😉,2026-04-03,852551,
Telegram,KSA_Uber_Group,نقل,طيب المشكله ارسل الرقم بس ما اتصل فيه مشكله يقدر يسويه علي ؟,2026-04-03,852552,
Telegram,KSA_Uber_Group,نقل,دور لك طلب جديد 🤣🤣🤣,2026-04-03,852482,
Telegram,KSA_Uber_Group,نقل,عادي,2026-04-03,852481,
Telegram,KSA_Uber_Group,نقل,سكبها,2026-04-03,852480,
Telegram,qwfffgh,توصيل,الصلاة يا عياد الله قوموا صلوا واطلبوا ربكم,2026-04-03,468050,
Telegram,qwfffgh,توصيل,"صدقت وكثير منهم يعطيك وضعية 
النحشششششششة",2026-04-03,468052,
Telegram,qwfffgh,توصيل,ا😂😂😂😂😂👌 اي والله,2026-04-03,468053,
Telegram,qwfffgh,توصيل,والله حقيقه جيني يدمرك ويفقرك . ويتلف اعصابك ما تلحق تاخذ طلب يناسبك .,2026-04-03,468055,
Telegram,qwfffgh,توصيل,كود خصم جيني,2026-04-03,468058,
Telegram,qwfffgh,توصيل,متى سمحوا للاجانب؟؟؟,2026-04-03,468064,
Telegram,qwfffgh,توصيل,اطلب الان من تطبيق جيني حق العملاء إذا ماجاك اجنبي قل أنا كذاب وباسمه وسيارته بعد يعني مو حساب مستأجر  من مواطن,2026-04-03,468065,
Telegram,qwfffgh,توصيل,جيني حطة معدل القبول,2026-04-03,468066,
Telegram,qwfffgh,توصيل,‏سلام عليكم يا شباب مساكم الله بالخير كيف حالكم طيبين أقول الله يسعدكم حد معاه كود حقي غيار الزيت حق جيني الله لا لا هنتم أبي اغير زيت,2026-04-03,468067,
Telegram,qwfffgh,توصيل,"**اسعد الله أوقاتكم بكل خير** 💛

**دعمكم😍 للتغريدة وعمل رتويت**  🔂
https://x.com/i/status/2038953975999807634",2026-04-03,468069,
Telegram,qwfffgh,توصيل,لاتفوتوا الدعاء في آخر ساعة من نهار ‎الجمعة فإنها ‎ساعة_استجابة,2026-04-03,468070,
Telegram,qwfffgh,توصيل,جنوون جيني ميّت فالرياض,2026-04-03,468072,
Telegram,qwfffgh,توصيل,اخر مره شفته كذا قبل سنة ونص,2026-04-03,468073,
Telegram,qwfffgh,توصيل,صادق ماني مستغرب. هيئة النقل لا ارى لا اسمع. لا اتكلم,2026-04-03,468074,
Telegram,qwfffgh,توصيل,الاسعار في الويكند. بلاش🤣🤣🤣🤣🤣🤣,2026-04-03,468075,
Telegram,qwfffgh,توصيل,😂😂,2026-04-03,468077,
Telegram,qwfffgh,توصيل,"ليش تغلقيني سيارته خلال سنه يبي لك 20, 000الف تصلحها خاصه السياره موديل 25 26 للمعلومه انجس عملاء تبع جيني",2026-04-03,468051,
Telegram,qwfffgh,توصيل,والله بعضهم حدته الظروف لكن لو توقفون شغل التطبيق شوي يرفعون الأسعار,2026-04-03,468049,
Telegram,KSA_Uber_Group,نقل,احد عنده علم؟,2026-04-03,852479,
Telegram,qwfffgh,توصيل,واضف للمعضلة الكبيرة بعد تشغيل العمالة الأجنبية كثير فالتطبيق يعني عساك تلحق لك طلب او طلبين,2026-04-03,468048,
Telegram,qwfffgh,توصيل,سلام عليكم,2026-04-03,468033,
Telegram,qwfffgh,توصيل,عيال في احد في المطار,2026-04-03,468034,
Telegram,qwfffgh,توصيل,كيف طلبات,2026-04-03,468035,
Telegram,qwfffgh,توصيل,ايوه نعم,2026-04-03,468036,
Telegram,qwfffgh,توصيل,في نتظار واجد يابعدي,2026-04-03,468037,
Telegram,qwfffgh,توصيل,ولا لا,2026-04-03,468038,
Telegram,qwfffgh,توصيل,ما في طلبات نهائيا,2026-04-03,468039,
Telegram,qwfffgh,توصيل,لا ما في زحمه,2026-04-03,468040,
Telegram,qwfffgh,توصيل,مربوط برقم الهوية,2026-04-03,468041,
Telegram,qwfffgh,توصيل,بله ماتعب نفسي,2026-04-03,468042,
Telegram,qwfffgh,توصيل,ما أنصحك تشتغلون في جيني لأسباب كثيرة,2026-04-03,468043,
Telegram,qwfffgh,توصيل,منها عدم التعويض,2026-04-03,468044,
Telegram,qwfffgh,توصيل,والأسعار السيئة,2026-04-03,468045,
Telegram,qwfffgh,توصيل,والأسعار مقارنة بالمسافة بعيدة,2026-04-03,468046,
Telegram,qwfffgh,توصيل,اللي يشتغل بيجيني على دعوه من الوالده انا ربي يدمر حياته,2026-04-03,468047,
Telegram,qwfffgh,توصيل,‏من ساعة فاتح التطبيق ولا طلب استغربت خشيت على تطبيق إلا هو موديني السودان,2026-04-03,468078,
Telegram,qwfffgh,توصيل,م فهمته كيف,2026-04-03,468079,
Telegram,qwfffgh,توصيل,وين اللي يقولون  حقين النقل بيخلون التسجيل عن طريق نفاذ وبيحشرون الاجانب خرطي,2026-04-03,468080,
Telegram,qwfffgh,توصيل,ليكون اقفل المطلوب و اخرتها م تجيني المكافاة,2026-04-03,468081,
Telegram,KSA_Uber_Group,نقل,بسالكم وش فئات اوبر ؟,2026-04-03,852447,
Telegram,KSA_Uber_Group,نقل,بلاك كمفورت اكس ال و فئات الاقتصادية,2026-04-03,852448,
Telegram,KSA_Uber_Group,نقل,؟,2026-04-03,852451,
Telegram,KSA_Uber_Group,نقل,أندرويد اوتو,2026-04-03,852453,
Telegram,KSA_Uber_Group,نقل,👀.,2026-04-03,852454,
Telegram,KSA_Uber_Group,نقل,قد صارت لي طول مانفك بعدين أرسلت لهم قول حضر حجزت موعد  وأنفك على حسب الموظف وش يقولك عن السبب,2026-04-03,852455,
Telegram,KSA_Uber_Group,نقل,طيب الفئة الاقتصاديه بمكان نشيط زي جدة والدمام كم فيها ربح خلال ست ساعات كم متوسط الربح ؟,2026-04-03,852456,
Telegram,KSA_Uber_Group,نقل,الشرقية و لا جدة,2026-04-03,852463,
Telegram,KSA_Uber_Group,نقل,"اوبر عندها برمجيات خاصة توقف الحسابات في حالة اشتباه في احتيال مالي  


مثل / 
الاتفاق مع العميل وتلغي الطلب وتاخذه خارجي  .
كذلك  حالات الدفع الالكتروني تستكمل الرحلة دون وجود العميل .

وكذلك في الدفع الكاش  تاخذ المبلغ وتضع لم يدفع العميل  .

البرمجيات شكلها لخبطت  واوقفت  الحساب
 وعند عرضه  للمراجعة البشرية من الدعم الفني  .
 تاكدوا وما لقوا شي عليك ورفعوا الايقاف  عنك",2026-04-03,852464,
Telegram,KSA_Uber_Group,نقل,الشرقيه,2026-04-03,852465,
Telegram,KSA_Uber_Group,نقل,"الشرقية عندك ابو عبدالله تقدر تسئله

@turkidammam",2026-04-03,852466,
Telegram,KSA_Uber_Group,نقل,النزهة فيه شي ولا,2026-04-03,852467,
Telegram,KSA_Uber_Group,نقل,مافي توجيه اليوم اي طلب سعره زين اخذه 🤙,2026-04-03,852469,
Telegram,KSA_Uber_Group,نقل,وش العلم ياربع عيو يعدلونه لي؟,2026-04-03,852473,
Telegram,KSA_Uber_Group,نقل,😉,2026-04-03,852478,
Telegram,KSA_Uber_Group,نقل,سلام عليكم,2026-04-03,852446,
Telegram,KSA_Uber_Group,نقل,اوه تو اشوف الوقت م ركزت,2026-04-03,852445,
Telegram,KSA_Uber_Group,نقل,كفو,2026-04-03,852442,
Telegram,KSA_Uber_Group,نقل,"وعليكم السلام 
وش السياره ؟",2026-04-03,852428,
Telegram,qwfffgh,توصيل,"السلام عليكم ورحمة الله وبركاته. اخواني اخواتي. من يبي يستثمر فلوسه ادلة على شركة استثمار 
يتوصل معي",2026-04-03,468087,
Telegram,KSA_Uber_Group,نقل,بيني وبينه ٢٠ دقيقه😂,2026-04-03,852423,
Telegram,KSA_Uber_Group,نقل,"السلام عليكم 
متى اغير ريديتر الماء حق السياره ؟ او اشيك عليه متى ؟ وزيت القير احد يشرح لي",2026-04-03,852424,
Telegram,KSA_Uber_Group,نقل,من زمان عن الاسعار هذي,2026-04-03,852425,
Telegram,KSA_Uber_Group,نقل,فيه افضل منه,2026-04-03,852426,
Telegram,KSA_Uber_Group,نقل,عشان بوست ٢٣ ريال,2026-04-03,852427,
Telegram,KSA_Uber_Group,نقل,"وعليكم السلام 
الرديتر يتزود فقط اذا مافي مشاكل 
زيت القير الافضل من 60 - 80 الف",2026-04-03,852430,
Telegram,KSA_Uber_Group,نقل,تقعد نص ساعه عشان توصله واخر شي يلغيه,2026-04-03,852441,
Telegram,KSA_Uber_Group,نقل,"هل انا طبيعي اشتغل اسبوع واريح اسبوع 
ولا الافضل اني اشتغل نفس نظام الشركات النفط الي يداومون اسبوعين ويفكون اسبوع 
من الي مثلي ماخذها دوام كامل",2026-04-03,852431,
Telegram,KSA_Uber_Group,نقل,بطل,2026-04-03,852432,
Telegram,KSA_Uber_Group,نقل,يعني بيصير السعر اقل اذا وديته وماحط وجهه,2026-04-03,852434,
Telegram,KSA_Uber_Group,نقل,عسل,2026-04-03,852438,
Telegram,KSA_Uber_Group,نقل,نظامك مجنون خصوصا اسبوع رواتب,2026-04-03,852439,
Telegram,KSA_Uber_Group,نقل,يا ساتر يبعد عنك 25 ؟؟؟,2026-04-03,852440,
Telegram,KeeTarider,توصيل,٣٠ كيلو,2026-04-03,254464,
Telegram,KeeTarider,توصيل,هذا حلو ب18,2026-04-03,254463,
Telegram,KeeTarider,توصيل,كيتا قحط من ستة ومن سبعة,2026-04-03,254462,
Telegram,Bolt_Bo,توصيل,سلام عليكم استفسار ياخوان الدعم  يشمل المتقاعدين ولا فقط العاطل,2026-04-03,920661,
Telegram,Bolt_Bo,توصيل,يلا,2026-04-03,920663,
Telegram,Bolt_Bo,توصيل,احد يعرف وش المشكلة؟,2026-04-03,920665,
Telegram,Bolt_Bo,توصيل,بشباب وين الشغل في جده,2026-04-03,920667,
Telegram,Bolt_Bo,توصيل,والله مافيه شغل في جده,2026-04-03,920668,
Telegram,Bolt_Bo,توصيل,وسط جدة اكيد,2026-04-03,920669,
Telegram,Bolt_Bo,توصيل,زحمة,2026-04-03,920670,
Telegram,Bolt_Bo,توصيل,روح التحلية طلبات ماتوقف,2026-04-03,920671,
Telegram,Bolt_Bo,توصيل,براحتك,2026-04-03,920672,
Telegram,Bolt_Bo,توصيل,والله في الشمال مافيه,2026-04-03,920673,
Telegram,Bolt_Bo,توصيل,طبيعيي اليوم الجمعة ترا حتى لوجاك طلب حيكون بعيد عنك,2026-04-03,920674,
Telegram,Bolt_Bo,توصيل,المشكلة الزحمه,2026-04-03,920675,
Telegram,Bolt_Bo,توصيل,يروح وقتك كله في الزحمه,2026-04-03,920676,
Telegram,Bolt_Bo,توصيل,ياخوان عندي لكم دكتور  ممتاز وثقه الي عنده بحث تكليف- عرض برزنتيشن - رسالة - مشروع تخرج. يعلمني بعطيكم رقمه ويفيدكم كثيير.,2026-04-03,920677,
Telegram,Bolt_Bo,توصيل,لانك ما تكنس,2026-04-03,920678,
Telegram,Bolt_Bo,توصيل,"ياشباب الحذر من المعرف هذا واللي ارسلني له تراه نصاب كبير ولاعنده سالفه 
للاسف حولت له وباقي الاجراءات الامنيه بكملها ان شاللله",2026-04-03,920679,
Telegram,Bolt_Bo,توصيل,فيه احد شغال كيان,2026-04-03,920662,
Telegram,Bolt_Bo,توصيل,ليش معدل القبول عندي ينقص ؟,2026-04-03,920660,
Telegram,Bolt_Bo,توصيل,[فالكم الفوز صقورنا](tg://user?id=5056511985)  هذا المعرف اتمنى الادمن يشيله,2026-04-03,920681,
Telegram,Bolt_Bo,توصيل,سلام عليكم كيف اقدر اسحب المبلغ في كيان ي اخوان,2026-04-03,920658,
Telegram,Bolt_Bo,توصيل,اي تقدر عن طريق البر,2026-04-03,920593,
Telegram,Bolt_Bo,توصيل,بس مدري كيف تحصلهم,2026-04-03,920594,
Telegram,Bolt_Bo,توصيل,للسعوديين فقط,2026-04-03,920600,
Telegram,Bolt_Bo,توصيل,"ادري اقدر انا جاهز 
بس كيف الطريقة 
وفرصة لنا وللشباب مشوار البحرين ب300 وفوق
الجسر والبنزين والتامين 100 و200 بالجيب",2026-04-03,920602,
Telegram,Bolt_Bo,توصيل,"**اسعد الله أوقاتكم بكل خير** 💛

**دعمكم😍 للتغريدة وعمل رتويت**  🔂
https://x.com/i/status/2038953975999807634",2026-04-03,920605,
Telegram,Bolt_Bo,توصيل,للكويت فوق ال ٢٠٠٠,2026-04-03,920608,
Telegram,Bolt_Bo,توصيل,ارفع السعر,2026-04-03,920609,
Telegram,Bolt_Bo,توصيل,وقت الحرب,2026-04-03,920610,
Telegram,Bolt_Bo,توصيل,اذا هاذا بولت قد صارت معي كثير.. وقت الزحام مايجيبلك التوقيت دقيق.. واحيان قوقل ماب يجيبلك الطريق الخطأ.. عشان كذا شف طريق بولت وحطه في قوقل,2026-04-03,920636,
Telegram,Bolt_Bo,توصيل,بولت دايم كذا اقبل الطلب على اساس انه العميل يبعد عني دقيقتين و اذا قبلت وحطيت الموقع في قوقل ماب يطلع ٧ دقايق و مشوار العميل برضو نفس الطريقه مثلا اقبله على اساس ٢٥ دقيقه فجئه يصير ٤٠ او اكثر,2026-04-03,920639,
Telegram,Bolt_Bo,توصيل,السلام عليكم اللي في مطار الملك عبدالعزيز الدولي جده في شغل ؟؟,2026-04-03,920640,
Telegram,Bolt_Bo,توصيل,سلام عليكم تقيم السايق عندي 74٪,2026-04-03,920641,
Telegram,Bolt_Bo,توصيل,السلام عليكم مساء الخير يا اخوان سجلت بالتطبيق ولي ثلاث ايام وما تفعل للان كم يبغاله ويتفعل,2026-04-03,920642,
Telegram,Bolt_Bo,توصيل,"عيال الرياض
وين الشغل عندكم فالويكند",2026-04-03,920656,
Telegram,Bolt_Bo,توصيل,في البيت,2026-04-03,920657,
Telegram,Bolt_Bo,توصيل,كم جلدك ؟,2026-04-03,920680,
Telegram,Bolt_Bo,توصيل,105 دفعة بلا ان شالله,2026-04-03,920682,
Telegram,KeeTarider,توصيل,يبقى أسعاره افضل بكثير من كيتا,2026-04-03,254461,
Telegram,Bolt_Bo,توصيل,احد يعرف الحل؟,2026-04-03,920703,
Telegram,Bolt_Bo,توصيل,بس كل ماتفتح الشباك كثير تروح بسرعه,2026-04-03,920705,
Telegram,Bolt_Bo,توصيل,صادق ولا ؟,2026-04-03,920708,
Telegram,Bolt_Bo,توصيل,اي,2026-04-03,920710,
Telegram,Bolt_Bo,توصيل,ياخوان قطعت إشاره وصورني ساهر مرتين وصار لها ثلاث أيام بتنزل لي تتوقعون ؟,2026-04-03,920725,
Telegram,Bolt_Bo,توصيل,من٣ الى٧ ايام,2026-04-03,920727,
Telegram,Bolt_Bo,توصيل,ارحبوا يا قروب بولت,2026-04-03,920744,
Telegram,Bolt_Bo,توصيل,انا رجال اخذت رقم من اخوي وسجلت به    طلع اخوي سبق سجل في بولت بالرقم قبل سنتين,2026-04-03,920745,
Telegram,Bolt_Bo,توصيل,اللحين كيف اسجل     أطلع رقم جديد,2026-04-03,920746,
Telegram,Bolt_Bo,توصيل,ادع ربك انها ما تجي,2026-04-03,920747,
Telegram,mnadabaldahh,توصيل,في احد يوديني من الغابه ل سكاي ؟,2026-04-03,253121,
Telegram,mnadabaldahh,توصيل,ابغى مندوب يوصل من رست لبني ضبيان,2026-04-03,253120,
Telegram,mnadabaldahh,توصيل,ب ٢٥,2026-04-03,253119,
Telegram,mnadabaldahh,توصيل,خاص,2026-04-03,253118,
Telegram,mnadabaldahh,توصيل,ابغى توصيل لحكاية رباح، في الرماية انا,2026-04-03,253117,
Telegram,mnadabaldahh,توصيل,ابغى نقل شهري من العقيق للجامعة اللي بالعقيق ويلتزم بالدوام,2026-04-03,253116,
Telegram,Bolt_Bo,توصيل,شغل المكيف وفك الشباك وبعدين خل المكيف يسحب من برا بعدها رش عطر وخلي السحب داخلي وقفل الشبابيك وامورك طيبه,2026-04-03,920704,
Telegram,Bolt_Bo,توصيل,يعيال هذا حرامي يبغا احد يحوله تكلم الموظف يقولك حولي على حسابي اسويها لك,2026-04-03,920702,
Telegram,Bolt_Bo,توصيل,محترم والله مو طماع,2026-04-03,920683,
Telegram,Bolt_Bo,توصيل,رش معطر مفارش في فلتر المكيف تروح,2026-04-03,920700,
Telegram,Bolt_Bo,توصيل,يارجل ضعيف,2026-04-03,920684,
Telegram,Bolt_Bo,توصيل,عند الله مايضيع شي والامور طيبه الحمدلله,2026-04-03,920685,
Telegram,Bolt_Bo,توصيل,"ونعم بالله 
خير ما قلت",2026-04-03,920686,
Telegram,Bolt_Bo,توصيل,قد سوا لك بلوك او باقي ؟,2026-04-03,920687,
Telegram,Bolt_Bo,توصيل,نصابين انتبه,2026-04-03,920688,
Telegram,Bolt_Bo,توصيل,خابرهم,2026-04-03,920689,
Telegram,Bolt_Bo,توصيل,"⚠️**تنبية** 

🔴**احذر**

**من الحسابات والمواقع المزيفة التي تنتحل** **صفة **
**غير صحيحة وتهدف إلى بيع سلع أو تقديم** **خدمات**.

⚠️** لايوجد شي اسمه تفعيل حسابات** **التوصيل برسوم** ❌

⚠️**لايوجد شي اسمه فك حظر الحسابات في** **جميع تطبيقات التوصيل برسوم **.❌

⚠️**لايوجد شي اسمه حسابات للبيع أو** **الإيجار كلها نصب واحتيال منتشره من** **مجهولين**.❌


**قنـــــــــــــاة الــكبـــــــــاتن**
https://t.me/Captains_7_Channel",2026-04-03,920690,
Telegram,Bolt_Bo,توصيل,دفعة بلا ان شالله,2026-04-03,920691,
Telegram,Bolt_Bo,توصيل,ياشباب خذيت مشوار مدته 5دقايق والله وريحته خايسه جدا جدا جدا لدرجت شريت معطر ولا راحت اكتشفت انها ناشبه في المرتبه انجده وش الحل 😂😂,2026-04-03,920692,
Telegram,Bolt_Bo,توصيل,روح مغسله يشيلونها,2026-04-03,920693,
Telegram,Bolt_Bo,توصيل,كيف الشغل الان يااهل الشرقية؟,2026-04-03,920695,
Telegram,Bolt_Bo,توصيل,انا زيك خذيت بنت مشوار مدري هي طقعت ولا عندها بخاخ الريحه الخايسه الريحه نشبت فسياره اسبوع لدرجه كل ماشغلت المكيف اشم الريحه,2026-04-03,920696,
Telegram,Bolt_Bo,توصيل,اذا جت ريحه قويه بالموتر وكل ماشغلت مكيف رجعت روح غسلها وينظفونها من داخل وغير فلتر مكيف,2026-04-03,920697,
Telegram,Bolt_Bo,توصيل,اكتب بقوقل سويفت بنك STC BANK يظهر لك,2026-04-03,920698,
Telegram,Bolt_Bo,توصيل,**STCJSARIXXX**,2026-04-03,920699,
Telegram,Bolt_Bo,توصيل,"كيف الشغل بمطار الملك فهد 
فيه رحلات كويتيه وبحرينية هل نقدر نوصلهم لديرتهم ونستفيد ؟",2026-04-03,920592,
Telegram,Bolt_Bo,توصيل,"انا نفس مشكلتك بس انا كنت استخدمه وليا شهر كذا 
سويت جميع المحاولات نفس الشي",2026-04-03,920590,
Telegram,Bolt_Bo,توصيل,حسابي له ٣ سنين ما قد استخدمته,2026-04-03,920589,
Telegram,Bolt_Bo,توصيل,حتى الويكند زففففففففت,2026-04-03,920485,
Telegram,Bolt_Bo,توصيل,نبي اقتراحات أعمال وش رايكم في ناقل؟؟ ؟؟,2026-04-03,920487,
Telegram,Bolt_Bo,توصيل,بولت والله جيد,2026-04-03,920498,
Telegram,Bolt_Bo,توصيل,حسابي موقف,2026-04-03,920503,
Telegram,Bolt_Bo,توصيل,تواصيل,2026-04-03,920506,
Telegram,Bolt_Bo,توصيل,التفويض يكفي ولا لازم مالك,2026-04-03,920508,
Telegram,Bolt_Bo,توصيل,"يمشي التفويض 
يكون داخلي وخارجي",2026-04-03,920509,
Telegram,Bolt_Bo,توصيل,معنى رقم سيارة,2026-04-03,920511,
Telegram,Bolt_Bo,توصيل,انا سويت بدون تفويض واوصل الحبن,2026-04-03,920512,
Telegram,Bolt_Bo,توصيل,"صباح الخير 
ياخوان ماهر رمز سويفت البنك ادا كنت بضيف stc",2026-04-03,920514,
Telegram,Bolt_Bo,توصيل,بولت يقبل من موديلات كم ؟,2026-04-03,920515,
Telegram,Bolt_Bo,توصيل,افيدوني جزاكم الله خير,2026-04-03,920516,
Telegram,Bolt_Bo,توصيل,عن رقم سويفت البنك,2026-04-03,920517,
Telegram,Bolt_Bo,توصيل,انت راجحي ولا ايش,2026-04-03,920518,
Telegram,Bolt_Bo,توصيل,Stc,2026-04-03,920519,
Telegram,Bolt_Bo,توصيل,وش افضل,2026-04-03,920520,
Telegram,Bolt_Bo,توصيل,لازم نشوف شغله جديده ولا تطبيق ثقه,2026-04-03,920486,
Telegram,Bolt_Bo,توصيل,كيف ياناس,2026-04-03,920484,
Telegram,Bolt_Bo,توصيل,السلام عليكم احد يعرف ايش المشكله,2026-04-03,920588,
Telegram,Bolt_Bo,توصيل,المشاوير صارت بلاش,2026-04-03,920483,
Telegram,Bolt_Bo,توصيل,سلام عليكم,2026-04-03,920458,
Telegram,Bolt_Bo,توصيل,عيال في طلبات,2026-04-03,920459,
Telegram,Bolt_Bo,توصيل,المطار,2026-04-03,920460,
Telegram,Bolt_Bo,توصيل,ولا,2026-04-03,920461,
Telegram,Bolt_Bo,توصيل,مطار,2026-04-03,920462,
Telegram,Bolt_Bo,توصيل,ايه,2026-04-03,920464,
Telegram,Bolt_Bo,توصيل,أنا سال,2026-04-03,920465,
Telegram,Bolt_Bo,توصيل,هههههههههههههههههههههههههههههههههههههههههههه هههههههههههههههههههههههههههههههههههههههههههه هههههههههههههههههههههههههههههههههههههههههههه,2026-04-03,920466,
Telegram,Bolt_Bo,توصيل,"عيال
اذ بضيف سيارة اضيف السيارة الجديدة واحذف السيارة القديمة صح",2026-04-03,920467,
Telegram,Bolt_Bo,توصيل,نعم صحيح,2026-04-03,920468,
Telegram,Bolt_Bo,توصيل,أنا عيبته,2026-04-03,920469,
Telegram,Bolt_Bo,توصيل,الحوالات الظاهر الاحد ٥ ابريل,2026-04-03,920472,
Telegram,Bolt_Bo,توصيل,اشوفه حلو ومو حلو,2026-04-03,920473,
Telegram,Bolt_Bo,توصيل,ياعيال كل واحد يصورلنا دخله اليومي بنشوف بولت,2026-04-03,920474,
Telegram,Bolt_Bo,توصيل,كيف الشغل في الرياض؟؟ ؟؟,2026-04-03,920482,
Telegram,Bolt_Bo,توصيل,عندي كل شيء,2026-04-03,920521,
Telegram,Bolt_Bo,توصيل,حاطين 17 بس قدم و شف على حسب موترك,2026-04-03,920522,
Telegram,Bolt_Bo,توصيل,يخوان أيش حل هذي المشكلة,2026-04-03,920526,
Telegram,Bolt_Bo,توصيل,مع العلم ان كل مستنداتي محدثة,2026-04-03,920527,
Telegram,Bolt_Bo,توصيل,"السلام عليكم 

في بولت كيف اضيف راحه",2026-04-03,920568,
Telegram,Bolt_Bo,توصيل,خذلك صغير وحطه هنا,2026-04-03,920569,
Telegram,Bolt_Bo,توصيل,لا,2026-04-03,920571,
Telegram,Bolt_Bo,توصيل,و اندرايف ؟,2026-04-03,920572,
Telegram,Bolt_Bo,توصيل,السلام عليكم جددتت تامين,2026-04-03,920573,
Telegram,Bolt_Bo,توصيل,وللحين الحساب معلق,2026-04-03,920574,
Telegram,Bolt_Bo,توصيل,كيف اشغله,2026-04-03,920575,
Telegram,Bolt_Bo,توصيل,حد مصري هنا,2026-04-03,920579,
Telegram,Bolt_Bo,توصيل,تطبيقات النقل الموجه فقط للسعوديين نرجوا عدم مخالفة قوانين البلد,2026-04-03,920580,
Telegram,Bolt_Bo,توصيل,صادق,2026-04-03,920581,
Telegram,Bolt_Bo,توصيل,ممنوع اطلع برا,2026-04-03,920582,
Telegram,Bolt_Bo,توصيل,مساءكم الله بالخير,2026-04-03,920583,
Telegram,Bolt_Bo,توصيل,اطلع معاه انت,2026-04-03,920584,
Telegram,Bolt_Bo,توصيل,يا رجال امس جاني مشوار ٣٤ ريال والمسافة ٢٥ كيلو استانست وقبلته وكانت الصدمة ان المدة ساعة من قوة الزحمة,2026-04-03,920585,
Telegram,Bolt_Bo,توصيل,من طريق انس بن مالك الى المربع,2026-04-03,920586,
Telegram,Bolt_Bo,توصيل,يشمل كل برامج التوصيل جيني أوبر بولت وغيره,2026-04-03,920567,
Telegram,Bolt_Bo,توصيل,من وين أخذت هالحامل ؟؟؟,2026-04-03,920566,
Telegram,Bolt_Bo,توصيل,الدعم النقل الموجه يشمل بولت ؟,2026-04-03,920565,
Telegram,Bolt_Bo,توصيل,أتفهم قلقك. تم رفض طلبك من الجهة المحلية المختصة، لذا يلزم حل المشكلة مباشرةً معهم. إذا كنت تعتقد أن الرفض تم بالخطأ، يمكنك تقديم استئناف من داخل التطبيق، وسيظهر لك خيار الاستئناف ضمن صفحة حالة الحساب أو الإشعارات.,2026-04-03,920541,
Telegram,Bolt_Bo,توصيل,عن طريق التطبيق أو الايميل 👆,2026-04-03,920528,
Telegram,Bolt_Bo,توصيل,تواصلت ولكن مع الأسف ما تم توجيهي بشكل كافي,2026-04-03,920529,
Telegram,Bolt_Bo,توصيل,2013 ما يقبلون,2026-04-03,920533,
Telegram,Bolt_Bo,توصيل,وش الحل يخوان,2026-04-03,920535,
Telegram,Bolt_Bo,توصيل,الوو,2026-04-03,920539,
Telegram,Bolt_Bo,توصيل,كيفكم اليوم ان شاء الله,2026-04-03,920540,
Telegram,Bolt_Bo,توصيل,نفس المشكله كان اول الفحص وخلصته مدري وش الحل,2026-04-03,920542,
Telegram,Bolt_Bo,توصيل,يا اهل دعم النقل الموجه دفعة فبراير نزلت لكم ولا لسا,2026-04-03,920562,
Telegram,Bolt_Bo,توصيل,والله شغله,2026-04-03,920544,
Telegram,Bolt_Bo,توصيل,تواصل معهم عن طريق التطبيق أو الايميل,2026-04-03,920545,
Telegram,Bolt_Bo,توصيل,دعم بولت,2026-04-03,920546,
Telegram,Bolt_Bo,توصيل,السلام عليكم يا شباب عندي سوال انا الحين مطلع سياره من البنك و باقي اقسط فيها ٣ سنين لي تقريبا و جتني رساله عشان الاستماره بتنتهي مو المفروض ما تنتهي الا بعد ٥ سنين يوم اخلص الاقساط؟؟؟؟,2026-04-03,920554,
Telegram,Bolt_Bo,توصيل,لا تنتهي بعد ٣,2026-04-03,920555,
Telegram,Bolt_Bo,توصيل,تسدد رسومها وتحجز فحص وتراجع البنك بالايصال ويرجعون لك المبلغ حق الفحص,2026-04-03,920556,
Telegram,mnadabaldahh,توصيل,خاص,2026-04-03,253115,
Telegram,mnadabaldahh,توصيل,احد يوصلي من البولي واكل ؟,2026-04-03,253114,
Telegram,mnadabaldahh,توصيل,العقيق اي طلب او مشوار خاص,2026-04-03,253113,
Telegram,KeeTarider,توصيل,يارجال اول مره اسجل بسجل يقولي هويتك مستخدمه وش الطريقه ارفع بنقل ايش عشان تنحل الاشكاليه,2026-04-03,254400,
Telegram,KeeTarider,توصيل,ماقد سجلت من قبل؟,2026-04-03,254402,
Telegram,KeeTarider,توصيل,اذا تبيه يفتح معك سجل بنفس الرقم اللي مسجل فيه اول مره لانه كذا يجيك ممكن سجلت قبل فتره وانت ناسي وصار كذا يجيك قد صارت لي,2026-04-03,254403,
Telegram,KeeTarider,توصيل,وانا نفس الشي لكن الرقم اللي كنت مسجله في انسحب عليا ايش الحل,2026-04-03,254404,
Telegram,KeeTarider,توصيل,"ي شباب مره مو راضيه تخرج 
خلو السوابق 

هي من اي دايره حكوميه",2026-04-03,254405,
Telegram,KeeTarider,توصيل,"‏                         - قال رسول اللهﷺ  :
                   ‏""إن خير أيامكم يوم الجمعة
‏                    فأكثروا عليَّ من الصلاة فيه"" 
            . اللهمُ صل وسلِم على نبيّنا مُحمدﷺ.",2026-04-03,254406,
Telegram,KeeTarider,توصيل,شباب حساب كيتا انسرق مني كيف ارجعه,2026-04-03,254407,
Telegram,KeeTarider,توصيل,@,2026-04-03,254408,
Telegram,KeeTarider,توصيل,من ابشر,2026-04-03,254409,
Telegram,KeeTarider,توصيل,لازم ترجع الرقم وتسجل فيه,2026-04-03,254410,
Telegram,KeeTarider,توصيل,ابشر يقول عندك طلب سابق,2026-04-03,254411,
Telegram,KeeTarider,توصيل,"السلام عليكم 
رفعت طلب انضمام له يوم متى يقبلونه في العاده ؟",2026-04-03,254412,
Telegram,KeeTarider,توصيل,وتطلع ذي لي,2026-04-03,254414,
Telegram,KeeTarider,توصيل,ارقم قد اخده شخص تاني مو راضي يعطيني الكود,2026-04-03,254415,
Telegram,KeeTarider,توصيل,اطبعها مين جهاز مو من جوال,2026-04-03,254416,
Telegram,KeeTarider,توصيل,انا ابيها تطلع ذلحين مو راضيه اطبعها وهي مخرجة,2026-04-03,254417,
Telegram,KeeTarider,توصيل,-,2026-04-03,254401,
Telegram,KeeTarider,توصيل,"السلام عليكم
كيف طريقة طلب استراحة من التطبيق؟؟",2026-04-03,254399,
Telegram,KeeTarider,توصيل,التسجيل عبر التطبيق نفسه لاتسجل عبر الروابط,2026-04-03,254377,
Telegram,KeeTarider,توصيل,"لازم ترفع كل شي
ظاهر بالصورة انك مو رافع شهادة خلو سوابق لازم ترفعها ايضا عشان تظهر لك ايقونة تعبئة والتوقيع وترسلها",2026-04-03,254398,
Telegram,KeeTarider,توصيل,هل من رد,2026-04-03,254383,
Telegram,KeeTarider,توصيل,راسلهم انك رفعت,2026-04-03,254384,
Telegram,KeeTarider,توصيل,"السلام عليكم
كيف طريقة طلب استراحة من التطبيق؟؟",2026-04-03,254385,
Telegram,KeeTarider,توصيل,ابغا سيارة إيجار في مكة عندي رخصة,2026-04-03,254386,
Telegram,KeeTarider,توصيل,اي سيارة اقتصادية,2026-04-03,254387,
Telegram,KeeTarider,توصيل,من وين,2026-04-03,254388,
Telegram,KeeTarider,توصيل,مشغل جاهز مافيه طلبات دقو دعم يعطوني طلب بعيد عادي ولا عشان مركب كليكر ؟؟,2026-04-03,254389,
Telegram,KeeTarider,توصيل,عادي يدقون كذا,2026-04-03,254390,
Telegram,KeeTarider,توصيل,؟؟,2026-04-03,254391,
Telegram,KeeTarider,توصيل,احتاج حساب كيتا ايجار,2026-04-03,254392,
Telegram,KeeTarider,توصيل,كلهم نصابين انتبه مافي احد يأجر الي ويسرق,2026-04-03,254393,
Telegram,KeeTarider,توصيل,كلامك جميل,2026-04-03,254394,
Telegram,KeeTarider,توصيل,حصل معي قبل كده,2026-04-03,254395,
Telegram,KeeTarider,توصيل,هذا ذكاء اصطناعي عادي خله ما يصير شي لها شهرين كل يوم تجيني,2026-04-03,254396,
Telegram,KeeTarider,توصيل,جزاك الله خير,2026-04-03,254397,
Telegram,KeeTarider,توصيل,يوجد عمل وراتب 5000 من اراد يتواصل معي بالخاص,2026-04-03,254418,
Telegram,KeeTarider,توصيل,كيف ادخل علي نفاذ من الحساب,2026-04-03,254419,
Telegram,KeeTarider,توصيل,عادي مافيها شي. لازم يكون بصورة الشخص الي بيشتغل فيه علشان التحقق,2026-04-03,254420,
Telegram,KeeTarider,توصيل,وقفو حسابي يوم عشان سويت المتجر مغلق,2026-04-03,254421,
Telegram,KeeTarider,توصيل,.,2026-04-03,254444,
Telegram,KeeTarider,توصيل,فيه ناس أصدقاء لي مسوين روحهم مو فاهمين شي ويبيع في هالحسابات وكأنه مضحي بنفسه او ما همه يطيح في مشكلة أمنية. حتى الي واثق منه ممكن هو يأجر الحساب,2026-04-03,254445,
Telegram,KeeTarider,توصيل,مافي مشكله امنيه بتواجهم هم اعرف الناس بي المشاكل بس الي من رحم الله منهم نصابين شغلهم كله حرام,2026-04-03,254446,
Telegram,KeeTarider,توصيل,يؤجر الحساب يخليك تشتغل ويزرف الفلوس,2026-04-03,254447,
Telegram,KeeTarider,توصيل,طيب أنا قدمت كل شي حرفيا وكلشي مزبوط يقبلوا كلشي إلا شهاده خلو سوابق اقدمها ويجيني رد ناسف لازم ارجع ارفعها مرا ثانيه إذا احد عنده علم يفيدني وحطيتها اكثر من كم مرا مافي فايده,2026-04-03,254448,
Telegram,KeeTarider,توصيل,"جرب حطها مع رابط اشهر يظهر في الاعلى

جرب ترفعها من دون جوانب وزيادة(قصها)",2026-04-03,254450,
Telegram,KeeTarider,توصيل,خذلك,2026-04-03,254452,
Telegram,KeeTarider,توصيل,ليش مخفي عدد الكيلو مترات اظهرها عشان نشوف,2026-04-03,254453,
Telegram,KeeTarider,توصيل,فيها شي 10 كيلو للعميل,2026-04-03,254454,
Telegram,KeeTarider,توصيل,كيتا كم يوم يقبل مندوب جديد ؟,2026-04-03,254455,
Telegram,KeeTarider,توصيل,هنقرسيش صار مثل كيتا,2026-04-03,254456,
Telegram,KeeTarider,توصيل,كيف شغل كيتا بالمدينه وكيف افعل حسابي لي اكثر من اربع شهور قيد المراجعه,2026-04-03,254457,
Telegram,KeeTarider,توصيل,مهزله والله,2026-04-03,254458,
Telegram,KeeTarider,توصيل,هنقرسيش ذي السالفة ١١ ريال,2026-04-03,254459,
Telegram,KeeTarider,توصيل,كلم الدعم زيك مراجعة,2026-04-03,254460,
Telegram,KeeTarider,توصيل,عندي للإيجار,2026-04-03,254443,
Telegram,KeeTarider,توصيل,الي عنده كيتا يكلمني,2026-04-03,254442,
Telegram,KeeTarider,توصيل,حرامي,2026-04-03,254441,
Telegram,KeeTarider,توصيل,بلاش تشتغل نهار الجمعة,2026-04-03,254432,
Telegram,KeeTarider,توصيل,صور المخالفة,2026-04-03,254422,
Telegram,KeeTarider,توصيل,كيف طريقته الدعم ذا,2026-04-03,254423,
Telegram,KeeTarider,توصيل,ايش السبب,2026-04-03,254425,
Telegram,KeeTarider,توصيل,رفض صح طلبات,2026-04-03,254426,
Telegram,KeeTarider,توصيل,"لا عشان لغيت طلب من ماك بعد البلاغ مرتين
مخالفه ثانيه رحت مطعم بيتوتي لقيته مقفل وبلغت خدمه العملاء انه المطعم مقفل",2026-04-03,254427,
Telegram,KeeTarider,توصيل,احد عنده حل للرفض في كيتا يفيدنا,2026-04-03,254428,
Telegram,KeeTarider,توصيل,ي شباب التسجيل عبر التطبيق كيتا مفتوح ولا,2026-04-03,254433,
Telegram,KeeTarider,توصيل,كله كذب,2026-04-03,254440,
Telegram,KeeTarider,توصيل,اسجل في حساب سعودي,2026-04-03,254434,
Telegram,KeeTarider,توصيل,شركة جديدة تحتاج للمناديب من اراد يشتغل فيها يكلمني و راتب 5000 ويوجد الزيادة,2026-04-03,254435,
Telegram,KeeTarider,توصيل,كيف  الطريقه,2026-04-03,254436,
Telegram,KeeTarider,توصيل,تعليم يعلمك هذ,2026-04-03,254437,
Telegram,KeeTarider,توصيل,كيف طيب,2026-04-03,254438,
Telegram,KeeTarider,توصيل,حبيبي محد اجبرك تجي تشتغل فتطبيقه انت دامك جاي ومسجل خلاص وصل ولا احذف التطبيق,2026-04-03,254439,
Telegram,KeeTarider,توصيل,ي شاباب فيدونا رفعنا تفويض ل السياره جديده لهم 3 ايام جاري الارسال هل بيردون علينا أو نحذف الحساب او كيف الوضع ؟,2026-04-03,254378,
Telegram,KeeTarider,توصيل,ماني عارف اسجل ايذا عندك رابط رسله لي,2026-04-03,254376,
Telegram,mnadabaldahh,توصيل,ابي مشوار من الغابه الى الحاويه,2026-04-03,253112,
Telegram,mnadabaldahh,توصيل,في الباحه اي طلب خاص,2026-04-03,253073,
Telegram,mnadabaldahh,توصيل,او الباحه,2026-04-03,253071,
Telegram,mnadabaldahh,توصيل,اي طلبات برهوه انا جاهز,2026-04-03,253070,
Telegram,mnadabaldahh,توصيل,ابي توصيل من المول لين بني ضبيان,2026-04-03,253069,
Telegram,mnadabaldahh,توصيل,في العقيق,2026-04-03,253068,
Telegram,mnadabaldahh,توصيل,في احد,2026-04-03,253067,
Telegram,mnadabaldahh,توصيل,"😎⚠️ تنبيه هام جدا ⚠️😎


الرجاء من اخواننا واخواتننا 
⭕️ طالبين المشاوير ⭕️

🔴 طلب رقم لوحة السياره....لسلامتكم
🔴 لون السياره....لسلامتكم
🔴 مديل السياره....لسلامتكم

🔴 من حق اي اخ او اخت طلب المعلومات اعلاه لذلك جراء التنويه 💯

🚨 القروب لايتحمل 
اي  مسؤلية اذا تم النصب عليك 🚨",2026-04-03,253066,
Telegram,mnadabaldahh,توصيل,في الباحه اي طلب او مشوار خاص,2026-04-03,253065,
Telegram,mnadabaldahh,توصيل,فاضي الي يبي شي يتواصل معي,2026-04-03,253063,
Telegram,mnadabaldahh,توصيل,خلاص شكرًا,2026-04-03,253062,
Telegram,mnadabaldahh,توصيل,ابغى مندوب يوصل البيك الى بيضان,2026-04-03,253059,
Telegram,mnadabaldahh,توصيل,"السلام عليكم 
محرك من الباحه للمندق بعد ساعه 
توصيل طلبات طعام البيك كنتاكي ماك مقاهي تفضلوا خاص",2026-04-03,253057,
Telegram,mnadabaldahh,توصيل,في احد يوصل من الطايف لين العقيق,2026-04-03,253056,
Telegram,mnadabaldahh,توصيل,موجود بالعقيق اي طلب او مشوار خاص,2026-04-03,253055,
Telegram,mnadabaldahh,توصيل,ً,2026-04-03,253054,
Telegram,mnadabaldahh,توصيل,في المندق طالع الباحه حد يبي شي,2026-04-03,253051,
Telegram,mnadabaldahh,توصيل,"﴿وَإِذْ قَالَ اللهُ يَا عِيسَى ابْنَ مَرْيَمَ أَأَنتَ قُلْتَ لِلنَّاسِ اتَّخِذُونِي وَأُمِّيَ إِلَهَيْنِ مِن دُونِ اللهِ قَالَ سُبْحَانَكَ مَا يَكُونُ لِي أَنْ أَقُولَ مَا لَيْسَ لِي بِحَقٍّ إِن كُنتُ قُلْتُهُ فَقَدْ عَلِمْتَهُ تَعْلَمُ مَا فِي نَفْسِي وَلَا أَعْلَمُ مَا فِي نَفْسِكَ إِنَّكَ أَنتَ عَلَّامُ الْغُيُوبِ • مَا قُلْتُ لَهُمْ إِلَّا مَا أَمَرْتَنِي بِهِ أَنِ اعْبُدُوا اللهَ رَبِّي وَرَبَّكُمْ وَكُنتُ عَلَيْهِمْ شَهِيدًا مَّا دُمْتُ فِيهِمْ فَلَمَّا تَوَفَّيْتَنِي كُنتَ أَنتَ الرَّقِيبَ عَلَيْهِمْ وَأَنتَ عَلَى كُلِّ شَيْءٍ شَهِيدٌ • إِن تُعَذِّبْهُمْ فَإِنَّهُمْ عِبَادُكَ وَإِن تَغْفِرْ لَهُمْ فَإِنَّكَ أَنتَ الْعَزِيزُ الْحَكِيمُ﴾.

واذكر حين يقول الله يوم القيامة مخاطبًا عيسى ابن مريم عليه السلام : يا عيسى ابن مريم ، هل قلت للناس صَيِّروني وأمي معبودَين من دون الله؟. فأجاب عيسى مُنَزِّهًا ربه : لا ينبغي لي أن أقول لهم إلا الحق ، وإن قُدِّرَ أني قلت ذلك فقد علمتَهُ ؛ لأنه لا يخفى عليك شيء ، تعلم ما أضمره في نفسي ولا أعلم ما في نفسك إنك وحدك من تعلم كل غائب وكل خفي وكل ظاهر .. ما قلتُ للناس إلا ما أمرتَني بقوله من أمرهم بإفرادك بالعبادة ، وكنتُ رَقِيبًا على ما يقولون طيلة وجودي بين أظهرهم ، فلما أنهيتَ مدة بقائي بينهم برفعي إلى السماء حَيًّا كُنتَ يا رب أنت الحفيظ لأعمالهم وأنت على كل شيء شهيد لا يغيب عنك شيء فلا يخفى عليك ما قلتُ لهم وما قالوا بعدي .. إنْ تعذبهم يا رب فإنهم عبادك تفعل بهم ما تشاء وإن تَمنُن على من آمن منهم بالمغفرة فلا مانع لك من ذلك ؛ فأنت العزيز الذي لا يُغالَب الحكيم في تدبيرك.

[المختصر في التفسير].",2026-04-03,253072,
Telegram,mnadabaldahh,توصيل,ابي توصيل باجرشي,2026-04-03,253074,
Telegram,KeeTarider,توصيل,سجل انت وجرب الشغل بنفسك عشان الوضع يختلف من شخص للثاني ومن مدينه لمدينه ثانيه,2026-04-03,254375,
Telegram,mnadabaldahh,توصيل,من وين,2026-04-03,253075,
Telegram,mnadabaldahh,توصيل,متواجد فالغابه,2026-04-03,253111,
Telegram,mnadabaldahh,توصيل,خاص,2026-04-03,253110,
Telegram,mnadabaldahh,توصيل,خاص,2026-04-03,253109,
Telegram,mnadabaldahh,توصيل,احد فاضي في العقيق ؟,2026-04-03,253108,
Telegram,mnadabaldahh,توصيل,في العقيق اي طلب او مشوار خاص,2026-04-03,253107,
Telegram,mnadabaldahh,توصيل,"السلام عليكم 
محرك من الباحه للمندق بعد شوي 
توصيل طلبات طعام مقاهي تفضلوا خاص",2026-04-03,253105,
Telegram,mnadabaldahh,توصيل,في العقيق اي طلب او مشوار خاص,2026-04-03,253104,
Telegram,mnadabaldahh,توصيل,متواجد حول الموسى وبني سار اللي يبي شي خاص,2026-04-03,253103,
Telegram,mnadabaldahh,توصيل,في العقيق اي طلب او مشوار خاص,2026-04-03,253102,
Telegram,mnadabaldahh,توصيل,فاضي بالمندق وضواحيها لتوصيل التطلبات والمشاوير خاص,2026-04-03,253100,
Telegram,mnadabaldahh,توصيل,يالربع مشوار من بنده لبلجرشي ب ١٠؟,2026-04-03,253097,
Telegram,mnadabaldahh,توصيل,ً,2026-04-03,253095,
Telegram,mnadabaldahh,توصيل,طالع من المخواه على الباحه ايشي خاص,2026-04-03,253094,
Telegram,mnadabaldahh,توصيل,خاص اذا بعدك م حصلت,2026-04-03,253091,
Telegram,mnadabaldahh,توصيل,خاص,2026-04-03,253090,
Telegram,mnadabaldahh,توصيل,احد عنده كراسي حقت كشته؟,2026-04-03,253048,
Telegram,mnadabaldahh,توصيل,اهاا معليش,2026-04-03,253047,
Telegram,CreemUber,نقل,"• تم تفعيل البوت ، ساعدنا في نشره جزاك الله خيرًا.

• ربما يتأخر البوت في إيصال الرسائل في البداية بسبب الضغط عليه ، فقط انتظر لبعض الوقت.

• يتعطل البوت عند إرسال /off في المحادثة الخاصة أو المجموعات لذا لا ترسلها ، إن أرسلتها فأرسل /on لتفعيله مرة أخرى ، وعند حذف المحادثة مع البوت سيتم حظره ولن يتمكن من إرسال الرسائل لك.

Use /off to pause your subscription.",2026-04-03,2534807,
Telegram,mnadabaldahh,توصيل,الكوفي,2026-04-03,253044,
Telegram,mnadabaldahh,توصيل,خاص,2026-04-03,253014,
Telegram,mnadabaldahh,توصيل,تعرفون احد يوصل في بيشه؟,2026-04-03,253013,
Telegram,mnadabaldahh,توصيل,مين قريب من الغابه,2026-04-03,253012,
Telegram,mnadabaldahh,توصيل,احد يبي شي بالمخواة؟,2026-04-03,253010,
Telegram,mnadabaldahh,توصيل,مين عند اوساكا,2026-04-03,253009,
Telegram,mnadabaldahh,توصيل,"﴿مَن كَانَ يُرِيدُ ثَوَابَ الدُّنْيَا فَعِندَ اللهِ ثَوَابُ الدُّنْيَا وَالْآخِرَةِ وَكَانَ اللهُ سَمِيعًا بَصِيرًا﴾.

«اللَّهُمَّ أصْلِحْ لَنَا دِينَنَا الَّذِي هُوَ عِصْمَةُ أمْرِنَا ، وَأصْلِحْ لَنَا دُنْيَانَا الَّتِي فِيهَا مَعَاشُنَا ، وَأصْلِحْ لَنَا آخِرَتَنَا الَّتِي إلَيْهَا مَعَادُنَا ، وَاجْعَلِ الحَيَاةَ زِيَادَةً لَنَا فِي كُلِّ خَيْرٍ ، وَاجْعَلِ المَوْتَ رَاحَةً لَنَا مِنْ كُلِّ شَرٍّ».",2026-04-03,253008,
Telegram,mnadabaldahh,توصيل,متواجد بالباحه,2026-04-03,253007,
Telegram,mnadabaldahh,توصيل,مين فاضي في العقيق,2026-04-03,253004,
Telegram,mnadabaldahh,توصيل,تم يعطيك العافيه,2026-04-03,253002,
Telegram,mnadabaldahh,توصيل,احد فاضي يروح مكتبة فالباحه؟,2026-04-03,253000,
Telegram,mnadabaldahh,توصيل,في الباحه اي طلب او مشوار خاص,2026-04-03,252999,
Telegram,mnadabaldahh,توصيل,متواجد في الباحه الي يبغى توصيل ولا مشوار يرسل خاص,2026-04-03,252998,
Telegram,mnadabaldahh,توصيل,خاص,2026-04-03,252997,
Telegram,KeeTarider,توصيل,شكراً لك,2026-04-03,254373,
Telegram,KeeTarider,توصيل,ي شباب احد يقدر يفيدني ابي اسجل  ب كيتا وكيف الشغل فيه كويس وله,2026-04-03,254374,
Telegram,mnadabaldahh,توصيل,بالعقيق حد يبي شي,2026-04-03,253015,
Telegram,mnadabaldahh,توصيل,في العقيق الي يبي شي,2026-04-03,253017,
Telegram,mnadabaldahh,توصيل,خاص,2026-04-03,253018,
Telegram,mnadabaldahh,توصيل,فاضي بالمندق وضواحيها لتوصيل المشاوير والطلبات خاص,2026-04-03,253030,
Telegram,mnadabaldahh,توصيل,ههههههههههههههههههههههههههههههههههههههههههههههههههههههههههههههههههههههههههههہ,2026-04-03,253043,
Telegram,mnadabaldahh,توصيل,ف المندق الي يبي شي خاص,2026-04-03,253036,
Telegram,mnadabaldahh,توصيل,"السلام عليكم 
محرك من الباحه للمندق بعد ساعه 
توصيل طلبات طعام البيك كنتاكي ماك مقاهي تفضلوا خاص",2026-04-03,253034,
Telegram,mnadabaldahh,توصيل,خاص,2026-04-03,253033,
Telegram,mnadabaldahh,توصيل,وعليكم السلام ورحمة الله وبركاته,2026-04-03,253032,
Telegram,mnadabaldahh,توصيل,ً,2026-04-03,253031,
Telegram,mnadabaldahh,توصيل,خ,2026-04-03,253029,
Telegram,mnadabaldahh,توصيل,قريب,2026-04-03,253020,
Telegram,mnadabaldahh,توصيل,في احد يوصل من الباحه للمندق؟,2026-04-03,253028,
Telegram,mnadabaldahh,توصيل,السلام عليكم ورحمة الله وبركاته,2026-04-03,253027,
Telegram,mnadabaldahh,توصيل,منين حتا المهرجانات قطعوها من عندنا,2026-04-03,253025,
Telegram,mnadabaldahh,توصيل,احد يبي شي من الباحه,2026-04-03,253024,
Telegram,mnadabaldahh,توصيل,اجيك,2026-04-03,253022,
Telegram,mnadabaldahh,توصيل,احد فاضي ف العقيق؟,2026-04-03,253021,
Telegram,KSA_Uber_Group,نقل,مشوار اولويه   طلب مستعجل,2026-04-03,852574,
Telegram,KSA_Uber_Group,نقل,يعني تسعيره اعلى من المعتاد,2026-04-03,852558,
Telegram,KSA_Uber_Group,نقل,١٤ ريال 🤣,2026-04-03,852576,
Telegram,captainscounci,عام,احد يرد,2026-04-03,100711,
Telegram,captainscounci,عام,مسار العام للعمل الحر كيف طريقته للي يعرفه حق بحر,2026-04-03,100709,
Telegram,captainscounci,عام,"وعليكم السلام ورحمة الله وبركاته
[-
༄「 ∂ιαмση∂ 💎」🇸🇦](https://t.me/diamondsabot)",2026-04-03,100708,
Telegram,captainscounci,عام,السلام عليكم,2026-04-03,100707,
Telegram,captainscounci,عام,شي طبيعي يوم جمعه لكن تبدا الطلبات من بعد الصلاه إلى آخر الليل,2026-04-03,100706,
Telegram,captainscounci,عام,المباحث,2026-04-03,100705,
Telegram,captainscounci,عام,"**يالله** **برزق** **يذهل** **موظف** **البنك** 
**ويطلب**  **من** **الدهشة** **رجال** **المباح**",2026-04-03,100704,
Telegram,captainscounci,عام,هههههههههههههههههههههههههه😂 انشهد,2026-04-03,100702,
Telegram,captainscounci,عام,الان مسموح الاتصال عن طريق اوبر ولا لا ، وإذا اي أنا يجيني ان الرقم المستخدم للاتصال غير صحيح وشو الحل,2026-04-03,100700,
Telegram,captainscounci,عام,بعيال تكفون نبي حل معى ذيلا المرض الي عادي توقف بي ولا تتنظرني ياخي اقدر ارفض بس التقيييممم,2026-04-03,100699,
Telegram,captainscounci,عام,سادس مره اشوف الرساله من اكثر من رقم مجهول,2026-04-03,100698,
Telegram,captainscounci,عام,"كانت الخطه فطور ملكي 
قضينها بوفيه بخمسه ريال حقت وصول",2026-04-03,100697,
Telegram,captainscounci,عام,كلنا ترجع الحواله يعني ٣ مرات من الفجر للحين وترجع وبعدين يعني,2026-04-03,100696,
Telegram,captainscounci,عام,الاهلي دخلت تطبيق البنك ماشفت فيه صيانه,2026-04-03,100694,
Telegram,captainscounci,عام,أنا قد صارت لي بس تاكد من تطبيق البنك إذا فيه صيانه ولا شي,2026-04-03,100693,
Telegram,captainscounci,عام,جربت مرتين ونفس الرساله  وذلحين الثالثه بعد ساعه من التحويل المفروض تتحول يرجعها لي عكسيه ويرسل لي ع البريد,2026-04-03,100692,
Telegram,captainscounci,عام,غير  رقم الحساب وتتحول ع طول خلال ساعة,2026-04-03,100710,
Telegram,captainscounci,عام,يرد,2026-04-03,100712,
Telegram,captainscounci,عام,"وعليكم السلام أولا إذا كلامك صحيح ف الله يشافيك ويعافيك يارب وجميع مرضى المسلمين 

ثانيا حتى ولو صحيح فيه جهات رسمية وخيريه توجهي لها اما سالفه التحويل لشخص مجهول هذا غلط وانتي مجهولة  لانو محد يعرفك هنا ولا تعرفينا هنا",2026-04-03,100690,
Telegram,captainscounci,عام,يالربع السلام عليكم غيرت رقم حسابي من الراجحي الي برق في اوبر وجاني ايقاف حسابي ورفعت استئناف ورفضوه ورحت اتواصل معهم الحين قاعدين يقولون ان حسابك موقف ولافيه تجاوب للعلم حسابي غير مكرر  والبلاغ جاني عقب ماغيرت رقم حسابي ورقم الحساب هو حسابي موب حساب ثاني,2026-04-03,100713,
Telegram,captainscounci,عام,إرفع للهيئة العامة للنقل قدم شكوه,2026-04-03,100738,
Telegram,captainscounci,عام,"فيه اشياء تخليك تتطمن في ذالتطبيق 
عندك التقييم والعدد اللي جمب التقييم هذا عدد طلباته 
الراكب هذا تقييمه ٥ وطلب ٣ مشاوير قبلك 
فهذا شي مطمن يعني الناس اللي وصلوه قبلك حاسبهم ولا ما كان تقييمه ٥",2026-04-03,100737,
Telegram,captainscounci,عام,المشكله انا ماهتم ف تقيم بس ليه الظلم كذا مع اني ساكت يعني اليوم جمعه الواحد يدور السلامه,2026-04-03,100735,
Telegram,captainscounci,عام,فيه نفسيات نقابلهم ومستحيل ترضي الجميع,2026-04-03,100734,
Telegram,captainscounci,عام,الظاهر الراكب لطفش قيمك من كيفه كل الي اخذتهم ٤ ركاب وكنت ساكت 😅,2026-04-03,100733,
Telegram,captainscounci,عام,لا تهتم تجي للاغلب فتره وتروح,2026-04-03,100732,
Telegram,captainscounci,عام,"عادتن
سعرو
حساب المواطن 😁",2026-04-03,100729,
Telegram,captainscounci,عام,★ تم مسح الرسائل,2026-04-03,100728,
Telegram,captainscounci,عام,ناس متخاف الله,2026-04-03,100723,
Telegram,captainscounci,عام,"- مرحباً عزيزي
- نورت المجموعة
[-
༄「 ∂ιαмση∂ 💎」🇸🇦](https://t.me/diamondsabot)",2026-04-03,100721,
Telegram,captainscounci,عام,صبحكم بالخير مطار الريال فيه مواقف مجانية,2026-04-03,100719,
Telegram,captainscounci,عام,؟؟,2026-04-03,100718,
Telegram,captainscounci,عام,"وعليكم السلام 
الدواء ذا حق ايش",2026-04-03,100716,
Telegram,captainscounci,عام,هذا العرض كيف اصلًا ؟,2026-04-03,100715,
Telegram,captainscounci,عام,‏إِنَّ اللَّهَ وَمَلَائِكَتَهُ يُصَلُّونَ عَلَى النَّبِيِّ ۚ يَا أَيُّهَا الَّذِينَ آمَنُوا صَلُّوا عَلَيْهِ وَسَلِّمُوا تَسْلِيمًا,2026-04-03,100714,
Telegram,captainscounci,عام,حاول مره ثانيه و ثالثه يمكن يكون فيه تعليق,2026-04-03,100691,
Telegram,captainscounci,عام,سلام عليكم انا اختكم مريضه كلى اغسل ٣ ايام في الأسبوع الاربعا والسبت الاثنين وعادتن اتعب والله الذي لا إله الا هو في دوا سعرو 170 يشهد الله مااملك سعرو اتمنا احصل حد يوقف معي يسلفني لين يوم ينزل حساب المواطن اردها لو وفي تقرير طبيه بحالتي وكل شي يارب فرج همي ويسر امري يارب فرج من عندك,2026-04-03,100688,
Telegram,CreemUber,نقل,"ما انصحك فيها خساره انتبه انتبه


شهريا تدفع115ريال لهم اذا ما دخلت 10الف الريال عن طريق الشبكه 

ولا راح يطالبوك او خمسه شهور تنبسط بعدين يقولو لك ترا في العقد كذا

تدبس وطبعا مراح تطلع10الف ريال شهريا
وعقد مده سنتين",2026-04-03,2534638,
Telegram,CreemUber,نقل,صار لي نفس موقفك لاتردها الا لجاك طلب نسو معي جوال ودقو ووديته لهم قبل يقدمون طلب وماجاني ريال,2026-04-03,2534614,
Telegram,CreemUber,نقل,لازم تكلمها وهي تدفع اذا مادفعت تكلمهم ويعطونك,2026-04-03,2534616,
Telegram,CreemUber,نقل,صبرت وصبرت وافطرت ع بصله,2026-04-03,2534617,
Telegram,CreemUber,نقل,سلام يخوان احد يفهمني المشكله,2026-04-03,2534618,
Telegram,CreemUber,نقل,اشرب مويا,2026-04-03,2534619,
Telegram,CreemUber,نقل,انا من سنتين في التطبيق وتغير شكلي وامس تلقفت وطلبت تغيير وحطيت صوره واليوم جاني كذا,2026-04-03,2534620,
Telegram,CreemUber,نقل,السلام غليكم يخوان اذا سحبت فلوس اوبر كم تاخذ وتوصل فالحساب ؟,2026-04-03,2534621,
Telegram,CreemUber,نقل,أنا زيك إذا لقيت حل علمني بالله,2026-04-03,2534623,
Telegram,CreemUber,نقل,كيف الطريقه ابي اعترض ع احد المشاوير ومكتوب لي كذا,2026-04-03,2534624,
Telegram,CreemUber,نقل,انا مثلكم وسيارتي النترا ٢٠٢٥ بس معطيني وحده ثالثه بس اوبر اكس,2026-04-03,2534625,
Telegram,CreemUber,نقل,لكن يجيني كذا لما ادخل خيار راكب نسى غرض,2026-04-03,2534626,
Telegram,CreemUber,نقل,كيف اكلمهم هالدلوخ ترا ذول مو جيني ولابولت😂😂,2026-04-03,2534627,
Telegram,CreemUber,نقل,ليه وش سويت,2026-04-03,2534628,
Telegram,CreemUber,نقل,والله مستغرب والمشكلة كلها تسعيرة تخليك تجلس بالبيت ليت كريم باقي تسعيرته احلى,2026-04-03,2534629,
Telegram,CreemUber,نقل,وانا ضايع من جت الخرايط الزرقاء الربح الاضافي توي ابدا افعلها 😔,2026-04-03,2534631,
Telegram,CreemUber,نقل,راسل اوبر في تويتر,2026-04-03,2534633,
Telegram,CreemUber,نقل,زين اني كنت قريب من موقعهم ٥ دقائق,2026-04-03,2534615,
Telegram,CreemUber,نقل,يعني اجباري,2026-04-03,2534613,
Telegram,captainscounci,عام,"- مرحباً عزيزي
- نورت المجموعة
[-
༄「 ∂ιαмση∂ 💎」🇸🇦](https://t.me/diamondsabot)",2026-04-03,100687,
Telegram,CreemUber,نقل,هذا ايش؟؟,2026-04-03,2534612,
Telegram,captainscounci,عام,كانت 5 طلبات 5 ساعات🤔 وراهم غيروها,2026-04-03,100685,
Telegram,Captains_saudi,نقل,"**اسعد الله أوقاتكم بكل خير** 💛

**دعمكم😍 للتغريدة وعمل رتويت**  🔂
https://x.com/i/status/2038953975999807634",2026-04-03,774606,
Telegram,Captains_saudi,نقل,يا اخوان عندي رجال عاطل وودي اخذ له سياره قصدها ١٤٠٠ عشان يكد عليها في الرياض هل تشوفون انه بيكون قادر يغطي القصد,2026-04-03,774680,
Telegram,Captains_saudi,نقل,للاسف هو صغير في العمر و تأمينه عالي و لعل اقل شي ممكن هو ١٤٠٠ حصلت الاكسنت ١١٩٠ وقال الفرق بسيط بينها و بين الالنترا الالنترا قصدها ١٤٠٠ و مادري هل تسعريتهم في التطبيق تختلف ولا,2026-04-03,774682,
Telegram,CreemUber,نقل,؟,2026-04-03,2534600,
Telegram,CreemUber,نقل,"وعليكم السلام ورحمة الله وبركاته 
في اوبر غير مقبولة ولكن اذكر جيني كان يقبلها بس هذا الكلام قبل سنتين تقريبا الان مادري .. 
بولت ماعندي علم والله",2026-04-03,2534601,
Telegram,CreemUber,نقل,أوبر يحمد ربه على السعر، هذي لازم حتى دباب يقبل,2026-04-03,2534602,
Telegram,CreemUber,نقل,**⛔ اغتَنِموا ساعَة الاستِجابة يَومَ الجُمُعَة؛ ما بَينَ صلاة العَصر إلى مَغيب الشَّمس.**,2026-04-03,2534603,
Telegram,CreemUber,نقل,خخخخخخ صدقت لكن الشكوى لله,2026-04-03,2534604,
Telegram,CreemUber,نقل,الحين السعر هذا شامل نقاط التوقف ولا لا,2026-04-03,2534605,
Telegram,CreemUber,نقل,ايه,2026-04-03,2534606,
Telegram,CreemUber,نقل,زين سكبته لاهنت,2026-04-03,2534607,
Telegram,CreemUber,نقل,والله يا رجال 19 كيلو على 13 ريال، ونصهم بنزين بيتشرطون بعد على السيارات,2026-04-03,2534608,
Telegram,CreemUber,نقل,ترى أوبر، ما يحسب الانتظار بعد بدأ المشوار,2026-04-03,2534609,
Telegram,CreemUber,نقل,سلام عليكم اوبر يوم جمعة الرياض كيف الشغل الان,2026-04-03,2534610,
Telegram,captainscounci,عام,الله يجزاك خير على التوضيح,2026-04-03,100739,
Telegram,captainscounci,عام,بس ترا السعر المعروض مهو الصافي لك تراه شامل النسبه وكل الرسوم الاخرى,2026-04-03,100740,
Telegram,captainscounci,عام,الصافي 36,2026-04-03,100741,
Telegram,captainscounci,عام,لهم اوبر رقم بالواتس ؟,2026-04-03,100811,
Telegram,captainscounci,عام,بعيد عن انه مخالف لسياسه ولا ماهو مخالف بس ترا تدخل بحلال حرام ، والله اعلم انها حرام,2026-04-03,100809,
Telegram,captainscounci,عام,ممنوع تقبل طلب وتقول للعميل الغي الطلب عليها حظر,2026-04-03,100808,
Telegram,captainscounci,عام,نعم مخالف انتبه,2026-04-03,100807,
Telegram,captainscounci,عام,"- مرحباً عزيزي
- نورت المجموعة
[-
༄「 ∂ιαмση∂ 💎」🇸🇦](https://t.me/diamondsabot)",2026-04-03,100806,
Telegram,captainscounci,عام,"السلام عليكم 
ياخوان بسالكم انا اذا جاني طلب في اوبر اسال العميل بتدفع كاش او ابل باي او محفظة اوبر تمام ؟ اذا طلع كاش اقوله يلغي الرحلة هل هذا الشي مخالف للسياسة حقت اوبر ولا لا ؟",2026-04-03,100804,
Telegram,captainscounci,عام,ياشباب الحين حسابي وقفوه علشان فحص ولا فحص الخلفية الجنائية مافهمت,2026-04-03,100803,
Telegram,captainscounci,عام,"السلام عليكم 
شباب بنات  انا دخلت في مجال مره حلو تاخذي فلوس وانت قاعد في المنزل اللي حابب يستفيد يكلمني خاص والله مجال حقيقي ادله على الشخص تواصل خاص",2026-04-03,100802,
Telegram,captainscounci,عام,"- مرحباً عزيزي
- نورت المجموعة
[-
༄「 ∂ιαмση∂ 💎」🇸🇦](https://t.me/diamondsabot)",2026-04-03,100801,
Telegram,captainscounci,عام,"- مرحباً عزيزي
- نورت المجموعة
[-
༄「 ∂ιαмση∂ 💎」🇸🇦](https://t.me/diamondsabot)",2026-04-03,100799,
Telegram,captainscounci,عام,لراكب,2026-04-03,100797,
Telegram,captainscounci,عام,وين الذورة عندكم بالرياض الويكند,2026-04-03,100793,
Telegram,captainscounci,عام,الا يعوض انشب للدعم,2026-04-03,100791,
Telegram,captainscounci,عام,"- مرحباً عزيزي
- نورت المجموعة
[-
༄「 ∂ιαмση∂ 💎」🇸🇦](https://t.me/diamondsabot)",2026-04-03,100788,
Telegram,captainscounci,عام,ما عندي علم  والله,2026-04-03,100786,
Telegram,captainscounci,عام,شباب ان درايف يشمل دعم النقل الموجه ؟,2026-04-03,100785,
Telegram,captainscounci,عام,والله البلشه صدق لان للامانه انزرفت اكثر من ٦ مرات ولا يعوضوني الله ياخذهم وعشان كذا اسال العميل قبل,2026-04-03,100810,
Telegram,captainscounci,عام,اشتغل لي ٥ سنين مانزرفت الا مره وحده شكل الحىي الي عندك ماش,2026-04-03,100812,
Telegram,captainscounci,عام,وش اسمه,2026-04-03,100742,
Telegram,captainscounci,عام,فحص الدوري منتهي واذا جددته يطلب منك توثيق باابشر,2026-04-03,100813,
Telegram,captainscounci,عام,كيف ؟,2026-04-03,100828,
Telegram,captainscounci,عام,آمين ههههههههههههههههههههههههههههههه الناس جايه هنا تسترزق ويجي ذا بينتفهم,2026-04-03,100827,
Telegram,captainscounci,عام,جعلك تقعد بالمنزل ماتطلع,2026-04-03,100826,
Telegram,captainscounci,عام,فعلا كلامك ولله صحيح,2026-04-03,100825,
Telegram,captainscounci,عام,نصابببببب حسبي الله عليك وين المشرفين يطردونهم؟,2026-04-03,100824,
Telegram,captainscounci,عام,اتفق معاك بسالفة تقييم الراكب بس والله موب الكل كذا مره راجع من الجامعة من الخرج للرياض وخذيت معي وحده تقييمها اقل من ٤ ونص البنت الله يستر عليها ما تقعد تتشرط ان اروح من الطريق الي تبيه هي ولا طلبت أوقف لها في مكان، وحسابها كاش وحولت قبل لا تنزل مرات الكباتن على حسب شكل العميل يقيمه وفيه منهم مدققين بزيادة,2026-04-03,100823,
Telegram,captainscounci,عام,"تدري وين المشكله يالسمي ؟ 
المشكله ان الي زرفوني ثنين منهم تقييمه 5.00 مدري كيف تقييمهم كذا والله شي غريب",2026-04-03,100822,
Telegram,captainscounci,عام,"قبل تقبل الطلب شيك على التقييم ٤،٧٥ وتحت هذا تعبان بتحصل منه مشكله 
مشوار طويل خارج المدينه وكاش اطلب منه مقدماً 
مشوار اذا وصل يقول عطني حسابك وبحول عطه الحساب وقله حول الان قبل تنزل انشب لجده تراه حقك مانت بتسرقه لو نزل انزل معه حتى يحول اذا مامنه فايده ولا فيه طب حط 0 عدم دفع",2026-04-03,100821,
Telegram,captainscounci,عام,الحساب موثق ماعليك خوف,2026-04-03,100820,
Telegram,captainscounci,عام,كيف اعرف المبلغ كامل ما يعطيني إلا آخر الرحله,2026-04-03,100819,
Telegram,captainscounci,عام,اعتمد الرسائل داخل التطبيق,2026-04-03,100818,
Telegram,captainscounci,عام,قولهم الدفع مقدم و انتهى,2026-04-03,100817,
Telegram,captainscounci,عام,جتني داخل التطبيق وواتس زي ماتشوف,2026-04-03,100816,
Telegram,captainscounci,عام,الي اعرفه اوبر يرسل داخل التطبيق او رسائل على الايميل خلال عملي بالتطبيق مايقارب سنتين ولا رساله في الواتس الايميل والتطبيق,2026-04-03,100815,
Telegram,KSA_Uber_Group,نقل,وانت الصادق قيمة الاولوية ٣ ريال,2026-04-03,852577,
Telegram,captainscounci,عام,اطلع في اوقات الذروه فقط بتحصل رزقك,2026-04-03,100784,
Telegram,captainscounci,عام,اهل جده مايعلمون الغيب الشغل يجي ويروح توكل على الله ولا تنتظر توجيه من احد,2026-04-03,100783,
Telegram,captainscounci,عام,اهل جدة من العصر الى قريب العشا اليوم بيكون في حركة؟ لان لي فترة طويلة ماشتغل يوم الجمعة,2026-04-03,100782,
Telegram,captainscounci,عام,لا تشغل نفسك في بلاغات وتجلس تتابع يعوضونك ولا باقي من البدايه ، وقف في الموقع وانتظر الوقت يخلص وحط الغااء بعد ماينتهي الوقت تجيك رسوم تعويض بسبب عدم تواجد وكذالك ارفع رساله للدعم بسبب مخالفته للشروط,2026-04-03,100781,
Telegram,captainscounci,عام,ي اخوان أنا غيرت جوالي ونقلت بيانات لاكن اوبر مو راضي يشتغل معيا ايش السبب,2026-04-03,100761,
Telegram,captainscounci,عام,السلام عليكم ياخوان عندي استفسار كيف شغل في الخبر والدمام ابغى ابدا في شغل اوبر و بولت,2026-04-03,100760,
Telegram,captainscounci,عام,والله امس ساعتين ونص بس ٤ طلبات,2026-04-03,100759,
Telegram,captainscounci,عام,"- مرحباً عزيزي
- نورت المجموعة
[-
༄「 ∂ιαмση∂ 💎」🇸🇦](https://t.me/diamondsabot)",2026-04-03,100758,
Telegram,captainscounci,عام,سبحان الله وبحمده سبحان الله العظيم,2026-04-03,100756,
Telegram,captainscounci,عام,وعليكم السلام بالرياض فيه طلبات خصوصاً الاجانب لان اليوم اجازه عندهم,2026-04-03,100755,
Telegram,captainscounci,عام,👍🏼,2026-04-03,100754,
Telegram,captainscounci,عام,بعد الصلاه الان مافيه اي طلب طبيعي لا عمل ولا محلات فاتحه وصباح جمعه,2026-04-03,100753,
Telegram,captainscounci,عام,"السلام عليكم يا اخوان
كيف الشغل في الرياض بعد صلاة الجمعة",2026-04-03,100752,
Telegram,captainscounci,عام,"السلام عليكم 
صبحكم الله بالخير 
وش وضع الطلبات في جده ي كباتن جده أوبر ميت",2026-04-03,100751,
Telegram,captainscounci,عام,اوبر نزل سعره قبل ينزل عارف بيضربه,2026-04-03,100750,
Telegram,captainscounci,عام,المحفظه اللي فوق مايستقطع منها,2026-04-03,100748,
Telegram,captainscounci,عام,ايه لازم تشحن المحفظه عشان تستقبل الطلبات لان اغلب زباينه يحاسبون كاش فالتطبيق يستقطع نسبته من محفظتك اللي شحنتها,2026-04-03,100747,
Telegram,captainscounci,عام,طيب مايقبل معي يقول تعبئه المحفظه  عندي سالب ريالين,2026-04-03,100746,
Telegram,captainscounci,عام,السعر اللي معروض اذا خلصت المشوار ياخذون منه الرسوم الاضافيه + الضريبه,2026-04-03,100745,
Telegram,captainscounci,عام,الوضع طبيعي هالركود بعد الجمعة؟,2026-04-03,100762,
Telegram,captainscounci,عام,"ايه الجو حار 
ان شاء الله قبل المغرب تجي طلبات",2026-04-03,100763,
Telegram,captainscounci,عام,جرب الاثنين  بس بالنسبه لي بولت  اوبر على حسب ايش الفئات اللي عندك,2026-04-03,100764,
Telegram,captainscounci,عام,اذا انتهاء الوقت الغ على حسه غير متواجد العميل بنقطة الالتقاء,2026-04-03,100774,
Telegram,captainscounci,عام,سويتها الف مره مايعوضوني مع اني الماسي صرت ماقبل الا الدفع مقدم من العملاء اذا كان كاش,2026-04-03,100780,
Telegram,captainscounci,عام,ابدا الرحله واذا وصلت حط ان المبلغ المدفوع صفر وراسل الدعم انه ماحاسب,2026-04-03,100779,
Telegram,captainscounci,عام,الدعم اكبر نصاب اصلا ماعمرهم عوضوني ماغير كثرة اعتذارات,2026-04-03,100778,
Telegram,captainscounci,عام,إلا يعطونك والله بس كلم الدعم,2026-04-03,100777,
Telegram,captainscounci,عام,م يعطوني ريال اعرفهم اوبر نصابين,2026-04-03,100776,
Telegram,captainscounci,عام,"اصبر بس ٦-٧ د او ابدا الرحله اذا تسوى وروح للموقع وحط انه م دفع


وقيمه واحد مع بلاغ

اوبر م عند مشكله مع الالغاء دايم اذا ذكرت ان العميل مو موجود 

بولت هو الي يستهبل",2026-04-03,100775,
Telegram,captainscounci,عام,كيف يعني,2026-04-03,100773,
Telegram,captainscounci,عام,عندي فورد تيريتوري اشتغل اعلى شي كومفورت,2026-04-03,100765,
Telegram,captainscounci,عام,اذ جاك نفس كذا قوله طيب تمام واصبر و حطها عليه مديونيه,2026-04-03,100772,
Telegram,captainscounci,عام,تخلص 8 مشاوير ولازم تكون اونلاين 8ساعات بعدها راح يضيفونها لك بالمحفظة,2026-04-03,100770,
Telegram,captainscounci,عام,"اندرايف متى يحولون الفلوس اذا سحبتها 
بالعاده تجي ف دقايق اليوم م جت",2026-04-03,100769,
Telegram,captainscounci,عام,"السلام عليكم ورحمة الله وبركاته 
ابي واحد يكد ب اوبر ب حفر الباطن  يتواصل معي لاهنتم",2026-04-03,100768,
Telegram,captainscounci,عام,اخ رايد من جدة ؟ تعالي خاص وابشر,2026-04-03,100767,
Telegram,captainscounci,عام,موفق  والشغل  زين  الحمدلله في شغل   ركز على اماكن التجمع المولات  المناطق اللي فيها كمبات و  المستشفيات,2026-04-03,100766,
Telegram,CreemUber,نقل,بس غيرت الصوره واليوم صحيت ع ذا الكلام,2026-04-03,2534636,
Telegram,CreemUber,نقل,ممكن مايدرون فين ناسيتها فأنت اكسب أجرها وارفع بلاغ زي ماقال الزميل لاتتاخر,2026-04-03,2534639,
Telegram,captainscounci,عام,رهيب,2026-04-03,100830,
Telegram,CreemUber,نقل,"وعليكم السلام ورحمة الله وبركاته
[-
༄「 ∂ιαмση∂ 💎」🇸🇦](https://t.me/diamondsabot)",2026-04-03,2534740,
Telegram,CreemUber,نقل,ايش نوع سيارتك,2026-04-03,2534742,
Telegram,CreemUber,نقل,XL,2026-04-03,2534743,
Telegram,CreemUber,نقل,كبيره,2026-04-03,2534744,
Telegram,CreemUber,نقل,نعم تاكيد فقط,2026-04-03,2534745,
Telegram,CreemUber,نقل,لا كومفورت,2026-04-03,2534746,
Telegram,CreemUber,نقل,وهو تلاقي يبداء المشوار الثاني,2026-04-03,2534747,
Telegram,CreemUber,نقل,اكثر شي الي تروح المدينه XL,2026-04-03,2534748,
Telegram,CreemUber,نقل,أنا سيارتي ترافيس,2026-04-03,2534749,
Telegram,CreemUber,نقل,الله يباركلك,2026-04-03,2534750,
Telegram,CreemUber,نقل,اللهم امين,2026-04-03,2534751,
Telegram,CreemUber,نقل,ي حبايب م تجيني طلبات وش المشكله ؟,2026-04-03,2534752,
Telegram,CreemUber,نقل,الطلبات ماتوقف عندي بس الله يكرمك والأسعار,2026-04-03,2534758,
Telegram,CreemUber,نقل,اي زيك تجيني ولكن أسعار ماش,2026-04-03,2534759,
Telegram,CreemUber,نقل,"اسمحلي في هذه النقطة


اول شي 
انت ماسئلت الرجل هو مكانه بعيد او قريب

ولو مكانه قريب ابو دقيقتين ثلاث مايخالف امر الله من سعة 

لكن 
لكن 
لكن

لو بعيد او وجهة مختلفة

اطلب منه بادب يغير الوجهة او انك امشي معه فين مايبغى ولفلف فيه زي مايبغى ولما تقفل الرحلة لو ماتغير السعر ترفع لأوبر يعدلون لك سعر الرحلة 


باللي انت سويته ضعيت على نفسك فرصة انك تكسب ربح اعلى الله يصلحك ويهديك

خلك مع الناس سمح وهين لين بس بدون ماتتنازل عن حقوقك",2026-04-03,2534760,
Telegram,CreemUber,نقل,ايقاف الخدمات بس منع سفر ؟,2026-04-03,2534761,
Telegram,CreemUber,نقل,ياخوان الان لو العميل عنده نقطتين توقف إذا وصلته عند النقطه الاولى احط تاكيد نقطة التوقف ولا انتظر إلى ان يرجع؟,2026-04-03,2534741,
Telegram,CreemUber,نقل,وعليكم السلام ورحمة الله وبركاته …,2026-04-03,2534739,
Telegram,CreemUber,نقل,🚨🚨🚨🚨,2026-04-03,2534763,
Telegram,CreemUber,نقل,السلام عليكم,2026-04-03,2534738,
Telegram,CreemUber,نقل,هذي بصلة ؟؟ لا يا إبن الحلااااااااال إحمد الله والله يبارك لك,2026-04-03,2534722,
Telegram,CreemUber,نقل,المشكلة عندك .. شيك على مستنداتك وحاول تروح لرسائل التطبيق وشيكها وحدة وحدة,2026-04-03,2534724,
Telegram,CreemUber,نقل,"ما ادري ..  ولكن ؟ .... اتوقع انك ما تحصل حق المشوار ان سهلتها لها ... 
انت ابخص عاد",2026-04-03,2534725,
Telegram,CreemUber,نقل,يرجال انا مره وديت بلاك ٢ سواريا مدري شاميين ولد وبنت ويوم وصلت للموقع انزلهم نزلت البنت والرجال يقول نزلني مكان ثاني زبدت له قلت اوبر يمنع اروح شي غير اللوكيشن وكرشته خليته ينزل لان لو بتسوي نفسك طيب ترا بتلقمها,2026-04-03,2534726,
Telegram,CreemUber,نقل,أكييييييد ... ما فيها كلام .. مستغلييييين,2026-04-03,2534727,
Telegram,CreemUber,نقل,إذا فيه طلبات بتلاقي زحمه وتكره الطلب اللي أخذته مشوار للحرم مااشيل,2026-04-03,2534728,
Telegram,CreemUber,نقل,انا غيرت الصوره عندي وبعدها جات المشكله بس الصوره م وافقو عليها,2026-04-03,2534729,
Telegram,CreemUber,نقل,"شوفو الصيده صح مشوار المدينه المنوره 
الحمد لله",2026-04-03,2534730,
Telegram,CreemUber,نقل,10040 ريال,2026-04-03,2534731,
Telegram,CreemUber,نقل,الله يبارك لك,2026-04-03,2534732,
Telegram,CreemUber,نقل,مشغل التطبيق عل حسابك من جوالين ؟,2026-04-03,2534733,
Telegram,CreemUber,نقل,"﴿مَن كَانَ يُرِيدُ ثَوَابَ الدُّنْيَا فَعِندَ اللهِ ثَوَابُ الدُّنْيَا وَالْآخِرَةِ وَكَانَ اللهُ سَمِيعًا بَصِيرًا﴾.

«اللَّهُمَّ أصْلِحْ لَنَا دِينَنَا الَّذِي هُوَ عِصْمَةُ أمْرِنَا ، وَأصْلِحْ لَنَا دُنْيَانَا الَّتِي فِيهَا مَعَاشُنَا ، وَأصْلِحْ لَنَا آخِرَتَنَا الَّتِي إلَيْهَا مَعَادُنَا ، وَاجْعَلِ الحَيَاةَ زِيَادَةً لَنَا فِي كُلِّ خَيْرٍ ، وَاجْعَلِ المَوْتَ رَاحَةً لَنَا مِنْ كُلِّ شَرٍّ».",2026-04-03,2534734,
Telegram,CreemUber,نقل,لك مده مارسلتو مقطع يسد النفس قلت ارسلكم,2026-04-03,2534735,
Telegram,CreemUber,نقل,الي بعده,2026-04-03,2534736,
Telegram,CreemUber,نقل,انا ما يجيني ولا مشوار للمدينه والاماكن البعيده حدي جده مكه الطايف ليش؟,2026-04-03,2534737,
Telegram,CreemUber,نقل,👍,2026-04-03,2534762,
Telegram,CreemUber,نقل,خلص مشوارهم بأي حق اوصله مكان ثاني حتى لو ابو ٣ د الا خلك على الحق ولا تتجتهد على شي مو لك مو فاتحين جمعية خيريه حنا ولا تذل نفسك عشان تطبيقات,2026-04-03,2534764,
Telegram,CreemUber,نقل,"يعني في سنتين تدفع رسوم شهريه115

بس محد يقولك ذا شي غير الي مجرب وتدبيست فيهم",2026-04-03,2534640,
Telegram,CreemUber,نقل,سلام عليكم,2026-04-03,2534788,
Telegram,CreemUber,نقل,وصلت مرحلة اشغل اوبر ارفض المشواير لمدة ساعه بعدها ارجع للبيت بدون اي مشوار,2026-04-03,2534790,
Telegram,CreemUber,نقل,"تبي الصدق

انا احاول قدر المستطاع ابعد عن اي طلب بنقاط توقف


لانه علة",2026-04-03,2534791,
Telegram,CreemUber,نقل,"اغلب الكاش اخذه مقدم خصوصا اذا قدامي شخص مب مريح .

الا مع وصوليات",2026-04-03,2534792,
Telegram,CreemUber,نقل,"اهههههه ..  انا عن نفسي من أكثر من سنتين ما قبلت طلب في نقاط توقف ابد ..  إلا إثنين  فقط ..  واااااحد منهم بالخطأ في تطبيق سافل ما يبينها .. 
والثاني كان الفرق في صالات المطار  واحد في صالة والثاني في صالة ثانية وكانت قيمته تستاهل .. وإلا والله ما يقبل ابد ابد 

ليش ؟ 


لان ما فيها فايدة أبد 

والبعض يسوي حركة وسخة .  
يطلب بقيمة تطمع بدون نقطة توقف .. 
وإذا قبلته ووصلته غير الوجهة وإلا أضاف النقطة .. انا اوقف عنده وأسأله .. حطيت نقطة توقف ؟ إذا قال ايه اقول له ترى ما فيه وقفة ... تبي تجي حياك على وجهتك اللي طلبتها .. غيرها ما اقدر .. ركب ؟  زين .. ما ركب ؟ أيضا زين",2026-04-03,2534793,
Telegram,CreemUber,نقل,اوبر يحول سريع يوم الجمعة ؟,2026-04-03,2534794,
Telegram,CreemUber,نقل,"الف شكر لك ع النصيحه 
اجل خل شغلي نفس مكان
الكاش
تحويل ع أربع حسابات بنوك راجحي واهلي وانماء والجزيره
وبرق و stc",2026-04-03,2534796,
Telegram,CreemUber,نقل,"الكلام هنا ... 
الفايدة هنا .. 
المكاسب المريحة .. هنا",2026-04-03,2534797,
Telegram,CreemUber,نقل,"والكاش لصار معي صرف كثير عشرات وخمسات 
ياخذهم مغسلة دايم يطلب مني مبالغ صرف",2026-04-03,2534798,
Telegram,CreemUber,نقل,حتى الحديد ياخذونه,2026-04-03,2534799,
Telegram,CreemUber,نقل,المحلات,2026-04-03,2534800,
Telegram,CreemUber,نقل,"النقطة الي معهم سيارات صغار زي اليارس والنترا الاكسنت اجباري يشتغلون ع سيفر
انا عن نفسي معي النترا ومقفل سيرفر اشتغل ع وصول اوبر اكس لين ربي يسرها",2026-04-03,2534801,
Telegram,CreemUber,نقل,حسب السياره معي كامري وبعض الاحيان اخذ سيرفر اذا كان السعر كويس,2026-04-03,2534802,
Telegram,CreemUber,نقل,"كلامي مو على ربح

كلامي على نوعية الركاب
طريقة التعامل
اسلوب الدفع

ثقافة الاحترام والتقدير

التعبير عن الامتنان بالاكرامية",2026-04-03,2534803,
Telegram,CreemUber,نقل,كلام سليم واتفق,2026-04-03,2534804,
Telegram,CreemUber,نقل,اوبر المبلغ الي يطلع لك هو الصافي لك؟,2026-04-03,2534805,
Telegram,CreemUber,نقل,شباب اخد عنده خلفيه,2026-04-03,2534789,
Telegram,CreemUber,نقل,هذي ما تهم .. الكلام انك ما تبلش به وتحسبها انت وإذا جحدك فيمديك تعرف تتصرف,2026-04-03,2534786,
Telegram,CreemUber,نقل,"فين المذلة في الموضوع يابوي

خدمة بمقابل ماهي بلاش

لكن 

اذا انت بتمشي في هذه الحياة بهذا المبداء فأعانك الله على نفسك


ياخوك لا تشدها وهي بسيطة

الرسول عليه الصلاة والسلام يقول

رحم الله رجل سمحا إذا باع و سمحا إذا إشترى",2026-04-03,2534765,
Telegram,CreemUber,نقل,سلام عليكم وش يعني ذا,2026-04-03,2534785,
Telegram,CreemUber,نقل,اللهم صلي عليه اقولك مشوار خلص وتقول خدمه بمقابل وانا مقصدي على الي ينزلون ناس باماكن ويتجملون فيهم بدون نقطة توقف وينلطع ١٠ زود على مشواره والتطبيق دمار ولاهطك ليش اقدم خدمات على حسي,2026-04-03,2534766,
Telegram,CreemUber,نقل,"انت صح 

الله يقويك",2026-04-03,2534767,
Telegram,CreemUber,نقل,وانت الله يعينك موفق,2026-04-03,2534768,
Telegram,CreemUber,نقل,ماقول غير حسبي الله ونعم الوكيل,2026-04-03,2534771,
Telegram,CreemUber,نقل,سلام عليكم ياخوان احتاج واحد يوصلني من مطار جده الى الحرم,2026-04-03,2534772,
Telegram,CreemUber,نقل,"عادي يارجل 

في واحد قبل اسبوع ما نزلته الين ما حاسبني وغلطتي اني ما خليته يحاسبني من البدايه 

وما قصر رفع فيني كل التقارير",2026-04-03,2534773,
Telegram,CreemUber,نقل,اطلب اوبر,2026-04-03,2534774,
Telegram,CreemUber,نقل,اهههههه  .....   نقص 9000,2026-04-03,2534775,
Telegram,CreemUber,نقل,هذا تنام عند موقعه,2026-04-03,2534776,
Telegram,CreemUber,نقل,من توقف في النقطة اسحب تأكيد الوصول علشان يحسب لك إنتظار,2026-04-03,2534777,
Telegram,CreemUber,نقل,اول ما توصل تحط,2026-04-03,2534778,
Telegram,CreemUber,نقل,"انا مستغرب هالكلام منك يا ابو ديلا .. مع انك مااااااار بأشكال وألوان على كلامك وعندك خبرة ما هي سهلة .

. ولكن السماحة زينة مع المؤدب غيييييير المستغل .. 

غيييير المستغل .. 

أما المستغل فما فيه حسنة",2026-04-03,2534779,
Telegram,CreemUber,نقل,ابشرك ماعاد يطلع العداد حق الوقت,2026-04-03,2534780,
Telegram,CreemUber,نقل,"﴿وَإِذْ قَالَ اللهُ يَا عِيسَى ابْنَ مَرْيَمَ أَأَنتَ قُلْتَ لِلنَّاسِ اتَّخِذُونِي وَأُمِّيَ إِلَهَيْنِ مِن دُونِ اللهِ قَالَ سُبْحَانَكَ مَا يَكُونُ لِي أَنْ أَقُولَ مَا لَيْسَ لِي بِحَقٍّ إِن كُنتُ قُلْتُهُ فَقَدْ عَلِمْتَهُ تَعْلَمُ مَا فِي نَفْسِي وَلَا أَعْلَمُ مَا فِي نَفْسِكَ إِنَّكَ أَنتَ عَلَّامُ الْغُيُوبِ • مَا قُلْتُ لَهُمْ إِلَّا مَا أَمَرْتَنِي بِهِ أَنِ اعْبُدُوا اللهَ رَبِّي وَرَبَّكُمْ وَكُنتُ عَلَيْهِمْ شَهِيدًا مَّا دُمْتُ فِيهِمْ فَلَمَّا تَوَفَّيْتَنِي كُنتَ أَنتَ الرَّقِيبَ عَلَيْهِمْ وَأَنتَ عَلَى كُلِّ شَيْءٍ شَهِيدٌ • إِن تُعَذِّبْهُمْ فَإِنَّهُمْ عِبَادُكَ وَإِن تَغْفِرْ لَهُمْ فَإِنَّكَ أَنتَ الْعَزِيزُ الْحَكِيمُ﴾.

واذكر حين يقول الله يوم القيامة مخاطبًا عيسى ابن مريم عليه السلام : يا عيسى ابن مريم ، هل قلت للناس صَيِّروني وأمي معبودَين من دون الله؟. فأجاب عيسى مُنَزِّهًا ربه : لا ينبغي لي أن أقول لهم إلا الحق ، وإن قُدِّرَ أني قلت ذلك فقد علمتَهُ ؛ لأنه لا يخفى عليك شيء ، تعلم ما أضمره في نفسي ولا أعلم ما في نفسك إنك وحدك من تعلم كل غائب وكل خفي وكل ظاهر .. ما قلتُ للناس إلا ما أمرتَني بقوله من أمرهم بإفرادك بالعبادة ، وكنتُ رَقِيبًا على ما يقولون طيلة وجودي بين أظهرهم ، فلما أنهيتَ مدة بقائي بينهم برفعي إلى السماء حَيًّا كُنتَ يا رب أنت الحفيظ لأعمالهم وأنت على كل شيء شهيد لا يغيب عنك شيء فلا يخفى عليك ما قلتُ لهم وما قالوا بعدي .. إنْ تعذبهم يا رب فإنهم عبادك تفعل بهم ما تشاء وإن تَمنُن على من آمن منهم بالمغفرة فلا مانع لك من ذلك ؛ فأنت العزيز الذي لا يُغالَب الحكيم في تدبيرك.

[المختصر في التفسير].",2026-04-03,2534781,
Telegram,CreemUber,نقل,لو سبقت له .... كان ما ناظروا شكواه عليك,2026-04-03,2534783,
Telegram,CreemUber,نقل,رتب وضعك مع العميل وخذ حق المشوار احسن لك ..  إن قدرت تتواصل معه شخصيا .. والمارية  ... اركد انت اليييين يتواصلون هم معك ويرسلون لك رقم العميل .. هاك الساعة عطه الصاخن,2026-04-03,2534721,
Telegram,CreemUber,نقل,فيها فئة راحة كمفورت يعني بس اذا ماهي عندك راسلهم يضيفونها,2026-04-03,2534720,
Telegram,CreemUber,نقل,ياعيال كيف الشغل معكم فالرياض فيه طلبات عندكم ولا لا أنا لي ساعتين بس طلبين جتني,2026-04-03,2534719,
Telegram,CreemUber,نقل,"يعطوك لو العميلة اكدت الاستلام 

٢٤ ساعة لو ما اكدت انت تتواصل مع الدعم وينزلوها لك",2026-04-03,2534659,
Telegram,CreemUber,نقل,ماقول غير حسبي الله ونعم الوكيل عشانها لطعتني ربع ساعه وماحطة نقطت توقف والغيت الرحله تقوم ترفع فيني تقرير,2026-04-03,2534662,
Telegram,CreemUber,نقل,"♔ العضو » @ma5157
- عذرا ممنوع اعادة التوجيه  
[-
༄「 ∂ιαмση∂ 💎」🇸🇦](https://t.me/diamondsabot)",2026-04-03,2534664,
Telegram,CreemUber,نقل,"♔ العضو » @ma5157
-  عذرا ممنوع اعادة التوجيه من القناة
[-
༄「 ∂ιαмση∂ 💎」🇸🇦](https://t.me/diamondsabot)",2026-04-03,2534665,
Telegram,CreemUber,نقل,"♔ العضو » @ma5157
- محتوى إعلاني وتم حذفه
[-
༄「 ∂ιαмση∂ 💎」🇸🇦](https://t.me/diamondsabot)",2026-04-03,2534666,
Telegram,CreemUber,نقل,طيب إلى متى ؟,2026-04-03,2534668,
Telegram,CreemUber,نقل,بخوان جيت جهت الحرم واوبر عيا يجيب لي اي طلب مره مافيه جربت اقفله واصكه مافي فايزه وش الحل,2026-04-03,2534669,
Telegram,CreemUber,نقل,من يوم في لبن ولا طلب والخريطه كذا 🤔,2026-04-03,2534670,
Telegram,CreemUber,نقل,"كيف لغيت الرحلة ؟؟ 


هل هي ركبت معك ولا لا؟",2026-04-03,2534671,
Telegram,CreemUber,نقل,"‏""لو يستوعب المرء كيف تحميه أذكار الصباح والمساء لاستحال عليه أن يتركها! يقول أحد الصالحين، حاجة الإنسان للأذكار أكثر من حاجته للطعام والشراب، تخيّل أنك بمجرد المحافظة عليها تكون تحت حماية الله عزّ وجل""
**- اذكار المساء**",2026-04-03,2534673,
Telegram,CreemUber,نقل,ياعيال مافي طلبات في المدينه,2026-04-03,2534674,
Telegram,CreemUber,نقل,ياعيال ليه م يمديني,2026-04-03,2534675,
Telegram,CreemUber,نقل,احد عنده حل لاهنتو؟,2026-04-03,2534676,
Telegram,CreemUber,نقل,زي حالتك عند الحرم ومافي طلبات ابدا,2026-04-03,2534677,
Telegram,CreemUber,نقل,وش فيه اوبر يالربع,2026-04-03,2534678,
Telegram,CreemUber,نقل,المدينة؟,2026-04-03,2534679,
Telegram,CreemUber,نقل,الشغل ضعيف بهذا الوقت بجده ياشباب ؟,2026-04-03,2534661,
Telegram,CreemUber,نقل,لو اخترت الخيار الثاني بيعطونا ال٣٠ ولابيسحبون,2026-04-03,2534658,
Telegram,CreemUber,نقل,لا,2026-04-03,2534718,
Telegram,CreemUber,نقل,اتوقع مايقدر يقيمك اذا حطيت نزول مبكر,2026-04-03,2534656,
Telegram,CreemUber,نقل,يخوان احد عنده حل؟,2026-04-03,2534641,
Telegram,CreemUber,نقل,كيف اعرف سيارتي كمفورت ولا بلاك ؟,2026-04-03,2534642,
Telegram,CreemUber,نقل,ياشباب,2026-04-03,2534643,
Telegram,CreemUber,نقل,قبلت طلب مدته ٤ دقايق,2026-04-03,2534644,
Telegram,CreemUber,نقل,جدول السيارات,2026-04-03,2534645,
Telegram,CreemUber,نقل,"جدول السيارات المقبولة في أوبر :

https://www.uber.com/global/ar/eligible-vehicles/?city=jeddah

ملاحظة : سيارات الميني فان أو البيك اب غير مقبولة",2026-04-03,2534646,
Telegram,CreemUber,نقل,والعميل وداني محل ولطعني ١٠ دقايق,2026-04-03,2534647,
Telegram,CreemUber,نقل,ادخل دور لها وشف,2026-04-03,2534648,
Telegram,CreemUber,نقل,ولسى ماجاء,2026-04-03,2534649,
Telegram,CreemUber,نقل,شسوي معه,2026-04-03,2534650,
Telegram,CreemUber,نقل,الغي الرحله على بند طلب نزول مبكر,2026-04-03,2534651,
Telegram,CreemUber,نقل,شلون اسويها ذي,2026-04-03,2534652,
Telegram,CreemUber,نقل,اخاف يقيمني نجمه,2026-04-03,2534653,
Telegram,CreemUber,نقل,"مساكم الله بالخير .. 

ايجو مسوي عروض حلوة وجوائز سيارات وكذا .. وربي يبارك ويجعل الخير من نصيبكم 

لكن يا اهلها الشرقية هل ايجو فيه طلبات ويسوى نشحنه ب 100 
م قد جربته صراحة الي عنده خبره فيه ومن الشرقية يفيدنا جزاه الله خير",2026-04-03,2534654,
Telegram,CreemUber,نقل,او كلمه قله بتجي ولالا اذا قال بجي ولا جاء اعرف انه سحب عليك,2026-04-03,2534655,
Telegram,CreemUber,نقل,مكه,2026-04-03,2534680,
Telegram,CreemUber,نقل,المشاوير هذي تطلع لكم ولا بس أنا ؟؟,2026-04-03,2534681,
Telegram,CreemUber,نقل,خلك حول مكه مول والعوالي والنسيم فيه ذروه بتلاقي ان شاءالله,2026-04-03,2534682,
Telegram,CreemUber,نقل,والحرم طيب المفروض اكثر شي فيه,2026-04-03,2534683,
Telegram,CreemUber,نقل,ااي,2026-04-03,2534703,
Telegram,CreemUber,نقل,اي عشان كذا تاخذ وقت وبعدها يمديك تحول,2026-04-03,2534704,
Telegram,CreemUber,نقل,"﴿يَا أَيُّهَا النَّبِيُّ إِنَّا أَرْسَلْنَاكَ شَاهِدًا وَمُبَشِّرًا وَنَذِيرًا • وَدَاعِيًا إِلَى اللهِ بِإِذْنِهِ وَسِرَاجًا مُّنِيرًا﴾.

«اللَّهُمَّ صَلِّ وَسَلِّمْ وَبَارِكْ عَلَى نَبِيِّنَا مُحَمَّدٍ وَاجْزِهِ عَنَّا أفْضَلَ مَا جَزَيْتَ نَبِيًّا عَنْ أُمَّتِهِ ، اللَّهُمَّ أوْزِعْنَا بِهَدْيِهِ وَاسْتَعْمِلْنَا بِسُنَّتِهِ وَتَوَفَّنَا عَلَى مِلَّتِهِ وَاحْشُرْنَا فِي زُمْرَتِهِ ، اللَّهُمَّ أوْرِدْنَا حَوْضَهُ وَاسْقِنَا مِنْهُ مَشْرَبًا رَوِيًّا سَائِغًا هَنِيًّا لَا نَظْمَأُ بَعْدَهُ أبَدًا ، اللَّهُمَّ ألْحِقْنَا بِنَبِيِّنَا هُدَاةً مُهْتَدِينَ غَيْرَ مُبَدِّلِينَ وَلَا مُرْتَابِينَ مَعَ الَّذِينَ أنْعَمْتَ عَلَيْهِمْ مِنَ النَّبِيِّينَ وَالصِّدِّيقِينَ وَالشُّهَدَاءِ وَالصَّالِحِينَ وَحَسُنَ أُولَئِكَ رَفِيقًا».",2026-04-03,2534705,
Telegram,CreemUber,نقل,السلام عليكم احد يعرف اشتراك جيني كيف ؟,2026-04-03,2534706,
Telegram,CreemUber,نقل,تقصد تسجيل ؟,2026-04-03,2534707,
Telegram,CreemUber,نقل,إذا غيرت حسابي البنكي ف أوبر كم يوم لين اقدر احول فلوس؟,2026-04-03,2534708,
Telegram,CreemUber,نقل,لا الاشتراك,2026-04-03,2534709,
Telegram,CreemUber,نقل,الووووو,2026-04-03,2534710,
Telegram,CreemUber,نقل,ما يطلب اشتراك,2026-04-03,2534711,
Telegram,CreemUber,نقل,كيف معلق؟,2026-04-03,2534712,
Telegram,CreemUber,نقل,اقصد تكون قيمة المشوار لي,2026-04-03,2534713,
Telegram,CreemUber,نقل,شباب لو سمحتو وش السيآره اللي م تخش تطبيق اوبر,2026-04-03,2534714,
Telegram,CreemUber,نقل,…,2026-04-03,2534715,
Telegram,CreemUber,نقل,‏شباب بسألكم يقبل سيارة 16,2026-04-03,2534716,
Telegram,CreemUber,نقل,‏شباب بسألكم يقبل سيارة 16,2026-04-03,2534717,
Telegram,CreemUber,نقل,غيرت آيبان البنك ؟,2026-04-03,2534702,
Telegram,CreemUber,نقل,ياعيال من يعرف حلها,2026-04-03,2534701,
Telegram,CreemUber,نقل,"دعم بولت تحصل كل شي تقدر عن طريق قسم المساعدة بالتطبيق ، يرد عليك اول شي ذكاء اصطناعي ويمديك تدخل وتكلم خدمة العملاء ، في حال واجهتك مشكلة ورغبت بالمزيد من المساعدة تواصل عن طريق الاتصال. 

الاتصال 📞

0114137700


عن طريق التطبيق أو الايميل 
riyadh@bolt.eu

أو تويتر 
https://twitter.com/BoltDriverSA?t=VKzI4pGnW200Uyhd3K-BCw&s=09",2026-04-03,2534700,
Telegram,CreemUber,نقل,ياشباب وين الموقفة اللي فالطايف حقت الكدادين,2026-04-03,2534691,
Telegram,CreemUber,نقل,لي 20 دقيقه واقف مافي طلبات,2026-04-03,2534684,
Telegram,CreemUber,نقل,"انت من جدك تدور عند الحرم ؟ 


حبيبي روح عند القطار 

تجيك طلبات 

الحرم خلا دحين جفاف",2026-04-03,2534685,
Telegram,CreemUber,نقل,"ياعيال اوبر معلق معكم؟
انا حذفته ٤ مرات وحملته وباقي معلق
حاولت اطلب من جوالي فيه كباتن بس عندي معلق",2026-04-03,2534687,
Telegram,CreemUber,نقل,لا مو معلق,2026-04-03,2534688,
Telegram,CreemUber,نقل,تعرف وش الحل,2026-04-03,2534689,
Telegram,CreemUber,نقل,مدري والله,2026-04-03,2534690,
Telegram,CreemUber,نقل,الحل لاهنتو,2026-04-03,2534692,
Telegram,CreemUber,نقل,دعم بولت,2026-04-03,2534699,
Telegram,CreemUber,نقل,لي ساعة واقف الاسعار بيض بالرياض,2026-04-03,2534693,
Telegram,CreemUber,نقل,ً,2026-04-03,2534694,
Telegram,CreemUber,نقل,سلام عليكم,2026-04-03,2534695,
Telegram,CreemUber,نقل,يبدو انه انسحب علي,2026-04-03,2534696,
Telegram,CreemUber,نقل,يالربع جددت الفحص الدوري شلون أحدثه بولت,2026-04-03,2534697,
Telegram,CreemUber,نقل,اتصل على رقم الدعم,2026-04-03,2534698,
Telegram,captainscounci,عام,ياهل الرياض الشغل كيف,2026-04-03,100829,
Telegram,captainscounci,عام,طيب هل فيه شي يقفل خاصية الكاش ؟,2026-04-03,100814,
Telegram,captainscounci,عام,الحين سوال هل السعر٤١معى الزياده ولا بدون؟,2026-04-03,100831,
Telegram,KSA_Uber_Group,نقل,سيفر ببوست خيالي,2026-04-03,852619,
Telegram,KSA_Uber_Group,نقل,بشررر عسى جاك رد وجهة,2026-04-03,852623,
Telegram,KSA_Uber_Group,نقل,"والله بعض المشاوير ماهي كمفورت 
اوبر سيفر ملبسينه بشت عشان نقبله",2026-04-03,852624,
Telegram,KSA_Uber_Group,نقل,تقصد ان في واحد معك قلت له اطلب عشان تقبل وتاخذه معك والشخص هذا متفق معه يعني,2026-04-03,852625,
Telegram,KSA_Uber_Group,نقل,👀👀👀👀,2026-04-03,852626,
Telegram,KSA_Uber_Group,نقل,لا هو ماهو معي بس انا عنده بيطلع بمشوار,2026-04-03,852627,
Telegram,KSA_Uber_Group,نقل,بس إذا طلب مايطلع له,2026-04-03,852628,
Telegram,KSA_Uber_Group,نقل,يمكن الفئه يمكن الشبكه تعلق وجت لواحد غيرك يمكن ماطلب,2026-04-03,852629,
Telegram,KSA_Uber_Group,نقل,الفئة كيف,2026-04-03,852630,
Telegram,KSA_Uber_Group,نقل,مهوب لازم روح به,2026-04-03,852631,
Telegram,KSA_Uber_Group,نقل,ماحد يفتش,2026-04-03,852632,
Telegram,KSA_Uber_Group,نقل,لا,2026-04-03,852633,
Telegram,WxPz6Bi4FPxiNmE0,عام,وش الحل ي شباب؟,2026-04-03,622300,
Telegram,WxPz6Bi4FPxiNmE0,عام,"ي شباب مره مو راضيه تخرج 
خلو السوابق 

هي من اي دايره حكوميه",2026-04-03,622301,
Telegram,WxPz6Bi4FPxiNmE0,عام,@,2026-04-03,622302,
Telegram,WxPz6Bi4FPxiNmE0,عام,ادخل ابشر تلقاه رسومه ٥٦ ريال,2026-04-03,622303,
Telegram,WxPz6Bi4FPxiNmE0,عام,"سبق وطلعتها 


الان مو راضيه احط كل شي وفي النهايه تجي الصوره ذي",2026-04-03,622304,
Telegram,WxPz6Bi4FPxiNmE0,عام,الكتابه الحمراء طيب كيف الغيها,2026-04-03,622306,
Telegram,WxPz6Bi4FPxiNmE0,عام,من اي دايره حكوميه اذ مطلعت من ابشر اراجعهم,2026-04-03,622307,
Telegram,WxPz6Bi4FPxiNmE0,عام,"**قال النبي ﷺ  
‏أكثروا من الصلاة عليّ ليلة الجمعة ‏ويوم الجمعة فإن صلاتكم معروضة عليّ 

‏اللهُّم صلِ وسلم على نبينا مُحمد 

ولاتنسون صلاة الضحى ( سنة مؤكدة )**",2026-04-03,622308,
Telegram,WxPz6Bi4FPxiNmE0,عام,فيه حل ينفك؟,2026-04-03,622318,
Telegram,WxPz6Bi4FPxiNmE0,عام,السلام عليكم الزياده في هنقر مستمره او بس ويكند,2026-04-03,622319,
Telegram,KSA_Uber_Group,نقل,يمكن طالب فئه غير سيارتك,2026-04-03,852634,
Telegram,KSA_Uber_Group,نقل,الفئات على حسب السياره,2026-04-03,852635,
Telegram,KSA_Uber_Group,نقل,أنا طالبني واحد وانا عنده يوم جيته شغلت الموقع وهو يطلب مالقاني و تجيه سيارات ثانيه,2026-04-03,852622,
Telegram,KSA_Uber_Group,نقل,فيه تحديث لاوبر الي يحس ماجته طلبات يحدث افضل له,2026-04-03,852618,
Telegram,KSA_Uber_Group,نقل,كيف يطلبني,2026-04-03,852588,
Telegram,KSA_Uber_Group,نقل,والله مايسكت سيفر ادوخني,2026-04-03,852617,
Telegram,KSA_Uber_Group,نقل,جنبي,2026-04-03,852591,
Telegram,KSA_Uber_Group,نقل,"المطار لا تروح له الا بمشوار كويسس

واذا رحت له اذا ماعطاك أولوية في السرا امش ولا تنتظر",2026-04-03,852592,
Telegram,KSA_Uber_Group,نقل,أنا عنده واقف,2026-04-03,852593,
Telegram,KSA_Uber_Group,نقل,يخوان اذا الراكب رفض يركب معي يوم وصلت وانا رفضت الغي هل تقدر ترفع علي شكوى؟,2026-04-03,852595,
Telegram,KSA_Uber_Group,نقل,معك صلاحية تلغي,2026-04-03,852596,
Telegram,KSA_Uber_Group,نقل,خل  الوقت ليين يصير احمر والغه,2026-04-03,852597,
Telegram,KSA_Uber_Group,نقل,بس وش السبب الى خلاها يرفض ؟,2026-04-03,852598,
Telegram,KSA_Uber_Group,نقل,هي الغت,2026-04-03,852599,
Telegram,KSA_Uber_Group,نقل,ماراح يجيك شي,2026-04-03,852600,
Telegram,KSA_Uber_Group,نقل,بعد الدعاوي الي جتني,2026-04-03,852601,
Telegram,KSA_Uber_Group,نقل,الفضول ذابحنا شالعلم ههههههههههههههههههههههههههههههههههههههههههههههههههههههههههههههههههههههههه,2026-04-03,852604,
Telegram,KSA_Uber_Group,نقل,ي خوان ابي احد يفيدني يجي خاص,2026-04-03,852605,
Telegram,KSA_Uber_Group,نقل,تقول السياره فيها ريحة دخان وانا ماادخن,2026-04-03,852606,
Telegram,KSA_Uber_Group,نقل,فئة بلاك ذولي عله صايرين,2026-04-03,852607,
Telegram,KSA_Uber_Group,نقل,غريب,2026-04-03,852608,
Telegram,KSA_Uber_Group,نقل,اذا بخصوص اوبر ارسل استفسارك والشباب مابيقصرون,2026-04-03,852609,
Telegram,KSA_Uber_Group,نقل,ماعجبتها السياره,2026-04-03,852610,
Telegram,KSA_Uber_Group,نقل,يربع ردو علينا محد يعرف وش المشكله ؟,2026-04-03,852611,
Telegram,KSA_Uber_Group,نقل,ماحد رد علي,2026-04-03,852612,
Telegram,KSA_Uber_Group,نقل,طف الجوال وشغله,2026-04-03,852613,
Telegram,KSA_Uber_Group,نقل,الوضع اليوم بالرياض مافيه مشاوير,2026-04-03,852614,
Telegram,KSA_Uber_Group,نقل,يجيك الخير,2026-04-03,852615,
Telegram,KSA_Uber_Group,نقل,مافهمت والله وش تقصد صراحه,2026-04-03,852616,
Telegram,KSA_Uber_Group,نقل,وضع الانتشار 😉,2026-04-03,852636,
Telegram,KSA_Uber_Group,نقل,نفس المشكله ماتغير,2026-04-03,852637,
Telegram,KSA_Uber_Group,نقل,العلم ي رجال ؟؟ وقبله مشوار 30 دقيقه ويبعد عني 13 دقيقه ب 10 !,2026-04-03,852638,
Telegram,KSA_Uber_Group,نقل,معقوله فيه ناس تكنس كذا خلتهم يوصلون للمرحلة ذي ؟,2026-04-03,852639,
Telegram,WxPz6Bi4FPxiNmE0,عام,✅تطلع لك الاجازات المرضية على صحتي وتساب +966543647637,2026-04-03,622339,
Telegram,WxPz6Bi4FPxiNmE0,عام,✅تطلع لك الاجازات المرضية على صحتي وتساب +966543647637,2026-04-03,622340,
Telegram,WxPz6Bi4FPxiNmE0,عام,✅تطلع لك الاجازات المرضية على صحتي وتساب +966543647637,2026-04-03,622341,
Telegram,WxPz6Bi4FPxiNmE0,عام,✅تطلع لك الاجازات المرضية على صحتي وتساب +966543647637,2026-04-03,622342,
Telegram,WxPz6Bi4FPxiNmE0,عام,✅تطلع لك الاجازات المرضية على صحتي وتساب +966543647637,2026-04-03,622343,
Telegram,WxPz6Bi4FPxiNmE0,عام,✅تطلع لك الاجازات المرضية على صحتي وتساب +966543647637,2026-04-03,622344,
Telegram,WxPz6Bi4FPxiNmE0,عام,✅تطلع لك الاجازات المرضية على صحتي وتساب +966543647637,2026-04-03,622345,
Telegram,WxPz6Bi4FPxiNmE0,عام,✅تطلع لك الاجازات المرضية على صحتي وتساب +966543647637,2026-04-03,622346,
Telegram,WxPz6Bi4FPxiNmE0,عام,لوفي حد منكم ياشباب بعرف رقم مشرف نينجا والا كيف أتواصل مع دعم نينجا يغير رقم التواصل وال stc,2026-04-03,622347,
Telegram,WxPz6Bi4FPxiNmE0,عام,"لو فيكم حد يعرف كيف أتواصل مع دعم نينجا 
وجزاكم الله خير",2026-04-03,622348,
Telegram,WxPz6Bi4FPxiNmE0,عام,يا شباب الفزعة منكم,2026-04-03,622349,
Telegram,jad_app,توصيل,هنا الدعم,2026-04-03,70919,
Telegram,jad_app,توصيل,الرسائل المثبتة تواصل معهم,2026-04-03,70918,
Telegram,jad_app,توصيل,ولا احد حل المشكلة هذي ارجو التوضيح,2026-04-03,70916,
Telegram,jad_app,توصيل,واكلم الدعم ماحد يرد,2026-04-03,70915,
Telegram,jad_app,توصيل,هذا الكلام من قبل العيد,2026-04-03,70914,
Telegram,jad_app,توصيل,"شغال معك 
الإعلانات الأسبوع القادم 👏",2026-04-03,70913,
Telegram,jad_app,توصيل,بيشتغل البرنامج ولا نحذفه؟,2026-04-03,70912,
Telegram,jad_app,توصيل,تواصل معهم,2026-04-03,70910,
Telegram,jad_app,توصيل,ماتفعل حسابي للان,2026-04-03,70909,
Telegram,jad_app,توصيل,جميع تطبيقات التوصيل مقتصره ع السعوديين فقط,2026-04-03,70908,
Telegram,jad_app,توصيل,"خدمة العملاء 
تطبيق جاد الرقم الموحد 
اتصال واتساب
 920017523
وقت الدوام 



رقم دعم تطبيق جاد 
0550397098

🔴تواصل معهم واتساب للتفعيل 
wa.me/966550397098

الاستفسارات",2026-04-03,70907,
Telegram,jad_app,توصيل,"السلام عليكم
انا سجلت فالتطبيق وبانتظار التفعيل
بس مافيه رقم اتواصل معهم عشان التفعيل",2026-04-03,70896,
Telegram,WxPz6Bi4FPxiNmE0,عام,✅تطلع لك الاجازات المرضية على صحتي وتساب +966543647637,2026-04-03,622338,
Telegram,WxPz6Bi4FPxiNmE0,عام,حقيقة شي يطفش,2026-04-03,622337,
Telegram,WxPz6Bi4FPxiNmE0,عام,المشرف هشام شوف الرساله ع الخاص لو سمحت ..,2026-04-03,622336,
Telegram,KSA_Uber_Group,نقل,لا,2026-04-03,852651,
Telegram,KSA_Uber_Group,نقل,والله طلعت من الشرق وموجه للعليا مافيه طلبات  لي نص ساعه,2026-04-03,852640,
Telegram,KSA_Uber_Group,نقل,بربري,2026-04-03,852641,
Telegram,captainscounci,عام,مع الزيادات حقت العرض وحقت اولويه 41 كلها,2026-04-03,100832,
Telegram,KSA_Uber_Group,نقل,لا تاخذ الا  قريب منك ،، وسعره مقبول,2026-04-03,852642,
Telegram,KSA_Uber_Group,نقل,اففااا علييك هههههههههههههههههههههههههههههههههههههههههههههههههههههههههههههههههه,2026-04-03,852643,
Telegram,KSA_Uber_Group,نقل,تبي بس بلاك 🤣🤣🤣,2026-04-03,852644,
Telegram,KSA_Uber_Group,نقل,تنازل شوي 😌,2026-04-03,852645,
Telegram,KSA_Uber_Group,نقل,الله يستر من التقيم  دعواتكم لي,2026-04-03,852646,
Telegram,KSA_Uber_Group,نقل,خازوق على طبق من ذهب,2026-04-03,852648,
Telegram,KSA_Uber_Group,نقل,معدل القبول يأثر إذا كان نازل ؟,2026-04-03,852650,
Telegram,KSA_Uber_Group,نقل,والله فخم,2026-04-03,852652,
Telegram,WxPz6Bi4FPxiNmE0,عام,ابي دعم. هنفر ضرووي,2026-04-03,622335,
Telegram,KSA_Uber_Group,نقل,بدون حلف😂,2026-04-03,852653,
Telegram,KSA_Uber_Group,نقل,على الكيلو اشوفه كويس بس الوقت لا,2026-04-03,852654,
Telegram,KSA_Uber_Group,نقل,يعني لو انت قريب منه حلو,2026-04-03,852655,
Telegram,WxPz6Bi4FPxiNmE0,عام,نسيت كلمة المرور واسوي نسيت وتم ارسال لي كلمة مرور موقتة وعند ادخلها يجي كذا,2026-04-03,622320,
Telegram,WxPz6Bi4FPxiNmE0,عام,‏السلام عليكم ورحمة الله وبركاته بصراحة هنقرشيشن  بعد العيد سيئ جدا جدا جدا يعني لدرجة انه أنا قريب من مطعم مطعم السعودي كذا معطيني مطعم ثاني يبعد عني ستة كيلو ما يعطيني أقرب مطعم يعطيني مطعم البعيد فصار من بعد  العيد أسعاره رديه  والطلبات  تجي بعيد,2026-04-03,622321,
Telegram,WxPz6Bi4FPxiNmE0,عام,مثلك مافيه حل سويت شكوى تواصلو معي,2026-04-03,622322,
Telegram,WxPz6Bi4FPxiNmE0,عام,ولا فتحو الحساب,2026-04-03,622323,
Telegram,WxPz6Bi4FPxiNmE0,عام,كود خصم نايس ون TB160,2026-04-03,622326,
Telegram,WxPz6Bi4FPxiNmE0,عام,سلام عليكم انا عندي سياره وحابب ادخل المجال هل ف شخص بعد اذنكم يفهمني الدنيا كيف؟,2026-04-03,622328,
Telegram,WxPz6Bi4FPxiNmE0,عام,شباب بسالكم تقيم العملاء ياثر على طلبات؟,2026-04-03,622334,
Telegram,KSA_Uber_Group,نقل,وين مكانه,2026-04-03,852590,
Telegram,KSA_Uber_Group,نقل,الي يعرف للحل يعلمنا الله يسعدكم,2026-04-03,852594,
Telegram,KSA_Uber_Group,نقل,وابي اطلع له ولا قدرت,2026-04-03,852586,
Telegram,captainscounci,عام,يجماعة الخير ذي يوم ابغى اتم عملية الدفع يطلب مني كود اوبر ولا عرفت الكود اتمنى احد يفيدني,2026-04-03,100894,
Telegram,captainscounci,عام,ي عيال بالله افيدوني,2026-04-03,100896,
Telegram,captainscounci,عام,؟؟؟,2026-04-03,100897,
Telegram,captainscounci,عام,كوود رقم الجوال اللي مسجل فيه,2026-04-03,100898,
Telegram,captainscounci,عام,تمام شكراً,2026-04-03,100899,
Telegram,captainscounci,عام,ما يجي طالب ١٤ رقم,2026-04-03,100900,
Telegram,captainscounci,عام,عوضها مشاوير بطاقه اتركها لاتسدد,2026-04-03,100901,
Telegram,captainscounci,عام,يعني تجي مشاوير اذا ما سددت,2026-04-03,100902,
Telegram,captainscounci,عام,وصول مع سريفر ؟؟,2026-04-03,100903,
Telegram,captainscounci,عام,لا,2026-04-03,100904,
Telegram,captainscounci,عام,اي,2026-04-03,100905,
Telegram,captainscounci,عام,"السلام عليكم ورحمة الله وبركاتة اللي 
بالرياض يبي برنامج نسبته 7.5٪ وفيه مكافأت تصل ل5000 ريال يجي خاص بشرط تكون سعودي غير سعودي لايمكن  
اعتذر من الاداره اذا هذه الرساله غير مسموح بها",2026-04-03,100906,
Telegram,captainscounci,عام,🤣🤣🤣🤣🤣,2026-04-03,100907,
Telegram,captainscounci,عام,كيف الشغل يأهل الشرقية الان؟,2026-04-03,100908,
Telegram,captainscounci,عام,يا شباب ، ظاهر لي هذي المشكلة ومدري وش الحل ، فيه احد قد صارت له ؟,2026-04-03,100909,
Telegram,captainscounci,عام,"- مرحباً عزيزي
- نورت المجموعة
[-
༄「 ∂ιαмση∂ 💎」🇸🇦](https://t.me/diamondsabot)",2026-04-03,100911,
Telegram,captainscounci,عام,ازفت برنامج مستغرب كيف للحين ناس تشتغل فيه ومحملته غير العينات الي تشوفها هناك,2026-04-03,100912,
Telegram,captainscounci,عام,يلا ابلش بكرا بيطلعو لك مراهقات يبثون تيك بالمشوار,2026-04-03,100913,
Telegram,captainscounci,عام,وش حل اوبر على البعد ي اخوان,2026-04-03,100914,
Telegram,captainscounci,عام,"السلام عليكم 
شباب بنات  انا دخلت في مجال مره حلو تاخذي فلوس وانت قاعد في المنزل اللي حابب يستفيد يكلمني خاص والله مجال حقيقي ادله على الشخص تواصل خاص",2026-04-03,100920,
Telegram,uberjeeny,نقل,✅تطلع لك الاجازات المرضية على صحتي وتساب +966543647637,2026-04-03,173452,
Telegram,KSA_Uber_Group,نقل,سلام عليكم,2026-04-03,852585,
Telegram,uberjeeny,نقل,✅تطلع لك الاجازات المرضية على صحتي وتساب +966543647637,2026-04-03,173450,
Telegram,uberjeeny,نقل,✅تطلع لك الاجازات المرضية على صحتي وتساب +966543647637,2026-04-03,173449,
Telegram,captainscounci,عام,؟؟؟,2026-04-03,100895,
Telegram,captainscounci,عام,العالم رقود,2026-04-03,100893,
Telegram,uberjeeny,نقل,✅تطلع لك الاجازات المرضية على صحتي وتساب +966543647637,2026-04-03,173447,
Telegram,captainscounci,عام,.,2026-04-03,100890,
Telegram,captainscounci,عام,مشكلته نقاط التوقف ولا هو حلو,2026-04-03,100833,
Telegram,captainscounci,عام,هذا اللي خلاني ارفضه (:,2026-04-03,100834,
Telegram,captainscounci,عام,"عيال الرياض
وين الشغل عندكم فالويكند",2026-04-03,100835,
Telegram,captainscounci,عام,ممكن تفيدوني؟,2026-04-03,100837,
Telegram,captainscounci,عام,ي الربع بقدم مرا ثانيه ب سياره غير عجزت مدري وش الحل ب بولت افيدوني,2026-04-03,100839,
Telegram,captainscounci,عام,ياخوان اوبر الرياض مافي طلبات شالسالفهه,2026-04-03,100840,
Telegram,captainscounci,عام,غثونا بنسبتهم ماخذين 47 بالمية ، لو خصمنا الضريبة  تطلع نسبته دخلهم ٣٠ بالمية هذا ، ماهو منطق,2026-04-03,100841,
Telegram,captainscounci,عام,لي ٢٠ دقيقه تقريبا ولاطلب,2026-04-03,100842,
Telegram,captainscounci,عام,تطبيق اوبر صاير شغال على ماكنية ديزل ، يبي له ساعة ساعتين علشان يبدء يجيك طلبات,2026-04-03,100843,
Telegram,captainscounci,عام,هذا اولويه بالله عليكم,2026-04-03,100844,
Telegram,captainscounci,عام,خسران اذا سيارتك كبيرة,2026-04-03,100845,
Telegram,captainscounci,عام,"- مرحباً عزيزي
- نورت المجموعة
[-
༄「 ∂ιαмση∂ 💎」🇸🇦](https://t.me/diamondsabot)",2026-04-03,100849,
Telegram,captainscounci,عام,ياشباب الكورولا تدخل انتظار المطار,2026-04-03,100857,
Telegram,captainscounci,عام,؟,2026-04-03,100861,
Telegram,captainscounci,عام,بقدم من جديد كيف,2026-04-03,100863,
Telegram,captainscounci,عام,"🔞 260ɢʙ ᴘʀɪᴠᴀᴛᴇ ᴘᴏʀɴ ᴀʀᴄʜɪᴠᴇ! 🚨

|- 📹 [ʜᴏᴍᴇᴍᴀᴅᴇ](https://cutt.ly/BtAViAXp)
|- 💦 [ᴏɴʟʏꜰᴀɴs ʟᴇᴀᴋs ](https://cutt.ly/BtAViAXp)
|- 👫 [ᴀᴍᴀᴛᴇᴜʀ ᴄᴏᴜᴘʟᴇs](https://cutt.ly/BtAViAXp) 
|- 😈 [ᴛᴇᴇɴs ](https://cutt.ly/BtAViAXp)
|- 🥵 [ᴍɪʟꜰs](https://cutt.ly/BtAViAXp) 
|- 🍑 [ᴀɴᴀʟ & ᴄʀᴇᴀᴍᴘɪᴇ ](https://cutt.ly/BtAViAXp)
|- 👅 [ʟᴇsʙɪᴀɴ](https://cutt.ly/BtAViAXp) 
|- ⛓️ [ʙᴅsᴍ](https://cutt.ly/BtAViAXp)

ᴡᴀᴛᴄʜ ꜰʀᴇᴇ 👇 18+
https://cutt.ly/BtAViAXp
https://cutt.ly/BtAViAXp
https://cutt.ly/BtAViAXp",2026-04-03,100874,
Telegram,captainscounci,عام,يا رجال  وش ذا,2026-04-03,100879,
Telegram,captainscounci,عام,ذا وش وضعة مع الرسايل ذي,2026-04-03,100880,
Telegram,captainscounci,عام,شباب الي طالعين الحين في شغل؟,2026-04-03,100883,
Telegram,captainscounci,عام,Oh dog,2026-04-03,100884,
Telegram,captainscounci,عام,المشرفين !؟,2026-04-03,100885,
Telegram,captainscounci,عام,@Mohd_2022,2026-04-03,100887,
Telegram,captainscounci,عام,Leave us,2026-04-03,100888,
Telegram,uberjeeny,نقل,✅تطلع لك الاجازات المرضية على صحتي وتساب +966543647637,2026-04-03,173448,
Telegram,uberjeeny,نقل,✅تطلع لك الاجازات المرضية على صحتي وتساب +966543647637,2026-04-03,173451,
Telegram,uberjeeny,نقل,✅تطلع لك الاجازات المرضية على صحتي وتساب +966543647637,2026-04-03,173446,
Telegram,captainscounci,عام,ياخوان قطعت إشاره وصورني ساهر مرتين وصار لها ثلاث أيام بتنزل لي تتوقعون ؟,2026-04-03,100928,
Telegram,captainscounci,عام,"تاخذ لها اسبوع 
وان شاء الله ماتجيك الرسالة اللى تغثك",2026-04-03,100930,
Telegram,captainscounci,عام,"ي حماعه تنصحون بالتعاقد الشهري مع العميل احسن من  التطبيقات ولا ؟
زي المدارس وكذا 


اقعد ٩ ساعات ل ٨ ساعات برا البيت وما اطلع إلا ١٥٠ كيوميه واحس بنجن مو قد التعب",2026-04-03,100932,
Telegram,captainscounci,عام,"السلام عليكم ورحمه الله وبركاته 
في احد سمع او عنده معلومه عن تطبيق جاد ؟ يقولون جديد بالسوق ايش وضعه اللي عنده خبر يفيدنا",2026-04-03,100933,
Telegram,captainscounci,عام,انصح بس يكون بينكم شي كتابي بالواتس يعني وتاخذ كل مبلغ بيومه لان يسحبون عليك,2026-04-03,100934,
Telegram,captainscounci,عام,شباب يقولون الصبح بالرياض فيه شغل وذروه خصوصا السوق نايم تنصحوني ولا ما تسوى زحمة الدوامات خصوصا التطبيقات ما راح يحسبون الزحمات بالغالب,2026-04-03,100935,
Telegram,captainscounci,عام,"الشغل الصباح حلو .. بس الذروة للاسف مافيه 
وبالنسبة للزحمة فيه بس على خفيف  ومتوسط ماهو مثل زحمة العصر وقت خروج الموظفين",2026-04-03,100936,
Telegram,captainscounci,عام,"المشكله مبالغهم بالشهر للطلاب اعلى شي ٦٠٠ ل٥٠٠

بس إذا اخذت الصباح  للمسافات الأبعد 

طبعا بقومه الخباز 
 تكون اعلى شي الف ريال",2026-04-03,100937,
Telegram,captainscounci,عام,يالله تهبده يالله والسياسه عندهم تقبل طلبات اب 7 ريال على اربعه كيلو او حظر,2026-04-03,100938,
Telegram,captainscounci,عام,برلت؟,2026-04-03,100939,
Telegram,uberjeeny,نقل,✅تطلع لك الاجازات المرضية على صحتي وتساب +966543647637,2026-04-03,173445,
Telegram,KSA_Uber_Group,نقل,وقت الذروه اطلق واحد,2026-04-03,852578,
Telegram,KSA_Uber_Group,نقل,تمام يعطيكم العافيه,2026-04-03,852579,
Telegram,KSA_Uber_Group,نقل,الطلبات بس سيفر باقي الفئات 😪💤,2026-04-03,852580,
Telegram,KSA_Uber_Group,نقل,نضطر نكنس,2026-04-03,852581,
Telegram,KSA_Uber_Group,نقل,بالطويق فيه طلبات وصول كريم,2026-04-03,852582,
Telegram,KSA_Uber_Group,نقل,عندي مشكلة في تطبيق اوبر يعطي فشل في شبكة الانترنت ويخرج من سرا المطار رغم ان النت شغال ممتاز,2026-04-03,852583,
Telegram,KSA_Uber_Group,نقل,ي خوان في واحد طلبني وبروح له عن طريق التطبيق,2026-04-03,852584,
Telegram,captainscounci,عام,لا تقبل,2026-04-03,100929,
Telegram,captainscounci,عام,اي,2026-04-03,100940,
Telegram,captainscounci,عام,"- مرحباً عزيزي
- نورت المجموعة
[-
༄「 ∂ιαмση∂ 💎」🇸🇦](https://t.me/diamondsabot)",2026-04-03,100927,
Telegram,uberjeeny,نقل,٢٠١٦,2026-04-03,173392,
Telegram,uberjeeny,نقل,✅تطلع لك الاجازات المرضية على صحتي وتساب +966543647637,2026-04-03,173444,
Telegram,uberjeeny,نقل,انا من مكه,2026-04-03,173397,
Telegram,uberjeeny,نقل,فيه تطبيق بديل اقدر اشتغل عليه,2026-04-03,173396,
Telegram,uberjeeny,نقل,من عام ٢٠١٧ إلى الآن تشتغل موديلات بس,2026-04-03,173395,
Telegram,uberjeeny,نقل,امين يارب,2026-04-03,173394,
Telegram,uberjeeny,نقل,اجل الله يعوض عليك✋️,2026-04-03,173393,
Telegram,captainscounci,عام,الله ياخذك انت واللى معك,2026-04-03,100925,
Telegram,uberjeeny,نقل,"اللي سجل بجيني وبولت وايجو 
جرب منت خسران شي",2026-04-03,173398,
Telegram,uberjeeny,نقل,"السلام عليكم 
اول شي كم موديل سياره",2026-04-03,173391,
Telegram,captainscounci,عام,عروضهم كويسه بس اغلبه عينات صدق,2026-04-03,100924,
Telegram,captainscounci,عام,اقرب واحد 7 دقايق,2026-04-03,100923,
Telegram,captainscounci,عام,تبي يصير هو يجيك مشي ولا فيه كم مشوار عندك معقوله مشوارين هي الي بعيده صدق,2026-04-03,100922,
Telegram,captainscounci,عام,ولا مشوار يبعد عني دقيقه,2026-04-03,100921,
Telegram,uberjeeny,نقل,سلام عليكم ياخون هذا ثامن طلب للي يلغي العميل الطلب احد يعرف وش الأسباب ؟,2026-04-03,173380,
Telegram,uberjeeny,نقل,لاتفوتوا الدعاء في آخر ساعة من نهار ‎الجمعة فإنها ‎ساعة_استجابة,2026-04-03,173387,
Telegram,uberjeeny,نقل,سلام عليكم.  احد يفيدنا عيى يفتح معي التطبيق,2026-04-03,173390,
Telegram,jad_app,توصيل,تبدأ الإعلانات الأسبوع القادم 👍👍,2026-04-02,70861,
Telegram,jad_app,توصيل,متى يشتغل يابو عزام بالرياض,2026-04-02,70857,
Telegram,jad_app,توصيل,قريبآ الإعلانات 👏👏,2026-04-02,70826,
Telegram,jad_app,توصيل,"🔴**تطبيق جاد الدخــــــــــــول** **بقـــــــــوة** ✅

**وتم إضافة وصول**👍👏👏

**المنافس الاول في عالــــــم** **التوصيل** 

**تم اضافة وصول مع تطبيق جاد** ✅



تفعيل الحسابات
كابتن 🧑‍✈️كابتنة🧕 
اذا مطابق شروط هيئة النقل 
للسعوديين وابن المواطنة فقط 
جميع المستندات سارية ✅
موديل السياره لايقبل عن2017🚗


ايفون 
https://apps.apple.com/sa/app/jad-driver/id6463896609


أندرويد 
https://play.google.com/store/apps/details?id=online.jad.fuodzdeliveryboy",2026-04-02,70854,
Telegram,jad_app,توصيل,هنا,2026-04-02,70837,
Telegram,jad_app,توصيل,تواصل معهم,2026-04-02,70836,
Telegram,jad_app,توصيل,ايه وضعها!؟,2026-04-02,70834,
Telegram,Bolt_Bo,توصيل,ما احب اوصلهم ببلاش.. اذا قربت من 200 احولهم 40 ريال واطلع منها مبلغ وارجع اسوي نفس الطريقة طول الشهر,2026-04-02,920306,
Telegram,jad_app,توصيل,في برامج للشغل للمقيمين؟,2026-04-02,70832,
Telegram,jad_app,توصيل,"**رابــــــط التسجيل في بولت** 
**كابتن كابتنة**🚘

https://partners.bolt.eu?refid=MUTLAQA557",2026-04-02,70829,
Telegram,jad_app,توصيل,فيه طرود بس باقي ما فعلوها,2026-04-02,70833,
Telegram,Bolt_Bo,توصيل,"**رابــــــط التسجيل في بولت** 
**كابتن كابتنة**🚘

https://partners.bolt.eu?refid=MUTLAQA557",2026-04-02,920207,
Telegram,jad_app,توصيل,"وعليكم السلام 
اي نعم",2026-04-02,70824,
Telegram,Bolt_Bo,توصيل,ايش هذا,2026-04-02,920220,
Telegram,Bolt_Bo,توصيل,انا تفعلت في اقل من 24 ساعة,2026-04-02,920223,
Telegram,Bolt_Bo,توصيل,"تنبيه من بولت 
حمل الركاب المخالفين في الحج",2026-04-02,920224,
Telegram,Bolt_Bo,توصيل,سلام عليكم ، المبلغ هذا مديونيه اسددها 54 لبولت ؟ وكيف طريقة السداد,2026-04-02,920229,
Telegram,Bolt_Bo,توصيل,احد يعرف كم تسعيرة جيني للكيلو؟,2026-04-02,920232,
Telegram,Bolt_Bo,توصيل,لا المديونيه تحت الاخضر,2026-04-02,920236,
Telegram,Bolt_Bo,توصيل,"أهم شي الموجود في التطبيق 
هذي الاحصائيات كل شهر",2026-04-02,920243,
Telegram,Bolt_Bo,توصيل,"السلام عليكم 
في عميل طلب وما جاء و عوضني بولت ٩ ريال 
هل العميل يدفعها او التعويض من حساب الشركة",2026-04-02,920260,
Telegram,Bolt_Bo,توصيل,أتوقع العميل,2026-04-02,920261,
Telegram,Bolt_Bo,توصيل,أنا لي سنه مع بولت إذا صارت بالسالب ووصلت لحد -200 استلم طلبات البطاقه فقط . وياخذون حقكم واريح راسي وعادتاً طلبين من المطار تقفل المديونيه,2026-04-02,920268,
Telegram,jad_app,توصيل,الرياض وجده والشرقية,2026-04-02,70825,
Telegram,Bolt_Bo,توصيل,الرمز الي يجيني اتصال خمس ارقام وايقونتهم ستة ارقام لازم,2026-04-02,920117,
Telegram,jad_app,توصيل,تطبيق جاد موجود بالرياض,2026-04-02,70823,
Telegram,WxPz6Bi4FPxiNmE0,عام,هذا يدخل الرابط ويهكرون حسابه ويرجعون يسوون اعلانات لقروبهم,2026-04-02,622173,
Telegram,WxPz6Bi4FPxiNmE0,عام,هنقر علامة متغير مي كذا اسعاره,2026-04-02,622179,
Telegram,WxPz6Bi4FPxiNmE0,عام,نازله ولا مرتفعه,2026-04-02,622180,
Telegram,WxPz6Bi4FPxiNmE0,عام,٩و١٠ريال,2026-04-02,622182,
Telegram,WxPz6Bi4FPxiNmE0,عام,اي نازله يرجال,2026-04-02,622186,
Telegram,WxPz6Bi4FPxiNmE0,عام,اسعار توصيل صايره زفت,2026-04-02,622187,
Telegram,WxPz6Bi4FPxiNmE0,عام,السلام عليكم ياشباب اللي معه رقم تواصل لاحد القائمين على تطبيق جاهز في منطقة الخرج يفزع لي لاهنتو لانهم قفلو مكتبهم اللي هنا ولا اعرف كيف أتواصل معهم,2026-04-02,622192,
Telegram,WxPz6Bi4FPxiNmE0,عام,فيه اجانب يشتغلون هنا ؟,2026-04-02,622193,
Telegram,WxPz6Bi4FPxiNmE0,عام,لو اشتكى علي عميل يجيني اتصال ولا مايجيني؟,2026-04-02,622203,
Telegram,WxPz6Bi4FPxiNmE0,عام,لازم يفوض لك,2026-04-02,622229,
Telegram,WxPz6Bi4FPxiNmE0,عام,سلام عليكم ورحمة الله,2026-04-02,622231,
Telegram,WxPz6Bi4FPxiNmE0,عام,وش الشي الجديد اللي قلته,2026-04-02,622233,
Telegram,WxPz6Bi4FPxiNmE0,عام,بخصوص ان الرمز يطلع لي هطأ كيف احل المشكله؟,2026-04-02,622235,
Telegram,WxPz6Bi4FPxiNmE0,عام,خطأ*^,2026-04-02,622236,
Telegram,WxPz6Bi4FPxiNmE0,عام,يطلب ذا كل ماوقف الشغل وابدا عادي احط صورتي ، لانه حساب اخوي,2026-04-02,622237,
Telegram,WxPz6Bi4FPxiNmE0,عام,السلام عليكم ياخوان كيف الأسعار مارجعت نفس اول؟,2026-04-02,622238,
Telegram,WxPz6Bi4FPxiNmE0,عام,"السلام عليكم 
عندي ٥٠ ريال في محفظة هنقرستيشن وابغا اسحبها كيف الطريقه لو تكرمتو",2026-04-02,622239,
Telegram,WxPz6Bi4FPxiNmE0,عام,يقول ماوصلت الحد المسموح للسحب,2026-04-02,622240,
Telegram,WxPz6Bi4FPxiNmE0,عام,كود 200 مسألة وقت.,2026-04-02,622241,
Telegram,WxPz6Bi4FPxiNmE0,عام,مافهمت,2026-04-02,622242,
Telegram,WxPz6Bi4FPxiNmE0,عام,وش قروب لي فيه ١٤ الف ونايم,2026-04-02,622243,
Telegram,WxPz6Bi4FPxiNmE0,عام,نسأل ماحد يجاوب,2026-04-02,622244,
Telegram,WxPz6Bi4FPxiNmE0,عام,يعني بيتقفل حسابك ويجيك كود٢٠٠,2026-04-02,622245,
Telegram,WxPz6Bi4FPxiNmE0,عام,ليش يتقفل؟ للحين ماحطيت صورتي احط وجه اخوي,2026-04-02,622246,
Telegram,WxPz6Bi4FPxiNmE0,عام,"*📢 تنبيه هام وعاجل لجميع المناديب - بخصوص التحقق   📢*

بناءً على *توجيهات الهيئة العامة للنقل*، تم تفعيل *التحقق عبر تطبيق """" (بصمة الوجه)* لضمان استمرار عملكم.",2026-04-02,622177,
Telegram,WxPz6Bi4FPxiNmE0,عام,ترفع لك القبعه,2026-04-02,622169,
Telegram,WxPz6Bi4FPxiNmE0,عام,غير رقم الجوال جديد لم,2026-04-02,622249,
Telegram,WxPz6Bi4FPxiNmE0,عام,ذا اهم,2026-04-02,622168,
Telegram,WxPz6Bi4FPxiNmE0,عام,سبحان الله وبحمده سبحان الله العظيم,2026-04-02,622107,
Telegram,WxPz6Bi4FPxiNmE0,عام,لازالت نفس المشكلة علماً يسجل دخول  بجوال اخر,2026-04-02,622113,
Telegram,WxPz6Bi4FPxiNmE0,عام,"**صلاة الضحى  ..
هي سنه عظيمة، ووصية نبينا وحبيبنا ﷺ لأصحابه، يبدأ وقتها بعد طلوع الشمس بربع ساعة إلى قبيل الزوال، من أداها فكأنما تصدق بــ ٣٦٠ مفصل في جسدك، وهي صلاة الاوابين .
الاواب أي : كثير التوبة والرجوع إلى الله فكن منهم ، و ذكر بها غيرك**",2026-04-02,622117,
Telegram,WxPz6Bi4FPxiNmE0,عام,بعد 3طلب تتوثق,2026-04-02,622120,
Telegram,WxPz6Bi4FPxiNmE0,عام,اضرب 132في 15=1980ريال,2026-04-02,622121,
Telegram,WxPz6Bi4FPxiNmE0,عام,طيب متى تنزل,2026-04-02,622122,
Telegram,WxPz6Bi4FPxiNmE0,عام,احد يعرف متى نزولها او احد نزلت اليوم او امس,2026-04-02,622123,
Telegram,WxPz6Bi4FPxiNmE0,عام,؟.,2026-04-02,622124,
Telegram,WxPz6Bi4FPxiNmE0,عام,؟,2026-04-02,622125,
Telegram,WxPz6Bi4FPxiNmE0,عام,السيارة ب اسم اخوي اقدر اسجل فيها واوصل فيها؟,2026-04-02,622126,
Telegram,WxPz6Bi4FPxiNmE0,عام,سو تفويض وسجل عادي,2026-04-02,622127,
Telegram,WxPz6Bi4FPxiNmE0,عام,سلام عليكم استفسار متى ينزل راتب الدعم هنقر هل نزل لكم ولا يوم 1 ميلادي او 2 ميلادي,2026-04-02,622138,
Telegram,WxPz6Bi4FPxiNmE0,عام,سلام عليكم استفسار متى ينزل راتب الدعم هنقر هل نزل لكم ولا يوم 1 ميلادي او 2 ميلادي,2026-04-02,622141,
Telegram,WxPz6Bi4FPxiNmE0,عام,شوضعكم محد يرد اسولف مع جدران انا ليه مسوين القروب من الاساس ومحد يرد,2026-04-02,622144,
Telegram,WxPz6Bi4FPxiNmE0,عام,نزل اليوم الدعم,2026-04-02,622145,
Telegram,WxPz6Bi4FPxiNmE0,عام,نزل اليوم,2026-04-02,622146,
Telegram,WxPz6Bi4FPxiNmE0,عام,وش الحل من امس مو راضيه تطلع لي,2026-04-02,622148,
Telegram,WxPz6Bi4FPxiNmE0,عام,ي اخوان ليه مايتم حذف ذا الشخص,2026-04-02,622152,
Telegram,WxPz6Bi4FPxiNmE0,عام,والله ياخوك ذبحونا مايمدي نغيب ثواني ونجلس نحذف الله لايوفقهم وياخذهم,2026-04-02,622156,
Telegram,WxPz6Bi4FPxiNmE0,عام,كثرو مشرفين او بوت يحذف,2026-04-02,622162,
Telegram,WxPz6Bi4FPxiNmE0,عام,تحذف الشخص الي يرسل وترتاح,2026-04-02,622163,
Telegram,WxPz6Bi4FPxiNmE0,عام,تحذف الشخص الي يرسل وترتاح,2026-04-02,622164,
Telegram,WxPz6Bi4FPxiNmE0,عام,مانلحق عليهم 🤣,2026-04-02,622166,
Telegram,WxPz6Bi4FPxiNmE0,عام,"كيف ارجع للحساب القديم مع اني ماشتغل به 
بس سجلت قبل وانرفض والحين اوراقي ساريه وابي سجل يجي كذا",2026-04-02,622248,
Telegram,WxPz6Bi4FPxiNmE0,عام,سويت يقول مكرر,2026-04-02,622250,
Telegram,jad_app,توصيل,السلام عليكم ورحمة الله وبركاته,2026-04-02,70822,
Telegram,Bolt_Bo,توصيل,.,2026-04-02,920185,
Telegram,Bolt_Bo,توصيل,عندك حساب مفعل ارسل لهم الإستمارة واطلب إضافة سيارة جديدة,2026-04-02,920198,
Telegram,jad_app,توصيل,"خدمة العملاء 
تطبيق جاد الرقم الموحد 
اتصال واتساب
920017523
وقت الدوام 



رقم دعم تطبيق جاد 
0550397098

🔴تواصل معهم واتساب للتفعيل 
wa.me/966550397098

الاستفسارات",2026-04-02,70660,
Telegram,jad_app,توصيل,"🔹 فعلوا الحسابات 

قريبآ الإعلانات 🔹

عندهم خدمة وصول 

عندهم الدفع للعملاء الاكتروني فقط 
عدة مزايا في خدمة الجميع 

مكافآت",2026-04-02,70675,
Telegram,jad_app,توصيل,واجهة تطبيق العميل 😍👏👏👍,2026-04-02,70678,
Telegram,jad_app,توصيل,اش شروطهم,2026-04-02,70679,
Telegram,jad_app,توصيل,"نفس نظام تطبيقات النقل 
من2017",2026-04-02,70680,
Telegram,jad_app,توصيل,افاااا.. انا ١٦,2026-04-02,70681,
Telegram,jad_app,توصيل,في استثنائات,2026-04-02,70682,
Telegram,jad_app,توصيل,هنا رابط التطبيق 👆,2026-04-02,70683,
Telegram,jad_app,توصيل,تواصل معهم واتساب,2026-04-02,70684,
Telegram,jad_app,توصيل,"**اسعد الله أوقاتكم بكل خير** 💛

**دعمكم😍 للتغريدة وعمل رتويت**  🔂
https://x.com/i/status/2038953975999807634",2026-04-02,70705,
Telegram,jad_app,توصيل,هات رابط العميل,2026-04-02,70717,
Telegram,jad_app,توصيل,"اكتب جاد 
راح يطلع معك",2026-04-02,70718,
Telegram,jad_app,توصيل,"Jad  تطبيق،جاد
https://play.google.com/store/apps/details?id=online.jad.fuodz


https://apps.apple.com/sa/app/jad-%D8%AC%D8%A7%D8%AF/id6463895862",2026-04-02,70719,
Telegram,jad_app,توصيل,جاد لازم اكون مفوض ؟ ولا عادي,2026-04-02,70720,
Telegram,jad_app,توصيل,اكيد تفويض,2026-04-02,70721,
Telegram,jad_app,توصيل,"خدمة العملاء 
تطبيق جاد الرقم الموحد 
اتصال واتساب
920017523
وقت الدوام 



رقم دعم تطبيق جاد 
0550397098

🔴تواصل معهم واتساب للتفعيل 
wa.me/966550397098

الاستفسارات",2026-04-02,70722,
Telegram,jad_app,توصيل,كان عندي وتوقف,2026-04-02,70723,
Telegram,jad_app,توصيل,"🔴**تطبيق جاد الدخــــــــــــول** **بقـــــــــوة** ✅

**وتم إضافة وصول**👍👏👏

**المنافس الاول في عالــــــم** **التوصيل** 

**تم اضافة وصول مع تطبيق جاد** ✅



تفعيل الحسابات
كابتن 🧑‍✈️كابتنة🧕 
اذا مطابق شروط هيئة النقل 
للسعوديين وابن المواطنة فقط 
جميع المستندات سارية ✅
موديل السياره لايقبل عن2017🚗


ايفون 
https://apps.apple.com/sa/app/jad-driver/id6463896609


أندرويد 
https://play.google.com/store/apps/details?id=online.jad.fuodzdeliveryboy",2026-04-02,70725,
Telegram,jad_app,توصيل,اشتغل البرنامج؟,2026-04-02,70726,
Telegram,jad_app,توصيل,شغال الإعلانات الأسبوع القادم 👏👏,2026-04-02,70727,
Telegram,jad_app,توصيل,"**انضـــــــــــم معـــــــنا**
    **الى شركاء **#بولت 🔴

**وزيد دخلك****💸**** وقت فراغك**⏰

**واحصل على دخل اضافي** 💰

**ابدأ القيادة مع بولت واكسب 200 SAR**

**الآن التسجيل متاح في جميع المناطق** ⭐️

**الشباب والبنات** 🧕🙋‍♂

**على جميع الفئات**

**أكثر من ١٠ مليون كابتن حول العالم** 🌎 

#بولت_السعودية** **

♦️**للتسجيل عن طريق الرابط**♦️
https://partners.bolt.eu?refid=MUTLAQA557

**خدمة العملاء **

**الاتصال** 👇📞
0114137700



**قروب كباتن بولت** 👇👇
https://t.me/Bolt_Bo",2026-04-02,70744,
Telegram,jad_app,توصيل,هنا,2026-04-02,70786,
Telegram,Bolt_Bo,توصيل,كم ياخذ وقت تسجيل سيارتي الجديدة؟,2026-04-02,920188,
Telegram,Bolt_Bo,توصيل,سجلت لي ٣شهور ولاخين يقول انتظر ٣ ايام نرد لك نبي الحساب يتفعل,2026-04-02,920176,
Telegram,WxPz6Bi4FPxiNmE0,عام,**📖 إذا تكاثر عليك الهم حتى شعرت أن قلبك يُطحن بصمت… فافرر إلى القرآن. هناك تتبدّل الوحشة أُنسًا، ويتحوّل الاختناق إلى سعة، ويعود قلبك يتذكّر أن له ربًّا لا يتركه.**,2026-04-02,622256,
Telegram,Bolt_Bo,توصيل,سلام عليكم,2026-04-02,920175,
Telegram,WxPz6Bi4FPxiNmE0,عام,كنهم زادوا التسعيره شوي,2026-04-02,622258,
Telegram,WxPz6Bi4FPxiNmE0,عام,مافي طلبات خريطه حمرا بدون فايده,2026-04-02,622259,
Telegram,WxPz6Bi4FPxiNmE0,عام,ريال وشوي,2026-04-02,622261,
Telegram,WxPz6Bi4FPxiNmE0,عام,🤣🤣,2026-04-02,622262,
Telegram,WxPz6Bi4FPxiNmE0,عام,ترا بيتقفل افتح لك حساب ب اسمك,2026-04-02,622263,
Telegram,WxPz6Bi4FPxiNmE0,عام,شباب الي عنده طريقه التسجيل في هنقر للمواطن ياريت يفيدنا,2026-04-02,622267,
Telegram,WxPz6Bi4FPxiNmE0,عام,https://to.hungerstation.com/a/zcpa6l4,2026-04-02,622268,
Telegram,WxPz6Bi4FPxiNmE0,عام,كيف اعمل استراحة في هنجرستيشن لنهاية الشفت,2026-04-02,622297,
Telegram,Bolt_Bo,توصيل,لا زود عليه 14 ريال,2026-04-02,920079,
Telegram,Bolt_Bo,توصيل,"طيب كيف آخذ طلبات اولويه من مطار إذا رحت السرا ابي اقفل بولت واخلي اولويه فقط ما يقبل معاي
تكون الفئتين شغاله مع بعض",2026-04-02,920080,
Telegram,Bolt_Bo,توصيل,ماعندي علم والله,2026-04-02,920082,
Telegram,Bolt_Bo,توصيل,حامل الجوال هذا قريب مني اذا حطيت فيه الجوال تصيدني كاميرا الحزام؟,2026-04-02,920102,
Telegram,Bolt_Bo,توصيل,"بيض الله وجهك 
لاهنت",2026-04-02,920110,
Telegram,Bolt_Bo,توصيل,يالربع سويت خروج وابتلشت كل ما ادخل مايجيني الرمز,2026-04-02,920114,
Telegram,Bolt_Bo,توصيل,هل قد احد مر نفس مشكلتي,2026-04-02,920115,
Telegram,Bolt_Bo,توصيل,جربت عن طريق الرسايل او استقبل الرمز اتصال,2026-04-02,920116,
Telegram,Bolt_Bo,توصيل,ياللي في المطار كيف شغل بولت,2026-04-02,920121,
Telegram,Bolt_Bo,توصيل,كيا بيقاس,2026-04-02,920128,
Telegram,Bolt_Bo,توصيل,السلام عليكم ورحمه الله وش الحل ياجماعه الخير,2026-04-02,920138,
Telegram,Bolt_Bo,توصيل,لك,2026-04-02,920142,
Telegram,Bolt_Bo,توصيل,"إذا تفويض من ابشر و البنك 
تدخل في توكلنا تلاقي السيارة باسمك",2026-04-02,920143,
Telegram,Bolt_Bo,توصيل,شباب وش يعني كذا؟,2026-04-02,920147,
Telegram,Bolt_Bo,توصيل,توقعت معوض وش صار عليك؟,2026-04-02,920164,
Telegram,Bolt_Bo,توصيل,كيف افعل حسابي,2026-04-02,920293,
Telegram,KeeTarider,توصيل,كان اخترت اكمال الطلب,2026-04-02,254337,
Telegram,Bolt_Bo,توصيل,ايوهههه,2026-04-02,920363,
Telegram,qwfffgh,توصيل,كيف طريقة الاشتراك شلون اشترك وهل فيها فرق ولا نفس الشي,2026-04-02,467875,
Telegram,qwfffgh,توصيل,"**اسعد الله أوقاتكم بكل خير** 💛

**دعمكم😍 للتغريدة وعمل رتويت**  🔂
https://x.com/i/status/2038953975999807634",2026-04-02,467872,
Telegram,qwfffgh,توصيل,ليه مافي حل ينفك,2026-04-02,467854,
Telegram,qwfffgh,توصيل,وعليكم السلام انتبه يطلع لك  احد على الخاص يفك الحظر وسلامتك,2026-04-02,467841,
Telegram,qwfffgh,توصيل,"السلام عليكم 
احتاج فك حظر في جيني",2026-04-02,467840,
Telegram,uberjeeny,نقل,مع ناس,2026-04-02,173264,
Telegram,uberjeeny,نقل,البلا لا جاك قال الغي انت,2026-04-02,173265,
Telegram,uberjeeny,نقل,الحمدلله اوبر اكتر الطلبات مدفوعة بطاقة,2026-04-02,173266,
Telegram,uberjeeny,نقل,اي تطبيق,2026-04-02,173267,
Telegram,uberjeeny,نقل,حسب التطبيق,2026-04-02,173268,
Telegram,uberjeeny,نقل,غير كذا اوبر سحب الفلوس سهل,2026-04-02,173269,
Telegram,uberjeeny,نقل,بولت,2026-04-02,173270,
Telegram,uberjeeny,نقل,وبرضو لاتغمض بزياده ركز على تقيم الراكب ممتاز خذه ماش رايح راسك ولا تقبل,2026-04-02,173271,
Telegram,uberjeeny,نقل,بولت صاير معقد,2026-04-02,173272,
Telegram,uberjeeny,نقل,اي,2026-04-02,173273,
Telegram,uberjeeny,نقل,عشان كذا ما اشتغله كثير انا,2026-04-02,173274,
Telegram,qwfffgh,توصيل,ذبحونا بالعروض ذبحت الذروه ولا اي مشوار من 6 طالع مشوار واحد بالرياض عالم تبلع العروض بلع,2026-04-02,467873,
Telegram,qwfffgh,توصيل,ابك لو رخصتي ساريه وربي مايجلس ثانيه جيني عندي,2026-04-02,467876,
Telegram,uberjeeny,نقل,برغم اني كنت من اكتر الناس محمل عشرة تطبيقات,2026-04-02,173276,
Telegram,qwfffgh,توصيل,ابك انشهد انك صادق,2026-04-02,467877,
Telegram,qwfffgh,توصيل,وش العلم ماجاني شي ؟,2026-04-02,467911,
Telegram,qwfffgh,توصيل,حاطين نسبة القبول ويتحكمون فيها يعني تحلم تشم العرض مهما كان تقيمك كويس تطبيق يهودي,2026-04-02,467910,
Telegram,qwfffgh,توصيل,"**اسعد الله أوقاتكم بكل خير** 💛

**دعمكم😍 للتغريدة وعمل رتويت**  🔂
https://x.com/i/status/2038953975999807634",2026-04-02,467904,
Telegram,qwfffgh,توصيل,احدث الاضافات,2026-04-02,467902,
Telegram,qwfffgh,توصيل,يسوقونها,2026-04-02,467901,
Telegram,qwfffgh,توصيل,فيه الا موجود الخير,2026-04-02,467900,
Telegram,qwfffgh,توصيل,https://t.me/jad_app,2026-04-02,467888,
Telegram,qwfffgh,توصيل,منافس اوبر الجديد 😍👏👏,2026-04-02,467887,
Telegram,qwfffgh,توصيل,السواقين ولا العملاء,2026-04-02,467886,
Telegram,qwfffgh,توصيل,جيني كله اجانب,2026-04-02,467885,
Telegram,qwfffgh,توصيل,ياشيخ في طلبات عندك,2026-04-02,467884,
Telegram,qwfffgh,توصيل,صباح الخير كيف حالك,2026-04-02,467883,
Telegram,qwfffgh,توصيل,سلام عليكم,2026-04-02,467882,
Telegram,qwfffgh,توصيل,من متى نسبه القبول ياجيني ههههههه,2026-04-02,467880,
Telegram,qwfffgh,توصيل,افف من متى فيه كذا؟؟؟ رسلتلهم اني كملت المشاوير وماجاني المبلغ ردوا علي انه نسبة القبول عندي ضعيفه!,2026-04-02,467878,
Telegram,uberjeeny,نقل,"مريح راسي انا
حاذف كل التطبيقات 

مكتفي ب اوبر",2026-04-02,173275,
Telegram,uberjeeny,نقل,وصلت لقناعة لا منافس لي اوبر,2026-04-02,173277,
Telegram,qwfffgh,توصيل,مقاطعه بقلعت امه,2026-04-02,467913,
Telegram,uberjeeny,نقل,بس وقت الذروه بولت يطربك,2026-04-02,173296,
Telegram,uberjeeny,نقل,نور نورك الله يرفع قدرك,2026-04-02,173349,
Telegram,uberjeeny,نقل,والله حتى بولت حاذفو,2026-04-02,173299,
Telegram,uberjeeny,نقل,ياخي صرت اطفش من كثرت التطبيقات,2026-04-02,173300,
Telegram,uberjeeny,نقل,حمل بولت وخليك حوالين الحرم وقت الذروه,2026-04-02,173301,
Telegram,uberjeeny,نقل,عندي بولت,2026-04-02,173302,
Telegram,uberjeeny,نقل,بس خليك على تطبيقين هما حاليا الأفضل,2026-04-02,173303,
Telegram,uberjeeny,نقل,أصدمك بشي 😂😂,2026-04-02,173304,
Telegram,uberjeeny,نقل,ادري عارف,2026-04-02,173305,
Telegram,uberjeeny,نقل,اصدم,2026-04-02,173306,
Telegram,uberjeeny,نقل,انا  اوبرجي☺️,2026-04-02,173307,
Telegram,uberjeeny,نقل,حملت اندرايف جاني طلب من فندق نتوفيل ذا اللي بربع ذاخر يبغا مسجد عائشه 40 ريال قلت حلو نعمه وخلاص بقفل شغلي الحمدالله طلعت خير يام وصلت عنده اللي الزميل حاط وجهتين مسجد عائشة والحرم قال بروح اصلي الظهر واصلي ركعتين واجيك توديني الحرم قلت بأربعين قال ايوا قلت مع نفسك حبيبي عمره مقبوله ان شاء الله احد يجيك اما أنا مشغول الان 😂😂,2026-04-02,173308,
Telegram,uberjeeny,نقل,"السلام عليكم 
جاني اشعار ولمن دخلت عليه طلع لي كذا ويش سالفه",2026-04-02,173309,
Telegram,uberjeeny,نقل,موديل السياره ١٦,2026-04-02,173311,
Telegram,uberjeeny,نقل,هو مصري قال ازاي قلت ازاي معايا زميل معايا زميل ونزلته ماكملت المشوار 😂😂😂,2026-04-02,173312,
Telegram,uberjeeny,نقل,والله اربع مشاوير اقل شي 200ريال الحين والله مااجبيها في جيني الله يزينها بس,2026-04-02,173313,
Telegram,uberjeeny,نقل,بولت قوية بذروة بس صار معد يحطها,2026-04-02,173297,
Telegram,uberjeeny,نقل,"الشغف راح يا فيصل 
زمان كنت مدمن تطبيقات 

الان بجوالي والله فقط اوبر",2026-04-02,173295,
Telegram,uberjeeny,نقل,بالعكس استغرب من اللي يقول معقد والله مو معقد ولا شي بالعكس واضح بس انتبه من طلبات الكاش والتقيم التقيم التقيم في بولت مهم جدا حتى لو دافع بطاقه والسعر ممتاز  لاتقبل يجيك واحد جيفه يالله تتخارج منه,2026-04-02,173278,
Telegram,uberjeeny,نقل,ايوا بس اشتغل من الصباح إلى بعد العشا وقفل بعدها ماانصح احد يشتغل,2026-04-02,173294,
Telegram,uberjeeny,نقل,السالفة مهي قصة تعقيد بس وانا اخوك,2026-04-02,173279,
Telegram,uberjeeny,نقل,مشكلت بولت يبغاك تقبل كل الطلبات,2026-04-02,173280,
Telegram,uberjeeny,نقل,ياخي انا حر اقيل الي يعجبني ما تلزمني اقبل اي شي,2026-04-02,173281,
Telegram,uberjeeny,نقل,هذي الاشكالية الكل ما يبيها,2026-04-02,173282,
Telegram,uberjeeny,نقل,هاذي المشكله,2026-04-02,173283,
Telegram,uberjeeny,نقل,طيب يانايف كيف أسعار أوبر في مكة معك,2026-04-02,173284,
Telegram,uberjeeny,نقل,"اندرايف : اسعار زبالة وانتم بكرامة
جيني : عملاء طفارة فقارة
بولت : حظرعلى نسبة القبول 
كيان : يخصم على الالغاء",2026-04-02,173285,
Telegram,uberjeeny,نقل,"مشاوير القطار والحرم 
زينة",2026-04-02,173286,
Telegram,uberjeeny,نقل,اوبر الله يذكره بالخير 💔,2026-04-02,173287,
Telegram,uberjeeny,نقل,اي والله,2026-04-02,173288,
Telegram,uberjeeny,نقل,اكثر امان اوبر تضمن ناس كويسة,2026-04-02,173289,
Telegram,uberjeeny,نقل,بس اوبر لو يقلل نسبته,2026-04-02,173290,
Telegram,uberjeeny,نقل,تدرون أنا من بديت اشتغل في أوبر ماقد جاني طلب من مكة إلى جدة بسعر حلو ماغير من السبعين وفوق ايام ماكنت الاسعار حلوه مدري اشبه,2026-04-02,173291,
Telegram,uberjeeny,نقل,"بولت عائلي تعادل اوبر X

جيني بذروة 2.00 يعادل كومفورت 
جيني بذروة 1.7 يعادل اوبر  X",2026-04-02,173292,
Telegram,uberjeeny,نقل,يدل على أنه اوب  قوي حتى بدون ذروة,2026-04-02,173293,
Telegram,qwfffgh,توصيل,"احلى علم 
تطبيق صريح
تطبيق يقول لك شوف غيري
نقصنا التسعيرة وانت تشتغل وعاجبك الوضع
سوينا تحديث جديد سيئ وانت تشتغل ما عاد تشوف نقطه انظلاق ووصول العميل واذا حاولت تحرك الشاشة يكون فاتك المشوار وانت تشتغل . غيرنا اسلوب الذروة للاسواء وانت تشتغل . 
يا اخي شوف غيرنا وذا انت مجبر علينا الله يعينك علينا هذا ما يقوله جيني بسلوكة",2026-04-02,467912,
Telegram,qwfffgh,توصيل,حاول تزيد مشوار,2026-04-02,467914,
Telegram,uberjeeny,نقل,الله يعينك ويساعدك,2026-04-02,173315,
Telegram,Captains_saudi,نقل,"**اسعد الله أوقاتكم بكل خير** 💛

**دعمكم😍 للتغريدة وعمل رتويت**  🔂
https://x.com/i/status/2038953975999807634",2026-04-02,774187,
Telegram,uberjeeny,نقل,"سلام عليكم ورحمة الله وبركاته.  صباح الخير 
أوبر قفلت عليه التطبيق بسبب موديل السياره ٢٠١٦ 

ايات افضل تطبيق اشتغل عليه جيني او بولت وهل يقبل موديل السياره انا في مكه",2026-04-02,173127,
Telegram,uberjeeny,نقل,"السلام عليكم، صباح الخير 
رجعت لتطبيق بولت و ما اقدر اشغله يقول الجهات المعنية ما تحققت من احد مستنداتي و يقول لي تواصل مع الدعم كيف اتواصل؟",2026-04-02,173197,
Telegram,uberjeeny,نقل,"السلام عليكم 
شيك على ابشر حقك تجيك رساله  خلو من سوابق توافق عليها بشتغل معك👌",2026-04-02,173204,
Telegram,uberjeeny,نقل,"1⃣  الدخول على ابشر عن طريق  الموقع وليس عن طريق التطبيق
1 الدخول على خدماتي 
2 الخدمات العامه 
3 قبول
4 الموافقه👌",2026-04-02,173205,
Telegram,uberjeeny,نقل,الله يعوضك ..عندك بولت وجيني وكيان,2026-04-02,173214,
Telegram,uberjeeny,نقل,‏السلام عليكم شباب بيانات الأداء حقت شهر مارس نزلت لحد ؟؟,2026-04-02,173218,
Telegram,uberjeeny,نقل,السلام عليكم,2026-04-02,173221,
Telegram,uberjeeny,نقل,يا اخوان ايش المشكله,2026-04-02,173223,
Telegram,uberjeeny,نقل,ان دريف تطبيق مخيس العملاء هم يلغون او مايرد,2026-04-02,173247,
Telegram,uberjeeny,نقل,ن,2026-04-02,173248,
Telegram,uberjeeny,نقل,ما عندك اوبر,2026-04-02,173250,
Telegram,uberjeeny,نقل,يا اخوان الي معه اوبر يركز عليه ترا هو أفضل شي,2026-04-02,173251,
Telegram,uberjeeny,نقل,بولت كويس ترا في ذروة,2026-04-02,173252,
Telegram,uberjeeny,نقل,مهو زي اوبر,2026-04-02,173253,
Telegram,uberjeeny,نقل,بولت يبسط بالكاش وبعدين يقلك يلا سدد,2026-04-02,173254,
Telegram,Bolt_Bo,توصيل,"السلام عليكم 
يالربع رخصتي منتهي ومسجل بجيني وجيني ماش صراحه ، هل اقدر اسجل في بولت يمشوني؟",2026-04-02,920370,
Telegram,Captains_saudi,نقل,"**انضـــــــــــم معـــــــنا**
    **الى شركاء **#بولت 🔴

**وزيد دخلك****💸**** وقت فراغك**⏰

**واحصل على دخل اضافي** 💰

**ابدأ القيادة مع بولت واكسب 200 SAR**

**الآن التسجيل متاح في جميع المناطق** ⭐️

**الشباب والبنات** 🧕🙋‍♂

**على جميع الفئات**

**أكثر من ١٠ مليون كابتن حول العالم** 🌎 

#بولت_السعودية** **

♦️**للتسجيل عن طريق الرابط**♦️
https://partners.bolt.eu?refid=MUTLAQA557

**خدمة العملاء **

**الاتصال** 👇📞
0114137700



**قروب كباتن بولت** 👇👇
https://t.me/Bolt_Bo",2026-04-02,774300,
Telegram,uberjeeny,نقل,"يعمي يعطيك ذروة ب كاش مع نسبتهم
تشوفه مبلغ كويس 

ويجيك بمشوار واحد بطاقة يخليك تسدد 
ولو ما قبلت سو لك حظر مؤقت",2026-04-02,173256,
Telegram,Captains_saudi,نقل,اللَّهُم اغفرْلي ماقدَّمتُ وما أخَّرتُ وما أسررتُ وما أعلنتُ وما أسرفتُ وما أنت أعلمُ به مِنِّي أنت المُقدِّمُ وأنت المُؤخِّرُ لا إله إلا أنت 🤍.,2026-04-02,774429,
Telegram,uberjeeny,نقل,"افضل شي صباح  من بعد الفجر الين ساعه ١٠ صباحا
وبعدها تلاقي طلبات قليله  لاكن في الرياض كثير طلبات",2026-04-02,173343,
Telegram,uberjeeny,نقل,/,2026-04-02,173342,
Telegram,uberjeeny,نقل,في مدارس صح ودوامات يوم الاحد صح ياشباب,2026-04-02,173341,
Telegram,uberjeeny,نقل,ولا مشوار برمضان,2026-04-02,173340,
Telegram,uberjeeny,نقل,ببدا انا يوم الاحد اشتغل موقف من بداية رمضان ما اشتغلت,2026-04-02,173339,
Telegram,uberjeeny,نقل,كمفورت بس ماتجيني طلبات كمفورت,2026-04-02,173338,
Telegram,uberjeeny,نقل,انا ابيها تسديد فواتير فقط,2026-04-02,173336,
Telegram,uberjeeny,نقل,برياض انا,2026-04-02,173335,
Telegram,uberjeeny,نقل,👌,2026-04-02,173334,
Telegram,uberjeeny,نقل,لا,2026-04-02,173332,
Telegram,uberjeeny,نقل,يعيال انا حدي في يوم 150 ريال تشوفونها كويسة ولا,2026-04-02,173330,
Telegram,uberjeeny,نقل,تمام شكرا لك,2026-04-02,173329,
Telegram,Captains_saudi,نقل,وعليكم السلام,2026-04-02,774498,
Telegram,Captains_saudi,نقل,"**رابــــــط التسجيل في بولت** 
**كابتن كابتنة**🚘

https://partners.bolt.eu?refid=MUTLAQA557",2026-04-02,774476,
Telegram,Captains_saudi,نقل,السلام عليكم ورحمة الله وبركاته,2026-04-02,774432,
Telegram,uberjeeny,نقل,مافهمت كيف يبسط بالكاش,2026-04-02,173255,
Telegram,uberjeeny,نقل,وصلت المعلومة,2026-04-02,173257,
Telegram,qwfffgh,توصيل,بحيث توصل نسبة القبول ٥٠,2026-04-02,467915,
Telegram,qwfffgh,توصيل,السلام عليكم يالربع انا ابغا اسجل في كريم او اوبر ورخصتي منتهيه كيف الوضع لانه جيني صراحه ماش,2026-04-02,467981,
Telegram,qwfffgh,توصيل,اشترك وريح راسك,2026-04-02,467972,
Telegram,qwfffgh,توصيل,"**رابــــــط التسجيل في بولت** 
**كابتن كابتنة**🚘

https://partners.bolt.eu?refid=MUTLAQA557",2026-04-02,467968,
Telegram,qwfffgh,توصيل,صادق والله بس ولا مره قد فكرت اصلن اسوي عرضهم مايسوى السعر,2026-04-02,467967,
Telegram,qwfffgh,توصيل,حتى لو ماعندك نسبه قبول ١٣ مشوار تقطع الظهر,2026-04-02,467966,
Telegram,qwfffgh,توصيل,ماعندي نسبه قبول,2026-04-02,467965,
Telegram,qwfffgh,توصيل,"السلام عليكم 
استفسار هل الحظر النهائي مربوط برقم هيكل السيارة او مالك المركبة او بس (مربوط بالهوية الوطنية )",2026-04-02,467963,
Telegram,qwfffgh,توصيل,الووو خميس ومافيه ذروة ؟؟,2026-04-02,467961,
Telegram,qwfffgh,توصيل,جيني برعاية: تخسي تاخذ المكافه,2026-04-02,467942,
Telegram,qwfffgh,توصيل,كيف اشتراك جيني,2026-04-02,467925,
Telegram,qwfffgh,توصيل,افدونا,2026-04-02,467922,
Telegram,qwfffgh,توصيل,في طريقه ولا خلاص ‏؏ طول,2026-04-02,467921,
Telegram,qwfffgh,توصيل,نفس الطريق بدون سببب يقول اسلوبك مع العملا,2026-04-02,467920,
Telegram,qwfffgh,توصيل,مشكله شفت كذا نظامهم  وقفت😂,2026-04-02,467919,
Telegram,qwfffgh,توصيل,"**انضـــــــــــم معـــــــنا**
    **الى شركاء **#بولت 🔴

**وزيد دخلك****💸**** وقت فراغك**⏰

**واحصل على دخل اضافي** 💰

**ابدأ القيادة مع بولت واكسب 200 SAR**

**الآن التسجيل متاح في جميع المناطق** ⭐️

**الشباب والبنات** 🧕🙋‍♂

**على جميع الفئات**

**أكثر من ١٠ مليون كابتن حول العالم** 🌎 

#بولت_السعودية** **

♦️**للتسجيل عن طريق الرابط**♦️
https://partners.bolt.eu?refid=MUTLAQA557

**خدمة العملاء **

**الاتصال** 👇📞
0114137700



**قروب كباتن بولت** 👇👇
https://t.me/Bolt_Bo",2026-04-02,467918,
Telegram,qwfffgh,توصيل,والله نسب القبول شي قلة ادب الا في حالة وحدة.... انهم يقللون عدد المشاوير بحيث تكون ممكنه اقصى شي ٨ مشاوير ف التحدي اما ١٥ ويبغاك تقبل كل شي لو ٥٠ كيلو وترجع فاضي,2026-04-02,467917,
Telegram,qwfffgh,توصيل,اقل اشتراك عندي ب250 مره كثر,2026-04-02,467973,
Telegram,qwfffgh,توصيل,كيف يظهر الاشتراك انا ما يطلع عندي,2026-04-02,467984,
Telegram,uberjeeny,نقل,والحذر من مشاوير الكاش لاتتعب نفسك دق على الراكب قوله قبل لا أبدا الرحله أبغا حسابي مقدم اللي يقولك لا قوله الله يرضى عليك كنسل الطلب,2026-04-02,173258,
Telegram,qwfffgh,توصيل,مامديك للاسف,2026-04-02,467987,
Telegram,uberjeeny,نقل,في اوبر خذ وانت مغمض كاش,2026-04-02,173259,
Telegram,uberjeeny,نقل,عملاء اوبر ناس راقية,2026-04-02,173260,
Telegram,uberjeeny,نقل,صحيح,2026-04-02,173261,
Telegram,uberjeeny,نقل,وربي راحو نفسية اوبر برغم من سلبياته,2026-04-02,173262,
Telegram,uberjeeny,نقل,انا ذي طريقتي,2026-04-02,173263,
Telegram,qwfffgh,توصيل,اقدر اعرف الراكب اللي يقيمني,2026-04-02,468031,
Telegram,qwfffgh,توصيل,مع جيني مايصلح الاشتراك,2026-04-02,468030,
Telegram,qwfffgh,توصيل,كود خصم جيني,2026-04-02,468029,
Telegram,qwfffgh,توصيل,اسعار جيني ليه خايسه,2026-04-02,468023,
Telegram,qwfffgh,توصيل,سلام شباب ليش اقل اشتراك 250,2026-04-02,468020,
Telegram,qwfffgh,توصيل,ركاب الكاش شبه معدوم,2026-04-02,468010,
Telegram,qwfffgh,توصيل,اغلب الركاب يدفعون اون لاين    ليش مانقدر نسحب الارباح الا مره وحده كل 24 ساعه,2026-04-02,468009,
Telegram,qwfffgh,توصيل,"اللهم صل وسلم على نبينا محمد 
            اللهم صل وسلم على نبينا محمد",2026-04-02,468003,
Telegram,qwfffgh,توصيل,مو طالع عندي والله لسى انا جديد لي شهر ونص ما جاني ولا شي,2026-04-02,467989,
Telegram,qwfffgh,توصيل,تطلع تحت اسمك اسمه جيني بلس,2026-04-02,467988,
Telegram,uberjeeny,نقل,الشكوى لله,2026-04-02,173314,
Telegram,uberjeeny,نقل,زيك حاليا على أوبر وبولت فقط,2026-04-02,173298,
Telegram,uberjeeny,نقل,امين,2026-04-02,173316,
Telegram,KeeTarider,توصيل,نفس الطريقة,2026-04-02,254307,
Telegram,KeeTarider,توصيل,لا سعودي,2026-04-02,254304,
Telegram,KeeTarider,توصيل,على كيفهم,2026-04-02,254303,
Telegram,KeeTarider,توصيل,سجلت لواحد قبل ثلاث ايام وانقبل بعد يوم ونص تقريبا وقبل اربع شهور سجلت لواحد طوف نفاذ وعلق وقعد شهرين و10 ايام عشان يجيه مره ثانيه,2026-04-02,254302,
Telegram,KeeTarider,توصيل,كاتب انتظر شهرين,2026-04-02,254301,
Telegram,KeeTarider,توصيل,ادري المقصد ان اذا وثق نفاذ كان ممكن يفتح حسابه لحظيا,2026-04-02,254300,
Telegram,KeeTarider,توصيل,لا عادي وقت ماجيت افتح حساب سحبت على نفاذ ٣ مرات لين صدت الرساله وكنت فاضي,2026-04-02,254299,
Telegram,KeeTarider,توصيل,يا الله وش ضيعت من فرصه انت متخيل كان بيفتح حسابك فورا  اذا وثقت نفاذ اذا جاك نفاذ معناه انه تم المراجعه واجتادزت المراجعه والنفاذ هو المراجعه النهائيه الحين الله يعينك عاد انتظر لك شهرين ثلاث,2026-04-02,254298,
Telegram,KeeTarider,توصيل,"كيف الشغل بنينجا مطاعم ؟ وايش الفرق بينه وبين كيتا . وهل الطلب نحصلة جاهز بالمطعم مثل كيتا 
طبعاً الشغل داخل ينبع وغير ينبع 
افيدونا",2026-04-02,254297,
Telegram,KeeTarider,توصيل,مافي  فايده اذا  انت مقيم,2026-04-02,254296,
Telegram,KeeTarider,توصيل,يا اخوان سجلت امس وجاني نفاذ ونسيت احطه وراح علي والحين كيف اخلي نفاذ يرسلي مره ثانيه؟,2026-04-02,254295,
Telegram,KeeTarider,توصيل,"السلام عليكم ياشباب سؤال اللي عنده حساب حر مرسول
وتجي ارباح زياده كم يعطوك وكيف تنزل",2026-04-02,254293,
Telegram,KeeTarider,توصيل,"بس يا شات جي بي تي انت
 اشتغلتنا انت و رسايلك 600 سطر غير كذا الصيغه ابو كلب بياكلها راعي الحساب لو حصلت مصيبه",2026-04-02,254291,
Telegram,KeeTarider,توصيل,اللي يسجل في كيتا يقبلوا التسجيل ولا لا باسم سعودي,2026-04-02,254290,
Telegram,KeeTarider,توصيل,السلام عليكم,2026-04-02,254289,
Telegram,KeeTarider,توصيل,شباب انا مازينت حق الوجه كيف الطريقه,2026-04-02,254288,
Telegram,KeeTarider,توصيل,ده كيتا,2026-04-02,254306,
Telegram,KeeTarider,توصيل,كيف لى عنده خبره يعلمنا,2026-04-02,254308,
Telegram,KeeTarider,توصيل,٣ وتقفل يومين,2026-04-02,254332,
Telegram,KeeTarider,توصيل,سوي حذف للحساب وارجع اسجل ثاني مره,2026-04-02,254309,
Telegram,KeeTarider,توصيل,وعليكم السلام حساب بنكي سحب,2026-04-02,254330,
Telegram,KeeTarider,توصيل,يفتح لحالة اول مايربط التامين والتامين ياخذ٢٤ للربط بعد الشراء,2026-04-02,254329,
Telegram,KeeTarider,توصيل,يا شباب التامين انتهى وجددت التامين وقفلو الحساب كيف اكلمهم يفتحوه,2026-04-02,254328,
Telegram,KeeTarider,توصيل,السلام عليكم شباب سحبت لي اربع ساعات لم يصل المبلغ كيتا,2026-04-02,254327,
Telegram,KeeTarider,توصيل,نفس حقي هذا,2026-04-02,254325,
Telegram,KeeTarider,توصيل,عادي ي حذف الحساب ويسجل من جديد ولا يطول,2026-04-02,254324,
Telegram,KeeTarider,توصيل,اللي عندهم مشاكل ف التطبيق وحظر وما شابه يتواصل خاص,2026-04-02,254323,
Telegram,KeeTarider,توصيل,السلام عليكم يا اخوان المدينة ما نزل بونص ؟,2026-04-02,254322,
Telegram,KeeTarider,توصيل,انت نصاب بس لابس كرفته الله يكرفك انقلع,2026-04-02,254321,
Telegram,KeeTarider,توصيل,"لا تعلم احد
واكسب لحالك",2026-04-02,254320,
Telegram,KeeTarider,توصيل,الي لقى كنز مايعلم مكانه,2026-04-02,254319,
Telegram,KeeTarider,توصيل,شكرا مانبغى,2026-04-02,254318,
Telegram,KeeTarider,توصيل,اذا قدرت توصل ٤٠٠ طلب لك ٣٨٠٠ ﷼,2026-04-02,254315,
Telegram,KeeTarider,توصيل,اذا رفضت اكثر من طلبين يخصمون منك ٥٠ ريال,2026-04-02,254314,
Telegram,KeeTarider,توصيل,لشركات,2026-04-02,254311,
Telegram,KeeTarider,توصيل,صدق,2026-04-02,254287,
Telegram,KeeTarider,توصيل,هاذا من ذكائك الزايد حاط صورتك كذا بتقفل حساب بنفسك احتيال,2026-04-02,254285,
Telegram,KeeTarider,توصيل,🤣🤣🤣,2026-04-02,254284,
Telegram,KeeTarider,توصيل,اه,2026-04-02,254283,
Telegram,KeeTarider,توصيل,اخواني اليوم الثاني ما ردوا علي كيتا قدمت كمندوب ما ردوا عليا,2026-04-02,254263,
Telegram,KeeTarider,توصيل,اشتغل في كيتا,2026-04-02,254262,
Telegram,KeeTarider,توصيل,هذا شركة مشغله غير السعوديين,2026-04-02,254261,
Telegram,KeeTarider,توصيل,حمل تطبيق كيتا واكمل التسجيل أفضلك,2026-04-02,254260,
Telegram,KeeTarider,توصيل,كيف اسجل في كيمارت حساب سعودي,2026-04-02,254259,
Telegram,Bolt_Bo,توصيل,"صباح الخير 
اللهم أرزقنا رضا النفس ، وزكاة الروح وز ينة 
العقل وطهارة القلب . و اجعلنا ممن تزودوا
بالتقوي وفازوا بالنجوى ، وترينو ا بالدعوة 
ونالوا رضاك والجنة",2026-04-02,920424,
Telegram,Bolt_Bo,توصيل,وجهك ابيض,2026-04-02,920413,
Telegram,Bolt_Bo,توصيل,"اللهم صل وسلم على نبينا محمد 
            اللهم صل وسلم على نبينا محمد",2026-04-02,920400,
Telegram,Bolt_Bo,توصيل,"السلام عليكم سيارتي موديل 2022 
وتحتاج فحص دوري ومجدد الاستماره 
هل في طريقه افعل الحساب",2026-04-02,920393,
Telegram,Bolt_Bo,توصيل,شباب طلبت فئة راحه قالو لي بنراجع طلب ونفتحه لك باقرب فرصه كم ياخذون وقت الي يعرف,2026-04-02,920389,
Telegram,Bolt_Bo,توصيل,انا زيك,2026-04-02,920380,
Telegram,Bolt_Bo,توصيل,مشي حالك اجل,2026-04-02,920378,
Telegram,Bolt_Bo,توصيل,جيني اقوى من بولت,2026-04-02,920377,
Telegram,Bolt_Bo,توصيل,الله يعين على جيني,2026-04-02,920374,
Telegram,Bolt_Bo,توصيل,لا,2026-04-02,920371,
Telegram,KeeTarider,توصيل,شباب هاذي من متى تبدا,2026-04-02,254264,
Telegram,KeeTarider,توصيل,بدأ قبل نص ساعة,2026-04-02,254265,
Telegram,KeeTarider,توصيل,I need Keeta Freelancer ID Jeddah,2026-04-02,254266,
Telegram,KeeTarider,توصيل,اخوواني حطيتي صورتي بدل صورة السعودي في تطبيق كيتا هل بيقل ام لا,2026-04-02,254276,
Telegram,KeeTarider,توصيل,وجهه مغسول بمرق ذا,2026-04-02,254282,
Telegram,KeeTarider,توصيل,ما تقبل لانها ببصمه العين,2026-04-02,254281,
Telegram,KeeTarider,توصيل,ترا متشابهين,2026-04-02,254280,
Telegram,KeeTarider,توصيل,ههههههه,2026-04-02,254279,
Telegram,KeeTarider,توصيل,ارسل حلم او دريم,2026-04-02,254278,
Telegram,KeeTarider,توصيل,ايه والله تاجر انت تحمل العواقب الي تجيك مخالف ولك وجه تتكلم,2026-04-02,254277,
Telegram,KeeTarider,توصيل,وش نسوي لك مثلا ؟! ناس غريبه تاجر حساباتها تجي تصيح اذا تقفلت,2026-04-02,254275,
Telegram,KeeTarider,توصيل,ترا بياكلونك ويهاجمونك بيقولون حسودي والرزق على الله نفس قبل كم يوم قلت نفس كلامك وزعلو مع انه الحق,2026-04-02,254267,
Telegram,KeeTarider,توصيل,"*📢 تنبيه هام وعاجل لجميع المناديب - بخصوص التحقق   📢*

بناءً على *توجيهات الهيئة العامة للنقل*، تم تفعيل *التحقق عبر تطبيق """" (بصمة الوجه)* لضمان استمرار عملكم.",2026-04-02,254274,
Telegram,KeeTarider,توصيل,حتى رقمه اتوقع وهمي,2026-04-02,254273,
Telegram,KeeTarider,توصيل,يلا الحمدلله حظر ماجاب لك مصيبه اكبر انتبه,2026-04-02,254272,
Telegram,KeeTarider,توصيل,لا عطيته الحساب على اساس تأجير وانحظر,2026-04-02,254271,
Telegram,KeeTarider,توصيل,بلغ عليك ولاكيف,2026-04-02,254270,
Telegram,KeeTarider,توصيل,الكلب هذا تسبب بحظر حسابي بمرسول,2026-04-02,254269,
Telegram,KeeTarider,توصيل,"هنقر كم رفض باليوم ؟
احد عنده معلومه ؟
حساب شخصي",2026-04-02,254331,
Telegram,KeeTarider,توصيل,يعني ايه,2026-04-02,254312,
Telegram,KeeTarider,توصيل,نعم,2026-04-02,254333,
Telegram,KeeTarider,توصيل,السلام عليكم,2026-04-02,254368,
Telegram,KeeTarider,توصيل,انتا رفعتها كامل,2026-04-02,254359,
Telegram,KeeTarider,توصيل,حتي نفاد,2026-04-02,254360,
Telegram,KeeTarider,توصيل,ايه,2026-04-02,254361,
Telegram,KeeTarider,توصيل,"🚨 **إذا كنت تدير شركة توصيل…** **توقف لحظة**

كم خسرت بسبب:
❌ مندوب غير ملتزم؟
❌ تأخير في التسليم؟
❌ عدم فهم لطبيعة العمل؟

**المشكلة ليست في السوق… المشكلة في اختيار المندوب من البداية.**

🔥 **الحل مع رؤية تهامة المتكاملة للتوظيف**

نحن لا نوفر “أسماء”…
نحن نوفر مناديب جاهزين للعمل والإنتاج من أول يوم

**ماذا يعني “جاهز”؟**
✅ فاهم آلية العمل والدخل قبل الوصول
✅ مدرب على سياسات تطبيقات التوصيل
✅ مدرك لطبيعة الضغط والتحديات
✅ موقع على إقرار رسمي بعد شرح كامل للعقد
✅ مهيأ للالتزام والاستمرارية

🎯 **النتيجة التي ستحصل عليها:**

✔ تشغيل فوري بدون تعقيدات
✔ استقرار أعلى وتقليل التسرب
✔ أداء أفضل من أول أسبوع


📩 **للتواصل المباشر (للشركات الجادة فقط):**

info@tihamahr.com",2026-04-02,254362,
Telegram,KeeTarider,توصيل,ايش الشركه,2026-04-02,254364,
Telegram,KeeTarider,توصيل,"السلام عليكم 
عندي استفسار اللي شغالين ف مستر مندوب هل يمدي تشوف تقييمات العملاء لك ولا م يبين ؟ زمان كان يبين عادي الحين معد لقيت طريقه له ؟",2026-04-02,254365,
Telegram,KeeTarider,توصيل,هاذي كل يوم تطلع لي صورت كل شي ولافيه فايدعه,2026-04-02,254366,
Telegram,KeeTarider,توصيل,وش حله,2026-04-02,254367,
Telegram,KeeTarider,توصيل,هل احد يقدر يفيدني كيف اعدل على رقم هنقر حساب حر,2026-04-02,254369,
Telegram,KeeTarider,توصيل,يقلك اذا حدفته لايمكنك استخدام رقم الهاتف والبريد,2026-04-02,254355,
Telegram,KeeTarider,توصيل,الحل تصور صوره واضحه مع المبنى ولازم الفاتوره تكون واضحه مع الطلب,2026-04-02,254370,
Telegram,KeeTarider,توصيل,ترسل لهم رساله وترفق فيها الرقم الجديد مع صوره من هيئة الإتصالات عبر خدمه ارقامي,2026-04-02,254371,
Telegram,KeeTarider,توصيل,لازم الرقم الجديد يكون بأسمك,2026-04-02,254372,
Telegram,uberjeeny,نقل,ياخون جاني طلب وجيت عند بيت العميل ولا طلع,2026-04-02,173323,
Telegram,uberjeeny,نقل,وش اسوي,2026-04-02,173324,
Telegram,uberjeeny,نقل,لي خمس دقايق ؟,2026-04-02,173326,
Telegram,uberjeeny,نقل,👌,2026-04-02,173328,
Telegram,KeeTarider,توصيل,في تسجيل للمقيمين بدون شركات مشغله ؟,2026-04-02,254334,
Telegram,KeeTarider,توصيل,يعني احتمال رقم الهويه ماتقدر تستخدمها ثاني,2026-04-02,254357,
Telegram,uberjeeny,نقل,منور القروب يبو مهند,2026-04-02,173348,
Telegram,KeeTarider,توصيل,اقدر اعالجو ولا راح علي الحساب,2026-04-02,254354,
Telegram,KeeTarider,توصيل,مثل نوعياتك هي اللي خلت التطبيقات تتمادى وماباقي الا يخلوننا نوصل بريال,2026-04-02,254345,
Telegram,KeeTarider,توصيل,يعطيك العافية,2026-04-02,254353,
Telegram,KeeTarider,توصيل,اني اكملت,2026-04-02,254338,
Telegram,KeeTarider,توصيل,"السلام عليكم 
ي اخوان اللي يفهم في تسجيل نينجا ويقدر يفيدنا م عرفت ولا لقيت رابط",2026-04-02,254340,
Telegram,KeeTarider,توصيل,نزل ساموراي وسجل بسيط,2026-04-02,254341,
Telegram,KeeTarider,توصيل,"السلام عليكم 
يوجد حسابات توصيل فري لانسر سعودي 


موجود تويو 
موجود هنجرستيشن 
موجود مستر مندوب 
موجود جيني 
موجود مرسول",2026-04-02,254342,
Telegram,KeeTarider,توصيل,https://wa.me/966507917472,2026-04-02,254343,
Telegram,KeeTarider,توصيل,انشاء الله,2026-04-02,254344,
Telegram,KeeTarider,توصيل,بس المخالفه احيان يتاخر كثير,2026-04-02,254339,
Telegram,KeeTarider,توصيل,احذف الحساب ثبته من جديد,2026-04-02,254346,
Telegram,KeeTarider,توصيل,شباب سجلت في كيتا لين جا يبغا نفاد التلفون علق معايا ومادخلت الرقم حق نفاد بس قلي تحت المراجعه هل بيفتح ويطلب نفاد ثاني,2026-04-02,254351,
Telegram,KeeTarider,توصيل,هل احد مر عليه أنه راح نفاد عليه وجاه ثاني نفاد,2026-04-02,254352,
Telegram,KeeTarider,توصيل,اعتقد الطلب محسوب 8 ريال,2026-04-02,254347,
Telegram,KeeTarider,توصيل,سلام عليكم كيتا عطاني طلبين جيت المطعم الاول وتاخر المطعم الثاني جهز الطلب من ٢٠ دقيقه ويرسل لي نقل وبيسجل مخالفه علي كيف الطريقه بالله افيدوني,2026-04-02,254335,
Telegram,KeeTarider,توصيل,اللي شغال مع مرسول كيف الطلبات معاكم وهل معلق معكم حاليا ولا بس عندي؟,2026-04-02,254350,
Telegram,KeeTarider,توصيل,اي تطبيق نسترزق منه الله يسعدكم,2026-04-02,254349,
Telegram,KeeTarider,توصيل,افاده يا جماعه الخير,2026-04-02,254348,
Telegram,Captains_saudi,نقل,"**انضـــــــــــم معـــــــنا**
    **الى شركاء **#بولت 🔴

**وزيد دخلك****💸**** وقت فراغك**⏰

**واحصل على دخل اضافي** 💰

**ابدأ القيادة مع بولت واكسب 200 SAR**

**الآن التسجيل متاح في جميع المناطق** ⭐️

**الشباب والبنات** 🧕🙋‍♂

**على جميع الفئات**

**أكثر من ١٠ مليون كابتن حول العالم** 🌎 

#بولت_السعودية** **

♦️**للتسجيل عن طريق الرابط**♦️
https://partners.bolt.eu?refid=MUTLAQA557

**خدمة العملاء **

**الاتصال** 👇📞
0114137700



**قروب كباتن بولت** 👇👇
https://t.me/Bolt_Bo",2026-04-01,773645,
Telegram,Captains_saudi,نقل,الحين وصول خمس نقاط و السيفر نقطه و الاكس كم ؟,2026-04-01,773715,
Telegram,WxPz6Bi4FPxiNmE0,عام,اخوان مرسول عند صورتي مكتوب غير موثق وش يعني مافهمت,2026-04-01,622052,
Telegram,Captains_saudi,نقل,https://t.me/jad_app,2026-04-01,774027,
Telegram,Captains_saudi,نقل,عيال عندي جوال ثاني مااستخدمه افكر اشغل عليه اوبر وبولت بيضبط؟,2026-04-01,773862,
Telegram,Captains_saudi,نقل,اها عشان وصلت سيفر جاب نقطه و قبلها وصول جاب لي خمس,2026-04-01,773717,
Telegram,Captains_saudi,نقل,النقاط على حسب الوقت وليس على حسب الفئه,2026-04-01,773716,
Telegram,Captains_saudi,نقل,https://t.me/Bolt_Bo,2026-04-01,773686,
Telegram,WxPz6Bi4FPxiNmE0,عام,"**هنقر** اسم التطبيق ( **ذيبان هنقريستيشن** )
حمله من المتجر وسجل بياناتك بشكل صحيح

**كيتا** اسم التطبيق ( **keeta rider** )
حمله من المتجر وسجل بياناتك بشكل صحيح

**جاهز** اسم التطبيق ( **ساند** )
حمله من المتجر وسجل بياناتك بشكل صحيح
ثم توجه لمكتب جاهز للتفعيل **《** ضروري",2026-04-01,622048,
Telegram,WxPz6Bi4FPxiNmE0,عام,عادي بعد ماتوصل اكثر من طلب يوثقونك,2026-04-01,622055,
Telegram,Captains_saudi,نقل,يطلع اسم بولت,2026-04-01,773685,
Telegram,Captains_saudi,نقل,كم رقم سداد بولت عن طريق stc bank,2026-04-01,773683,
Telegram,Captains_saudi,نقل,وصول حطوها في سيفر إذا سيفر مو شغال ماراح تجيك,2026-04-01,773653,
Telegram,Captains_saudi,نقل,عندي من اسبوع الي اسبوع,2026-04-01,773652,
Telegram,Captains_saudi,نقل,سداد الشركات,2026-04-01,773684,
Telegram,WxPz6Bi4FPxiNmE0,عام,ي شباب احد يقدر يفيدني,2026-04-01,622084,
Telegram,WxPz6Bi4FPxiNmE0,عام,مكتب جاهز وين باابها,2026-04-01,622058,
Telegram,WxPz6Bi4FPxiNmE0,عام,وش يعني تطبيق سايق غير مدعوم فدونا,2026-04-01,622094,
Telegram,WxPz6Bi4FPxiNmE0,عام,طيب انا وصلت طلبات شهر مارس 132 طلب كم ينزلي,2026-04-01,622104,
Telegram,WxPz6Bi4FPxiNmE0,عام,نزل ب بنم العربي فا ان شاء الله ينزل الصباح,2026-04-01,622103,
Telegram,WxPz6Bi4FPxiNmE0,عام,سلام عليكم استفسار متى ينزل راتب الدعم هنقر,2026-04-01,622102,
Telegram,WxPz6Bi4FPxiNmE0,عام,حدث مانفع احذفه وحمله,2026-04-01,622099,
Telegram,WxPz6Bi4FPxiNmE0,عام,ما يمديك لازم يكون بسمك وتلتزم ب الشروط او تكون مع شركة,2026-04-01,622098,
Telegram,WxPz6Bi4FPxiNmE0,عام,ي شباب ابي حساب هنقر ايجار او شراء اللي عنده يتواصل معي شرط يعطيني ضمان م يقفل,2026-04-01,622095,
Telegram,WxPz6Bi4FPxiNmE0,عام,بدون فواصل,2026-04-01,622091,
Telegram,WxPz6Bi4FPxiNmE0,عام,احد عنده حساب هنقر ابي طريقة التفعيل حسابي  جديد,2026-04-01,622060,
Telegram,Captains_saudi,نقل,"سلامم عليكمم  🌚
صصبااحح الخخير !!🥀",2026-04-01,773542,
Telegram,WxPz6Bi4FPxiNmE0,عام,سلام عليكم يااخوان اللي في المدينة المنوره في طلبات الحين ولا انا اللي ماتجيني ؟,2026-04-01,622074,
Telegram,WxPz6Bi4FPxiNmE0,عام,فيه اجانب يشتغلون هنا ؟,2026-04-01,622071,
Telegram,WxPz6Bi4FPxiNmE0,عام,من يعرف أين موقع نمتي جاهز بالرياض,2026-04-01,622070,
Telegram,WxPz6Bi4FPxiNmE0,عام,يعني غير موثق,2026-04-01,622069,
Telegram,WxPz6Bi4FPxiNmE0,عام,هنقر يفعلونه لك,2026-04-01,622061,
Telegram,Captains_saudi,نقل,عليكم السلام صباح النور,2026-04-01,773636,
Telegram,uberjeeny,نقل,الي عنده خبره,2026-04-01,173078,
Telegram,Captains_saudi,نقل,لاتنسون صلاة الوتر 🌿 .,2026-04-01,773460,
Telegram,WxPz6Bi4FPxiNmE0,عام,وش مشكله وكل مادخل ع الحساب ماهو راضي يدخل,2026-04-01,622002,
Telegram,WxPz6Bi4FPxiNmE0,عام,احتاج مشرف هنقر,2026-04-01,622043,
Telegram,WxPz6Bi4FPxiNmE0,عام,هاذي هل قبلوا اعتراضي لان مانزل لي ادعم,2026-04-01,622035,
Telegram,WxPz6Bi4FPxiNmE0,عام,"**الرد المقدم بخصوص طلبكم**
عزيزي العميل، 
نفيدك بأنه تم رفع اعتراض وجاري معالجة الاعتراض من قبل الهيئة العامه للنقل
نسعد بتواصلك، ويمكنك الاطلاع والاستفادة من الخدمات والبرامج التي يقدمها صندوق تنمية الموارد البشرية
من خلال الموقع على الرابط التالي: www.hrdf.org.sa

صندوق تنمية الموارد البشرية",2026-04-01,622034,
Telegram,WxPz6Bi4FPxiNmE0,عام,مرحبا,2026-04-01,622033,
Telegram,WxPz6Bi4FPxiNmE0,عام,"**قالَ رَسُولُ اللَّهِ ﷺ: كَلِمتَانِ خَفِيفَتَانِ عَلى اللِّسانِ، ثَقيِلَتانِ فِي المِيزَانِ، حَبِيبَتَانِ إِلَى الرَّحْمنِ: سُبْحان اللَّهِ وَبِحَمْدِهِ، سُبحانَ اللَّه العظيمِ

مَن دل على خير فله مثلُ أَجرِ فَاعِلهِ .**",2026-04-01,622032,
Telegram,WxPz6Bi4FPxiNmE0,عام,كيف ممكن افك التعليق ؟,2026-04-01,622003,
Telegram,WxPz6Bi4FPxiNmE0,عام,للحين ماشش,2026-04-01,622001,
Telegram,uberjeeny,نقل,"**التطبيقات كثرت والأسعار بنزول 
واوبر يصر يسوي زي باقي التطبيقات**",2026-04-01,173068,
Telegram,WxPz6Bi4FPxiNmE0,عام,قول ان حسابي متعطل انا اقول كذا و يضبطون الامور,2026-04-01,621999,
Telegram,WxPz6Bi4FPxiNmE0,عام,كيف اسعار هنقر الان  ؟,2026-04-01,621998,
Telegram,WxPz6Bi4FPxiNmE0,عام,يدقون يقولون لك اهم شي الحساب يعمل توزيع الطلبات ما نقدر نتكلم فيها,2026-04-01,621997,
Telegram,WxPz6Bi4FPxiNmE0,عام,كيف اقفل التطبيق نشبت كل شوي جايني طلب ماقدرت اقفله وذحين استراحه ربع ساعه,2026-04-01,621978,
Telegram,WxPz6Bi4FPxiNmE0,عام,اذا وصلت فئة ٣,2026-04-01,621972,
Telegram,WxPz6Bi4FPxiNmE0,عام,"رابط التسجيل 
👇
👇
👇
http://to.hungerstation.com/a/qsx3pu3",2026-04-01,622105,
Telegram,WxPz6Bi4FPxiNmE0,عام,ي شباب محتاج احد يعلمني اشلون اسجل بجاهز او هنقر او كيتا تكفون,2026-04-01,622046,
Telegram,uberjeeny,نقل,يمكن على حسب الموتر,2026-04-01,173097,
Telegram,uberjeeny,نقل,غريب خويي ١٨ شغال كمفورت,2026-04-01,173094,
Telegram,uberjeeny,نقل,انا ٢٠٢٠ بدون كومفورت و XL,2026-04-01,173092,
Telegram,uberjeeny,نقل,"**إلى أصحاب موديل 17 انتم الان تشتغلون بدون كومفورت و XL ومع نهاية 2026

للأسف تودعون اوبر**",2026-04-01,173088,
Telegram,uberjeeny,نقل,!,2026-04-01,173087,
Telegram,uberjeeny,نقل,؟,2026-04-01,173086,
Telegram,uberjeeny,نقل,كذا,2026-04-01,173085,
Telegram,uberjeeny,نقل,خل سيفر شغالة ٩٩بالمية تجي منها الطلبات,2026-04-01,173083,
Telegram,uberjeeny,نقل,اي افضل الي تحت اقل فئه رخيصه,2026-04-01,173082,
Telegram,uberjeeny,نقل,؟,2026-04-01,173080,
Telegram,uberjeeny,نقل,اقفل ايش وافعل ايش,2026-04-01,173077,
Telegram,uberjeeny,نقل,هل كذا افضل ولا فيها الغاء,2026-04-01,173076,
Telegram,uberjeeny,نقل,تكرار الحساب يجيك حظر دائم معاد تقدر تفتح الحساب بعدين خلاص,2026-04-01,173074,
Telegram,uberjeeny,نقل,"لا تفتح حساب كل شي مربوط بهويتك
انتبه يجيك حظر
خذ موديل  حديث واحذف القديمه",2026-04-01,173073,
Telegram,uberjeeny,نقل,"وعليكم السلام ورحمة الله وبركاته
مافيه حل الا تجيب موديل أحدث",2026-04-01,173072,
Telegram,uberjeeny,نقل,"سلام عليكم ورحمة الله وبركاته.  
الشركه قفلت حسابي عشان السياره 2016 
هل اقدر افتح الحساب",2026-04-01,173070,
Telegram,WxPz6Bi4FPxiNmE0,عام,تكفووووون,2026-04-01,622047,
Telegram,uberjeeny,نقل,كا الطلبات يعني الشغل مو تعبان,2026-04-01,173013,
Telegram,qwfffgh,توصيل,اي روح تاكد لا يسوي شي ب الحساب,2026-04-01,467795,
Telegram,qwfffgh,توصيل,بروح المكتب,2026-04-01,467793,
Telegram,uberjeeny,نقل,بولت فيه لهم فرع في الشرقيه,2026-04-01,172902,
Telegram,uberjeeny,نقل,اطلع من التطبيق وخش صارت لي,2026-04-01,172890,
Telegram,uberjeeny,نقل,سلام عليكم وش الاشكالية,2026-04-01,172889,
Telegram,uberjeeny,نقل,😂 الحمدلله ماتعرف موتري,2026-04-01,172886,
Telegram,uberjeeny,نقل,😂😂😂,2026-04-01,172885,
Telegram,uberjeeny,نقل,لاتنسون صلاة الوتر 🌿 .,2026-04-01,172879,
Telegram,qwfffgh,توصيل,تعال خاص,2026-04-01,467816,
Telegram,qwfffgh,توصيل,"السلام عليكم 
لو سمحت لي شهر ونص شغال في جيني 
ولحد الان ما جاتني لا عروض ولا اشتراك ولا شي ايش الترتيب",2026-04-01,467815,
Telegram,qwfffgh,توصيل,طيب,2026-04-01,467814,
Telegram,qwfffgh,توصيل,وش سالفه الانتظار ؟,2026-04-01,467813,
Telegram,qwfffgh,توصيل,احد مرت عليه,2026-04-01,467805,
Telegram,qwfffgh,توصيل,موسسة مشوار التوفير,2026-04-01,467804,
Telegram,qwfffgh,توصيل,سويت ١٢ بدال ١١ ولا ضافولي شي والضمان خلص وقته,2026-04-01,467798,
Telegram,qwfffgh,توصيل,بروح ان شاءالله,2026-04-01,467797,
Telegram,qwfffgh,توصيل,والله مدري انا قلت اخر شي ممكن يسويه يحول ال30 الي في للحساب,2026-04-01,467796,
Telegram,uberjeeny,نقل,"السلام عليكم 
احتاج مندوب يوصل لي من الصالة الاقتصادية القادسيه إلى غرناطه",2026-04-01,172904,
Telegram,uberjeeny,نقل,اوبر في الرياض الشغل ميت وش فصته,2026-04-01,172906,
Telegram,uberjeeny,نقل,كتبت ماسبق بتاريخ 26 / 7 / 1447 فلا تتأملوا بتحسن الشغل إلا بعد العودة من الإجازة الصيفية والجميع بخير بحول الله,2026-04-01,172909,
Telegram,uberjeeny,نقل,ايش هي السلبيات ☝🏼,2026-04-01,172936,
Telegram,uberjeeny,نقل,كباتن مكه بشرو كيف الشغل ؟,2026-04-01,172953,
Telegram,uberjeeny,نقل,اوبر,2026-04-01,172951,
Telegram,uberjeeny,نقل,"انخفتض اسعاو انترسيتي المدن
وانعدام الذروة",2026-04-01,172940,
Telegram,uberjeeny,نقل,اي تطبيق,2026-04-01,172939,
Telegram,uberjeeny,نقل,يا إخوان إذا علق و صار ما يجي مشاوير وش العلم ؟,2026-04-01,172938,
Telegram,uberjeeny,نقل,انخفاض اسعار انترسيتي المدن,2026-04-01,172937,
Telegram,uberjeeny,نقل,حلو مع الظهر خروج دوامات,2026-04-01,172935,
Telegram,uberjeeny,نقل,"باذن الله بس يفكونا من عروضهم
الذروة معاد نشوفها 
كثرو كباتن بسبب العروض 
الي مايشتغل رجع 
تركو باقي التطبيقات وركزو ع اوبر",2026-04-01,172912,
Telegram,uberjeeny,نقل,بريح ساعتين بنام وبنزل الميدان,2026-04-01,172934,
Telegram,uberjeeny,نقل,ممتاز,2026-04-01,172933,
Telegram,uberjeeny,نقل,فيه شغل خصوصا وصول اكثر,2026-04-01,172932,
Telegram,uberjeeny,نقل,لا زال اوبر التوب  1 برغم من وجود بعض السلبيات فيه,2026-04-01,172924,
Telegram,uberjeeny,نقل,كيف الشغل,2026-04-01,172923,
Telegram,uberjeeny,نقل,"العيديات ماخلصت
ثالث مشوار كاش 😂",2026-04-01,172913,
Telegram,qwfffgh,توصيل,بعدين كيف ينزل نسبه النسبه من الشركه انتبه دايم,2026-04-01,467794,
Telegram,qwfffgh,توصيل,خلاص تلقاه سرق الحساب ولا سوا شي,2026-04-01,467792,
Telegram,uberjeeny,نقل,"السلام عليكم : استفسار 
يعني اوبر الان اصبح ترند 
و بولت ؟",2026-04-01,173007,
Telegram,qwfffgh,توصيل,كيف قدر يسويها مو لازم تحقق الوجه,2026-04-01,467790,
Telegram,qwfffgh,توصيل,"انت وينك رايح 
الحكومي من أسبوع نازل 
الضمان اليوم 
حساب المواطن بعد 9  ايام",2026-04-01,467650,
Telegram,qwfffgh,توصيل,بالله من جدكم تشتغلوا في جيني,2026-04-01,467649,
Telegram,qwfffgh,توصيل,وين وانا اخوك والله من الساعه ٥ انا برا كلها اسعار طايحه,2026-04-01,467648,
Telegram,qwfffgh,توصيل,اليوم نزلت الرواتب للقطاع الحكومي والضمانات وحساب المواطن الشغل بيكون زين,2026-04-01,467647,
Telegram,qwfffgh,توصيل,ضعيف جد,2026-04-01,467637,
Telegram,qwfffgh,توصيل,تري مافي شغل جميع التطبيقات,2026-04-01,467636,
Telegram,qwfffgh,توصيل,بدون اشتراك وذروه لاتفكر تشتغل,2026-04-01,467631,
Telegram,qwfffgh,توصيل,الاسعار ابدا مو طبيعي,2026-04-01,467603,
Telegram,qwfffgh,توصيل,"صباح الخير
اليوم طلعت الساعه ٥ صباح وشغلت تطبيق جيني والاسعار مره ماترضى انتم نفسي ولا انا متسلطين علي 😂",2026-04-01,467599,
Telegram,qwfffgh,توصيل,"**انضـــــــــــم معـــــــنا**
    **الى شركاء **#بولت 🔴

**وزيد دخلك****💸**** وقت فراغك**⏰

**واحصل على دخل اضافي** 💰

**ابدأ القيادة مع بولت واكسب 200 SAR**

**الآن التسجيل متاح في جميع المناطق** ⭐️

**الشباب والبنات** 🧕🙋‍♂

**على جميع الفئات**

**أكثر من ١٠ مليون كابتن حول العالم** 🌎 

#بولت_السعودية** **

♦️**للتسجيل عن طريق الرابط**♦️
https://partners.bolt.eu?refid=MUTLAQA557

**خدمة العملاء **

**الاتصال** 👇📞
0114137700



**قروب كباتن بولت** 👇👇
https://t.me/Bolt_Bo",2026-04-01,467596,
Telegram,qwfffgh,توصيل,استغل  ضعف الكباتن   ترى هو يدري الكباتن ما عندهم شغل يعني راح يشتغلون راح يشتغلون قاعد يستضعفهم,2026-04-01,467594,
Telegram,qwfffgh,توصيل,افضل لي انا اشتغل التطبيق هذا لعين الله والده من تطبيق,2026-04-01,467593,
Telegram,qwfffgh,توصيل,والله لو انام بالبيت,2026-04-01,467592,
Telegram,qwfffgh,توصيل,يا اخوك السبب من الكابتن اللي قاعد يشتغل فيها,2026-04-01,467591,
Telegram,qwfffgh,توصيل,شي،طبيعي هذا جيني اخس تطبيق,2026-04-01,467590,
Telegram,qwfffgh,توصيل,الصباح ماعتمده انا اعتمد الظهر والعصر,2026-04-01,467651,
Telegram,qwfffgh,توصيل,طيب اغلب الشعب على الضمان,2026-04-01,467652,
Telegram,qwfffgh,توصيل,باشتراك يفرق كثير,2026-04-01,467653,
Telegram,qwfffgh,توصيل,الحين اذا في احد يعرف طريقه بالله,2026-04-01,467779,
Telegram,qwfffgh,توصيل,المشكله غير رقم الجوال في الحساب,2026-04-01,467789,
Telegram,qwfffgh,توصيل,الله يعوض عليك,2026-04-01,467788,
Telegram,qwfffgh,توصيل,نصاب ذا انتبه,2026-04-01,467787,
Telegram,qwfffgh,توصيل,ادعس افضل ايام شغل الخميس من بدري اطلع,2026-04-01,467786,
Telegram,qwfffgh,توصيل,اي بروح المكتب,2026-04-01,467783,
Telegram,qwfffgh,توصيل,لا والله حسبي الله بس لو مره روح المكتب,2026-04-01,467780,
Telegram,qwfffgh,توصيل,اي والله,2026-04-01,467778,
Telegram,qwfffgh,توصيل,وين يطلع الاشتراك ذا خلونا نترزق الله,2026-04-01,467692,
Telegram,qwfffgh,توصيل,اف اعوذ بالله,2026-04-01,467773,
Telegram,qwfffgh,توصيل,كيف ابغا انزل النسبة زيك,2026-04-01,467769,
Telegram,qwfffgh,توصيل,الفلوس نا انضافت كيف الطريقه,2026-04-01,467766,
Telegram,qwfffgh,توصيل,https://t.me/jad_app,2026-04-01,467752,
Telegram,qwfffgh,توصيل,كيف طريقة الاشتراك ماني عارف,2026-04-01,467706,
Telegram,qwfffgh,توصيل,الشغالين في جيني وقفو يرفعو الأسعار خربتم علينا الله لايوفقكم,2026-04-01,467705,
Telegram,uberjeeny,نقل,ممتاز فيه شغل,2026-04-01,172956,
Telegram,qw2023o,عام,"الحساب جاهز
وكيف طريقة العمل",2026-04-01,16580,
Telegram,jad_app,توصيل,وعليكم السلام,2026-04-01,70504,
Telegram,uberjeeny,نقل,كيف اقدر أتواصل مع شركه  اوبر,2026-04-01,173032,
Telegram,jad_app,توصيل,"**انضـــــــــــم معـــــــنا**
    **الى شركاء **#بولت 🔴

**وزيد دخلك****💸**** وقت فراغك**⏰

**واحصل على دخل اضافي** 💰

**ابدأ القيادة مع بولت واكسب 200 SAR**

**الآن التسجيل متاح في جميع المناطق** ⭐️

**الشباب والبنات** 🧕🙋‍♂

**على جميع الفئات**

**أكثر من ١٠ مليون كابتن حول العالم** 🌎 

#بولت_السعودية** **

♦️**للتسجيل عن طريق الرابط**♦️
https://partners.bolt.eu?refid=MUTLAQA557

**خدمة العملاء **

**الاتصال** 👇📞
0114137700



**قروب كباتن بولت** 👇👇
https://t.me/Bolt_Bo",2026-04-01,70490,
Telegram,jad_app,توصيل,ما يفتح التطبيق,2026-04-01,70500,
Telegram,jad_app,توصيل,ولا الدعم يرد,2026-04-01,70501,
Telegram,jad_app,توصيل,التطبيق هذا شكله بيشتغل مع بدايه,2026-04-01,70506,
Telegram,jad_app,توصيل,العطله,2026-04-01,70508,
Telegram,jad_app,توصيل,"🔴**تطبيق جاد الدخــــــــــــول** **بقـــــــــوة** ✅

**وتم إضافة وصول**👍👏👏

**المنافس الاول في عالــــــم** **التوصيل** 

**تم اضافة وصول مع تطبيق جاد** ✅



تفعيل الحسابات
كابتن 🧑‍✈️كابتنة🧕 
اذا مطابق شروط هيئة النقل 
للسعوديين وابن المواطنة فقط 
جميع المستندات سارية ✅
موديل السياره لايقبل عن2017🚗


ايفون 
https://apps.apple.com/sa/app/jad-driver/id6463896609


أندرويد 
https://play.google.com/store/apps/details?id=online.jad.fuodzdeliveryboy",2026-04-01,70606,
Telegram,uberjeeny,نقل,عن طريق التطبيق مالهم رقم راسليهم من تطبيق,2026-04-01,173043,
Telegram,uberjeeny,نقل,عندي مشكله ب الحجز كل  م جيت بحجز يرفض يقول عندي مبلغ ٨ريال وكل م بجي  ادفع يرفض ولا هو راضي يحجز وش اسوي,2026-04-01,173033,
Telegram,uberjeeny,نقل,سلام عليكم,2026-04-01,173031,
Telegram,uberjeeny,نقل,وش تيك توك هو,2026-04-01,173008,
Telegram,qwfffgh,توصيل,اها كذا تمام,2026-03-31,467391,
Telegram,qwfffgh,توصيل,https://t.me/jad_app,2026-03-31,467399,
Telegram,qwfffgh,توصيل,لي شهر ونص شغال في جيني ولا جاني لا اشتراك ولا بونص ولا شي ايش المشكله,2026-03-31,467390,
Telegram,qwfffgh,توصيل,هذي الضريبه,2026-03-31,467389,
Telegram,qwfffgh,توصيل,كيف اتواصل مع دعم جيني خاصمين مني مبلغ وما اعرف السبب,2026-03-31,467382,
Telegram,qwfffgh,توصيل,وش فايدة الاشتراك طيب,2026-03-31,467342,
Telegram,qwfffgh,توصيل,مو يقولوا كامل الدخل لك ليش ياخذو 5 ريال,2026-03-31,467341,
Telegram,qwfffgh,توصيل,وش ذا البرنامج,2026-03-31,467397,
Telegram,qwfffgh,توصيل,"**انضـــــــــــم معـــــــنا**
    **الى شركاء **#بولت 🔴

**وزيد دخلك****💸**** وقت فراغك**⏰

**واحصل على دخل اضافي** 💰

**ابدأ القيادة مع بولت واكسب 200 SAR**

**الآن التسجيل متاح في جميع المناطق** ⭐️

**الشباب والبنات** 🧕🙋‍♂

**على جميع الفئات**

**أكثر من ١٠ مليون كابتن حول العالم** 🌎 

#بولت_السعودية** **

♦️**للتسجيل عن طريق الرابط**♦️
https://partners.bolt.eu?refid=MUTLAQA557

**خدمة العملاء **

**الاتصال** 👇📞
0114137700



**قروب كباتن بولت** 👇👇
https://t.me/Bolt_Bo",2026-03-31,467297,
Telegram,qwfffgh,توصيل,شلون بيطلع يفر معي يعني ؟,2026-03-31,467296,
Telegram,qwfffgh,توصيل,هههههه,2026-03-31,467295,
Telegram,qwfffgh,توصيل,تطبيق جاد,2026-03-31,467398,
Telegram,Captains_saudi,نقل,السلام عليكم، عندي ضعف في تكييف السيارة والفريون تمام، أحد يرشح لي محل كويس؟,2026-03-31,773240,
Telegram,qwfffgh,توصيل,السلام عليكم يا شباب كيف اتواصل معاهم  في تطبيق مالقيت أيقونة تواصل,2026-03-31,467478,
Telegram,qwfffgh,توصيل,"سلام عليكم
الى شغالين في سماء تاكسي كيف الشغل فيه بالرياض ولا عليكم امر",2026-03-31,467479,
Telegram,qwfffgh,توصيل,لان مافيه وجهه,2026-03-31,467293,
Telegram,qwfffgh,توصيل,https://t.me/jad_app,2026-03-31,467512,
Telegram,qwfffgh,توصيل,اتقون يوما ترجعون الى الله,2026-03-31,467584,
Telegram,qwfffgh,توصيل,تخيل زبون مين الياسمين الى السلي الربح 21,2026-03-31,467585,
Telegram,qwfffgh,توصيل,😂😂😂,2026-03-31,467586,
Telegram,Captains_saudi,نقل,نفس مشككلتي لما تعرف علمني,2026-03-31,773200,
Telegram,WxPz6Bi4FPxiNmE0,عام,تجي معليك بعدها بيوم,2026-03-31,621825,
Telegram,WxPz6Bi4FPxiNmE0,عام,دخلت بجوال ثاني وفتح معي اما جوالي رفض يدخل,2026-03-31,621938,
Telegram,Captains_saudi,نقل,"ي اخوانك اوبر بعد كل رحله او رحلتين يطلب تحقق هل هذا طبيعي عند الكل 
والا عندي بس",2026-03-31,772739,
Telegram,Captains_saudi,نقل,لا عندي يطول لين يطلب تحقق,2026-03-31,772740,
Telegram,qwfffgh,توصيل,‏لأنه مو محدد وجهة ثانية,2026-03-31,467294,
Telegram,WxPz6Bi4FPxiNmE0,عام,"السلام عليكم 
ايش الحل ؟",2026-03-31,621826,
Telegram,qwfffgh,توصيل,ليه م يطلع السعر ؟,2026-03-31,467292,
Telegram,WxPz6Bi4FPxiNmE0,عام,قدم شكوى في هيئة النقل,2026-03-31,621905,
Telegram,WxPz6Bi4FPxiNmE0,عام,لاتمشي حتى يتزاصلون معاك الدعم,2026-03-31,621941,
Telegram,WxPz6Bi4FPxiNmE0,عام,عطه يوم يومين ويفتح,2026-03-31,621943,
Telegram,WxPz6Bi4FPxiNmE0,عام,شكراً لك,2026-03-31,621944,
Telegram,WxPz6Bi4FPxiNmE0,عام,كيف اقدر افتح طلبات الكاش عندي في هنقر,2026-03-31,621970,
Telegram,WxPz6Bi4FPxiNmE0,عام,حسابي مقفل من اكثر من سنه فيه طريقه افكه من عندهم ولا لازم اسوي بلاغ عشان يردون,2026-03-31,621935,
Telegram,WxPz6Bi4FPxiNmE0,عام,العميل م يرد الطلب مدفوع كملت نص ساعه اسوي استلمت الطلب وامشي؟,2026-03-31,621934,
Telegram,WxPz6Bi4FPxiNmE0,عام,؟,2026-03-31,621929,
Telegram,WxPz6Bi4FPxiNmE0,عام,حاول بجوال ثاني وغير كلمة المرور,2026-03-31,621925,
Telegram,WxPz6Bi4FPxiNmE0,عام,وش المشكلة اللي تظهر لي عند تسجيل الدخول,2026-03-31,621923,
Telegram,WxPz6Bi4FPxiNmE0,عام,وش المشكله,2026-03-31,621922,
Telegram,WxPz6Bi4FPxiNmE0,عام,☝️,2026-03-31,621900,
Telegram,qwfffgh,توصيل,اول كنت اقدر احول لو مبلغ صغير يتحول وأقدر استخدمه,2026-03-31,467281,
Telegram,WxPz6Bi4FPxiNmE0,عام,ياشباب لي يومين ما جاني ولا طلب وش الحل,2026-03-31,621896,
Telegram,WxPz6Bi4FPxiNmE0,عام,👆.,2026-03-31,621894,
Telegram,WxPz6Bi4FPxiNmE0,عام,"**أي شخص عنده إشكالية في حسابه بهنقريستيشن ولايقدر يدخل التطبيق :

▪︎ لايمكن تسجيل الدخول ( التواصل مع دعم السايقين )
▪︎ تغيير رقم الجوال في حال فقدان الشريحه
▪︎ تأخير تفعيل حساب جديد ..
 
يتواصل معهم على الإيميل** 📩👇

rider.issue@hungerstation.com


**في حال عدم التجاوب والإفادة 
يرجى رفع بلاغ لهيئة النقل لمتابعة المشكلة** 👇  :

https://eservices.tga.gov.sa/Report",2026-03-31,621893,
Telegram,WxPz6Bi4FPxiNmE0,عام,توقف الحساب راسل الدعم,2026-03-31,621892,
Telegram,WxPz6Bi4FPxiNmE0,عام,ياعيال وش الحل كل الطلبات الي تجيني كاش اشغلتني,2026-03-31,621888,
Telegram,WxPz6Bi4FPxiNmE0,عام,"**كنز في الجنه 🪟🤍؟

عن ابي موسى الأشعري رضي الله عنه أن النبيُّ ﷺ قال : ألا أدلُّك على كنزٍ من كنوز الجنة ؟ 

فقلت : بلى يا رسول الله ! 

قال ، قل : لا حولَ ولا قوةَ إلا بالله**",2026-03-31,621887,
Telegram,Captains_saudi,نقل,من شهر لشهر,2026-03-31,772742,
Telegram,qwfffgh,توصيل,"شباب جاني اشعار.
حصلت علي خصم 60 ب ال مية من بترو مين كيف استخدمه.",2026-03-31,467277,
Telegram,qwfffgh,توصيل,"( اضغط على تحصل على مكافه يطلع لك ) 
بس ترا العرض على زيت ف بترومين مخصص لهم فقط يعني ممكن يكون كويس او لا",2026-03-31,467279,
Telegram,qwfffgh,توصيل,السلام عليكم   عندي بالمحفظه مبالغ بحولها stc Bank تتحول بس ماتطلع لي المبلغ ولا اقدر استخدمه في التطبيق stc ايش الحل,2026-03-31,467280,
Telegram,Captains_saudi,نقل,كم الفترة تقريبا,2026-03-31,772741,
Telegram,WxPz6Bi4FPxiNmE0,عام,احد يعرف كيف اطلب حقيبة هنقرستيشن الحراريه هذي وهل هي مجانية ولا تدفع مشان ماتعب حالي وفيها دفع,2026-03-31,621940,
Telegram,Captains_saudi,نقل,"السلام عليكم ورحمة الله وبركاته.
اسعد الله صباحكم بكل خير.
العمرة ستكون مفتوحة للسعوديين من 1/11/1447 
الى 13/11/1447
سيكون الحرم المكي بدون زحام فرصه لمن لم يتمكن من العمره في رمضان.",2026-03-31,772760,
Telegram,jad_app,توصيل,اي,2026-03-31,70319,
Telegram,uberjeeny,نقل,🤣,2026-03-31,172865,
Telegram,uberjeeny,نقل,صدنا عزوز يبو مهند,2026-03-31,172863,
Telegram,uberjeeny,نقل,"السلام عليكم ورحمة الله وبركاته

صباحكم نور وسعاده يارب العالمين 😁",2026-03-31,172861,
Telegram,uberjeeny,نقل,👍,2026-03-31,172845,
Telegram,uberjeeny,نقل,بيض الله وجهك ويرحم ألله والديك,2026-03-31,172810,
Telegram,uberjeeny,نقل,"خليه يسامحني وانته عارف ليش ههههه
وربي ابو نقطه حقون السكاليف 😂",2026-03-31,172806,
Telegram,uberjeeny,نقل,ههههههههه انا الا سويت,2026-03-31,172804,
Telegram,uberjeeny,نقل,تم الفك 🤣,2026-03-31,172803,
Telegram,uberjeeny,نقل,هذا معي الخاص محظور في القروب✋️,2026-03-31,172801,
Telegram,uberjeeny,نقل,@gdyios12,2026-03-31,172800,
Telegram,uberjeeny,نقل,"وعليكم السلام 


ابو منهد امر امر 🤝",2026-03-31,172796,
Telegram,uberjeeny,نقل,✋️,2026-03-31,172784,
Telegram,uberjeeny,نقل,"السلام عليكم 
يامشرفين وينكم😁",2026-03-31,172783,
Telegram,uberjeeny,نقل,"اسمع الطريقه اوصل الي الموقع 

وخذ رسوم الغاء وخليه يقعد 
اما اعطيه بطاقه او 2 بيسي وشبس
يعرفها 🤣😂",2026-03-31,172741,
Telegram,uberjeeny,نقل,انتبهوا ياشباب,2026-03-31,172737,
Telegram,jad_app,توصيل,في المدينة عندك تطبيق وصلني,2026-03-31,70318,
Telegram,jad_app,توصيل,https://t.me/WaselniApp,2026-03-31,70320,
Telegram,jad_app,توصيل,ابو عزام هل التطبيق شغال في المدينه المنوره,2026-03-31,70315,
Telegram,jad_app,توصيل,بس ما عليه حركه قويه,2026-03-31,70321,
Telegram,Captains_saudi,نقل,🫠,2026-03-31,773177,
Telegram,Captains_saudi,نقل,"ي شباب سلام عليكم 
احد صار له نفس حالتي وهل في امل يرجعون حسابي",2026-03-31,773120,
Telegram,Captains_saudi,نقل,https://t.me/jad_app,2026-03-31,773089,
Telegram,Captains_saudi,نقل,ابي سواق من المطار الى حي الموسى مشوار واحد فقط,2026-03-31,773087,
Telegram,Captains_saudi,نقل,جده فيها طلبات ؟,2026-03-31,772987,
Telegram,Captains_saudi,نقل,"**انضـــــــــــم معـــــــنا**
    **الى شركاء **#بولت 🔴

**وزيد دخلك****💸**** وقت فراغك**⏰

**واحصل على دخل اضافي** 💰

**ابدأ القيادة مع بولت واكسب 200 SAR**

**الآن التسجيل متاح في جميع المناطق** ⭐️

**الشباب والبنات** 🧕🙋‍♂

**على جميع الفئات**

**أكثر من ١٠ مليون كابتن حول العالم** 🌎 

#بولت_السعودية** **

♦️**للتسجيل عن طريق الرابط**♦️
https://partners.bolt.eu?refid=MUTLAQA557

**خدمة العملاء **

**الاتصال** 👇📞
0114137700



**قروب كباتن بولت** 👇👇
https://t.me/Bolt_Bo",2026-03-31,772788,
Telegram,Captains_saudi,نقل,https://t.me/jad_app,2026-03-31,773265,
Telegram,Captains_saudi,نقل,وش التطبيق توصيل سهل الاستخدام للي بترزق الله,2026-03-31,773300,
Telegram,jad_app,توصيل,"🔴 **تطبيق جاد الدخــــــــــــول** **بقـــــــــوة** 

**وتم إضافة وصول**👍👏👏

**المنافس الاول في عالــــــم** **التوصيل** 

**تم اضافة وصول مع تطبيق جاد** ✅

🔴قروب جاد 🔻🔻🔻🔻
https://t.me/jad_app



تفعيل الحسابات
كابتن 🧑‍✈️كابتنة🧕 
اذا مطابق شروط هيئة النقل 
للسعوديين وابن المواطنة فقط 
جميع المستندات سارية ✅
موديل السياره لايقبل عن2017🚗
بعد التسجيل اذا مطابق الشروط ارسل رقم جوالك 
للتفعيل 🚗✅


ايفون 
https://apps.apple.com/sa/app/jad-driver/id6463896609


أندرويد 
https://play.google.com/store/apps/details?id=online.jad.fuodzdeliveryboy",2026-03-31,70418,
Telegram,jad_app,توصيل,شف الرسائل المثبتة 👆,2026-03-31,70345,
Telegram,jad_app,توصيل,ابغا اسجل كيف الطريقة ياشباب أنا من مكة,2026-03-31,70342,
Telegram,jad_app,توصيل,تمام,2026-03-31,70336,
Telegram,jad_app,توصيل,ننتظر طلبات,2026-03-31,70334,
Telegram,jad_app,توصيل,ياخوان اللي سجل بتطبيق جاد كيف الاسعار,2026-03-31,70333,
Telegram,jad_app,توصيل,ضعيفه جدا,2026-03-31,70322,
Telegram,uberjeeny,نقل,واحد قبل شوي طلب بطاقة ايتونز من تطبيق بولت طلع نصاب,2026-03-31,172736,
Telegram,jad_app,توصيل,رابط التطبيق 👆,2026-03-31,70314,
Telegram,jad_app,توصيل,الي سجل متى يتم التفعيل,2026-03-31,70310,
Telegram,jad_app,توصيل,هل التطبيق شغال في المدينة المنورة,2026-03-31,70305,
Telegram,jad_app,توصيل,"**انضـــــــــــم معـــــــنا**
    **الى شركاء **#بولت 🔴

**وزيد دخلك****💸**** وقت فراغك**⏰

**واحصل على دخل اضافي** 💰

**ابدأ القيادة مع بولت واكسب 200 SAR**

**الآن التسجيل متاح في جميع المناطق** ⭐️

**الشباب والبنات** 🧕🙋‍♂

**على جميع الفئات**

**أكثر من ١٠ مليون كابتن حول العالم** 🌎 

#بولت_السعودية** **

♦️**للتسجيل عن طريق الرابط**♦️
https://partners.bolt.eu?refid=MUTLAQA557

**خدمة العملاء **

**الاتصال** 👇📞
0114137700



**قروب كباتن بولت** 👇👇
https://t.me/Bolt_Bo",2026-03-31,70217,
Telegram,jad_app,توصيل,"خدمة العملاء 
تطبيق جاد الرقم الموحد 
اتصال واتساب
 920017523
وقت الدوام 



رقم دعم تطبيق جاد 
0550397098

🔴تواصل معهم واتساب للتفعيل 
wa.me/966550397098

الاستفسارات",2026-03-31,70200,
Telegram,jad_app,توصيل,"اذا فتحت تطبيق ثاني او نزلت الشاشه وجاد في الخلفيه يرجعك غير متصل 
واذا قعدت فاتح التطبيق شويه والشاشة تتقفل 

لازم يحدثوه ويصلحو هذه الاخطاء",2026-03-31,70199,
Telegram,jad_app,توصيل,"السلام عليكم ورحمة الله وبركاتة 
 صباح الخير يا اخوان أبي اسجل جاد  بس ما لقيد إسم عرعر",2026-03-31,70198,
Telegram,jad_app,توصيل,"خدمة العملاء 
تطبيق جاد الرقم الموحد 
اتصال واتساب
920017523
وقت الدوام 



رقم دعم تطبيق جاد 
0550397098

🔴تواصل معهم واتساب للتفعيل 
wa.me/966550397098

الاستفسارات",2026-03-31,70312,
Telegram,WxPz6Bi4FPxiNmE0,عام,ايه,2026-03-30,621725,
Telegram,WxPz6Bi4FPxiNmE0,عام,كل مازانت الجلسة وقفوني الله ياخذهم,2026-03-30,621752,
Telegram,WxPz6Bi4FPxiNmE0,عام,الحين وش حل الايقاف ؟,2026-03-30,621761,
Telegram,WxPz6Bi4FPxiNmE0,عام,مر ياغالي,2026-03-30,621756,
Telegram,WxPz6Bi4FPxiNmE0,عام,لازم يمر عليها 48ساعه,2026-03-30,621755,
Telegram,WxPz6Bi4FPxiNmE0,عام,اشهد,2026-03-30,621753,
Telegram,qwfffgh,توصيل,بالعكس بولت اسوء يجبرك تقبل طلبات داخل الدايرة ماتقبلها طرح نسبتك وجاك بلوك,2026-03-30,467159,
Telegram,WxPz6Bi4FPxiNmE0,عام,الحساب مو لك صح,2026-03-30,621737,
Telegram,WxPz6Bi4FPxiNmE0,عام,كيف اسعارهنقر,2026-03-30,621751,
Telegram,WxPz6Bi4FPxiNmE0,عام,طيب بالنسبه للشفت اجباري ولا فيه طريقه اقدر اشتغل في الوقت اللي بناسبني واقفل لان اول ماقدرت اقفل الين نزلت نسبة القبول وقفلو حسابي يومين,2026-03-30,621739,
Telegram,qwfffgh,توصيل,يعني جيني عندك افضل,2026-03-30,467161,
Telegram,WxPz6Bi4FPxiNmE0,عام,الحين ي شباب اذا فتحت تطبيق بعد كم ساعه يطلب تحقق صورة مره ثانيه ؟,2026-03-30,621776,
Telegram,WxPz6Bi4FPxiNmE0,عام,وهل اجباري العمل بالشفتات ال١٢ ساعه اذا انا مثلا بشتغل وقت فراغي بس واقفل ممكن ولا,2026-03-30,621734,
Telegram,WxPz6Bi4FPxiNmE0,عام,السلام عليكم استفسار انا مسجل جديد قبل يومين وعندي مبلغ في المحفظه مو قادر احوله لحسابي ممكن احد يفيدني,2026-03-30,621733,
Telegram,qwfffgh,توصيل,نحترم رايك,2026-03-30,467162,
Telegram,WxPz6Bi4FPxiNmE0,عام,السلام عليكم ي شباب كلمة مرور نسيتها وسوي اعادة متجي وش الحل في الايفن ولا لازم جلكسي ؟,2026-03-30,621775,
Telegram,WxPz6Bi4FPxiNmE0,عام,ياشيخ رفضت طلب واحد وقفوني يومين,2026-03-30,621791,
Telegram,WxPz6Bi4FPxiNmE0,عام,الله يلعن هنقرستيشن,2026-03-30,621777,
Telegram,WxPz6Bi4FPxiNmE0,عام,آمين,2026-03-30,621778,
Telegram,WxPz6Bi4FPxiNmE0,عام,ياجماعه الخير انا ابغا اغير الرقم وكل ماكلم الدعم من داخل التطبيق يقول عندنا مشكله في منصة متصل انا الحين اكمل شغلي ولا أوقف ولا ايش بضبط,2026-03-30,621779,
Telegram,WxPz6Bi4FPxiNmE0,عام,التطبيق فيه مشكله ؟!,2026-03-30,621795,
Telegram,WxPz6Bi4FPxiNmE0,عام,"بعض المتاجر تطلب رقم الجوال 
له حق",2026-03-30,621801,
Telegram,WxPz6Bi4FPxiNmE0,عام,ماعندك إلا إس تي سي بنك بطايق موقفه,2026-03-30,621807,
Telegram,WxPz6Bi4FPxiNmE0,عام,وقفوني ٧ ايام,2026-03-30,621808,
Telegram,WxPz6Bi4FPxiNmE0,عام,ياعيال وش المشكلة هاذي,2026-03-30,621816,
Telegram,WxPz6Bi4FPxiNmE0,عام,.,2026-03-30,621817,
Telegram,WxPz6Bi4FPxiNmE0,عام,حدث التطبيق اذا اخر اصدار احذفه وحمله من جديد,2026-03-30,621818,
Telegram,WxPz6Bi4FPxiNmE0,عام,ماضبط ولله,2026-03-30,621820,
Telegram,WxPz6Bi4FPxiNmE0,عام,ليه مو طالع لي الاكراميه!!,2026-03-30,621821,
Telegram,WxPz6Bi4FPxiNmE0,عام,تطلع بعد الساعة ٥,2026-03-30,621823,
Telegram,qwfffgh,توصيل,بس افضل تسعيره وعملاء,2026-03-30,467160,
Telegram,WxPz6Bi4FPxiNmE0,عام,اقل مبلغ تقدر تحوله 150 و لازم يجلس يومين ف المحفظه و بعدها تقدر تحول,2026-03-30,621738,
Telegram,jad_app,توصيل,السلام عليكم,2026-03-30,70036,
Telegram,qwfffgh,توصيل,لو القبول فيه مفتوح اقولك بيكون افضل لكن سياسة اجبار القبول ظاخل الدايرة نكبت كباتنه اغلبهم بلوك بسببها لذلك جيني افضل على الاقل معطيك حرية قبول,2026-03-30,467163,
Telegram,Captains_saudi,نقل,يا اخوان لقيت هذه وش يقصدون بالروفايل حق الضريبه ؟ هل الشي هذا الزامي ؟,2026-03-30,772364,
Telegram,qwfffgh,توصيل,جيني بعد الاشتراك ممتاز جدا👍,2026-03-30,467164,
Telegram,Captains_saudi,نقل,"**قنـــــــــــــاة الــكبـــــــــاتن**

🚗**رابط قناة الكباتن** 🚗

https://t.me/Captains_7_Channel",2026-03-30,772239,
Telegram,Captains_saudi,نقل,👎🏻👎🏻,2026-03-30,772358,
Telegram,Captains_saudi,نقل,ياعيال اعتمدو الرد هذا حتى لو ماتدرو كم نسبة اوبر عشان يجيكم تعويض 👍🏻,2026-03-30,772360,
Telegram,Captains_saudi,نقل,سلام عليكم حاولت اسجل في كيان وما قدرت بسبب ذي كيف حلها,2026-03-30,772361,
Telegram,Captains_saudi,نقل,احد عنده حل يا اخوان,2026-03-30,772362,
Telegram,Captains_saudi,نقل,حصلتها في صندوق الرسايل الوارده  inbox,2026-03-30,772367,
Telegram,jad_app,توصيل,فيه طلبات؟؟,2026-03-30,70028,
Telegram,Captains_saudi,نقل,افيدونا لاهنتم,2026-03-30,772368,
Telegram,Captains_saudi,نقل,لاتنسون صلاة الوتر 🌿 .,2026-03-30,772689,
Telegram,jad_app,توصيل,حي الموسى طريق الخرج,2026-03-30,70121,
Telegram,jad_app,توصيل,تطبيق جاد سعودين فقط,2026-03-30,70122,
Telegram,jad_app,توصيل,احسب الرساله جديده,2026-03-30,70123,
Telegram,jad_app,توصيل,"وعليكم السلام ورحمة الله
[-
༄「 ∂ιαмση∂](https://t.me/diamondsabot)",2026-03-30,70037,
Telegram,jad_app,توصيل,سلام عليكم ورحمة الله وبركاته,2026-03-30,70027,
Telegram,jad_app,توصيل,"خدمة العملاء 
تطبيق جاد الرقم الموحد 
اتصال واتساب
 920017523
وقت الدوام 



رقم دعم تطبيق جاد 
0550397098

🔴تواصل معهم واتساب للتفعيل 
wa.me/966550397098

الاستفسارات",2026-03-30,70056,
Telegram,jad_app,توصيل,وعليكم السلام,2026-03-30,70031,
Telegram,jad_app,توصيل,جاد مدري,2026-03-30,70032,
Telegram,qwfffgh,توصيل,الاشتراك لكباتن معينه ولا للعموم,2026-03-30,467165,
Telegram,qwfffgh,توصيل,وطريقته,2026-03-30,467166,
Telegram,qwfffgh,توصيل,معينه,2026-03-30,467167,
Telegram,qwfffgh,توصيل,بالاشتراك مشوار 45 ريال ياخذو 5 ريال و40 للكابتن,2026-03-30,467168,
Telegram,qwfffgh,توصيل,لازم تاخذ،مشوار بعيد حتى تغطي حق الاشتراك,2026-03-30,467169,
Telegram,qwfffgh,توصيل,المفروض ولا هلله ياخذون,2026-03-30,467170,
Telegram,qwfffgh,توصيل,اشتراك,2026-03-30,467171,
Telegram,qwfffgh,توصيل,30 رحله ب100ريال الارباح كامل للكابتن بس دايما يعلق معايا,2026-03-30,467172,
Telegram,qwfffgh,توصيل,يعلق معايا يعني 50 مشوار ب100ريال 😅,2026-03-30,467173,
Telegram,qwfffgh,توصيل,جيني مهما كان يبقى على وضعه الاسوء,2026-03-30,467174,
Telegram,qwfffgh,توصيل,خذ الكيه ترها عمليه لايغرك انها كوريه,2026-03-30,467210,
Telegram,qwfffgh,توصيل,وش السبب,2026-03-30,467274,
Telegram,qwfffgh,توصيل,رغم باقي رسوم للخدمه,2026-03-30,467275,
Telegram,jad_app,توصيل,"**قنـــــــــــــاة الــكبـــــــــاتن**

🚗**رابط قناة الكباتن** 🚗

https://t.me/Captains_7_Channel",2026-03-30,70034,
Telegram,Captains_saudi,نقل,"و عليكم السلام و الرحمة 


0114184900",2026-03-29,771809,
Telegram,qw2023o,عام,"السلام عليكم ورحمة الله وبركاتة 
مطلوب نقلة كفالة فورية
الشروط 
اقامة سارية 
رخصة سياقة نقل خفيف
سيارة من الشركة 
بنزين يومي 35 ريال
السكن من الشركة 
رواتب وحوافز مجزية
مكان العمل الرياض تطبيق كيتا مطاعم
للتواصل 0554573577",2026-03-29,16572,
Telegram,qw2023o,عام,"الامانه والاحترام احسن شركه 
ما بتاكل عرق حد مثل باقي الشركات
يكفي السمعه الطيبه 
احلي شركه",2026-03-29,16574,
Telegram,Captains_saudi,نقل,‏باقي تجي أولوية للفئة البلاتينية ولا بس للماسي؟,2026-03-29,771454,
Telegram,Captains_saudi,نقل,السلام عليكم كم طلعون مثلا بالشهر وهل هو مكسب مع حسبة البنزين,2026-03-29,771698,
Telegram,Captains_saudi,نقل,السلام محتاج سواق يوصل مشوار داخل طويق روحه و رجعه,2026-03-29,771701,
Telegram,Captains_saudi,نقل,"السلام عليكم 
كم رقم خدمة عملاء جيني",2026-03-29,771722,
Telegram,Captains_saudi,نقل,شف ذا,2026-03-29,772123,
Telegram,Captains_saudi,نقل,لاتنسون صلاة الوتر 🌿 .,2026-03-29,772105,
Telegram,Captains_saudi,نقل,"**انضـــــــــــم معـــــــنا**
    **الى شركاء **#بولت 🔴

**وزيد دخلك****💸**** وقت فراغك**⏰

**واحصل على دخل اضافي** 💰

**ابدأ القيادة مع بولت واكسب 200 SAR**

**الآن التسجيل متاح في جميع المناطق** ⭐️

**الشباب والبنات** 🧕🙋‍♂

**على جميع الفئات**

**أكثر من ١٠ مليون كابتن حول العالم** 🌎 

#بولت_السعودية** **

♦️**للتسجيل عن طريق الرابط**♦️
https://partners.bolt.eu?refid=MUTLAQA557

**خدمة العملاء **

**الاتصال** 👇📞
0114137700



**قروب كباتن بولت** 👇👇
https://t.me/Bolt_Bo",2026-03-29,772010,
Telegram,Captains_saudi,نقل,"السلام عليكم 
شيك على ابشر حقك تجيك رساله  خلو من سوابق توافق عليها بشتغل معك👌",2026-03-29,772012,
Telegram,Captains_saudi,نقل,"1⃣  الدخول على ابشر عن طريق  الموقع وليس عن طريق التطبيق
1 الدخول على خدماتي 
2 الخدمات العامه 
3 قبول
4 الموافقه👌",2026-03-29,772013,
Telegram,Captains_saudi,نقل,خلاص انقبلت,2026-03-29,772015,
Telegram,Captains_saudi,نقل,"ماشاءالله تبارك الله 
موفق ألله يرزقك ويرزق الجميع يارب",2026-03-29,772017,
Telegram,Captains_saudi,نقل,السلام ابي سواق بكرة الصباح يوصلني المطار من خي الموسى,2026-03-29,772064,
Telegram,Captains_saudi,نقل,كلشي مكتمل ليه ما يشتغل,2026-03-29,771869,
Telegram,jad_app,توصيل,الرياض,2026-03-29,69972,
Telegram,WxPz6Bi4FPxiNmE0,عام,"السلام عليكم 
كيف اتواصل مع دعم المناديب تاخرت على عميل وجاني *200* واتقفل",2026-03-29,621713,
Telegram,jad_app,توصيل,هل اصبح تطبيق جاد شغال,2026-03-29,69773,
Telegram,jad_app,توصيل,اي مدينه؟,2026-03-29,69971,
Telegram,jad_app,توصيل,السلام ابي سواق بكرة الصباح يوصلني المطار من خي الموسى,2026-03-29,69970,
Telegram,jad_app,توصيل,"**انضـــــــــــم معـــــــنا**
    **الى شركاء **#بولت 🔴

**وزيد دخلك****💸**** وقت فراغك**⏰

**واحصل على دخل اضافي** 💰

**ابدأ القيادة مع بولت واكسب 200 SAR**

**الآن التسجيل متاح في جميع المناطق** ⭐️

**الشباب والبنات** 🧕🙋‍♂

**على جميع الفئات**

**أكثر من ١٠ مليون كابتن حول العالم** 🌎 

#بولت_السعودية** **

♦️**للتسجيل عن طريق الرابط**♦️
https://partners.bolt.eu?refid=MUTLAQA557

**خدمة العملاء **

**الاتصال** 👇📞
0114137700



**قروب كباتن بولت** 👇👇
https://t.me/Bolt_Bo",2026-03-29,69936,
Telegram,WxPz6Bi4FPxiNmE0,عام,**📖 إذا تكاثر عليك الهم حتى شعرت أن قلبك يُطحن بصمت… فافرر إلى القرآن. هناك تتبدّل الوحشة أُنسًا، ويتحوّل الاختناق إلى سعة، ويعود قلبك يتذكّر أن له ربًّا لا يتركه.**,2026-03-29,621714,
Telegram,jad_app,توصيل,سلام عليكم التطبيق مافيه ولا طلب وش هرجته وكل شوي يتقفل إذا طلعت,2026-03-29,69931,
Telegram,jad_app,توصيل,باقي الايام القادمة بإذن الله,2026-03-29,69886,
Telegram,jad_app,توصيل,التطبيق اشتغل ولا باقي,2026-03-29,69874,
Telegram,jad_app,توصيل,اطلب اوبر,2026-03-29,69873,
Telegram,jad_app,توصيل,السلام محتاج سواق يوصل مشوار داخل طويق روحه و رجعه,2026-03-29,69855,
Telegram,jad_app,توصيل,اتوقع عند الجميع باقي التطبيق ما شفنا منه شي,2026-03-29,69932,
Telegram,WxPz6Bi4FPxiNmE0,عام,"**﴿ قُمِ اللَّيْلَ إِلَّا قَلِيلًا ﴾
لا تجعلوا ليلكم يُطوى دون أثر حسن فأوتِروا واستغفروا فالليالي من أعمارنا لا تعود

وما يزالُ عبدي يتقرّب إليّ بالنوافل، حتى أُحِبَّهُ. 

أوتروا، فإن الله وترٌ يحب الوتر

صلاة الوتر سنة مؤكدة، لا تفوتها**",2026-03-29,621722,
Telegram,WxPz6Bi4FPxiNmE0,عام,"اغلب الحسابات توقفت 
بسبب 
الاستماره 
الصوره الشخصيه 
ارسل للدعم داخل التطبيق المطلوب 
اذا ماتقدر تدخل وترسل 
تواصل معهم بالاميل 
سجل لهم رقمك الجوال بالتطبيق والصوره للاشكاليه 
مع إرفاق الاستماره والصوره الشخصيه 
أي شخص عنده إشكالية في حسابه بهنقريستيشن ولايقدر يدخل التطبيق :

▪︎ لايمكن تسجيل الدخول ( التواصل مع دعم السايقين )
▪︎ تغيير رقم الجوال في حال فقدان الشريحه
▪︎ تأخير تفعيل حساب جديد ..

يتواصل معهم على الإيميل 📩👇

rider.issue@hungerstation.com


في حال عدم التجاوب والإفادة 
يرجى رفع بلاغ لهيئة النقل لمتابعة المشكلة 👇  :

https://eservices.tga.gov.sa/Report",2026-03-29,621721,
Telegram,WxPz6Bi4FPxiNmE0,عام,السلام عليكم,2026-03-29,621720,
Telegram,jad_app,توصيل,اشتغلو ولا باقي,2026-03-28,69648,
Telegram,jad_app,توصيل,/السلام عليكم,2026-03-28,69772,
Telegram,jad_app,توصيل,برنامج مايشتغل !!!!!!,2026-03-28,69646,
Telegram,Captains_saudi,نقل,لاتنسون صلاة الوتر 🌿 .,2026-03-28,771385,
Telegram,jad_app,توصيل,متى يبدا الشغل ؟,2026-03-28,69649,
Telegram,Captains_saudi,نقل,"بولت نظام عندهم نقدي
على نفس القيمة
ماتقدر تضيف عليها
ماهو زي جيني وكيان تقدر تزيد المبلغ",2026-03-28,771345,
Telegram,Captains_saudi,نقل,"ادخل على نفس الرحلة
وتواصل مع الدعم من نفس الرحلة
واطلب يخصمونها من حسابك ووضعها رصيد للعميل",2026-03-28,771339,
Telegram,Captains_saudi,نقل,جيني!؟,2026-03-28,771337,
Telegram,Captains_saudi,نقل,"**يا إخوان وأخوات
نرجو منكم جميعاً الإلتزام بقوانين القروب
يجب الاحترام والتقدير المتبادل بينكم وعدم تقليل من الآخرين أو الاستهزاء بالدين وبالآخرين.
ممنوع إعلانات ،
ممنوع وضع روابط
وممنوع عرض الخدمات

نرجو منكم جميعاً عدم عرض محادثات خاصة بينكم وبين أحد بالعام

وللمعلومية تسجيل في جميع تطبيقات التوصيل طلبات أو مشاوير ركاب أو الشحنات مجاناً

لا يوجد دفع رسوم في التسجيل

وإللي عنده ملاحظات على أحد أعضاء القروب
يتواصل مع مشرفين**",2026-03-28,771147,
Telegram,Captains_saudi,نقل,"**انضـــــــــــم معـــــــنا**
    **الى شركاء **#بولت 🔴

**وزيد دخلك****💸**** وقت فراغك**⏰

**واحصل على دخل اضافي** 💰

**ابدأ القيادة مع بولت واكسب 200 SAR**

**الآن التسجيل متاح في جميع المناطق** ⭐️

**الشباب والبنات** 🧕🙋‍♂

**على جميع الفئات**

**أكثر من ١٠ مليون كابتن حول العالم** 🌎 

#بولت_السعودية** **

♦️**للتسجيل عن طريق الرابط**♦️
https://partners.bolt.eu?refid=MUTLAQA557

**خدمة العملاء **

**الاتصال** 👇📞
0114137700



**قروب كباتن بولت** 👇👇
https://t.me/Bolt_Bo",2026-03-28,771052,
Telegram,Captains_saudi,نقل,شغال في جدة,2026-03-28,771051,
Telegram,Captains_saudi,نقل,وياك ي رب,2026-03-28,771050,
Telegram,Captains_saudi,نقل,جزاك الله خير,2026-03-28,771024,
Telegram,Captains_saudi,نقل,عادي صور الغرض ولا وجود للذهب وارجعلهم وبيعوضوك بثلاثين ريال كاش اذا مااعطوك بلغ اوبر انهم مااعطوك وبس,2026-03-28,770959,
Telegram,Captains_saudi,نقل,السلام عليكم يا اخوان وصلت طلب وصول من المطار الى حي المروه ويوم نزلتهم جاتني رساله انهم ناسيين معي غرض وكاتبين انه مجوهرات والغرض الي لقيته عندي لعبه ومدري ايش ايش اسوي؟,2026-03-28,770939,
Telegram,Captains_saudi,نقل,اها 👍🏻,2026-03-28,770934,
Telegram,Captains_saudi,نقل,اذا قفلت سيفر ماتجيك طلبات وصول,2026-03-28,770933,
Telegram,Captains_saudi,نقل,الحين صار سيفر بعد التحديث الاخير,2026-03-28,770932,
Telegram,jad_app,توصيل,ها يا شباب كيف الوصوليات معكم,2026-03-28,69647,
Telegram,Captains_saudi,نقل,"ارفع اقتراحك للشركة
وإن شاء الله خير",2026-03-28,771347,
Telegram,jad_app,توصيل,تمام,2026-03-28,69764,
Telegram,jad_app,توصيل,السلام عليكم,2026-03-28,69713,
Telegram,jad_app,توصيل,بعد سنه,2026-03-28,69650,
Telegram,jad_app,توصيل,كلم خدمه العملاءيشوفون مين ماخذ رقمك بالتطبيق,2026-03-28,69763,
Telegram,jad_app,توصيل,😂😂😂😂,2026-03-28,69654,
Telegram,jad_app,توصيل,شد حيلك لاين بعد سنه ان شاءالله,2026-03-28,69655,
Telegram,jad_app,توصيل,"يمكن جاهز ١٠٠%
مع وصول وبعدها يبدأ الإعلانات 
الأيام القادمة ✅",2026-03-28,69657,
Telegram,jad_app,توصيل,اللي ما سجل يسجل 👍,2026-03-28,69658,
Telegram,jad_app,توصيل,اذا اشتغل تطبيقكم بنسجل,2026-03-28,69659,
Telegram,jad_app,توصيل,تطبيق جاد,2026-03-28,69662,
Telegram,jad_app,توصيل,جاهزين,2026-03-28,69664,
Telegram,jad_app,توصيل,ايه عندهم وصول,2026-03-28,69665,
Telegram,jad_app,توصيل,"**انضـــــــــــم معـــــــنا**
    **الى شركاء **#بولت 🔴

**وزيد دخلك****💸**** وقت فراغك**⏰

**واحصل على دخل اضافي** 💰

**ابدأ القيادة مع بولت واكسب 200 SAR**

**الآن التسجيل متاح في جميع المناطق** ⭐️

**الشباب والبنات** 🧕🙋‍♂

**على جميع الفئات**

**أكثر من ١٠ مليون كابتن حول العالم** 🌎 

#بولت_السعودية** **

♦️**للتسجيل عن طريق الرابط**♦️
https://partners.bolt.eu?refid=MUTLAQA557

**خدمة العملاء **

**الاتصال** 👇📞
0114137700



**قروب كباتن بولت** 👇👇
https://t.me/Bolt_Bo",2026-03-28,69675,
Telegram,jad_app,توصيل,"**يا إخوان وأخوات
نرجو منكم جميعاً الإلتزام بقوانين القروب
يجب الاحترام والتقدير المتبادل بينكم وعدم تقليل من الآخرين أو الاستهزاء بالدين وبالآخرين.
ممنوع إعلانات ،
ممنوع وضع روابط
وممنوع عرض الخدمات

نرجو منكم جميعاً عدم عرض محادثات خاصة بينكم وبين أحد بالعام

وللمعلومية تسجيل في جميع تطبيقات التوصيل طلبات أو مشاوير ركاب أو الشحنات مجاناً

لا يوجد دفع رسوم في التسجيل

وإللي عنده ملاحظات على أحد أعضاء القروب
يتواصل مع مشرفين**",2026-03-28,69711,
Telegram,jad_app,توصيل,😂,2026-03-28,69653,
Telegram,jad_app,توصيل,كيف مشاوير جاد,2026-03-28,69715,
Telegram,jad_app,توصيل,هو اشتغل عشان تسال,2026-03-28,69722,
Telegram,jad_app,توصيل,السلام عليكم,2026-03-28,69749,
Telegram,jad_app,توصيل,"خدمة العملاء 
تطبيق جاد الرقم الموحد 
اتصال واتساب
920017523
وقت الدوام 



رقم دعم تطبيق جاد 
0550397098

🔴تواصل معهم واتساب للتفعيل 
wa.me/966550397098

الاستفسارات",2026-03-28,69756,
Telegram,jad_app,توصيل,رقم الجوال تم استخدامه من قبل بالتطبيق,2026-03-28,69761,
Telegram,jad_app,توصيل,لا اول مره اسجل,2026-03-28,69762,
Telegram,Captains_saudi,نقل,لاتنسون صلاة الوتر 🌿 .,2026-03-27,769610,
Telegram,Captains_saudi,نقل,**‏( وَأَنِ اسْتَغْفِرُوا رَبَّكُمْ ثُمَّ تُوبُوا إِلَيْهِ )**,2026-03-27,769734,
Telegram,Captains_saudi,نقل,محتاج سواق مشوار واحد فقط الحين روحه و رجعه من طويق,2026-03-27,769762,
Telegram,Captains_saudi,نقل,روحه لوين ؟,2026-03-27,769923,
Telegram,Captains_saudi,نقل,؟,2026-03-27,769925,
Telegram,Captains_saudi,نقل,"سلام عليكم 

شباب انا عندي مشكله ملاحظها لها فتره ماتجيني طلبات وصول بس يجيني اولويه واكس كذا طبيعي 🔴🔴🔴🔴🔴🔴",2026-03-27,769926,
Telegram,Captains_saudi,نقل,شباب لاهنتو تعرفون رقم جوال احد موظف في اوبر .. يخدمنا بخصوص حظر ؟؟ اكن شاكر,2026-03-27,769954,
Telegram,Captains_saudi,نقل,مسيتوا بالخير جميع المشوار من القصيم للرياض بكم,2026-03-27,770400,
Telegram,Captains_saudi,نقل,"**انضـــــــــــم معـــــــنا**
    **الى شركاء **#بولت 🔴

**وزيد دخلك****💸**** وقت فراغك**⏰

**واحصل على دخل اضافي** 💰

**ابدأ القيادة مع بولت واكسب 200 SAR**

**الآن التسجيل متاح في جميع المناطق** ⭐️

**الشباب والبنات** 🧕🙋‍♂

**على جميع الفئات**

**أكثر من ١٠ مليون كابتن حول العالم** 🌎 

#بولت_السعودية** **

♦️**للتسجيل عن طريق الرابط**♦️
https://partners.bolt.eu?refid=MUTLAQA557

**خدمة العملاء **

**الاتصال** 👇📞
0114137700



**قروب كباتن بولت** 👇👇
https://t.me/Bolt_Bo",2026-03-27,770473,
Telegram,Captains_saudi,نقل,يا شباب وصول مرتبط مع اي فئة ؟,2026-03-27,770889,
Telegram,Captains_saudi,نقل,سيفر,2026-03-27,770893,
Telegram,Captains_saudi,نقل,متأكد ؟؟,2026-03-27,770894,
Telegram,Captains_saudi,نقل,شباب عليا ديون في بولت كيف اقدر اسدد بدون خصم مشاوير مدفوعة بالبطاقة حق العملاء؟,2026-03-27,770900,
Telegram,Captains_saudi,نقل,سريع,2026-03-27,770901,
Telegram,Captains_saudi,نقل,اكس,2026-03-27,770902,
Telegram,Captains_saudi,نقل,"Stc Bank 

مدفوعات الشركات 

اختار بولت و حط المبلغ اللي تبي و رقم جوالك اللي في بولت",2026-03-27,770903,
Telegram,jad_app,توصيل,"**انضـــــــــــم معـــــــنا**
    **الى شركاء **#بولت 🔴

**وزيد دخلك****💸**** وقت فراغك**⏰

**واحصل على دخل اضافي** 💰

**ابدأ القيادة مع بولت واكسب 200 SAR**

**الآن التسجيل متاح في جميع المناطق** ⭐️

**الشباب والبنات** 🧕🙋‍♂
**على جميع الفئات**
#بولت_السعودية** **

♦️**للتسجيل عن طريق الرابط**♦️
https://bolt.eu/driver/?refid=MUTLAQA557

**خدمة العملاء **

**الاتصال** 👇📞
0114137700



**قروب كباتن بولت** 👇👇
https://t.me/Bolt_Bo",2026-03-27,69570,
Telegram,jad_app,توصيل,اطلب اوبر,2026-03-27,69558,
Telegram,jad_app,توصيل,محتاج سواق مشوار واحد فقط الحين روحه و رجعه من طويق,2026-03-27,69551,
Telegram,Captains_saudi,نقل,بكم للتوظيف,2026-03-26,769348,
Telegram,jad_app,توصيل,لاهنت كم ايميلهم وين احصله,2026-03-26,69465,
Telegram,jad_app,توصيل,ههههههههههههههه لاحول,2026-03-26,69485,
Telegram,Captains_saudi,نقل,رح للمرور و يعطونك العلم,2026-03-25,768764,
Telegram,Captains_saudi,نقل,لاتنسون صلاة الوتر 🌿 .,2026-03-25,769256,
Telegram,Captains_saudi,نقل,"**انضـــــــــــم معـــــــنا**
    **الى شركاء **#بولت 🔴

**وزيد دخلك****💸**** وقت فراغك**⏰

**واحصل على دخل اضافي** 💰

**ابدأ القيادة مع بولت واكسب 200 SAR**

**الآن التسجيل متاح في جميع المناطق** ⭐️

**الشباب والبنات** 🧕🙋‍♂
**على جميع الفئات**
#بولت_السعودية** **

♦️**للتسجيل عن طريق الرابط**♦️
https://bolt.eu/driver/?refid=MUTLAQA557

**خدمة العملاء **

**الاتصال** 👇📞
0114137700



**قروب كباتن بولت** 👇👇
https://t.me/Bolt_Bo",2026-03-25,769211,
Telegram,Captains_saudi,نقل,شباب وين اقل مكتب ايجار للسيارات دلونا على اسمه واقل سيارة وش تكون تنفع للشغل يعني ؟,2026-03-25,769162,
Telegram,Captains_saudi,نقل,واحد ما معه تأمين صدم سيارة واقفه وهرب وترك سيارته وباشر المرور الحادث و وجه الطرف الثاني المطالبة عبر ناجز والشيخ حكم على الهارب بدفع التعويض ووقف خدماته وله تقريبا اربع شهور ماصار شي يعني مو زي اول  سجن لين تدفع,2026-03-25,769065,
Telegram,Captains_saudi,نقل,"اذا عندك تقرير بالحادث من نجم رح للمرور وبعدها اذا مااتجاوب معهم 
ارفع شكوى عبر ناجز للمحكمه وهم يتصرفون معه",2026-03-25,769020,
Telegram,Captains_saudi,نقل,"و اذا. عمره.   ٢٠.  و تحت. و قالك. بحولك. بعدين.  اذا. صحىً. ابوي. 

هيا. رقعها",2026-03-25,768897,
Telegram,jad_app,توصيل,هههههه زي جيني,2026-03-25,69305,
Telegram,Captains_saudi,نقل,لاتنسون صلاة الوتر 🌿 .,2026-03-25,768697,
Telegram,jad_app,توصيل,"سلام عليكم 
وش هرجة التطبيق اشغله كم يوم ولا طلب",2026-03-25,69284,
Telegram,jad_app,توصيل,الظاهر انه يفتح قبل يوم القيامه  بثلاثه ايام هاذا البرنامج,2026-03-25,69396,
Telegram,jad_app,توصيل,لحدالان ماتم تشغيله,2026-03-25,69359,
Telegram,jad_app,توصيل,"**قروب تطبيق جاد واتساب فيه من** **الإدارة **
https://chat.whatsapp.com/K5hMrmffwPTKY39CrNAIch?mode=gi_t",2026-03-25,69342,
Telegram,jad_app,توصيل,نفس الشي عندي ، الموقع الرياض,2026-03-25,69341,
Telegram,jad_app,توصيل,فاتح لي الصفحه وحاط اتصال ولا يدق ابدا شكله مو شغال الي الحين متى سيفتح التطبيق اخد هنا يفيدنا,2026-03-25,69340,
Telegram,jad_app,توصيل,الي الان انا في الرياض ومو شغال,2026-03-25,69339,
Telegram,jad_app,توصيل,"ماله دخل اشتغل وياخذون منك نسبه ١٠٪؜ 
ااو عندك خيار اسبوعي 
او شهري تشترك وتاخذ كامل الدخل لك",2026-03-25,69338,
Telegram,jad_app,توصيل,اشتغل جاد؟,2026-03-25,69337,
Telegram,jad_app,توصيل,فيه خيار تحت الاشتراك بالنسبة ، ياخذ نسبه بسيطة او تقدر تشترك ولا ياخذون نسبه,2026-03-25,69332,
Telegram,jad_app,توصيل,لسه ما أشتغل,2026-03-25,69306,
Telegram,jad_app,توصيل,حملت ايكو ويقلي ادفع 100 عشان تشتغل. انا لو عندي 100 حاشتغل ليش,2026-03-25,69304,
Telegram,jad_app,توصيل,صح بولت سيء بس افضل من جيني وجاد وايكو رابد,2026-03-25,69286,
Telegram,jad_app,توصيل,يرجال افضل شيء  ثنين بس اوبر وبولت,2026-03-25,69285,
Telegram,jad_app,توصيل,"**انضـــــــــــم معـــــــنا**
    **الى شركاء **#بولت 🔴

**وزيد دخلك****💸**** وقت فراغك**⏰

**واحصل على دخل اضافي** 💰

**ابدأ القيادة مع بولت واكسب 200 SAR**

**الآن التسجيل متاح في جميع المناطق** ⭐️

**الشباب والبنات** 🧕🙋‍♂
**على جميع الفئات**
#بولت_السعودية** **

♦️**للتسجيل عن طريق الرابط**♦️
https://bolt.eu/driver/?refid=MUTLAQA557

**خدمة العملاء **

**الاتصال** 👇📞
0114137700



**قروب كباتن بولت** 👇👇
https://t.me/Bolt_Bo",2026-03-25,69416,
Telegram,Captains_saudi,نقل,وعليكم السلام,2026-03-25,768679,
Telegram,jad_app,توصيل,السلام عليكم,2026-03-24,68901,
Telegram,jad_app,توصيل,مدري والله,2026-03-24,68977,
Telegram,jad_app,توصيل,كيف تطبيق جاد ممتاز,2026-03-24,68976,
Telegram,jad_app,توصيل,متى بيشغلون تطبيقهم,2026-03-24,68959,
Telegram,jad_app,توصيل,ننتظر ونشوف,2026-03-24,68957,
Telegram,jad_app,توصيل,والله اذا صار واخذ وصول تطبيق جاد بيدخل سوق وبقوه هوامير حاولو يشغلون فئة وصول بتطبيقهم ماقدرو,2026-03-24,68956,
Telegram,jad_app,توصيل,"يارجال 
غير اوبر وبولت لاتفكر 
كل ما اجتمعو اثنين طفشانين في استراحه ولا كافي سولهم تطبيق 
وياخذله سنه ويختفي",2026-03-24,68955,
Telegram,jad_app,توصيل,متى يبدون يسوون اعلانات,2026-03-24,68937,
Telegram,jad_app,توصيل,"**انضـــــــــــم معـــــــنا**
    **الى شركاء **#بولت 🔴

**وزيد دخلك****💸**** وقت فراغك**⏰

**واحصل على دخل اضافي** 💰

**ابدأ القيادة مع بولت واكسب 200 SAR**

**الآن التسجيل متاح في جميع المناطق** ⭐️

**الشباب والبنات** 🧕🙋‍♂
**على جميع الفئات**
#بولت_السعودية** **

♦️**للتسجيل عن طريق الرابط**♦️
https://bolt.eu/driver/?refid=MUTLAQA557

**خدمة العملاء **

**الاتصال** 👇📞
0114137700



**قروب كباتن بولت** 👇👇
https://t.me/Bolt_Bo",2026-03-24,68915,
Telegram,jad_app,توصيل,"قروب تطبيق جاد فيه من الإدارة 
https://chat.whatsapp.com/K5hMrmffwPTKY39CrNAIch?mode=gi_t",2026-03-24,68913,
Telegram,jad_app,توصيل,"اليوم يبدأ دوامهم 
انتظر ردهم",2026-03-24,68907,
Telegram,jad_app,توصيل,ترا طولتو,2026-03-24,68906,
Telegram,jad_app,توصيل,متى بتجي طلبات,2026-03-24,68905,
Telegram,jad_app,توصيل,الرياض وجده والشرقية,2026-03-24,68904,
Telegram,jad_app,توصيل,يعطيك   العافيه,2026-03-24,68978,
Telegram,jad_app,توصيل,وش هي المدن اللي يغطيها,2026-03-24,68903,
Telegram,Captains_saudi,نقل,عيد مبارك,2026-03-24,768335,
Telegram,Captains_saudi,نقل,المرور رفض يباشر لان انا كان عندي تأمين,2026-03-24,768517,
Telegram,Captains_saudi,نقل,صدمني واحد ماعنده تأمين ومايبي يدفع اش الحل معه عندي تقارير نجم والتقدير,2026-03-24,768504,
Telegram,Captains_saudi,نقل,خلاص اذا جاك قبول وسويت موافقه يشتغل مباشره,2026-03-24,768487,
Telegram,Captains_saudi,نقل,بعد القبول كم يحتاج الحساب عشان يشتغل ؟,2026-03-24,768486,
Telegram,Captains_saudi,نقل,انتظر الصحيفه الجنائيه توصلك رساله في ابشر وسو لها قبول,2026-03-24,768481,
Telegram,Captains_saudi,نقل,ما زالت المشكله ظاهره عندي وش الحل ؟,2026-03-24,768476,
Telegram,Captains_saudi,نقل,تغشف وجففففاف,2026-03-24,768442,
Telegram,Captains_saudi,نقل,"**انضـــــــــــم معـــــــنا**
    **الى شركاء **#بولت 🔴

**وزيد دخلك****💸**** وقت فراغك**⏰

**واحصل على دخل اضافي** 💰

**ابدأ القيادة مع بولت واكسب 200 SAR**

**الآن التسجيل متاح في جميع المناطق** ⭐️

**الشباب والبنات** 🧕🙋‍♂
**على جميع الفئات**
#بولت_السعودية** **

♦️**للتسجيل عن طريق الرابط**♦️
https://bolt.eu/driver/?refid=MUTLAQA557

**خدمة العملاء **

**الاتصال** 👇📞
0114137700



**قروب كباتن بولت** 👇👇
https://t.me/Bolt_Bo",2026-03-24,768397,
Telegram,Captains_saudi,نقل,"قروب تطبيق جاد فيه من الإدارة 
https://chat.whatsapp.com/K5hMrmffwPTKY39CrNAIch?mode=gi_t",2026-03-24,768387,
Telegram,Captains_saudi,نقل,"صباح الخير 
كيف الوضع معكم يااهل الرياض",2026-03-24,768336,
Telegram,Captains_saudi,نقل,يجزيكم نجم ويحولكم  ولا اتصل على ٩١١,2026-03-24,768532,
Telegram,Captains_saudi,نقل,صباح الخير,2026-03-24,768333,
Telegram,Captains_saudi,نقل,"**انضـــــــــــم معـــــــنا**
    **الى شركاء **#بولت 🔴

**وزيد دخلك****💸**** وقت فراغك**⏰

**واحصل على دخل اضافي** 💰

**ابدأ القيادة مع بولت واكسب 200 SAR**

**الآن التسجيل متاح في جميع المناطق** ⭐️

**الشباب والبنات** 🧕🙋‍♂
**على جميع الفئات**
#بولت_السعودية** **

♦️**للتسجيل عن طريق الرابط**♦️
https://bolt.eu/driver/?refid=MUTLAQA557

**خدمة العملاء **

**الاتصال** 👇📞
0114137700



**قروب كباتن بولت** 👇👇
https://t.me/Bolt_Bo",2026-03-24,768332,
Telegram,Captains_saudi,نقل,انا جربت 4 انواع شاومي A800s وA810 وazdom و ddpai z60 pro وافضل حاجة اشوفها صملت ddpai ولسا لها شهر لكن ممتازة ماشاءالله,2026-03-24,768323,
Telegram,Captains_saudi,نقل,يجيكم المفروض,2026-03-24,768533,
Telegram,Captains_saudi,نقل,سلام عليكم,2026-03-24,768547,
Telegram,Captains_saudi,نقل,المفروض يباشر الحادث المرور,2026-03-24,768516,
Telegram,Captains_saudi,نقل,"70mai 800e

جودة وسعر اقتصادي 👍🏻",2026-03-23,768228,
Telegram,Captains_saudi,نقل,لي اسبوعين اشغله ولاجاني طلب,2026-03-23,768226,
Telegram,Captains_saudi,نقل,"و عليكم السلام و الرحمة 

شاومي A800 S",2026-03-23,768224,
Telegram,Captains_saudi,نقل,سلام عليكم ابغى احسن نوع داش كام كاميراتين بين شاومي و ddpai,2026-03-23,768223,
Telegram,Captains_saudi,نقل,جايك الخير مع الدوام,2026-03-23,768167,
Telegram,Captains_saudi,نقل,يارجال مافيه وصول,2026-03-23,768152,
Telegram,Captains_saudi,نقل,"🔴 **خبر حصري **

**تطبيق جاد الدخــــــــــــول** **بقـــــــــوة** ✅

**وتم إضافة وصول**👍👏👏

**المنافس الاول في عالــــــم** **التوصيل** 

**تم اضافة وصول مع تطبيق جاد** ✅

https://t.me/jad_app",2026-03-23,768050,
Telegram,Captains_saudi,نقل,"**انضـــــــــــم معـــــــنا**
    **الى شركاء **#بولت 🔴

**وزيد دخلك****💸**** وقت فراغك**⏰

**واحصل على دخل اضافي** 💰

**ابدأ القيادة مع بولت واكسب 200 SAR**

**الآن التسجيل متاح في جميع المناطق** ⭐️

**الشباب والبنات** 🧕🙋‍♂
**على جميع الفئات**
#بولت_السعودية** **

♦️**للتسجيل عن طريق الرابط**♦️
https://bolt.eu/driver/?refid=MUTLAQA557

**خدمة العملاء **

**الاتصال** 👇📞
0114137700



**قروب كباتن بولت** 👇👇
https://t.me/Bolt_Bo",2026-03-23,768039,
Telegram,Captains_saudi,نقل,مافهمت وش الرساله هذي,2026-03-22,767827,
Telegram,Captains_saudi,نقل,اعتقد ان الزبون طالب تسجيل الرحله,2026-03-22,767828,
Telegram,Captains_saudi,نقل,وجهك,2026-03-22,767918,
Telegram,Captains_saudi,نقل,بيض الله وجهك ما قصرت,2026-03-22,767917,
Telegram,Captains_saudi,نقل,"**انضـــــــــــم معـــــــنا**
    **الى شركاء **#بولت 🔴

**وزيد دخلك****💸**** وقت فراغك**⏰

**واحصل على دخل اضافي** 💰

**ابدأ القيادة مع بولت واكسب 200 SAR**

**الآن التسجيل متاح في جميع المناطق** ⭐️

**الشباب والبنات** 🧕🙋‍♂
**على جميع الفئات**
#بولت_السعودية** **

♦️**للتسجيل عن طريق الرابط**♦️
https://bolt.eu/driver/?refid=MUTLAQA557

**خدمة العملاء **

**الاتصال** 👇📞
0114137700



**قروب كباتن بولت** 👇👇
https://t.me/Bolt_Bo",2026-03-22,767814,
Telegram,Captains_saudi,نقل,"**انضـــــــــــم معـــــــنا**
    **الى شركاء **#بولت 🔴

**وزيد دخلك****💸**** وقت فراغك**⏰

**واحصل على دخل اضافي** 💰

**ابدأ القيادة مع بولت واكسب 200 SAR**

**الآن التسجيل متاح في جميع المناطق** ⭐️

**الشباب والبنات** 🧕🙋‍♂
**على جميع الفئات**
#بولت_السعودية** **

♦️**للتسجيل عن طريق الرابط**♦️
https://bolt.eu/driver/?refid=MUTLAQA557

**خدمة العملاء **

**الاتصال** 👇📞
0114137700



**قروب كباتن بولت** 👇👇
https://t.me/Bolt_Bo",2026-03-21,767651,
Telegram,Captains_saudi,نقل,قالو رمضان الدخل بيرتفع وقالو العيد الدخل سوف يرتفع وكلها كذب في كذب,2026-03-21,767679,
Telegram,Captains_saudi,نقل,طيب هم اعتذروا عن الخطأ وبيشيلون التقييم,2026-03-21,767680,
Telegram,Captains_saudi,نقل,طيب وش ذنب الكابتن في الخطا اللي منهم يعني العميل يعطي خمس نجوم وهم  يشيلونها من زين النجوم اللي ترفع الدخل ع بالهم شركة لاتجيد التعامل,2026-03-21,767678,
Telegram,Captains_saudi,نقل,لا وحده بس,2026-03-21,767660,
Telegram,Captains_saudi,نقل,طيب هل هو التقييم ابو نجمه وحده ولا غيره,2026-03-21,767659,
Telegram,Captains_saudi,نقل,ايه بيحذفونه عشان الغلط بالخريطه من التطبيق,2026-03-21,767658,
Telegram,Captains_saudi,نقل,تقييمي 4.63 كله بسبت سائح الله لايوفقه كل تقييمي 5 نجوم الا هو عطاني نجمه,2026-03-21,767657,
Telegram,Captains_saudi,نقل,‏استغفرك ربِّ عن إهمالي ، استغفرك عن جهلي ، استغفرك عن تقصيري ، استغفرك عن كل عملٍ لا يُرضيك ، استغفرك عن كلِّ ما يَمنع رزقي ، استغفر اللهَ الذي لا إلهَ إلا هو الحيُّ القيّوم وأتوب إليه ، عدد خلقِه ورضا نفسِه وزنةَ عرشِه ومدادَ كلماته ، استغفر اللهَ العظيم وأتوبُ إليه,2026-03-21,767655,
Telegram,Captains_saudi,نقل,"السلام عليكم ورحمة الله وبركاته 
أعطوني البرامج اللي تروح مشاوير اسمها",2026-03-21,767649,
Telegram,Captains_saudi,نقل,التقيم تقصد سلبي او ايجابي ‏اللي مقصود,2026-03-21,767682,
Telegram,Captains_saudi,نقل,السلبي,2026-03-21,767683,
Telegram,Captains_saudi,نقل,ع كذا جزاهم الله خير صار لي نفس الوضع وصلت الموقع وقالت ماهو هو ووصلتها كم كيلو ع الموقع اللي عندها  وفي الاخير تعطيني سلبي والله صاحبين  فزعه مع الناس اللي ماتستاهل تحدد موقع قريب علشان المبلغ ع بالهم قبل فتره واحده حددت موقع مقبره دخلتها داخل بغت تنجلط,2026-03-21,767684,
Telegram,Captains_saudi,نقل,حاول إنك ما تتصادم مع الراكب خلك ذكي بالتعامل,2026-03-21,767685,
Telegram,Captains_saudi,نقل,المشكله انك تكون ذكي بعض الاوقات تعامل بالمنطق فقط مع ابتسامة خفيفه تكفيك الوضع  ماهي حرب مجتمعنا نعرف نتعامل معه وللامانه الجنسية ‏الفلبينية أحب التعامل معهم طيبين ياشيخ,2026-03-21,767686,
Telegram,Captains_saudi,نقل,وش العلم ؟,2026-03-21,767725,
Telegram,Captains_saudi,نقل,سيارتي على البنك اللي يعرف موضوع التفويض ذا يفيدنا جزاكم الله خير,2026-03-21,767726,
Telegram,Captains_saudi,نقل,الموجر من,2026-03-21,767757,
Telegram,Captains_saudi,نقل,بنك الاهلي,2026-03-21,767762,
Telegram,Captains_saudi,نقل,جيني يستهبل الدنيا عيد والمفروض مشاوير ذروه كل المشاوير ب ٥ ريال و ٧ ريال !!,2026-03-21,767783,
Telegram,Captains_saudi,نقل,"**تهنئة عيد الفطر 
من كباتن السعودية عساكم من عواده 
       كل عام وانتم بخير 
كباتن السعودية يهنونكم بمناسبة العيد 
وعيدكم مبارك.

قناة الكباتن 
**https://t.me/Captains_7_Channel",2026-03-21,767681,
Telegram,Captains_saudi,نقل,هذا من طويق وانا بلبن,2026-03-20,767488,
Telegram,Captains_saudi,نقل,كلها اولويه ورخيصه وبعيد,2026-03-20,767490,
Telegram,Captains_saudi,نقل,ظ,2026-03-20,767623,
Telegram,Captains_saudi,نقل,كلها بعيد,2026-03-20,767494,
Telegram,Captains_saudi,نقل,هذا القرار يعتمد على نظام شركة خدمة التوصيل، بعضهم يعتمد التفويض، و بعضهم الإستمارة و بعضهم يطلبك ترسل صورة التفويض من صفحة أبشر الخاصة بك. بصراحة هذي من مسئوليات وزارة المواصلات. و بعدين يا وزارة المواصلات، بصراحة شيلوا رسومكم النص ريال عن الرحلة، و خذوها من وزارة المالية، مو من ظهر السواق. و خففوا الغرامات عن الكدادين، تراهم ما اشتغلوا كدادين إلا لأنكم ما قبلتوهم في البرامج، فلا بد تخلون لهم متنفس شوي. أتكلم بالنسبة للمواطنين، فقط. و الا المقيمين ترى جايبين فينا العيد.,2026-03-20,767636,
Telegram,Captains_saudi,نقل,بالله هذا سعر اولويه 🤣💔,2026-03-20,767616,
Telegram,Captains_saudi,نقل,اجل لو انه سيفر كم بيكون ؟؟,2026-03-20,767617,
Telegram,Captains_saudi,نقل,عطوني رايكم,2026-03-20,767497,
Telegram,Captains_saudi,نقل,هل بيحذفون تقييمه ؟,2026-03-20,767624,
Telegram,Captains_saudi,نقل,اي,2026-03-20,767633,
Telegram,Captains_saudi,نقل,ليه تقييمك نازل ياخوي,2026-03-20,767634,
Telegram,Captains_saudi,نقل,انتبه لايحضرونك,2026-03-20,767635,
Twitter/X,#جاهز,توصيل,تطبيق جاهز واجه خطأ في الدفع الإلكتروني اليوم,2024-11-12,30012,True
Twitter/X,#جاهز,توصيل,جاهز وصّل الطلب في 20 دقيقة احترافية عالية,2024-11-11,30011,True
Twitter/X,#أوبر,نقل,السائق رفض الرحلة مرتين متتاليتين مزعج,2024-11-07,30007,True
Twitter/X,#أوبر,نقل,أوبر غيّر حياتي في التنقل اليومي خدمة رائعة,2024-11-06,30006,True
Twitter/X,#هنقرستيشن,توصيل,أفضل تطبيق توصيل استخدمته في الرياض سريع وموثوق,2024-11-03,30003,True
Twitter/X,#هنقرستيشن,توصيل,تأخر الطلب أكثر من ساعة بدون إشعار من التطبيق,2024-11-02,30002,True
Twitter/X,#هنقرستيشن,توصيل,هنقرستيشن وصّل الطلب في وقت ممتاز شكراً للسائق,2024-11-01,30001,True
